"Cleanup ID",Zone,State,Country,Latitude,Longitude,"Cleanup Type",Environment,"Cleanup Date","Group Name",Adults,Children,People,Kilograms,"Distance km","Area km","# of bags","Grocery bags (plastic)","Other bags (plastic)","Beverage bottles (glass)","Beverage bottles (plastic)","Beverage cans","Beverage sachets/pouches","Bottle caps (metal)","Bottle caps (plastic)","Cigarette butts","Cups, Plates (foam)","Cups, Plates (paper)","Cups, Plates (plastic)","Food containers (foam)","Food containers (plastic)","Food wrappers (candy, chips, etc.)","Lids (plastic)","Straws/stirrers (plastic)","Utensils (plastic)","Lines, nets, traps, ropes, etc.","Foam dock pieces","Appliances (refrigerators, washers, etc.)","Construction materials",Tires,"6-Pack holders","Foam packaging","Other plastic bottles (oil, bleach, etc.)","Strapping bands",Balloons,Clothing,E-cigarettes,"Electronic waste (phones, batteries)","Footwear (shoes/slippers)","Paper bags","Tobacco products (lighters, cigar tips, wrap)",Toys,"Other plastic waste","Other waste (metal, paper, etc.)",Condoms,"Cotton bud sticks (swabs)",Diapers,"Gloves & masks (PPE)",Syringes,"Tampons & applicators","Plastic/foam pieces","Fishing buoys, pots & traps","Fishing net & pieces","Fishing line (1 yard/meter = 1 piece)","Rope (1 yard/meter = 1 piece)","Other plastic/foam packaging","Tobacco packaging/wrap","Cigar tips","Cigarette lighters",Fireworks,"Other tobacco (packaging, lighter, etc.)","Foam pieces","Glass pieces","Plastic pieces","Total Items Collected"
92,"Washington, DC, USA","District of Columbia, USA","United States",38.90733,-77.04405,land,,2015-02-19,,1,,1,0.29,0.03,0.00,,,,,,,,,1,,,,,,,,,1,,,,,,,,,,,,,,,,,,1,,,,,,,,,,,,,,,,,,,,,,,4
94,"Washington, DC, USA","District of Columbia, USA","United States",38.90733,-77.0441,land,,2015-02-19,,1,,1,0.03,0.05,0.00,,,,,,,,,12,1,,,,,,,,1,,,,,,,,,,,,,,,,,,,,,,,,,,,,,,,,,,,,,,,,,14
102,"Washington, DC, USA","District of Columbia, USA","United States",38.90728,-77.04411,land,,2015-03-10,,1,,1,1.21,0.23,0.00,,,,2,2,,,,1,,,,,1,1,,1,1,1,,,,,,,,,,,,,,,,,1,,,,,,,,,,,,,,,,,,,,,,1,17
115,"Washington, DC, USA","District of Columbia, USA","United States",38.90745,-77.04423,land,,2015-03-10,,1,,1,0.05,0.04,0.00,,,,,,,,,,1,,,,,,,1,1,,,,,,,,,,,,,,,,,,,,,,,,,,,,,,,,,,,,,,,,1,5
117,"Washington, DC, USA","District of Columbia, USA","United States",38.9074,-77.04382,land,,2015-03-18,,1,,1,0.33,0.06,0.00,,,,1,2,1,,,1,,,,,,1,1,,1,,,,,,,,,,,,,,,,,,,,,,,,,,,,,,,,,,,,,,,,,8
121,"Washington, DC, USA","District of Columbia, USA","United States",38.90756,-77.04415,land,,2015-03-24,,1,,1,0.30,0.12,0.00,,,,1,,,,,,2,,1,,,,,1,1,,,,,,,,,,,1,,,,,,,,,,,,,,,,,,,,,,,,,,,,,2,10
122,"Washington, DC, USA","District of Columbia, USA","United States",38.90738,-77.04383,land,,2015-03-24,,1,,1,0.51,1.05,0.00,,1,,1,,,,,,,,,,,1,,,1,1,,,,,,,,,,,,,,,,,,,,,,,,,,,,,,,,,,,,,,,,10
123,"Washington, DC, USA","District of Columbia, USA","United States",38.90735,-77.04386,land,,2015-03-24,,1,,1,0.15,0.23,0.00,,1,,,,,,,,4,,,,,,3,,,,,,,,,,,,,,,,,,,,,,,,,,,,,,,,,,,,,,,,,,,10
125,"Pinellas County, FL, USA","Florida, USA","United States",27.77062,-82.63568,land,,2015-03-25,,1,,1,0.07,0.00,0.00,,,,,1,,,,1,,,1,,,1,,1,1,1,,,,,,,,,,,,,,,,,,,,,,,,,,,,,,,,,,,,,,,,7
126,"Pinellas County, FL, USA","Florida, USA","United States",27.77,-82.64976,land,,2015-03-26,,1,,1,0.84,0.02,0.00,,,,3,1,1,,,1,,,,,,,,,,,,,,,,,,,,,,,,,,,,,,,,,,,,,,,,,,,,,,,,,,9
129,"Hillsborough County, FL, USA","Florida, USA","United States",27.9795,-82.53612,land,,2015-03-26,,1,,1,0.25,0.00,0.00,,,,1,1,,,,1,,,,,,,,,,,,,,,,,,,,,,,,,,,,,,,,,,,,,,,,,,,,,,,,,,3
134,"Hillsborough County, FL, USA","Florida, USA","United States",27.9795,-82.53612,land,,2015-03-26,,1,,1,0.01,0.00,0.00,,,,,,,,,,1,,,,,,,,,,,,,,,,,,,1,,,,,,,,,,,,,,,,,,,,,,,,,,,,,,2
135,"Hillsborough County, FL, USA","Florida, USA","United States",27.9795,-82.53612,land,,2015-03-26,,1,,1,0.04,0.00,0.00,,,,,,,,,,,,,,,1,1,,,,,,,,,,,,,,,,,,,,,,,,,,,,,,,,,,,,,,,,,,,2
137,"Hillsborough County, FL, USA","Florida, USA","United States",27.9795,-82.53612,land,,2015-03-26,,1,,1,0.07,0.00,0.00,,,,,,,,,,,,,,1,1,1,,,,,,,,,,,,,,,,,,,,,,,,,,,,,,,,,,,,,,,,,,,3
138,"Henry County, GA, USA","Georgia, USA","United States",33.45957,-84.18034,land,,2015-03-26,,1,,1,0.41,0.00,0.00,,1,,1,,1,,,1,,,,,,1,1,,,,,,,,,,,,,1,,,,,,,,,,,,,,,,,,,,,,,,,,,,,,10
139,"Hillsborough County, FL, USA","Florida, USA","United States",27.9795,-82.53612,land,,2015-03-26,,1,,1,0.12,0.00,0.00,,1,,,,,,,,,,,,,,1,,,,,,,,,,,,,,,,,,,,,,,,,,,,,,,,,,,,,,,,,,1,5
141,"Hillsborough County, FL, USA","Florida, USA","United States",27.9795,-82.53612,land,,2015-03-26,,1,,1,0.25,0.00,0.00,,,,1,1,,,,1,,,,,,,,,,,,,,,,,,,,,,,,,,,,,,,,,,,,,,,,,,,,,,,,,,3
152,"Washington, DC, USA","District of Columbia, USA","United States",38.9074,-77.04399,land,,2015-04-10,,1,,1,0.40,0.00,0.00,,1,,1,1,1,,,,,,1,,,1,,,1,,,,,,,,,,,,,,,,,,,,,,,,,,,,,,,,,,,,,,,,,9
155,"Washington, DC, USA","District of Columbia, USA","United States",38.90739,-77.04391,land,,2015-04-10,,1,,1,0.31,0.01,0.00,,,,1,1,,,,1,,,,,1,1,,,,,,,,,,,,,,,,,,,,,,,,,,,,,,,,,,,,,,,,,,,,5
156,"Washington, DC, USA","District of Columbia, USA","United States",38.90743,-77.04406,land,,2015-04-10,,1,,1,0.05,0.30,0.00,,,,,,,,,,7,,,,,,2,,,,,,,,,,,,,,,,,,,,,,,,,,,,,,,,,,,,,,,,,,,9
157,"Washington, DC, USA","District of Columbia, USA","United States",38.90744,-77.04392,land,,2015-04-10,,1,,1,0.07,0.00,0.00,,1,,,1,,,,1,,,,,,1,1,,,,,,,,,,,,,,,,,,,,,,,,,,,,,,,,,,,,,,,,,,,5
158,"Washington, DC, USA","District of Columbia, USA","United States",38.90739,-77.04406,land,,2015-04-10,,1,,1,2.11,0.02,0.00,,1,,1,2,2,,,2,1,,1,,1,2,,,2,1,,,,,,,,,,,,,,,,,6,,,,,,,,,,,,,,,,,,,,,,,25
159,"Washington, DC, USA","District of Columbia, USA","United States",38.90747,-77.04408,land,,2015-04-10,,1,,1,0.46,0.00,0.00,,1,,1,2,1,,,2,,,1,,,3,2,1,2,8,,,,,,,,,,,,,,,,,,,,,,,,,,,,,,,,,,,,,,,1,25
160,"Washington, DC, USA","District of Columbia, USA","United States",38.90748,-77.04406,land,,2015-04-10,,1,,1,1.14,0.01,0.00,,1,,1,3,2,,,1,1,,,,3,3,2,3,2,,,,,,,,,,,1,,,,,,,1,,,,,,,,,,,,,,,,,,,,,,1,29
166,"St Johns County, FL, USA","Florida, USA","United States",29.91794,-81.29191,land,,2015-04-29,,1,,1,0.11,0.08,0.00,,,,,,,,,,,,,,,,,,,1,,,,,,,,,,,,,,,,,,,,,,,,,,,,,,,,,,,,,,,,4
167,"St Johns County, FL, USA","Florida, USA","United States",29.91797,-81.29188,land,,2015-04-29,,1,,1,0.14,0.19,0.00,,,,,1,,,,1,1,,,,,,4,,1,,,,,,,,,,,1,,,,,,,,,,,,,,,,,,,,,,,,,,,,,3,13
168,"Washington, DC, USA","District of Columbia, USA","United States",38.95237,-77.00173,land,,2015-04-29,,1,,1,0.00,0.17,0.00,,,,,,,,,,,,,,,,,,,,,,,,,,,,,,,,,,,,,,,,,,,,,,,,,,,,,,,,,,,
169,"Essex County, MA, USA","Massachusetts, USA","United States",42.79918,-70.85402,land,,2015-05-01,,2,,2,1.41,7.17,0.00,,3,,2,16,,,,1,,,,,4,2,8,9,,,,,,,,,,,,,,,,,,,,,,,,,,,,,,,,,,,,,,,,,7,57
170,"Essex County, MA, USA","Massachusetts, USA","United States",42.79618,-70.83725,land,,2015-05-01,,2,,2,0.73,14.05,0.00,,,,,3,1,,,,,,,,,,,4,,,,,,,,,,,,,,,,,,,1,,,,,,,,,,,,,,,,,,,,,,22,38
174,"St Johns County, FL, USA","Florida, USA","United States",29.91891,-81.29047,land,,2015-05-03,,1,,1,0.25,0.01,0.00,,,,,,,,,,,,,,,,,,,,,,,,,,,,,2,,,,,,,,,,,,,,,,,,,,,,,,,,,,,,3
183,"Montgomery County, MD, USA","Maryland, USA","United States",38.99221,-77.03262,land,,2015-05-06,,1,,1,0.25,2.06,0.00,,,,1,,,,,1,5,,,,,,,,1,,,,,,,,,,,,,,,,,,,,,,,,,,,,,,,,,,,,,,,,,8
184,"Duval County, FL, USA","Florida, USA","United States",30.27121,-81.38923,land,,2015-05-07,,1,,1,0.51,0.21,0.00,,,,,,,,,,,,,,,,1,,,,,,,,,,,,,1,,,,,,,,,,,,,,,,,,,,,,,,,,,,,1,5
187,"Carteret County, NC, USA","North Carolina, USA","United States",34.69786,-76.75142,land,,2015-05-06,,1,,1,1.42,4.47,0.00,,1,,1,,,,,,38,,,,,1,4,,2,,,,,,,,,,,,,,,,,,3,,,,,,,,,,,,,,,,,,,,,,4,56
188,"Carteret County, NC, USA","North Carolina, USA","United States",34.73331,-76.76281,land,,2015-05-06,,1,,1,0.49,0.03,0.00,,,,,,,,,1,1,,,,,,1,,,,,,,,,,,,,,,,,,,,1,,,,,,,,,,,,,,,,,,,,,,,5
189,"Carteret County, NC, USA","North Carolina, USA","United States",34.73881,-76.82522,land,,2015-05-06,,2,,2,0.03,0.00,0.00,,,,,,,,,1,,,,,,,2,,,,,,,,,,,,,,,,,,,,,,,,,,,,,,,,,,,,,,,,,,1,4
190,"Carteret County, NC, USA","North Carolina, USA","United States",34.7329,-76.77065,land,,2015-05-07,,2,,2,2.30,0.68,0.00,,2,,,3,7,,,,29,,6,,,,14,,1,,,,,,,,,,,,,,,,,,3,,,,,,,,,,,,,,,,,,,,,,,81
192,"Carteret County, NC, USA","North Carolina, USA","United States",34.69891,-76.74644,land,,2015-05-08,,2,,2,0.53,0.02,0.00,,,,,1,,,,4,,,,,,,3,,,,,,,,,,,,,,,,,,,,2,,,,,,,,,,,,,,,,,,,,,,2,12
193,"Beaufort County, SC, USA","South Carolina, USA","United States",32.31893,-80.4759,land,,2015-05-10,,3,,3,0.54,0.06,0.00,,,,2,,1,,,,,,,,,2,,,,,,,,,,,,,,,,,,,,,,,,,,,,,,,,,,,,,,,,,,,1,6
194,"Duval County, FL, USA","Florida, USA","United States",30.33132,-81.39607,land,,2015-05-08,,1,,1,2.04,0.39,0.00,,,,1,4,11,,,14,8,,1,,1,2,6,1,2,,,,,,,,,,,1,,,,,,,4,,,,,,,,,,,,,,,,,,,,,,5,65
195,"Palm Beach County, FL, USA","Florida, USA","United States",26.88957,-80.05866,land,,2015-05-08,,1,,1,0.01,0.01,0.00,,,,,,,,,,2,,,,,,,,1,,,,,,,,,,,1,,,,,,,,,,,,,,,,,,,,,,,,,,,,,1,5
199,"Brevard County, FL, USA","Florida, USA","United States",28.13672,-80.58528,land,,2015-05-09,,1,,1,1.24,0.08,0.00,,3,,,1,,,,3,32,,6,,,,1,4,2,1,,,,,,,,,,1,,,,,,,3,,,,,,,,,,,,,,,,,,,,,,4,64
200,"Brevard County, FL, USA","Florida, USA","United States",28.13687,-80.58529,land,,2015-05-09,,1,,1,1.36,1.34,0.00,,3,,,1,,,,,32,,5,,,,1,2,5,1,,,,,,,,,,1,,,,,,,3,,,,,,,,,,,,,,,,,,,,,,5,64
201,"Carteret County, NC, USA","North Carolina, USA","United States",34.69715,-76.76967,land,,2015-05-11,,1,,1,0.68,0.55,0.00,,,,1,7,,,,11,2,,1,,,3,1,4,,,,,,,,,,,,,,,,,,,,,,,,,,,,,,,,,,,,,,,,,16,48
202,"Beaufort County, SC, USA","South Carolina, USA","United States",32.39425,-80.68619,land,,2015-05-11,,4,,4,0.04,0.12,0.00,,,,,,,,,,,,,,,,,,,,,,,,,,,,,,,,,,,,,,,,,,,,,,,,,,,,,,,,,,,1
205,"Beaufort County, SC, USA","South Carolina, USA","United States",32.31425,-80.47787,land,,2015-05-13,,1,,1,0.56,1.88,0.00,,2,,,,,,,,,,1,,,,4,,1,,,,,,,,,,,1,,,,,,,2,,,,,,,,,,,,,,,,,,,,,,1,13
208,"Newport County, RI, USA","Rhode Island, USA","United States",41.4593,-71.31908,land,,2015-05-14,,1,,1,3.09,1.16,0.00,,9,,,10,2,,,11,1,,3,,,3,5,2,1,2,,,,,,,,,,10,,,,,,,4,,,,,,,,,,,,,,,,,,,,,,6,83
209,"Horry County, SC, USA","South Carolina, USA","United States",33.82646,-78.65405,land,,2015-05-16,,5,,5,3.06,28.50,0.00,,2,,2,1,1,,,9,13,,,,,1,29,,1,,,,,,,,,,,2,,,,,,,4,,,,,,,,,,,,,,,,,,,,,,57,134
210,"Beaufort County, SC, USA","South Carolina, USA","United States",32.30928,-80.49204,land,,2015-05-17,,8,,8,0.99,0.05,0.00,,,,,1,1,,,,,,,,,,,,,,,,,,,,,,,,,,,,,,3,,,,,,,,,,,,,,,,,,,,,,,10
211,"Carteret County, NC, USA","North Carolina, USA","United States",34.69833,-76.72338,land,,2015-05-17,,2,,2,1.57,0.47,0.00,,2,,,4,5,,,4,18,,1,,,,23,,,,,,,,,,,,,1,,,,,,,,,,,,,,,,,,,,,,,,,,,,,6,83
212,"Carteret County, NC, USA","North Carolina, USA","United States",34.69731,-76.76711,land,,2015-05-13,,2,,2,1.43,0.00,0.00,,,,1,11,1,,,7,,,,,,2,,2,,,,,,,,,,,,1,,,,,,,1,,,,,,,,,,,,,,,,,,,,,,11,41
213,"Brevard County, FL, USA","Florida, USA","United States",28.13663,-80.58552,land,,2015-05-13,,1,,1,1.04,0.13,0.00,,1,,2,2,,,,,,,2,,,,1,1,2,,,,,,,,,,,2,,,,,,,,,,,,,,,,,,,,,,,,,,,,,4,22
214,"Beaufort County, SC, USA","South Carolina, USA","United States",32.31496,-80.47681,land,,2015-05-15,,4,,4,0.05,3.80,0.00,,,,,,,,,1,,,,,,,,,,,,,,,,,,,,,,,,,,,,,,,,,,,,,,,,,,,,,,,,,,2
215,"Palm Beach County, FL, USA","Florida, USA","United States",26.88464,-80.05625,land,,2015-05-15,,1,,1,0.00,0.04,0.00,,,,,,,,,,,,,,,,,,,,,,,,,,,,,,,,,,,,,,,,,,,,,,,,,,,,,,,,,,,
217,"Sarasota County, FL, USA","Florida, USA","United States",27.34081,-82.4535,land,,2015-04-17,,215,,215,0.44,0.64,0.00,,,,,,,,,,1,,2,,,,1,2,2,1,,,,,,,,,,,,,,,,,1,,,,,,,,,,,,,,,,,,,,,,,17
221,"Beaufort County, SC, USA","South Carolina, USA","United States",32.31909,-80.46216,land,,2015-05-16,,4,,4,0.11,0.03,0.00,,,,,1,,,,2,,,,,,1,,,,,,,,,,,,,,1,,,,,,,,,,,,,,,,,,,,,,,,,,,,,,6
222,"Brevard County, FL, USA","Florida, USA","United States",28.13722,-80.58386,land,,2015-05-16,,1,,1,5.20,0.08,0.00,,,,9,10,5,,,22,11,,4,,1,3,8,1,8,7,,,,,,,,,,1,,,,,,,,,,,,,,,,,,,,,,,,,,,,,67,195
223,"Beaufort County, SC, USA","South Carolina, USA","United States",32.3146,-80.47739,land,,2015-05-17,,8,,8,0.75,0.30,0.00,,,,2,,15,,,,1,,,,,,2,,,,,,,,,,,,,,,,,,,,,,,,,,,,,,,,,,,,,,,,,,,21
226,"Carteret County, NC, USA","North Carolina, USA","United States",34.70261,-76.76017,land,,2015-05-13,,1,,1,0.96,39.19,0.00,,4,,,5,,,,8,2,,4,,1,2,3,5,4,1,,,,,,,,,,9,,,,,,,,,,,,,,,,,,,,,,,,,,,,,24,81
227,"Brunswick County, NC, USA","North Carolina, USA","United States",33.86589,-78.51634,land,,2015-05-13,,4,,4,0.54,6.47,0.00,,,,,,,,,1,1,,,,,1,1,,,,,,,,,,,,,,,,,,,,,,,,,,,,,,,,,,,,,,,,,,1,14
228,"New Hanover County, NC, USA","North Carolina, USA","United States",34.21191,-77.78989,land,,2015-05-16,,2,,2,1.51,9.10,0.00,,1,,2,,3,,,1,3,,,,,,5,2,3,,,,,,,,,,,2,,,,,,,1,,,,,,,,,,,,,,,,,,,,,,11,43
229,"New Hanover County, NC, USA","North Carolina, USA","United States",34.25234,-77.81212,land,,2015-05-19,,1,,1,0.46,0.00,0.00,,,,1,,,,,,,,,,,,,,,,,,,,,,,,,,,,,,,,1,,,,,,,,,,,,,,,,,,,,,,1,3
230,"St Johns County, FL, USA","Florida, USA","United States",30.24834,-81.3927,land,,2015-05-15,,1,,1,1.07,0.71,0.00,,,,,2,,,,,2,,,,,,3,1,4,,,,,,,,,,,8,,,,,,,,,,,,,,,,,,,,,,,,,,,,,2,30
231,"Beaufort County, SC, USA","South Carolina, USA","United States",32.31247,-80.48396,land,,2015-05-17,,3,,3,0.05,0.07,0.00,,,,,,,,,,,,,,,,,,,,,,,,,,,,,,,,,,,,,,,,,,,,,,,,,,,,,,,,,,,1
233,"Brevard County, FL, USA","Florida, USA","United States",28.13132,-80.58288,land,,2015-05-18,,1,,1,1.08,1.15,0.00,,,,,1,,,,3,,,2,,,7,1,4,2,4,,,,,,,,,,3,,,,,,,,,,,,,,,,,,,,,,,,,,,,,5,40
234,"Duval County, FL, USA","Florida, USA","United States",30.26055,-81.38235,land,,2015-05-18,,1,,1,1.27,2.68,0.00,,1,,,2,1,,,9,7,,,,,,9,1,2,,,,,,,,,,,6,,,,,,,1,,,,,,,,,,,,,,,,,,,,,,4,55
235,"Beaufort County, SC, USA","South Carolina, USA","United States",32.30816,-80.49486,land,,2015-05-16,,4,,4,0.12,1.64,0.00,,1,,,2,4,,,,,,1,,,,,1,,,,,,,,,,,,1,,,,,,,,,,,,,,,,,,,,,,,,,,,,,,10
236,"Horry County, SC, USA","South Carolina, USA","United States",33.87367,-78.65074,land,,2015-05-16,,2,,2,0.71,0.08,0.00,,2,,1,4,,,,2,,,,,,1,,1,,,,,,,,,,,,,,,,,,,,,,,,,,,,,,,,,,,,,,,,,2,19
237,"Brevard County, FL, USA","Florida, USA","United States",28.13724,-80.58386,land,,2015-05-14,,1,,1,0.39,0.04,0.00,,,,1,3,1,,,,1,,2,,,,2,,,,,,,,,,,,,1,,,,,,,,,,,,,,,,,,,,,,,,,,,,,3,15
238,"Palm Beach County, FL, USA","Florida, USA","United States",26.88474,-80.05584,land,,2015-05-16,,1,,1,0.55,0.69,0.00,,1,,1,1,,,,1,7,,,,2,,5,2,,,,,,,,,,,,,,,,,,,,,,,,,,,,,,,,,,,,,,,,,16,38
239,"Palm Beach County, FL, USA","Florida, USA","United States",26.88461,-80.05628,land,,2015-05-16,,1,,1,0.20,5.00,0.00,,,,,,,,,3,2,,,,,1,2,,1,,,,,,,,,,,,,,,,,,,,,,,,,,,,,,,,,,,,,,,,2,14
240,"Walton County, FL, USA","Florida, USA","United States",30.28057,-86.01603,land,,2015-05-17,,1,,1,1.31,0.07,0.00,,5,,,4,11,,,,,,,,,,,,,,,,,,,,,,,,,,,,,,4,,,,,,,,,,,,,,,,,,,,,,3,29
241,"Horry County, SC, USA","South Carolina, USA","United States",33.82381,-78.66042,land,,2015-05-17,,2,,2,1.02,1.61,0.00,,,,2,3,1,,,2,,,1,,,,2,,,1,,,,,,,,,,1,,,,,,,,,,,,,,,,,,,,,,,,,,,,,3,20
246,"Walton County, FL, USA","Florida, USA","United States",30.29683,-86.06537,land,,2015-05-18,,1,,1,0.54,1.78,0.00,,,,,2,,,,3,1,,,,,1,,1,,,,,,,,,,,,,,,,,,,2,,,,,,,,,,,,,,,,,,,,,,2,12
247,"Walton County, FL, USA","Florida, USA","United States",30.28404,-86.02971,land,,2015-05-18,,1,,1,0.52,6.91,0.00,,,,1,1,,,,,,,,,,,3,,1,,,,,,,,,,,,,,,,,,,,,,,,,,,,,,,,,,,,,,,,1,11
248,"Bay County, FL, USA","Florida, USA","United States",30.12495,-85.73342,land,,2015-05-18,,,,,0.80,2.66,0.00,,,,,,2,,,,1,,,,,,,,,,,,,,,,,,,,,,,,,,2,,,,,,,,,,,,,,,,,,,,,,,8
249,"Duval County, FL, USA","Florida, USA","United States",30.34512,-81.39833,land,,2015-05-18,,1,,1,1.98,6.22,0.00,,4,,,4,3,,,7,11,,2,,,1,4,2,4,1,,,,,,,,,,3,,,,,,,4,,,,,,,,,,,,,,,,,,,,,,14,78
250,"Carteret County, NC, USA","North Carolina, USA","United States",34.69785,-76.77112,land,,2015-05-18,,1,,1,0.89,0.05,0.00,,3,,,2,4,,,3,,,,,,8,8,2,2,,,,,,,,,,,,,,,,,,,,,,,,,,,,,,,,,,,,,,,,,40
251,"New Hanover County, NC, USA","North Carolina, USA","United States",34.20781,-77.79456,land,,2015-05-18,,1,,1,1.29,0.01,0.00,,,,,1,2,,,1,,,,,,,,,,,,,,,,,,,,,,,,,,,5,,,,,,,,,,,,,,,,,,,,,,,11
252,"Carteret County, NC, USA","North Carolina, USA","United States",34.70124,-76.75212,land,,2015-05-18,,2,,2,1.19,0.03,0.00,,1,,,,,,,,33,,1,,,2,9,3,3,,,,,,,,,,,,,,,,,,2,,,,,,,,,,,,,,,,,,,,,,11,73
254,"Beaufort County, SC, USA","South Carolina, USA","United States",32.31404,-80.47697,land,,2015-05-20,,2,,2,0.34,0.06,0.00,,3,,,1,,,,1,1,,,,1,,,,,,,,,,,,,,,,,,,,,,,,,,,,,,,,,,,,,,,,,,,,1,13
255,"Brunswick County, NC, USA","North Carolina, USA","United States",33.86584,-78.51644,land,,2015-05-20,,6,,6,1.78,5.91,0.00,,,,1,3,,,,10,14,,,,4,,2,1,,,,,,,,,,,,,,,,,,,,,,,,,,,,,,,,,,,,,,,,,9,65
256,"Carteret County, NC, USA","North Carolina, USA","United States",34.69629,-76.71165,land,,2015-05-21,,2,,2,0.95,1.61,0.00,,1,,,,,,,7,,,3,,,,8,2,,3,,,,,,,,,,1,,,,,,,1,,,,,,,,,,,,,,,,,,,,,,15,51
257,"Beaufort County, SC, USA","South Carolina, USA","United States",32.33193,-80.46996,land,,2015-05-23,,5,,5,0.34,1.02,0.00,,,,,2,4,,,3,,,,,,,1,,,,,,,,,,,,,,,,,,,,1,,,,,,,,,,,,,,,,,,,,,,,11
258,"Beaufort County, SC, USA","South Carolina, USA","United States",32.31554,-80.47666,land,,2015-05-24,,4,,4,0.55,0.42,0.00,,,,,1,,,,,,,,,,1,,,,,,,,,,,,,,,,,,,,,1,,,,,,,,,,,,,,,,,,,,,,,8
259,"Walton County, FL, USA","Florida, USA","United States",30.29176,-86.05495,land,,2015-05-25,,1,,1,6.54,0.18,0.00,,,,3,18,21,,,7,2,,19,,,5,7,,6,,,,,,,,,,,,,,,,,,14,,,,,,,,,,,,,,,,,,,,,,13,132
262,"Brevard County, FL, USA","Florida, USA","United States",28.13112,-80.58277,land,,2015-05-21,,1,,1,0.54,0.90,0.00,,,,,1,,,,3,2,,3,,,1,3,1,1,1,,,,,,,,,,1,,,,,,,,,,,,,,,,,,,,,,,,,,,,,6,32
263,"Duval County, FL, USA","Florida, USA","United States",30.32269,-81.40785,land,,2015-05-21,,2,,2,0.50,0.02,0.00,,1,,,,2,,,,,,,,,,,,,,,,,,,,,,,,,,,,,,1,,,,,,,,,,,,,,,,,,,,,,1,10
264,"Duval County, FL, USA","Florida, USA","United States",30.32281,-81.40785,land,,2015-05-23,,2,,2,2.17,0.00,0.00,,,,1,4,5,,,2,,,,,,3,4,1,1,,,,,,,,,,,3,,,,,,,6,,,,,,,,,,,,,,,,,,,,,,1,36
265,"New Hanover County, NC, USA","North Carolina, USA","United States",34.19054,-77.8241,land,,2015-05-24,,1,,1,0.41,0.35,0.00,,2,,,5,2,,,,5,,,,,,,,,,,,,,,,,,,,,,,,,,1,,,,,,,,,,,,,,,,,,,,,,4,19
267,"Pinellas County, FL, USA","Florida, USA","United States",27.96254,-82.82272,land,,2015-05-21,,3,,3,0.07,6.16,0.00,,,,,1,,,,,,,,,,1,,,,,,,,,,,,,,5,,,,,,,,,,,,,,,,,,,,,,,,,,,,,,7
268,"Duval County, FL, USA","Florida, USA","United States",30.3301,-81.40103,land,,2015-05-20,,2,,2,0.59,0.07,0.00,,,,,3,1,,,,6,,,,,,1,,2,,,,,,,,,,,,,,,,,,1,,,,,,,,,,,,,,,,,,,,,,,15
270,"Duval County, FL, USA","Florida, USA","United States",30.25428,-81.39115,land,,2015-05-22,,1,,1,0.90,0.15,0.00,,1,,3,1,,,,,,,2,,1,2,,,,,,,,,,,,,,,,,,,,,,,,,,,,,,,,,,,,,,,,,,,,12
271,"Horry County, SC, USA","South Carolina, USA","United States",33.82381,-78.66035,land,,2015-05-23,,1,,1,0.96,1.61,0.00,,,,,,2,,,,,,,,,,2,,,,,,,,,,,,,1,,,,,,,1,,,,,,,,,,,,,,,,,,,,,,,12
272,"Beaufort County, SC, USA","South Carolina, USA","United States",32.32273,-80.47798,land,,2015-05-24,,1,,1,0.08,0.15,0.00,,2,,,,,,,2,,,,,1,,1,,1,,,,,,,,,,,5,,,,,,,,,,,,,,,,,,,,,,,,,,,,,,12
273,"Brevard County, FL, USA","Florida, USA","United States",28.13222,-80.58352,land,,2015-05-25,,1,,1,0.20,0.56,0.00,,,,,1,1,,,1,2,,,,,,1,1,2,1,,,,,,,,,,,,,,,,,,,,,,,,,,,,,,,,,,,,,,,4,17
275,"Beaufort County, SC, USA","South Carolina, USA","United States",32.31391,-80.48508,land,,2015-05-21,,1,,1,0.00,0.10,0.00,,,,,,,,,1,,,,,,,,,,,,,,,,,,,,,,,,,,,,,,,,,,,,,,,,,,,,,,,,,,1
276,"Beaufort County, SC, USA","South Carolina, USA","United States",32.32307,-80.457,land,,2015-05-22,,1,,1,0.00,0.03,0.00,,,,,,,,,,,,,,,,,,,,,,,,,,,,,,,,,,,,,,,,,,,,,,,,,,,,,,,,,,,
277,"Brevard County, FL, USA","Florida, USA","United States",28.13666,-80.58527,land,,2015-05-22,,1,,1,0.36,0.10,0.00,,,,,1,2,,,2,2,,2,,,,,1,4,,,,,,,,,,,,,,,,,,,,,,,,,,,,,,,,,,,,,,,,1,20
278,"Palm Beach County, FL, USA","Florida, USA","United States",26.91609,-80.07445,land,,2015-05-23,,2,,2,2.41,2.13,0.00,,,,,,1,,,16,7,,1,,3,,,3,7,2,,,,,,,,,,,,,,,,,,,,,,,,,,,,,,,,,,,,,,,78,139
279,"St Johns County, FL, USA","Florida, USA","United States",30.16273,-81.36782,land,,2015-05-23,,1,,1,0.11,0.00,0.00,,,,,,,,,,,,,,,,,,,,,,,,,,,,,,,,,,,,,,,,,,,,,,,,,,,,,,,,,,,2
281,"Horry County, SC, USA","South Carolina, USA","United States",33.85356,-78.60363,land,,2015-05-22,,2,,2,1.27,63.50,0.00,,5,,2,2,2,,,2,,,1,,,,2,1,,,,,,,,,,,,1,,,,,,,1,,,,,,,,,,,,,,,,,,,,,,4,27
282,"Horry County, SC, USA","South Carolina, USA","United States",33.84337,-78.58933,land,,2015-05-23,,1,,1,1.00,20.29,0.00,,1,,,3,1,,,4,7,,,,,1,7,,,,,,,,,,,,,,,,,,,,,,,,,,,,,,,,,,,,,,,,,,16,47
283,"Beaufort County, SC, USA","South Carolina, USA","United States",32.31014,-80.50265,land,,2015-05-23,,3,,3,0.66,8.81,0.00,,3,,,5,3,,,,2,,,,,,3,1,,,,,,,,,,,,,,,,,,,,,,,,,,,,,,,,,,,,,,,,,,25
285,"Carteret County, NC, USA","North Carolina, USA","United States",34.7014,-76.752,land,,2015-05-25,,2,,2,1.22,0.04,0.00,,1,,,4,,,,5,15,,,,,,3,,2,,,,,,,,,,,1,,,,,,,4,,,,,,,,,,,,,,,,,,,,,,3,40
286,"Suffolk County, NY, USA","New York, USA","United States",40.65138,-73.34261,land,,2015-05-25,,4,,4,10.92,0.01,0.00,,6,,40,8,15,,,15,,,,,,,,5,,,,,,,,,,,,2,,,,,,,4,,,,,,,,,,,,,,,,,,,,,,21,120
288,"Duval County, FL, USA","Florida, USA","United States",30.33536,-81.39567,land,,2015-05-26,,1,,1,4.54,2.80,0.00,,7,,1,7,8,,,10,13,,11,,1,3,8,6,3,2,,,,,,,,,,1,,,,,,,13,,,,,,,,,,,,,,,,,,,,,,16,119
290,"St Johns County, FL, USA","Florida, USA","United States",30.25247,-81.3812,land,,2015-05-25,,1,,1,4.57,2.43,0.00,,2,,,10,3,,,3,19,,6,,,2,8,1,,1,,,,,,,,,,3,,,,,,,13,,,,,,,,,,,,,,,,,,,,,,6,90
291,"Carteret County, NC, USA","North Carolina, USA","United States",34.72065,-76.73651,land,,2015-05-25,,1,,1,3.98,0.00,0.00,,30,,,10,10,,,10,10,,,,,10,30,10,6,,,,,,,,,,,,,,,,,,5,,,,,,,,,,,,,,,,,,,,,,,145
292,"Beaufort County, SC, USA","South Carolina, USA","United States",32.31357,-80.48512,land,,2015-05-25,,4,,4,0.63,1.02,0.00,,,,,,1,,,5,1,,1,,,,,,,,,,,,,,,,,1,,,,,,,1,,,,,,,,,,,,,,,,,,,,,,,17
293,"Walton County, FL, USA","Florida, USA","United States",30.28059,-86.01603,land,,2015-05-26,,1,,1,1.06,0.83,0.00,,,,,3,,,,,,,,,,2,,2,1,,,,,,,,,,,,,,,,,,4,,,,,,,,,,,,,,,,,,,,,,5,17
294,"Carteret County, NC, USA","North Carolina, USA","United States",34.6983,-76.74693,land,,2015-05-20,,2,,2,0.21,0.02,0.00,,4,,,3,,,,,1,,,,,,2,,,,,,,,,,,,,,,,,,,,,,,,,,,,,,,,,,,,,,,,,,7,19
296,"Beaufort County, SC, USA","South Carolina, USA","United States",32.3148,-80.47728,land,,2015-05-24,,4,,4,1.10,0.20,0.00,,3,,,,,,,,,,4,,,,,,1,,,,,,,,,,,,,,,,,,1,,,,,,,,,,,,,,,,,,,,,,,24
297,"Carteret County, NC, USA","North Carolina, USA","United States",34.69849,-76.72463,land,,2015-05-24,,2,,2,2.73,497.80,0.00,,4,,,6,12,,,5,,,,,,,20,4,8,,,,,,,,,,,,,,,,,,2,,,,,,,,,,,,,,,,,,,,,,13,104
298,"New Hanover County, NC, USA","North Carolina, USA","United States",34.2355,-77.77603,land,,2015-05-26,,1,,1,0.38,1.26,0.00,,,,,1,,,,1,2,,,,,3,,1,,,,,,,,,,,,1,,,,,,,1,,,,,,,,,,,,,,,,,,,,,,3,14
303,"Walton County, FL, USA","Florida, USA","United States",30.29656,-86.05029,land,,2015-05-25,,1,,1,0.59,0.32,0.00,,3,,1,,8,,,2,,,,,,,3,,,,,,,,,,,,,,,,,,,,,,,,,,,,,,,,,,,,,,,,,,,21
304,"New Hanover County, NC, USA","North Carolina, USA","United States",34.25233,-77.81211,land,,2015-05-26,,1,,1,0.69,0.15,0.00,,,,1,1,,,,,1,,2,,,,1,,,,,,,,,,,,,,,,,,,,1,,,,,,,,,,,,,,,,,,,,,,2,12
306,"Beaufort County, SC, USA","South Carolina, USA","United States",32.3126,-80.48664,land,,2015-05-27,,2,,2,0.16,0.06,0.00,,2,,,,,,,,16,,2,,,,,,3,,,,,,,,,,,,,,,,,,,,,,,,,,,,,,,,,,,,,,,,1,26
307,"Brunswick County, NC, USA","North Carolina, USA","United States",33.86251,-78.51775,land,,2015-05-27,,4,,4,1.47,5.08,0.00,,5,,1,,,,,1,17,,,,,2,12,,1,,,,,,,,,,,2,,,,,,,1,,,,,,,,,,,,,,,,,,,,,,5,56
308,"Duval County, FL, USA","Florida, USA","United States",30.33764,-81.39894,land,,2015-05-27,,2,,2,1.36,1.04,0.00,,1,,,7,3,,,2,11,,3,,2,,3,,2,,,,,,,,,,,1,,,,,,,4,,,,,,,,,,,,,,,,,,,,,,7,48
309,"Beaufort County, SC, USA","South Carolina, USA","United States",32.30277,-80.51263,land,,2015-05-29,,1,,1,0.95,167.97,0.00,,,,2,,,,,,,,,,,,,,,,,,,,,,,,,,,,,,,,,,,,,,,,,,,,,,,,,,,,,,,4
311,"Escambia County, FL, USA","Florida, USA","United States",30.50977,-87.18863,land,,2015-05-26,,1,,1,0.33,0.19,0.00,,2,,,,2,,,5,,,,,,,,2,,1,,,,,,,,,,1,,,,,,,,,,,,,,,,,,,,,,,,,,,,,,15
313,"Duval County, FL, USA","Florida, USA","United States",30.32981,-81.40097,land,,2015-05-29,,2,,2,1.40,0.33,0.00,,,,,3,2,,,,2,,3,,2,2,5,,2,1,,,,,,,,,,4,,,,,,,4,,,,,,,,,,,,,,,,,,,,,,12,44
314,"Escambia County, FL, USA","Florida, USA","United States",30.50971,-87.1884,land,,2015-05-30,,2,,2,12.06,0.44,0.00,,5,,,5,3,,,32,11,,,,1,5,18,7,10,7,,,,,,,,,,16,,,,,,,5,,,,,,,,,,,,,,,,,,,,,,72,247
315,"Beaufort County, SC, USA","South Carolina, USA","United States",32.31504,-80.47747,land,,2015-05-31,,4,,4,1.05,0.30,0.00,,,,2,1,2,,,3,7,,1,,3,2,1,,,,,,,,,,,,,2,,,,,,,,,,,,,,,,,,,,,,,,,,,,,,31
316,"Horry County, SC, USA","South Carolina, USA","United States",33.82383,-78.66026,land,,2015-05-31,,3,,3,0.55,1.61,0.00,,2,,,1,1,,,1,,,,,,2,,2,,,,,,,,,,,,6,,,,,,,,,,,,,,,,,,,,,,,,,,,,,14,36
317,"Carteret County, NC, USA","North Carolina, USA","United States",34.7138,-76.73561,land,,2015-05-29,,1,,1,0.19,3.88,0.00,,2,,,3,,,,1,,,,,,,3,1,2,,,,,,,,,,,,,,,,,,,,,,,,,,,,,,,,,,,,,,,,1,14
318,"Carteret County, NC, USA","North Carolina, USA","United States",34.70127,-76.75231,land,,2015-06-01,,1,,1,2.94,0.03,0.00,,5,,4,4,,,,6,7,,7,,5,3,4,4,8,,,,,,,,,,,4,,,,,,,4,,,,,,,,,,,,,,,,,,,,,,6,83
320,"Pinellas County, FL, USA","Florida, USA","United States",27.98689,-82.82866,land,,2015-06-02,,1,,1,0.04,0.38,0.00,,2,,,1,,,,,,,,,,,,,,,,,,,,,,,,,,,,,,,,,,,,,,,,,,,,,,,,,,,,,,3
321,"Brevard County, FL, USA","Florida, USA","United States",28.13659,-80.58523,land,,2015-06-01,,1,,1,1.55,0.49,0.00,,,,1,1,,,,18,,,8,,,1,24,4,1,8,,,,,,,,,,2,,,,,,,,,,,,,,,,,,,,,,,,,,,,,59,139
325,"Brevard County, FL, USA","Florida, USA","United States",28.13669,-80.58532,land,,2015-05-29,,1,,1,2.33,1.55,0.00,,,,,2,,,,7,7,,5,,,3,14,2,8,6,,,,,,,,,,1,,,,,,,3,,,,,,,,,,,,,,,,,,,,,,44,116
327,"Horry County, SC, USA","South Carolina, USA","United States",33.84305,-78.59412,land,,2015-05-30,,4,,4,1.22,42.06,0.00,,2,,,1,1,,,2,17,,,,2,1,11,1,1,,,,,,,,,,,5,,,,,,,1,,,,,,,,,,,,,,,,,,,,,,28,81
328,"Horry County, SC, USA","South Carolina, USA","United States",33.8392,-78.60455,land,,2015-05-31,,7,,7,0.42,1.76,0.00,,,,,3,1,,,5,8,,,,,,7,,,,,,,,,,,,,,,,,,,,,,,,,,,,,,,,,,,,,,,,,,15,42
329,"Escambia County, FL, USA","Florida, USA","United States",30.5097,-87.18809,land,,2015-05-31,,3,,3,4.17,0.29,0.00,,7,,1,14,,,,44,3,,2,,4,3,8,3,12,9,,,,,,,,,,6,,,,,,,1,,,,,,,,,,,,,,,,,,,,,,98,248
330,"Carteret County, NC, USA","North Carolina, USA","United States",34.70107,-76.75238,land,,2015-06-01,,1,,1,0.29,0.02,0.00,,,,,,,,,3,8,,,,,,5,,1,2,,,,,,,,,,1,,,,,,,,,,,,,,,,,,,,,,,,,,,,,8,32
331,"Beaufort County, SC, USA","South Carolina, USA","United States",32.323,-80.45701,land,,2015-06-03,,1,,1,0.00,0.06,0.00,,,,,,,,,,,,,,,,,,,,,,,,,,,,,,,,,,,,,,,,,,,,,,,,,,,,,,,,,,,
332,"New Hanover County, NC, USA","North Carolina, USA","United States",34.22927,-77.78056,land,,2015-06-04,,1,,1,1.39,7.40,0.00,,3,,1,2,2,,,4,4,,1,,1,2,4,2,3,1,,,,,,,,,,,,,,,,,3,,,,,,,,,,,,,,,,,,,,,,5,42
333,"Walton County, FL, USA","Florida, USA","United States",30.29615,-86.06179,land,,2015-06-04,,1,,1,0.67,0.50,0.00,,,,,5,,,,1,,,,,,,1,,,,,,,,,,,,,,,,,,,,1,,,,,,,,,,,,,,,,,,,,,,3,13
334,"Horry County, SC, USA","South Carolina, USA","United States",33.84421,-78.58673,land,,2015-06-04,,6,,6,0.79,0.76,0.00,,,,1,,1,,,1,6,,,,,,,,,,,,,,,,,,,2,,,,,,,,,,,,,,,,,,,,,,,,,,,,,34,52
335,"Brunswick County, NC, USA","North Carolina, USA","United States",33.89219,-78.445,land,,2015-05-27,,1,,1,0.88,1.61,0.00,,,,,1,,,,5,,,,,,,1,2,,,,,,,,,,,,5,,,,,,,,,,,,,,,,,,,,,,,,,,,,,3,27
336,"Carteret County, NC, USA","North Carolina, USA","United States",34.7006,-76.7621,land,,2015-05-27,,1,,1,0.56,11.77,0.00,,,,,5,3,,,6,4,,4,,,2,4,1,3,,,,,,,,,,,3,,,,,,,,,,,,,,,,,,,,,,,,,,,,,8,47
337,"Horry County, SC, USA","South Carolina, USA","United States",33.84762,-78.56941,land,,2015-05-28,,3,,3,2.15,1.82,0.00,,7,,,8,,,,10,,,,,2,4,13,2,1,,,,,,,,,,,18,,,,,,,1,,,,,,,,,,,,,,,,,,,,,,40,116
338,"New Hanover County, NC, USA","North Carolina, USA","United States",34.2392,-77.89206,land,,2015-05-28,,1,,1,1.78,1.19,0.00,,,,,,,,,,4,,1,,,,,,,,,,,,,,,,,,,,,,,,1,,,,,,,,,,,,,,,,,,,,,,3,16
341,"Beaufort County, SC, USA","South Carolina, USA","United States",32.31438,-80.47797,land,,2015-05-27,,1,,1,0.26,3.83,0.00,,,,,,,,,,,,,,,,1,,,,,,,,,,,,,,,,,,,,,,,,,,,,,,,,,,,,,,,,,,,2
342,"Volusia County, FL, USA","Florida, USA","United States",29.09701,-80.93443,land,,2015-05-27,,2,,2,0.39,1.52,0.00,,1,,1,1,,,,,,,,,,,2,,1,,,,,,,,,,,,,,,,,,,,,,,,,,,,,,,,,,,,,,,,1,9
343,"Duval County, FL, USA","Florida, USA","United States",30.25511,-81.38103,land,,2015-06-01,,1,,1,3.28,3.87,0.00,,,,,3,,,,20,2,,,,,3,3,,4,3,,,,,,,,,,6,,,,,,,8,,,,,,,,,,,,,,,,,,,,,,21,95
344,"Brevard County, FL, USA","Florida, USA","United States",28.22185,-80.67536,land,,2015-05-27,,1,,1,1.76,0.26,0.00,,,,,2,,,,6,15,,2,,,,12,,4,,,,,,,,,,,1,,,,,,,4,,,,,,,,,,,,,,,,,,,,,,21,79
345,"Walton County, FL, USA","Florida, USA","United States",30.28319,-86.02425,land,,2015-05-28,,1,,1,0.63,0.08,0.00,,,,,3,2,,,4,,,,,,,4,,1,,,,,,,,,,,,,,,,,,2,,,,,,,,,,,,,,,,,,,,,,5,21
347,"Brunswick County, NC, USA","North Carolina, USA","United States",33.86582,-78.51644,land,,2015-05-29,,6,,6,2.30,0.39,0.00,,6,,,1,2,,,1,5,,,,2,4,6,1,2,,,,,,,,,,,4,,,,,,,1,,,,,,,,,,,,,,,,,,,,,,33,87
348,"Duval County, FL, USA","Florida, USA","United States",30.32338,-81.39637,land,,2015-05-29,,1,,1,2.40,0.06,0.00,,11,,1,4,5,,,12,5,,2,,4,6,8,3,4,,,,,,,,,,,2,,,,,,,2,,,,,,,,,,,,,,,,,,,,,,8,85
349,"Brunswick County, NC, USA","North Carolina, USA","United States",33.8717,-78.50656,land,,2015-05-29,,1,,1,0.19,0.03,0.00,,,,,3,,,,,2,,,,,,1,,2,3,,,,,,,,,,,,,,,,,,,,,,,,,,,,,,,,,,,,,,,3,16
351,"Beaufort County, SC, USA","South Carolina, USA","United States",32.38712,-80.43226,land,,2015-05-31,,,,,0.73,82.38,0.00,,1,,,3,1,,,,,,1,,,,2,2,1,,,,,,,,,,,,,,,,,,2,,,,,,,,,,,,,,,,,,,,,,,16
352,"Walton County, FL, USA","Florida, USA","United States",30.29588,-86.06422,land,,2015-06-01,,1,,1,1.07,0.70,0.00,,,,1,4,,,,1,,,15,,,,,,,2,,,,,,,,,,,,,,,,,2,,,,,,,,,,,,,,,,,,,,,,,28
354,"Pinellas County, FL, USA","Florida, USA","United States",28.10667,-82.72982,land,,2015-05-28,,2,,2,0.26,5.20,0.00,,,,,,,,,1,,,2,,,,,,,,,,,,,,,,,,,,,,,,,,,,,,,,,,,,,,,,,,,,,,,4
355,"Carteret County, NC, USA","North Carolina, USA","United States",34.69629,-76.71273,land,,2015-05-28,,2,,2,1.76,72.00,0.00,,1,,1,2,4,,,3,,,4,,,,5,1,,9,,,,,,,,,,2,,,,,,,5,,,,,,,,,,,,,,,,,,,,,,3,42
356,"New Hanover County, NC, USA","North Carolina, USA","United States",34.20638,-77.79494,land,,2015-05-30,,1,,1,4.25,3.62,0.00,,,,3,6,5,,,2,10,,,,,,2,3,4,3,,,,,,,,,,1,,,,,,,10,,,,,,,,,,,,,,,,,,,,,,42,107
357,"Walton County, FL, USA","Florida, USA","United States",30.29722,-86.04926,land,,2015-05-30,,1,,1,3.52,0.18,0.00,,,,,16,5,,,8,7,,,,,3,4,2,5,,,,,,,,,,,,,,,,,,6,,,,,,,,,,,,,,,,,,,,,,5,77
358,"Beaufort County, SC, USA","South Carolina, USA","United States",32.31499,-80.4773,land,,2015-06-01,,4,,4,0.97,0.16,0.00,,3,,,,,,,3,1,,,,,2,2,2,2,1,,,,,,,,,,1,,,,,,,2,,,,,,,,,,,,,,,,,,,,,,4,31
359,"Duval County, FL, USA","Florida, USA","United States",30.34342,-81.39753,land,,2015-06-01,,1,,1,1.20,5.75,0.00,,2,,,2,2,,,8,4,,1,,,,4,1,8,1,,,,,,,,,,,,,,,,,3,,,,,,,,,,,,,,,,,,,,,,32,73
360,"New Hanover County, NC, USA","North Carolina, USA","United States",34.23515,-77.77605,land,,2015-06-02,,1,,1,1.07,0.05,0.00,,,,,3,,,,4,2,,,,,1,12,,1,2,,,,,,,,,,1,,,,,,,3,,,,,,,,,,,,,,,,,,,,,,12,42
361,"Carteret County, NC, USA","North Carolina, USA","United States",34.69643,-76.7118,land,,2015-06-04,,2,,2,2.32,140.70,0.00,,5,,2,2,7,,,29,,,,,,,9,,4,3,,,,,,,,,,11,,,,,,,2,,,,,,,,,,,,,,,,,,,,,,34,124
362,"Walton County, FL, USA","Florida, USA","United States",30.29863,-86.06764,land,,2015-05-30,,14,,14,5.14,3.76,0.00,,4,,6,23,16,,,6,2,,,,,,7,7,4,,,,,,,,,,,,,,,,,,8,,,,,,,,,,,,,,,,,,,,,,13,115
363,"Duval County, FL, USA","Florida, USA","United States",30.32271,-81.40762,land,,2015-05-30,,2,,2,1.57,0.08,0.00,,,,2,11,3,,,3,,,1,,,,1,1,1,,,,,,,,,,,1,,,,,,,,,,,,,,,,,,,,,,,,,,,,,40,75
364,"Beaufort County, SC, USA","South Carolina, USA","United States",32.31456,-80.477,land,,2015-06-03,,1,,1,3.61,11.42,0.00,,2,,3,4,2,,,47,5,,1,,1,3,2,2,6,8,,,,,,,,,,11,,,,,,,3,,,,,,,,,,,,,,,,,,,,,,67,190
365,"Beaufort County, SC, USA","South Carolina, USA","United States",32.31141,-80.49996,land,,2015-05-30,,5,,5,4.25,0.35,0.00,,1,,1,2,2,,,11,15,,2,,,1,3,9,9,1,,,,,,,,,,1,,,,,,,5,,,,,,,,,,,,,,,,,,,,,,5,113
366,"Brunswick County, NC, USA","North Carolina, USA","United States",33.87775,-78.471,land,,2015-05-30,,1,,1,0.93,3.17,0.00,,,,,,,,,1,28,,,,,,11,2,5,,,,,,,,,,,1,,,,,,,2,,,,,,,,,,,,,,,,,,,,,,25,78
367,"Carteret County, NC, USA","North Carolina, USA","United States",34.69835,-76.72431,land,,2015-05-31,,2,,2,3.45,145.75,0.00,,5,,3,3,3,,,18,,,1,,,,37,5,5,2,,,,,,,,,,5,,,,,,,1,,,,,,,,,,,,,,,,,,,,,,31,151
368,"Walton County, FL, USA","Florida, USA","United States",30.29732,-86.0495,land,,2015-06-02,,2,,2,8.65,0.65,0.00,,4,,12,16,16,,,11,6,,4,,,8,13,,5,,,,,,,,,,,3,,,,,,,16,,,,,,,,,,,,,,,,,,,,,,14,148
369,"Brevard County, FL, USA","Florida, USA","United States",28.13305,-80.58345,land,,2015-06-02,,1,,1,3.76,0.49,0.00,,,,,1,1,,,22,3,,6,,1,,10,1,4,3,,,,,,,,,,5,,,,,,,1,,,,,,,,,,,,,,,,,,,,,,22,129
370,"Beaufort County, SC, USA","South Carolina, USA","United States",32.31233,-80.48364,land,,2015-06-03,,3,,3,2.04,0.17,0.00,,,,,,2,,,14,24,,,,,,,,10,4,,,,,,,,,,,,,,,,,2,,,,,,,,,,,,,,,,,,,,,,50,133
371,"Duval County, FL, USA","Florida, USA","United States",30.33718,-81.39874,land,,2015-06-03,,2,,2,0.78,1.45,0.00,,,,1,1,,,,,2,,3,,1,,4,3,,,,,,,,,,,,,,,,,,,1,,,,,,,,,,,,,,,,,,,,,,11,30
373,"Brunswick County, NC, USA","North Carolina, USA","United States",33.85991,-78.52381,land,,2015-06-03,,3,,3,3.90,1.80,0.00,,,,2,1,,,,14,27,,3,,1,4,4,2,4,4,,,,,,,,,,2,,,,,,,1,,,,,,,,,,,,,,,,,,,,,,56,145
374,"Brevard County, FL, USA","Florida, USA","United States",28.13799,-80.58149,land,,2015-06-04,,1,,1,2.88,0.19,0.00,,,,1,10,,,,17,,,,,,,1,1,1,5,,,,,,,,,,,,,,,,,2,,,,,,,,,,,,,,,,,,,,,,32,90
376,"Duval County, FL, USA","Florida, USA","United States",30.3278,-81.40659,land,,2015-06-04,,2,,2,1.52,0.70,0.00,,2,,5,2,3,,,1,,,,,,1,,,,,,,,,,,,,,,,,,,,,1,,,,,,,,,,,,,,,,,,,,,,1,16
377,"Duval County, FL, USA","Florida, USA","United States",30.2543,-81.38093,land,,2015-06-04,,1,,1,0.75,1.67,0.00,,,,,,,,,2,,,1,,,,,,,,,,,,,,,,,1,,,,,,,,,,,,,,,,,,,,,,,,,,,,,5,15
378,"Walton County, FL, USA","Florida, USA","United States",30.29175,-86.05533,land,,2015-06-04,,1,,1,0.53,0.97,0.00,,1,,,2,,,,,,,,,,,,,4,,,,,,,,,,,1,,,,,,,2,,,,,,,,,,,,,,,,,,,,,,4,14
380,"Beaufort County, SC, USA","South Carolina, USA","United States",32.31378,-80.47793,land,,2015-06-05,,2,,2,1.19,3.33,0.00,,2,,,1,,,,15,2,,1,,1,,10,,1,3,,,,,,,,,,,,,,,,,2,,,,,,,,,,,,,,,,,,,,,,37,80
381,"Palm Beach County, FL, USA","Florida, USA","United States",26.91166,-80.06267,land,,2015-06-05,,1,,1,0.96,0.28,0.00,,6,,1,6,10,,,3,5,,,,2,1,7,1,,,,,,,,,,,,,,,,,,,,,,,,,,,,,,,,,,,,,,,,,4,50
382,"Brunswick County, NC, USA","North Carolina, USA","United States",33.86573,-78.5164,land,,2015-06-05,,9,,9,0.34,45.09,0.00,,,,,1,3,,,3,5,,,,2,3,5,,,,,,,,,,,,,,,,,,,,,,,,,,,,,,,,,,,,,,,,,,,23
383,"Carteret County, NC, USA","North Carolina, USA","United States",34.69807,-76.71125,land,,2015-06-05,,1,,1,0.02,0.82,0.00,,,,,,,,,2,,,,,,,,1,2,,,,,,,,,,,2,,,,,,,,,,,,,,,,,,,,,,,,,,,,,1,8
384,"Palm Beach County, FL, USA","Florida, USA","United States",26.91152,-80.06308,land,,2015-06-05,,1,,1,0.01,0.01,0.00,,,,,,,,,,,,1,,,,,,,,,,,,,,,,,,,,,,,,,,,,,,,,,,,,,,,,,,,,,,,1
385,"Palm Beach County, FL, USA","Florida, USA","United States",26.91152,-80.06314,land,,2015-06-05,,1,,1,0.61,0.14,0.00,,,,2,2,6,,,4,,,,,,,,,2,,,,,,,,,,,,,,,,,,,,,,,,,,,,,,,,,,,,,,,,3,19
386,"Beaufort County, SC, USA","South Carolina, USA","United States",32.32247,-80.48919,land,,2015-06-05,,1,,1,0.06,0.02,0.00,,,,,,,,,1,1,,,,,,,,,,,,,,,,,,,,,,,,,,,,,,,,,,,,,,,,,,,,,,,,,3
388,"Escambia County, FL, USA","Florida, USA","United States",30.50993,-87.18783,land,,2015-06-05,,3,,3,7.54,0.22,0.00,,4,,1,13,5,,,19,15,,8,,,6,18,2,10,1,,,,,,,,,,10,,,,,,,2,,,,,,,,,,,,,,,,,,,,,,67,213
389,"Carteret County, NC, USA","North Carolina, USA","United States",34.69836,-76.72395,land,,2015-06-07,,3,,3,2.53,102.82,0.00,,1,,,6,7,,,8,,,1,,,,14,2,2,1,,,,,,,,,,,,,,,,,2,,,,,,,,,,,,,,,,,,,,,,21,93
390,"Carteret County, NC, USA","North Carolina, USA","United States",34.70122,-76.74253,land,,2015-06-08,,1,,1,1.28,0.04,0.00,,,,2,2,,,,3,11,,,,1,1,7,,4,,,,,,,,,,,2,,,,,,,2,,,,,,,,,,,,,,,,,,,,,,4,41
391,"Beaufort County, SC, USA","South Carolina, USA","United States",32.31507,-80.47742,land,,2015-06-06,,4,,4,0.56,0.12,0.00,,1,,,1,2,,,2,,,1,,,,4,,,,,,,,,,,,,2,,,,,,,1,,,,,,,,,,,,,,,,,,,,,,1,19
392,"Duval County, FL, USA","Florida, USA","United States",30.32276,-81.40802,land,,2015-06-06,,2,,2,1.77,0.08,0.00,,2,,,,2,,,1,,,5,,,1,2,2,1,,,,,,,,,,,2,,,,,,,5,,,,,,,,,,,,,,,,,,,,,,3,31
393,"Horry County, SC, USA","South Carolina, USA","United States",33.84471,-78.58499,land,,2015-06-07,,1,,1,0.77,27.63,0.00,,1,,1,4,1,,,2,,,,,,1,3,2,,,,,,,,,,,,,,,,,,,,,,,,,,,,,,,,,,,,,,,,,2,21
394,"Bay County, FL, USA","Florida, USA","United States",30.21994,-85.86869,land,,2015-06-07,,1,,1,1.42,0.05,0.00,,,,,8,6,,,,,,,,,,3,,4,1,,,,,,,,,,,,,,,,,3,,,,,,,,,,,,,,,,,,,,,,5,34
395,"Escambia County, FL, USA","Florida, USA","United States",30.50979,-87.18844,land,,2015-06-07,,2,,2,10.73,0.47,0.00,,17,,5,17,5,,,46,19,,4,,2,15,27,2,11,4,,,,,,,,,,21,,,,,,,5,,,,,,,,,,,,,,,,,,,,,,100,341
396,"Duval County, FL, USA","Florida, USA","United States",30.35353,-81.39704,land,,2015-06-08,,1,,1,2.16,1.38,0.00,,4,,2,16,1,,,2,,,,,,,2,1,1,,,,,,,,,,,8,,,,,,,5,,,,,,,,,,,,,,,,,,,,,,3,47
397,"Escambia County, FL, USA","Florida, USA","United States",30.50977,-87.18825,land,,2015-06-08,,2,,2,13.64,0.32,0.00,,13,,,8,5,,,47,58,,6,,1,7,36,5,21,4,,,,,,,,,,18,,,,,,,13,,,,,,,,,,,,,,,,,,,,,,125,420
398,"Horry County, SC, USA","South Carolina, USA","United States",33.8392,-78.60456,land,,2015-06-06,,6,,6,0.14,35.43,0.00,,,,,,,,,,,,,,,,2,,,,,,,,,,,,,,,,,,,,,,,,,,,,,,,,,,,,,,,,,,1,5
399,"Carteret County, NC, USA","North Carolina, USA","United States",34.70217,-76.74962,land,,2015-06-08,,1,,1,3.25,0.68,0.00,,10,,,6,8,,,3,8,,2,,3,8,4,3,4,,,,,,,,,,,2,,,,,,,4,,,,,,,,,,,,,,,,,,,,,,,84
401,"Beaufort County, SC, USA","South Carolina, USA","United States",32.38714,-80.43246,land,,2015-06-07,,2,,2,0.75,34.81,0.00,,,,,,,,,1,,,,,,,2,,1,,,,,,,,,,,,,,,,,,3,,,,,,,,,,,,,,,,,,,,,,,8
403,"Duval County, FL, USA","Florida, USA","United States",30.33445,-81.39908,land,,2015-06-10,,2,,2,1.65,0.79,0.00,,1,,,3,1,,,8,7,,2,,1,,3,2,3,1,,,,,,,,,,3,,,,,,,4,,,,,,,,,,,,,,,,,,,,,,10,54
406,"Brunswick County, NC, USA","North Carolina, USA","United States",33.87756,-78.54231,land,,2015-06-08,,2,,2,1.67,10.29,0.00,,2,,,5,3,,,13,29,,1,,,,16,4,2,,,,,,,,,,,,,,,,,,,,,,,,,,,,,,,,,,,,,,,,2,96
407,"Walton County, FL, USA","Florida, USA","United States",30.28971,-86.05042,land,,2015-06-08,,1,,1,0.31,0.12,0.00,,,,,,,,,,2,,,,,,4,,2,,,,,,,,,,,1,,,,,,,1,,,,,,,,,,,,,,,,,,,,,,5,15
408,"New Hanover County, NC, USA","North Carolina, USA","United States",34.23539,-77.7761,land,,2015-06-09,,1,,1,0.48,0.08,0.00,,1,,,1,,,,1,2,,,,1,1,2,1,1,,,,,,,,,,,1,,,,,,,1,,,,,,,,,,,,,,,,,,,,,,3,18
410,"Brevard County, FL, USA","Florida, USA","United States",28.13293,-80.584,land,,2015-06-07,,1,,1,2.84,0.50,0.00,,,,,2,2,,,1,11,,9,,,2,4,7,3,,,,,,,,,,,1,,,,,,,4,,,,,,,,,,,,,,,,,,,,,,31,111
411,"New Hanover County, NC, USA","North Carolina, USA","United States",34.23469,-77.77605,land,,2015-06-09,,1,,1,0.27,0.01,0.00,,,,,,,,,,,,,,,,,,,1,,,,,,,,,,,,,,,,,1,,,,,,,,,,,,,,,,,,,,,,1,4
415,"Beaufort County, SC, USA","South Carolina, USA","United States",32.31387,-80.48122,land,,2015-06-10,,1,,1,1.03,2.11,0.00,,2,,,1,,,,3,,,,,,1,,,,,,,,,,,,,,,,,,,,,4,,,,,,,,,,,,,,,,,,,,,,7,19
416,"Brunswick County, NC, USA","North Carolina, USA","United States",33.86585,-78.51638,land,,2015-06-10,,7,,7,0.53,2.49,0.00,,,,,1,,,,2,8,,,,,,4,2,2,,,,,,,,,,,,,,,,,,,,,,,,,,,,,,,,,,,,,,,,9,35
418,"Brunswick County, NC, USA","North Carolina, USA","United States",33.87245,-78.48946,land,,2015-06-10,,1,,1,0.58,0.06,0.00,,,,,1,,,,,,,,,,,,5,3,2,,,,,,,,,,,,,,,,,1,,,,,,,,,,,,,,,,,,,,,,8,25
419,"Beaufort County, SC, USA","South Carolina, USA","United States",32.31465,-80.47757,land,,2015-06-10,,4,,4,1.64,20.81,0.00,,4,,,11,3,,,21,1,,6,,,,8,,2,3,,,,,,,,,,7,,,,,,,2,,,,,,,,,,,,,,,,,,,,,,31,107
420,"Beaufort County, SC, USA","South Carolina, USA","United States",32.31319,-80.481,land,,2015-06-10,,3,,3,2.69,1.18,0.00,,7,,2,2,3,,,8,5,,3,,,,12,1,5,3,,,,,,,,,,4,,,,,,,4,,,,,,,,,,,,,,,,,,,,,,23,91
423,"New Hanover County, NC, USA","North Carolina, USA","United States",34.22641,-77.78196,land,,2015-06-11,,2,,2,1.67,3.27,0.00,,3,,,1,,,,,2,,,,,,8,,3,,,,,,,,,,,,,,,,,,4,,,,,,,,,,,,,,,,,,,,,,11,39
424,"New Hanover County, NC, USA","North Carolina, USA","United States",34.35179,-77.89162,land,,2015-06-11,,1,,1,0.90,0.11,0.00,,2,,,,3,,,1,3,,1,,,1,2,,,,,,,,,,,,,,,,,,,,1,,,,,,,,,,,,,,,,,,,,,,1,18
425,"Duval County, FL, USA","Florida, USA","United States",30.3226,-81.40769,land,,2015-06-11,,2,,2,0.25,0.05,0.00,,1,,,1,,,,,,,,,,,,,1,,,,,,,,,,,,,,,,,,,,,,,,,,,,,,,,,,,,,,,,1,8
426,"Carteret County, NC, USA","North Carolina, USA","United States",34.6963,-76.71201,land,,2015-06-11,,2,,2,1.80,65.31,0.00,,,,1,8,3,,,10,,,,,,,5,,4,3,,,,,,,,,,2,,,,,,,1,,,,,,,,,,,,,,,,,,,,,,23,78
427,"Brunswick County, NC, USA","North Carolina, USA","United States",33.87027,-78.50286,land,,2015-06-12,,5,,5,1.15,13.14,0.00,,,,2,2,,,,3,5,,1,,,,2,2,1,,,,,,,,,,,3,,,,,,,1,,,,,,,,,,,,,,,,,,,,,,13,37
428,"Brevard County, FL, USA","Florida, USA","United States",28.13674,-80.58525,land,,2015-06-10,,1,,1,1.51,1.05,0.00,,1,,1,2,2,,,2,3,,1,,,2,13,3,2,1,,,,,,,,,,1,,,,,,,2,,,,,,,,,,,,,,,,,,,,,,,48
430,"Beaufort County, SC, USA","South Carolina, USA","United States",32.31415,-80.47699,land,,2015-06-12,,7,,7,1.44,5.84,0.00,,,,,4,,,,,,,,,,,2,1,2,1,,,,,,,,,,1,,,,,,,4,,,,,,,,,,,,,,,,,,,,,,10,29
431,"Carteret County, NC, USA","North Carolina, USA","United States",34.6981,-76.71904,land,,2015-06-12,,1,,1,0.65,0.06,0.00,,2,,1,2,1,,,1,,,,,,,3,,,,,,,,,,,,,1,,,,,,,1,,,,,,,,,,,,,,,,,,,,,,4,17
432,"Brevard County, FL, USA","Florida, USA","United States",28.13673,-80.58532,land,,2015-06-13,,1,,1,0.90,0.09,0.00,,,,,,2,,,4,2,,1,,1,,7,,1,3,,,,,,,,,,1,,,,,,,1,,,,,,,,,,,,,,,,,,,,,,19,47
434,"Beaufort County, SC, USA","South Carolina, USA","United States",32.29175,-80.53175,land,,2015-06-06,,3,,3,3.14,3.78,0.00,,,,,1,,,,12,14,,,,,2,11,1,6,1,,,,,,,,,,1,,,,,,,4,,,,,,,,,,,,,,,,,,,,,,32,120
435,"Beaufort County, SC, USA","South Carolina, USA","United States",32.31512,-80.47733,land,,2015-06-13,,3,,3,2.59,0.22,0.00,,1,,,4,1,,,20,7,,2,,,2,4,3,1,1,,,,,,,,,,,,,,,,,5,,,,,,,,,,,,,,,,,,,,,,11,83
436,"Beaufort County, SC, USA","South Carolina, USA","United States",32.32999,-80.46668,land,,2015-06-13,,4,,4,0.33,0.94,0.00,,,,,1,,,,1,,,1,,,,,,,1,,,,,,,,,,,,,,,,,1,,,,,,,,,,,,,,,,,,,,,,2,8
437,"Walton County, FL, USA","Florida, USA","United States",30.29577,-86.06501,land,,2015-06-13,,1,,1,8.51,0.73,0.00,,2,,3,11,,,,52,5,,5,,5,3,30,15,7,9,,,,,,,,,,12,,,,,,,7,,,,,,,,,,,,,,,,,,,,,,65,271
438,"Brunswick County, NC, USA","North Carolina, USA","United States",33.87057,-78.4974,land,,2015-06-13,,1,,1,0.19,5.43,0.00,,,,,,,,,3,4,,,,,,2,,2,,,,,,,,,,,1,,,,,,,,,,,,,,,,,,,,,,,,,,,,,3,18
440,"Beaufort County, SC, USA","South Carolina, USA","United States",32.32347,-80.47154,land,,2015-06-14,,4,,4,0.38,0.79,0.00,,,,,1,2,,,2,,,1,,,,2,1,,1,,,,,,,,,,,,,,,,,1,,,,,,,,,,,,,,,,,,,,,,1,13
441,"Carteret County, NC, USA","North Carolina, USA","United States",34.69805,-76.72375,land,,2015-06-14,,2,,2,5.00,183.16,0.00,,5,,,7,8,,,44,,,,,,,19,5,3,3,,,,,,,,,,5,,,,,,,5,,,,,,,,,,,,,,,,,,,,,,44,186
442,"Carteret County, NC, USA","North Carolina, USA","United States",34.70356,-76.79066,land,,2015-06-13,,2,,2,2.16,5.24,0.00,,1,,,1,2,,,55,5,,1,,,1,3,,2,7,,,,,,,,,,10,,,,,,,3,,,,,,,,,,,,,,,,,,,,,,53,152
444,"Beaufort County, SC, USA","South Carolina, USA","United States",32.31504,-80.48133,land,,2015-06-16,,1,,1,2.10,8.16,0.00,,6,,2,2,1,,,5,2,,2,,,,7,1,1,,,,,,,,,,,,,,,,,,2,,,,,,,,,,,,,,,,,,,,,,5,52
445,"Duval County, FL, USA","Florida, USA","United States",30.32282,-81.4077,land,,2015-06-13,,2,,2,1.33,0.05,0.00,,1,,2,1,1,,,2,,,2,,,,,2,3,,,,,,,,,,,,,,,,,,3,,,,,,,,,,,,,,,,,,,,,,2,21
446,"Horry County, SC, USA","South Carolina, USA","United States",33.85701,-78.61688,land,,2015-06-13,,1,,1,0.87,3.73,0.00,,1,,,3,,,,2,1,,2,,,4,2,2,1,1,,,,,,,,,,2,,,,,,,1,,,,,,,,,,,,,,,,,,,,,,14,39
448,"Beaufort County, SC, USA","South Carolina, USA","United States",32.3163,-80.48126,land,,2015-06-13,,1,,1,0.27,0.41,0.00,,,,,1,1,,,,,,,,,,,,1,,,,,,,,,,,2,,,,,,,1,,,,,,,,,,,,,,,,,,,,,,,6
450,"Beaufort County, SC, USA","South Carolina, USA","United States",32.31493,-80.47817,land,,2015-06-14,,1,,1,1.84,26.01,0.00,,1,,,,4,,,,,,,,,1,6,,3,,,,,,,,,,,1,,,,,,,6,,,,,,,,,,,,,,,,,,,,,,6,36
451,"Beaufort County, SC, USA","South Carolina, USA","United States",32.31567,-80.47714,land,,2015-05-31,,4,,4,2.50,0.00,0.00,,2,,3,2,6,,,4,6,,,,,2,2,,1,1,,,,,,,,,,,,,,,,,2,,,,,,,,,,,,,,,,,,,,,,3,54
453,"Brunswick County, NC, USA","North Carolina, USA","United States",33.87,-78.49689,land,,2015-06-14,,1,,1,1.90,18.04,0.00,,4,,,2,2,,,7,31,,1,,,,40,2,8,,,,,,,,,,,1,,,,,,,2,,,,,,,,,,,,,,,,,,,,,,17,130
454,"Pinellas County, FL, USA","Florida, USA","United States",27.72286,-82.628,land,,2015-06-14,,1,,1,0.08,0.06,0.00,,,,,1,,,,2,1,,,,,,1,,,,,,,,,,,,,,,,,,,,,,,,,,,,,,,,,,,,,,,,,,,6
455,"Duval County, FL, USA","Florida, USA","United States",30.27598,-81.38565,land,,2015-06-15,,1,,1,1.76,2.30,0.00,,1,,,2,,,,1,,,,,2,3,1,,,,,,,,,,,,,,,,,,,,6,,,,,,,,,,,,,,,,,,,,,,,20
456,"Beaufort County, SC, USA","South Carolina, USA","United States",32.31172,-80.48553,land,,2015-06-16,,16,,16,2.25,4.35,0.00,,4,,1,1,,,,6,3,,2,,1,2,4,3,1,1,,,,,,,,,,,,,,,,,4,,,,,,,,,,,,,,,,,,,,,,,44
457,"Duval County, FL, USA","Florida, USA","United States",30.25499,-81.38065,land,,2015-06-15,,1,,1,1.19,4.40,0.00,,1,,,2,,,,2,7,,1,,,,3,1,6,,,,,,,,,,,,,,,,,,2,,,,,,,,,,,,,,,,,,,,,,2,40
458,"Beaufort County, SC, USA","South Carolina, USA","United States",32.31582,-80.48012,land,,2015-06-15,,1,,1,3.18,5.60,0.00,,6,,,1,9,,,15,13,,,,,2,5,5,6,2,,,,,,,,,,,,,,,,,9,,,,,,,,,,,,,,,,,,,,,,1,93
459,"Carteret County, NC, USA","North Carolina, USA","United States",34.70102,-76.75186,land,,2015-06-15,,1,,1,3.36,0.11,0.00,,4,,4,6,4,,,6,8,,,,2,4,10,4,7,8,,,,,,,,,,2,,,,,,,,,,,,,,,,,,,,,,,,,,,,,,90
460,"Carteret County, NC, USA","North Carolina, USA","United States",34.70124,-76.75216,land,,2015-06-15,,1,,1,1.42,0.04,0.00,,,,1,,,,,6,11,,,,,,3,,2,,,,,,,,,,,2,,,,,,,2,,,,,,,,,,,,,,,,,,,,,,9,40
461,"New Hanover County, NC, USA","North Carolina, USA","United States",34.22945,-77.77984,land,,2015-06-16,,1,,1,2.52,10.70,0.00,,,,,2,2,,,3,16,,1,,1,1,9,1,2,1,,,,,,,,,,,,,,,,,8,,,,,,,,,,,,,,,,,,,,,,10,66
462,"New Hanover County, NC, USA","North Carolina, USA","United States",34.23504,-77.7764,land,,2015-06-16,,2,,2,1.44,0.15,0.00,,,,1,3,1,,,,1,,,,,,3,,1,,,,,,,,,,,,,,,,,,4,,,,,,,,,,,,,,,,,,,,,,4,21
464,"Walton County, FL, USA","Florida, USA","United States",30.29676,-86.04959,land,,2015-06-16,,1,,1,4.28,3.44,0.00,,,,,6,,,,15,7,,6,,4,2,6,,5,4,,,,,,,,,,,,,,,,,8,,,,,,,,,,,,,,,,,,,,,,20,93
465,"Brunswick County, NC, USA","North Carolina, USA","United States",33.86588,-78.51626,land,,2015-06-17,,7,,7,0.37,2.31,0.00,,,,,,,,,2,22,,,,,,6,,1,,,,,,,,,,,2,,,,,,,,,,,,,,,,,,,,,,,,,,,,,13,49
466,"Duval County, FL, USA","Florida, USA","United States",30.33081,-81.40087,land,,2015-06-17,,2,,2,0.29,0.49,0.00,,2,,,2,,,,,15,,2,,,,1,1,3,,,,,,,,,,,,,,,,,,,,,,,,,,,,,,,,,,,,,,,,9,37
467,"Beaufort County, SC, USA","South Carolina, USA","United States",32.31475,-80.47738,land,,2015-06-17,,1,,1,0.85,5.95,0.00,,1,,,1,,,,3,2,,,,,,3,,1,,,,,,,,,,,2,,,,,,,3,,,,,,,,,,,,,,,,,,,,,,5,22
468,"Brunswick County, NC, USA","North Carolina, USA","United States",33.896,-78.50328,land,,2015-06-17,,1,,1,0.39,0.04,0.00,,,,,,,,,,2,,,,,,,,,,,,,,,,,,,,,,,,,,,,,,,,,,,,,,,,,,,,,,,,,9
469,"Beaufort County, SC, USA","South Carolina, USA","United States",32.31051,-80.48893,land,,2015-06-17,,1,,1,0.34,0.64,0.00,,,,,1,1,,,3,4,,,,,,3,1,,,,,,,,,,,,,,,,,,,1,,,,,,,,,,,,,,,,,,,,,,3,17
470,"Beaufort County, SC, USA","South Carolina, USA","United States",32.31242,-80.48336,land,,2015-06-17,,7,,7,1.90,0.44,0.00,,3,,,,,,,14,9,,3,,,,5,3,1,1,,,,,,,,,,1,,,,,,,3,,,,,,,,,,,,,,,,,,,,,,28,90
471,"Beaufort County, SC, USA","South Carolina, USA","United States",32.3155,-80.48065,land,,2015-06-17,,1,,1,0.11,19.81,0.00,,,,,1,,,,2,,,,,,,2,,1,,,,,,,,,,,,,,,,,,,,,,,,,,,,,,,,,,,,,,,,,7
472,"Brunswick County, NC, USA","North Carolina, USA","United States",33.86052,-78.52223,land,,2015-06-17,,1,,1,0.33,0.70,0.00,,,,1,1,,,,2,2,,,,,,,,1,,,,,,,,,,,2,,,,,,,,,,,,,,,,,,,,,,,,,,,,,,10
473,"Carteret County, NC, USA","North Carolina, USA","United States",34.70242,-76.75991,land,,2015-06-17,,1,,1,0.15,0.00,0.00,,,,,,,,,,,,,,1,,1,,,,,,,,,,,,,,,,,,,,,,,,,,,,,,,,,,,,,,,,,,1,5
474,"New Hanover County, NC, USA","North Carolina, USA","United States",34.21896,-77.79875,land,,2015-06-18,,2,,2,3.15,5.69,0.00,,5,,,2,,,,15,38,,,,,1,32,2,6,,,,,,,,,,,2,,,,,,,1,,,,,,,,,,,,,,,,,,,,,,19,154
476,"Duval County, FL, USA","Florida, USA","United States",30.32262,-81.40796,land,,2015-06-18,,2,,2,1.04,0.08,0.00,,2,,,1,1,,,,,,1,,,,,1,1,,,,,,,,,,,,,,,,,,3,,,,,,,,,,,,,,,,,,,,,,,12
477,"Duval County, FL, USA","Florida, USA","United States",30.27243,-81.38524,land,,2015-06-18,,1,,1,1.88,2.09,0.00,,2,,,2,3,,,1,41,,,,,4,8,,2,,,,,,,,,,,,,,,,,,1,,,,,,,,,,,,,,,,,,,,,,6,92
478,"Beaufort County, SC, USA","South Carolina, USA","United States",32.36128,-80.50755,land,,2015-06-20,,1,,1,0.02,6.52,0.00,,2,,,,,,,,2,,,,,,,,,,,,,,,,,,,1,,,,,,,,,,,,,,,,,,,,,,,,,,,,,,5
479,"Beaufort County, SC, USA","South Carolina, USA","United States",32.31543,-80.47816,land,,2015-06-20,,1,,1,0.21,5.39,0.00,,,,,1,2,,,2,13,,,,,1,4,,3,,,,,,,,,,,1,,,,,,,,,,,,,,,,,,,,,,,,,,,,,4,32
480,"Horry County, SC, USA","South Carolina, USA","United States",33.84847,-78.56262,land,,2015-06-18,,4,,4,0.59,0.60,0.00,,1,,1,3,1,,,,,,,,,3,2,,,,,,,,,,,,,1,,,,,,,,,,,,,,,,,,,,,,,,,,,,,10,25
481,"Carteret County, NC, USA","North Carolina, USA","United States",34.69611,-76.71382,land,,2015-06-19,,1,,1,0.39,4.22,0.00,,3,,,1,2,,,1,9,,,,,,4,2,,,,,,,,,,,,,,,,,,,1,,,,,,,,,,,,,,,,,,,,,,1,24
482,"Duval County, FL, USA","Florida, USA","United States",30.3227,-81.40787,land,,2015-06-20,,1,,1,0.53,0.08,0.00,,1,,,1,1,,,2,,,3,,,,1,3,2,,,,,,,,,,,,,,,,,,1,,,,,,,,,,,,,,,,,,,,,,,19
483,"Beaufort County, SC, USA","South Carolina, USA","United States",32.3138,-80.47886,land,,2015-06-21,,1,,1,1.84,24.58,0.00,,,,,1,,,,4,5,,,,,1,10,,3,,,,,,,,,,,1,,,,,,,6,,,,,,,,,,,,,,,,,,,,,,11,48
484,"Carteret County, NC, USA","North Carolina, USA","United States",34.69622,-76.71209,land,,2015-06-18,,2,,2,1.92,72.72,0.00,,9,,,4,,,,12,,,,,,,16,4,1,2,,,,,,,,,,1,,,,,,,2,,,,,,,,,,,,,,,,,,,,,,17,86
485,"New Hanover County, NC, USA","North Carolina, USA","United States",34.23468,-77.77641,land,,2015-06-18,,1,,1,1.91,31.34,0.00,,1,,,2,,,,5,18,,,,,2,12,1,5,,,,,,,,,,,1,,,,,,,2,,,,,,,,,,,,,,,,,,,,,,9,80
487,"Horry County, SC, USA","South Carolina, USA","United States",33.84235,-78.59017,land,,2015-06-20,,4,,4,1.09,0.39,0.00,,2,,,5,1,,,2,1,,,,,,2,,,,,,,,,,,,,1,,,,,,,2,,,,,,,,,,,,,,,,,,,,,,12,32
488,"Beaufort County, SC, USA","South Carolina, USA","United States",32.32217,-80.45561,land,,2015-06-20,,1,,1,0.46,13.85,0.00,,1,,,1,1,,,,7,,,,1,,1,1,1,,,,,,,,,,,,,,,,,,1,,,,,,,,,,,,,,,,,,,,,,3,21
489,"Brunswick County, NC, USA","North Carolina, USA","United States",33.86968,-78.54747,land,,2015-06-21,,1,,1,0.26,8.43,0.00,,1,,1,1,,,,,,,,,,,,,,,,,,,,,,,,,,,,,,,,,,,,,,,,,,,,,,,,,,,,,,3
490,"Carteret County, NC, USA","North Carolina, USA","United States",34.7013,-76.7521,land,,2015-06-22,,1,,1,0.46,0.03,0.00,,,,,1,,,,5,19,,,,,,6,,5,,,,,,,,,,,4,,,,,,,1,,,,,,,,,,,,,,,,,,,,,,12,53
491,"Brunswick County, NC, USA","North Carolina, USA","United States",33.86558,-78.51621,land,,2015-06-19,,2,,2,0.19,3.99,0.00,,,,,2,,,,1,4,,,,,,1,,1,,,,,,,,,,,1,,,,,,,,,,,,,,,,,,,,,,,,,,,,,,12
492,"Beaufort County, SC, USA","South Carolina, USA","United States",32.31626,-80.48103,land,,2015-06-19,,1,,1,2.18,9.27,0.00,,,,1,2,,,,3,1,,,,,,3,1,2,1,,,,,,,,,,1,,,,,,,4,,,,,,,,,,,,,,,,,,,,,,13,44
493,"Brunswick County, NC, USA","North Carolina, USA","United States",33.88005,-78.51446,land,,2015-06-19,,8,,8,0.18,64.24,0.00,,,,,,,,,4,2,,,,,,,,,,,,,,,,,,,,,,,,,,,,,,,,,,,,,,,,,,,,,,,,1,10
495,"Brevard County, FL, USA","Florida, USA","United States",28.12827,-80.57736,land,,2015-06-19,,1,,1,0.82,1.38,0.00,,,,1,1,5,,,4,11,,4,,,,,2,6,,,,,,,,,,,,,,,,,,,,,,,,,,,,,,,,,,,,,,,,17,59
496,"Brunswick County, NC, USA","North Carolina, USA","United States",33.87129,-78.48814,land,,2015-06-20,,1,,1,1.89,4.85,0.00,,2,,,1,1,,,5,10,,,,,,8,1,3,,,,,,,,,,,,,,,,,,1,,,,,,,,,,,,,,,,,,,,,,21,61
497,"Brunswick County, NC, USA","North Carolina, USA","United States",33.87291,-78.48706,land,,2015-06-20,,1,,1,1.86,1.20,0.00,,3,,1,1,,,,5,15,,1,,,,11,,4,,,,,,,,,,,1,,,,,,,1,,,,,,,,,,,,,,,,,,,,,,20,71
499,"Pinellas County, FL, USA","Florida, USA","United States",27.97758,-82.8193,land,,2015-06-20,,1,,1,0.01,0.00,0.00,,,,,,,,,,,,,,,,,,,,,,,,,,,,,2,,,,,,,,,,,,,,,,,,,,,,,,,,,,,,2
500,"Beaufort County, SC, USA","South Carolina, USA","United States",32.32308,-80.47783,land,,2015-06-21,,4,,4,0.70,0.15,0.00,,,,,,1,,,3,,,,,1,,3,,1,,,,,,,,,,,,,,,,,,2,,,,,,,,,,,,,,,,,,,,,,4,19
501,"Travis County, TX, USA","Texas, USA","United States",30.22494,-97.84326,land,,2015-06-20,,1,,1,0.33,0.04,0.00,,,,1,3,,,,,1,,,,,,,,2,1,,,,,,,,,,,,,,,,,,,,,,,,,,,,,,,,,,,,,,,,9
504,"Horry County, SC, USA","South Carolina, USA","United States",33.83982,-78.60322,land,,2015-06-21,,2,,2,0.17,2.01,0.00,,1,,,,1,,,2,1,,,,,1,4,1,,,,,,,,,,,,,,,,,,,,,,,,,,,,,,,,,,,,,,,,,1,13
507,"Carteret County, NC, USA","North Carolina, USA","United States",34.70678,-76.74013,land,,2015-06-21,,1,,1,3.44,219.52,0.00,,1,,2,8,6,,,11,,,,,,,19,5,5,,,,,,,,,,,1,,,,,,,6,,,,,,,,,,,,,,,,,,,,,,25,107
508,"Carteret County, NC, USA","North Carolina, USA","United States",34.72237,-76.77131,land,,2015-06-22,,1,,1,2.83,4.25,0.00,,5,,2,10,4,,,5,24,,4,,2,4,4,2,2,,,,,,,,,,,2,,,,,,,3,,,,,,,,,,,,,,,,,,,,,,,83
509,"Beaufort County, SC, USA","South Carolina, USA","United States",32.32103,-80.45873,land,,2015-06-22,,1,,1,0.56,9.99,0.00,,1,,,,1,,,,2,,,,,,1,,,,,,,,,,,,,1,,,,,,,2,,,,,,,,,,,,,,,,,,,,,,2,11
510,"New Hanover County, NC, USA","North Carolina, USA","United States",34.22936,-77.78026,land,,2015-06-23,,1,,1,2.14,7.11,0.00,,,,,3,,,,6,10,,3,,1,2,6,1,2,1,,,,,,,,,,,,,,,,,6,,,,,,,,,,,,,,,,,,,,,,9,59
512,"Brunswick County, NC, USA","North Carolina, USA","United States",33.89585,-78.05084,land,,2015-06-23,,1,,1,1.38,0.51,0.00,,2,,,5,1,,,,1,,,,,1,,,1,,,,,,,,,,,3,,,,,,,3,,,,,,,,,,,,,,,,,,,,,,5,31
513,"Walton County, FL, USA","Florida, USA","United States",30.38563,-86.33964,land,,2015-06-23,,1,,1,1.66,0.98,0.00,,1,,,7,3,,,10,1,,,,1,,,,5,,,,,,,,,,,,,,,,,,5,,,,,,,,,,,,,,,,,,,,,,5,39
514,"Beaufort County, SC, USA","South Carolina, USA","United States",32.30824,-80.4948,land,,2015-06-24,,185,,185,0.03,1.84,0.00,,,,,,,,,,,,2,,,,,1,,,,,,,,,,,,,,,,,,,,,,,,,,,,,,,,,,,,,,,,,1,4
516,"Escambia County, FL, USA","Florida, USA","United States",30.5097,-87.18824,land,,2015-06-27,,1,,1,9.25,0.30,0.00,,3,,,2,1,,,31,,,2,,,2,15,1,1,6,,,,,,,,,,5,,,,,,,2,,,,,,,,,,,,,,,,,,,,,,83,196
517,"Beaufort County, SC, USA","South Carolina, USA","United States",32.32348,-80.47158,land,,2015-06-27,,4,,4,0.65,0.04,0.00,,1,,,1,5,,,2,3,,,,,,3,,1,,,,,,,,,,,,,,,,,,2,,,,,,,,,,,,,,,,,,,,,,2,21
518,"Beaufort County, SC, USA","South Carolina, USA","United States",32.31797,-80.47426,land,,2015-06-29,,4,,4,0.15,0.21,0.00,,1,,,1,,,,3,,,,,,,,,2,,,,,,,,,,,,,,,,,,,,,,,,,,,,,,,,,,,,,,,,,9
520,"Duval County, FL, USA","Florida, USA","United States",30.33016,-81.40119,land,,2015-06-24,,2,,2,1.12,0.89,0.00,,5,,,2,6,,,3,7,,,,,,4,3,3,,,,,,,,,,,2,,,,,,,2,,,,,,,,,,,,,,,,,,,,,,11,51
522,"Beaufort County, SC, USA","South Carolina, USA","United States",32.31514,-80.47757,land,,2015-06-24,,1,,1,1.63,19.60,0.00,,,,,6,1,,,11,,,1,,,,14,,2,,,,,,,,,,,3,,,,,,,3,,,,,,,,,,,,,,,,,,,,,,6,55
523,"New Hanover County, NC, USA","North Carolina, USA","United States",34.19372,-77.80554,land,,2015-06-25,,1,,1,1.35,0.10,0.00,,1,,,7,1,,,,8,,,,1,4,3,6,6,,,,,,,,,,,,,,,,,,1,,,,,,,,,,,,,,,,,,,,,,,50
524,"Duval County, FL, USA","Florida, USA","United States",30.32273,-81.40782,land,,2015-06-25,,2,,2,0.98,0.01,0.00,,,,,,,,,,,,,,,,1,,,,,,,,,,,,,,,,,,,,2,,,,,,,,,,,,,,,,,,,,,,5,17
526,"Beaufort County, SC, USA","South Carolina, USA","United States",32.31498,-80.47768,land,,2015-06-27,,3,,3,4.23,0.26,0.00,,19,,1,9,8,,,16,10,,6,,,1,23,1,14,5,,,,,,,,,,,,,,,,,7,,,,,,,,,,,,,,,,,,,,,,5,152
528,"Beaufort County, SC, USA","South Carolina, USA","United States",32.31499,-80.47721,land,,2015-07-01,,1,,1,0.73,14.71,0.00,,1,,,1,1,,,1,,,,,,,,,,,,,,,,,,,,,,,,,,,,,,,,,,,,,,,,,,,,,,,,,2,15
531,"Brunswick County, NC, USA","North Carolina, USA","United States",33.86565,-78.51635,land,,2015-06-26,,7,,7,0.52,15.39,0.00,,1,,1,,1,,,,,,,,,,1,,,,,,,,,,,,,,,,,,,,,,,,,,,,,,,,,,,,,,,,,,1,6
532,"Horry County, SC, USA","South Carolina, USA","United States",33.84407,-78.58582,land,,2015-06-27,,3,,3,0.49,0.15,0.00,,3,,,8,1,,,1,3,,,,,,3,,,,,,,,,,,,,3,,,,,,,,,,,,,,,,,,,,,,,,,,,,,11,36
533,"Horry County, SC, USA","South Carolina, USA","United States",33.82393,-78.6599,land,,2015-06-27,,2,,2,0.15,1.61,0.00,,1,,,2,,,,2,,,1,,,,5,,,,,,,,,,,,,4,,,,,,,,,,,,,,,,,,,,,,,,,,,,,,15
535,"Beaufort County, SC, USA","South Carolina, USA","United States",32.3226,-80.48918,land,,2015-06-28,,1,,1,0.39,0.11,0.00,,,,,3,,,,,,,,,,,3,,,,,,,,,,,,,,,,,,,,1,,,,,,,,,,,,,,,,,,,,,,,8
536,"Pinellas County, FL, USA","Florida, USA","United States",27.98142,-82.82862,land,,2015-06-28,,1,,1,0.79,7.26,0.00,,2,,,9,,,,13,3,,4,,,,5,,19,2,,,,,,,,,,,,,,,,,,,,,,,,,,,,,,,,,,,,,,,6,68
540,"Brunswick County, NC, USA","North Carolina, USA","United States",33.89658,-78.05507,land,,2015-06-26,,1,,1,0.77,31.45,0.00,,4,,,1,,,,2,4,,3,,1,,6,,5,,,,,,,,,,,5,,,,,,,,,,,,,,,,,,,,,,,,,,,,,11,51
542,"New Hanover County, NC, USA","North Carolina, USA","United States",34.22638,-77.78154,land,,2015-06-25,,2,,2,1.64,3.32,0.00,,5,,,2,,,,5,4,,2,,,1,11,2,4,,,,,,,,,,,,,,,,,,4,,,,,,,,,,,,,,,,,,,,,,12,61
543,"Carteret County, NC, USA","North Carolina, USA","United States",34.69793,-76.71891,land,,2015-06-26,,2,,2,0.80,0.03,0.00,,7,,,2,1,,,1,,,1,,,,2,2,,,,,,,,,,,,1,,,,,,,1,,,,,,,,,,,,,,,,,,,,,,2,24
544,"Carteret County, NC, USA","North Carolina, USA","United States",34.70117,-76.75219,land,,2015-06-29,,1,,1,1.02,0.01,0.00,,,,,2,,,,4,6,,,,,,3,1,2,,,,,,,,,,,1,,,,,,,2,,,,,,,,,,,,,,,,,,,,,,8,33
545,"Brunswick County, NC, USA","North Carolina, USA","United States",33.89615,-78.05007,land,,2015-06-30,,1,,1,2.11,68.29,0.00,,7,,,7,,,,6,,,4,,,1,7,,5,,,,,,,,,,,5,,,,,,,3,,,,,,,,,,,,,,,,,,,,,,20,79
546,"New Hanover County, NC, USA","North Carolina, USA","United States",34.23594,-77.77512,land,,2015-06-30,,1,,1,2.64,19.80,0.00,,7,,1,2,2,,,10,51,,,,,2,25,1,4,,,,,,,,,,,1,,,,,,,2,,,,,,,,,,,,,,,,,,,,,,15,148
547,"Horry County, SC, USA","South Carolina, USA","United States",33.84524,-78.58704,land,,2015-06-25,,6,,6,0.05,3.98,0.00,,,,,,,,,,,,,,,,,,,,,,,,,,,,,,,,,,,,,,,,,,,,,,,,,,,,,,,,,,,1
548,"Carteret County, NC, USA","North Carolina, USA","United States",34.69624,-76.71199,land,,2015-06-25,,2,,2,2.60,231.97,0.00,,1,,,1,1,,,7,,,1,,,,7,2,2,,,,,,,,,,,2,,,,,,,5,,,,,,,,,,,,,,,,,,,,,,4,53
549,"Beaufort County, SC, USA","South Carolina, USA","United States",32.30633,-80.50024,land,,2015-06-26,,1,,1,0.77,3.43,0.00,,,,,,1,,,6,3,,2,,,,10,,,,,,,,,,,,,1,,,,,,,2,,,,,,,,,,,,,,,,,,,,,,,28
550,"Walton County, FL, USA","Florida, USA","United States",30.27986,-86.01346,land,,2015-06-27,,1,,1,6.21,0.23,0.00,,7,,4,5,12,,,20,9,,,,,8,7,7,,,,,,,,,,,,,,,,,,,12,,,,,,,,,,,,,,,,,,,,,,6,115
551,"Brunswick County, NC, USA","North Carolina, USA","United States",33.87226,-78.48806,land,,2015-06-27,,1,,1,3.36,5.25,0.00,,,,1,3,,,,5,76,,,,1,,11,1,2,,,,,,,,,,,2,,,,,,,6,,,,,,,,,,,,,,,,,,,,,,14,142
552,"Horry County, SC, USA","South Carolina, USA","United States",33.84411,-78.5865,land,,2015-06-28,,2,,2,0.68,0.35,0.00,,2,,,1,,,,,,,,,,,6,,,,,,,,,,,,,,,,,,,,,,,,,,,,,,,,,,,,,,,,,,5,17
553,"Brunswick County, NC, USA","North Carolina, USA","United States",33.86557,-78.51716,land,,2015-06-26,,6,,6,1.40,5.95,0.00,,2,,3,3,5,,,3,1,,1,,1,,3,,3,1,,,,,,,,,,1,,,,,,,,,,,,,,,,,,,,,,,,,,,,,3,36
554,"Georgetown County, SC, USA","South Carolina, USA","United States",33.53984,-79.05321,land,,2015-06-27,,1,,1,0.15,0.00,0.00,,,,,,,,,,6,,,,,,1,,,,,,,,,,,,,1,,,,,,,,,,,,,,,,,,,,,,,,,,,,,,10
555,"Duval County, FL, USA","Florida, USA","United States",30.32298,-81.40835,land,,2015-06-27,,2,,2,0.15,0.01,0.00,,1,,,1,,,,,,,,,,,,,,1,,,,,,,,,,,,,,,,,,,,,,,,,,,,,,,,,,,,,,,,5
556,"Duval County, FL, USA","Florida, USA","United States",30.25422,-81.38094,land,,2015-06-29,,1,,1,0.91,4.62,0.00,,1,,1,2,6,,,4,13,,,,,,2,,2,1,,,,,,,,,,1,,,,,,,,,,,,,,,,,,,,,,,,,,,,,6,48
558,"Carteret County, NC, USA","North Carolina, USA","United States",34.69805,-76.72375,land,,2015-06-28,,2,,2,1.52,165.38,0.00,,,,,2,7,,,4,,,,,,,5,,,1,,,,,,,,,,,,,,,,,4,,,,,,,,,,,,,,,,,,,,,,4,34
559,"Carteret County, NC, USA","North Carolina, USA","United States",34.70269,-76.7553,land,,2015-06-29,,1,,1,2.82,5.54,0.00,,3,,4,6,2,,,3,4,,,,3,2,4,3,8,,,,,,,,,,,1,,,,,,,3,,,,,,,,,,,,,,,,,,,,,,,62
561,"Beaufort County, SC, USA","South Carolina, USA","United States",32.31194,-80.48628,land,,2015-06-30,,1,,1,0.81,1.72,0.00,,,,,2,,,,1,,,,,,,2,,,,,,,,,,,,,,,,,,,,3,,,,,,,,,,,,,,,,,,,,,,5,15
562,"Brunswick County, NC, USA","North Carolina, USA","United States",33.86584,-78.51633,land,,2015-07-01,,6,,6,0.20,26.17,0.00,,,,,1,,,,2,,,1,,,1,2,,,,,,,,,,,,,,,,,,,,,,,,,,,,,,,,,,,,,,,,,,,9
563,"Horry County, SC, USA","South Carolina, USA","United States",33.662,-78.91735,land,,2015-06-29,,1,,1,0.15,12.42,0.00,,1,,,,,,,3,,,,,,,2,,,,,,,,,,,,,1,,,,,,,,,,,,,,,,,,,,,,,,,,,,,3,12
564,"Manatee County, FL, USA","Florida, USA","United States",27.48658,-82.70773,land,,2015-06-30,,2,,2,1.36,0.08,0.00,,,,,,,,,,,,,,,,,,,,,,,,,,,,,,,,,,,,6,,,,,,,,,,,,,,,,,,,,,,,6
565,"Brunswick County, NC, USA","North Carolina, USA","United States",33.89462,-78.04916,land,,2015-07-01,,1,,1,1.90,40.14,0.00,,,,,1,,,,5,,,,,,,8,1,1,,,,,,,,,,,1,,,,,,,4,,,,,,,,,,,,,,,,,,,,,,7,43
567,"Hillsborough County, FL, USA","Florida, USA","United States",28.04353,-82.60321,land,,2015-07-14,,3,,3,0.05,0.00,0.00,,1,,,,,,,,,,,,,,,,,1,,,,,,,,,,,,,,,,,,,,,,,,,,,,,,,,,,,,,,,1,4
570,"Brunswick County, NC, USA","North Carolina, USA","United States",33.87069,-78.49864,land,,2015-07-22,,7,,7,0.73,41.05,0.00,,,,,,4,,,1,10,,,,,2,6,,,,,,,,,,,,,1,,,,,,,2,,,,,,,,,,,,,,,,,,,,,,1,28
571,"New Hanover County, NC, USA","North Carolina, USA","United States",34.22637,-77.78139,land,,2015-07-23,,2,,2,1.98,6.11,0.00,,1,,,4,1,,,3,4,,1,,,,6,1,,1,,,,,,,,,,,,,,,,,5,,,,,,,,,,,,,,,,,,,,,,8,47
572,"Carteret County, NC, USA","North Carolina, USA","United States",34.69616,-76.71182,land,,2015-07-23,,1,,1,1.15,0.07,0.00,,1,,1,4,,,,3,,,,,1,1,3,,,,,,,,,,,,,,,,,,,,2,,,,,,,,,,,,,,,,,,,,,,,21
573,"Beaufort County, SC, USA","South Carolina, USA","United States",32.31175,-80.48756,land,,2015-07-22,,3,,3,0.28,0.26,0.00,,,,,,,,,2,4,,1,,,,2,,1,,,,,,,,,,,,,,,,,,1,,,,,,,,,,,,,,,,,,,,,,,11
574,"Duval County, FL, USA","Florida, USA","United States",30.33014,-81.40117,land,,2015-07-22,,2,,2,1.85,0.92,0.00,,2,,1,8,6,,,9,6,,4,,,1,1,1,2,1,,,,,,,,,,,,,,,,,3,,,,,,,,,,,,,,,,,,,,,,4,56
575,"Beaufort County, SC, USA","South Carolina, USA","United States",32.31419,-80.47804,land,,2015-07-22,,1,,1,1.82,16.78,0.00,,4,,,1,3,,,9,8,,,,,,9,,1,,,,,,,,,,,2,,,,,,,3,,,,,,,,,,,,,,,,,,,,,,4,50
578,"Horry County, SC, USA","South Carolina, USA","United States",33.82362,-78.65556,land,,2015-07-23,,5,,5,2.21,7.16,0.00,,6,,,4,,,,,,,,,,,5,5,1,2,,,,,,,,,,3,,,,,,,1,,,,,,,,,,,,,,,,,,,,,,30,84
579,"New Hanover County, NC, USA","North Carolina, USA","United States",34.19336,-77.80504,land,,2015-07-23,,1,,1,2.73,0.09,0.00,,1,,2,,,,,2,7,,1,,,3,5,1,,,,,,,,,,,,,,,,,,,,,,,,,,,,,,,,,,,,,,,,,,36
580,"Duval County, FL, USA","Florida, USA","United States",30.32276,-81.40827,land,,2015-07-23,,2,,2,0.54,0.12,0.00,,,,,2,,,,1,,,,,,,,,,,,,,,,,,,,,,,,,,,,,,,,,,,,,,,,,,,,,,,,,1,13
581,"Brunswick County, NC, USA","North Carolina, USA","United States",33.86438,-78.51558,land,,2015-07-24,,6,,6,1.22,10.90,0.00,,2,,,2,4,,,3,6,,,,,,5,1,1,,,,,,,,,,,1,,,,,,,1,,,,,,,,,,,,,,,,,,,,,,11,45
582,"Carteret County, NC, USA","North Carolina, USA","United States",34.69796,-76.7186,land,,2015-07-24,,2,,2,0.18,0.05,0.00,,3,,,,,,,3,,,,,,,2,,,,,,,,,,,,,,,,,,,,,,,,,,,,,,,,,,,,,,,,,,4,15
583,"Duval County, FL, USA","Florida, USA","United States",30.34673,-81.3972,land,,2015-07-24,,1,,1,0.93,0.40,0.00,,,,,7,2,,,4,7,,1,,,1,4,1,2,,,,,,,,,,,1,,,,,,,2,,,,,,,,,,,,,,,,,,,,,,4,39
584,"Pinellas County, FL, USA","Florida, USA","United States",27.98112,-82.82877,land,,2015-07-24,,1,,1,3.15,0.05,0.00,,7,,2,8,5,,,14,,,2,,8,9,21,7,15,,,,,,,,,,,1,,,,,,,4,,,,,,,,,,,,,,,,,,,,,,13,121
585,"Cecil County, MD, USA","Maryland, USA","United States",39.5453,-76.06854,land,,2015-07-24,,1,,1,0.06,0.32,0.00,,,,,1,,,,,,,,,,,,,,,,,,,,,,,,,,,,,,,,,,,,,,,,,,,,,,,,,,,,,,2
587,"Carteret County, NC, USA","North Carolina, USA","United States",34.69823,-76.72337,land,,2015-07-26,,1,,1,0.92,96.68,0.00,,2,,,,3,,,,,,,,,2,3,1,2,,,,,,,,,,,,,,,,,,3,,,,,,,,,,,,,,,,,,,,,,6,23
588,"Duval County, FL, USA","Florida, USA","United States",30.32262,-81.40784,land,,2015-07-26,,2,,2,0.78,0.14,0.00,,,,,1,,,,2,3,,2,,,,,1,1,,,,,,,,,,,,,,,,,,1,,,,,,,,,,,,,,,,,,,,,,3,23
589,"Travis County, TX, USA","Texas, USA","United States",30.27927,-97.73879,land,,2015-07-27,,1,,1,0.27,0.04,0.00,,,,,,,,,,6,,,,,1,,,,,,,,,,,,,,,,,,,,,1,,,,,,,,,,,,,,,,,,,,,,,8
591,"Horry County, SC, USA","South Carolina, USA","United States",33.82405,-78.65958,land,,2015-07-25,,2,,2,0.61,1.61,0.00,,,,,2,1,,,,1,,,,,1,1,1,,,,,,,,,,,,2,,,,,,,2,,,,,,,,,,,,,,,,,,,,,,10,21
592,"Beaufort County, SC, USA","South Carolina, USA","United States",32.31507,-80.47744,land,,2015-07-26,,1,,1,1.21,0.12,0.00,,2,,1,,1,,,6,1,,,,1,,4,,,2,,,,,,,,,,,,,,,,,3,,,,,,,,,,,,,,,,,,,,,,,24
593,"Carteret County, NC, USA","North Carolina, USA","United States",34.70097,-76.75185,land,,2015-07-27,,1,,1,3.86,0.17,0.00,,6,,5,10,10,,,6,,,,,4,6,10,4,4,4,,,,,,,,,,2,,,,,,,6,,,,,,,,,,,,,,,,,,,,,,,87
594,"Curry County, OR, USA","Oregon, USA","United States",42.07534,-124.31704,land,,2015-07-28,,1,,1,2.35,0.26,0.00,,,,1,6,7,,,3,28,,1,,1,3,10,2,6,2,,,,,,,,,,,,,,,,,2,,,,,,,,,,,,,,,,,,,,,,21,117
596,"Del Norte County, CA, USA","California, USA","United States",41.58459,-124.09743,land,,2015-07-29,,1,,1,0.95,0.13,0.00,,1,,,4,,,,2,,,1,,,,1,,,,,,,,,,,,,,,,,,,,1,,,,,,,,,,,,,,,,,,,,,,,20
597,"Beaufort County, SC, USA","South Carolina, USA","United States",32.31534,-80.4773,land,,2015-07-25,,1,,1,0.92,0.06,0.00,,2,,1,2,1,,,6,2,,,,,1,,,,,,,,,,,,,,,,,,,,,2,,,,,,,,,,,,,,,,,,,,,,2,21
598,"Duval County, FL, USA","Florida, USA","United States",30.32277,-81.40791,land,,2015-07-25,,2,,2,1.15,0.03,0.00,,1,,,3,3,,,1,,,4,,,,,,,,,,,,,,,,,,,,,,,,1,,,,,,,,,,,,,,,,,,,,,,2,29
599,"Bay County, FL, USA","Florida, USA","United States",30.2658,-85.97322,land,,2015-07-26,,1,,1,9.57,0.34,0.00,,2,,4,8,8,,,9,11,,11,,5,6,26,7,4,,,,,,,,,,,2,,,,,,,22,,,,,,,,,,,,,,,,,,,,,,13,161
601,"Harford County, MD, USA","Maryland, USA","United States",39.55174,-76.09092,land,,2015-07-25,,1,,1,0.64,6.11,0.00,,1,,,2,1,,,,,,,,,,1,,,,,,,,,,,,,,,,,,,,,,,,,,,,,,,,,,,,,,,,,,,9
603,"Carteret County, NC, USA","North Carolina, USA","United States",34.70658,-77.00933,land,,2015-07-27,,1,,1,0.79,2.06,0.00,,1,,,1,,,,2,26,,3,,,,8,,4,1,,,,,,,,,,3,,,,,,,2,,,,,,,,,,,,,,,,,,,,,,9,61
604,"Beaufort County, SC, USA","South Carolina, USA","United States",32.32309,-80.47791,land,,2015-07-26,,4,,4,2.98,0.02,0.00,,3,,1,2,8,,,3,3,,10,,,1,26,,9,,,,,,,,,,,1,,,,,,,6,,,,,,,,,,,,,,,,,,,,,,2,85
605,"Walton County, FL, USA","Florida, USA","United States",30.29625,-86.04953,land,,2015-07-26,,1,,1,5.11,0.36,0.00,,7,,1,8,10,,,7,9,,4,,6,9,6,11,4,1,,,,,,,,,,,,,,,,,12,,,,,,,,,,,,,,,,,,,,,,12,124
606,"Duval County, FL, USA","Florida, USA","United States",30.25401,-81.38021,land,,2015-07-27,,1,,1,1.81,4.28,0.00,,1,,,5,,,,7,22,,2,,,,9,1,,,,,,,,,,,,1,,,,,,,4,,,,,,,,,,,,,,,,,,,,,,2,65
607,"Walton County, FL, USA","Florida, USA","United States",30.29673,-86.0495,land,,2015-07-28,,1,,1,6.91,0.48,0.00,,1,,4,15,8,,,9,7,,,,2,3,10,10,,,,,,,,,,,,,,,,,,,16,,,,,,,,,,,,,,,,,,,,,,9,109
608,"Brunswick County, NC, USA","North Carolina, USA","United States",33.86676,-78.51105,land,,2015-07-29,,7,,7,2.10,24.38,0.00,,,,1,5,,,,13,34,,2,,2,3,19,5,,,,,,,,,,,,,,,,,,,,,,,,,,,,,,,,,,,,,,,,,4,110
609,"Brevard County, FL, USA","Florida, USA","United States",28.35535,-80.60834,land,,2015-07-26,,2,,2,0.30,0.04,0.00,,,,,2,1,,,2,,,,,,2,1,1,1,,,,,,,,,,,,,,,,,,,,,,,,,,,,,,,,,,,,,,,,2,15
611,"Escambia County, FL, USA","Florida, USA","United States",30.4267,-87.20787,land,,2015-07-27,,1,,1,8.95,1.25,0.00,,3,,6,10,6,,,22,20,,3,,4,,19,4,13,5,,,,,,,,,,3,,,,,,,7,,,,,,,,,,,,,,,,,,,,,,,159
613,"Pinellas County, FL, USA","Florida, USA","United States",27.85081,-82.84436,land,,2015-07-29,,1,,1,0.25,0.07,0.00,,,,,1,,,,,,,,,,,,2,,,,,,,,,,,,,,,,,,,1,,,,,,,,,,,,,,,,,,,,,,,4
614,"Brunswick County, NC, USA","North Carolina, USA","United States",33.85193,-78.54171,land,,2015-07-29,,1,,1,0.05,1.76,0.00,,,,,1,,,,3,,,,,,1,,,,,,,,,,,,,,,,,,,,,,,,,,,,,,,,,,,,,,,,,,,,5
615,"Duval County, FL, USA","Florida, USA","United States",30.31448,-81.39346,land,,2015-07-28,,1,,1,1.25,0.21,0.00,,2,,,2,,,,3,44,,,,,1,4,2,6,,,,,,,,,,,1,,,,,,,3,,,,,,,,,,,,,,,,,,,,,,7,81
616,"Beaufort County, SC, USA","South Carolina, USA","United States",32.31411,-80.47649,land,,2015-07-29,,1,,1,1.22,11.55,0.00,,4,,1,2,3,,,11,6,,1,,,,13,,2,,,,,,,,,,,1,,,,,,,1,,,,,,,,,,,,,,,,,,,,,,5,54
623,"Duval County, FL, USA","Florida, USA","United States",30.28146,-81.38674,land,,2015-07-09,,1,,1,1.75,2.70,0.00,,2,,,2,1,,,7,52,,,,,2,16,,9,,,,,,,,,,,,,,,,,,,,,,,,,,,,,,,,,,,,,,,,24,136
624,"Carteret County, NC, USA","North Carolina, USA","United States",34.69638,-76.71253,land,,2015-07-30,,1,,1,1.19,0.06,0.00,,2,,2,,4,,,2,,,,,,1,15,1,1,,,,,,,,,,,,,,,,,,1,,,,,,,,,,,,,,,,,,,,,,,33
626,"Duval County, FL, USA","Florida, USA","United States",30.32294,-81.40837,land,,2015-07-30,,2,,2,3.33,0.10,0.00,,6,,,2,,,,5,28,,,,,,5,,5,1,,,,,,,,,,,,,,,,,6,,,,,,,,,,,,,,,,,,,,,,32,119
627,"Curry County, OR, USA","Oregon, USA","United States",42.04262,-124.26569,land,,2015-07-30,,1,,1,0.36,0.51,0.00,,,,1,,2,,,,,,,,1,,,,,,,,,,,,,,,,,,,,,,,,,,,,,,,,,,,,,,,,,,,,,6
628,"Montgomery County, MD, USA","Maryland, USA","United States",38.9713,-77.00604,land,,2015-08-04,,1,,1,0.00,0.06,0.00,,,,,,,,,,,,,,,,,,,,,,,,,,,,,,,,,,,,,,,,,,,,,,,,,,,,,,,,,,,
629,"Pinellas County, FL, USA","Florida, USA","United States",27.82645,-82.8311,land,,2015-07-30,,1,,1,0.11,0.09,0.00,,,,,,,,,,,,,,,,,,,,,,,,,,,,,,,,,,,,,,,,,,,,,,,,,,,,,,,,,,,2
631,"Duval County, FL, USA","Florida, USA","United States",30.32266,-81.40779,land,,2015-08-01,,2,,2,1.91,0.11,0.00,,2,,,5,1,,,9,47,,,,,,6,,2,,,,,,,,,,,,,,,,,,4,,,,,,,,,,,,,,,,,,,,,,19,105
632,"Pinellas County, FL, USA","Florida, USA","United States",28.00239,-82.68381,land,,2015-07-30,,1,,1,0.03,3.43,0.00,,,,,,,,,,,,,,,1,,,,,,,,,,,,,,,,,,,,,,,,,,,,,,,,,,,,,,,,,,,,1
634,"Duval County, FL, USA","Florida, USA","United States",30.2604,-81.38224,land,,2015-08-03,,1,,1,1.40,0.03,0.00,,,,,2,,,,3,7,,1,,,,3,,3,,,,,,,,,,,,,,,,,,2,,,,,,,,,,,,,,,,,,,,,,3,32
638,"Pinellas County, FL, USA","Florida, USA","United States",27.81594,-82.8221,land,,2015-07-31,,1,,1,0.02,0.07,0.00,,,,,1,,,,,,,,,,,,,,,,,,,,,,,,,,,,,,,,,,,,,,,,,,,,,,,,,,,,,,1
639,"Brunswick County, NC, USA","North Carolina, USA","United States",33.86629,-78.51587,land,,2015-07-31,,5,,5,1.12,5.85,0.00,,2,,1,3,,,,20,4,,,,,,13,1,2,1,,,,,,,,,,2,,,,,,,,,,,,,,,,,,,,,,,,,,,,,35,90
640,"Duval County, FL, USA","Florida, USA","United States",30.33126,-81.39581,land,,2015-07-31,,1,,1,1.06,0.05,0.00,,2,,,2,2,,,7,52,,,,,1,5,2,7,,,,,,,,,,,1,,,,,,,2,,,,,,,,,,,,,,,,,,,,,,5,93
642,"Walton County, FL, USA","Florida, USA","United States",30.38113,-86.33119,land,,2015-08-01,,1,,1,3.00,1.00,0.00,,2,,,5,1,,,39,,,,,3,,15,,30,2,,,,,,,,,,,,,,,,,5,,,,,,,,,,,,,,,,,,,,,,29,143
644,"Carteret County, NC, USA","North Carolina, USA","United States",34.70312,-76.742,land,,2015-08-02,,1,,1,1.87,147.07,0.00,,6,,,1,1,,,8,,,,,,,25,,,,,,,,,,,,,3,,,,,,,4,,,,,,,,,,,,,,,,,,,,,,9,66
645,"Beaufort County, SC, USA","South Carolina, USA","United States",32.32294,-80.4783,land,,2015-08-02,,3,,3,1.97,0.05,0.00,,3,,1,1,2,,,7,10,,,,,,10,1,1,,,,,,,,,,,,,,,,,,5,,,,,,,,,,,,,,,,,,,,,,3,51
646,"New Hanover County, NC, USA","North Carolina, USA","United States",34.22783,-77.82838,land,,2015-08-04,,1,,1,0.64,0.06,0.00,,,,1,,,,,2,1,,,,,,5,,1,,,,,,,,,,,,,,,,,,1,,,,,,,,,,,,,,,,,,,,,,4,17
647,"Carteret County, NC, USA","North Carolina, USA","United States",34.69817,-76.71883,land,,2015-07-31,,2,,2,1.53,0.27,0.00,,10,,1,4,1,,,18,31,,,,,,9,2,4,,,,,,,,,,,,,,,,,,2,,,,,,,,,,,,,,,,,,,,,,4,90
648,"Washington, DC, USA","District of Columbia, USA","United States",38.90741,-77.04405,land,,2015-07-31,,1,,1,0.09,0.01,0.00,,,,,1,,,,,,,,,1,1,1,,,,,,,,,,,,,,,,,,,,,,,,,,,,,,,,,,,,,,,,,,,4
649,"Horry County, SC, USA","South Carolina, USA","United States",33.82407,-78.65955,land,,2015-08-01,,2,,2,0.49,74.86,0.00,,3,,1,4,,,,2,,,,,,2,2,1,,,,,,,,,,,,1,,,,,,,,,,,,,,,,,,,,,,,,,,,,,,18
650,"Horry County, SC, USA","South Carolina, USA","United States",33.84583,-78.5803,land,,2015-08-01,,2,,2,0.88,3.78,0.00,,1,,,3,,,,5,12,,,,,,6,,1,,,,,,,,,,,7,,,,,,,,,,,,,,,,,,,,,,,,,,,,,31,69
651,"Horry County, SC, USA","South Carolina, USA","United States",33.84427,-78.58677,land,,2015-08-02,,3,,3,0.86,0.20,0.00,,,,,1,2,,,7,10,,,,,,3,1,1,,,,,,,,,,,2,,,,,,,1,,,,,,,,,,,,,,,,,,,,,,27,59
652,"Curry County, OR, USA","Oregon, USA","United States",42.07509,-124.31787,land,,2015-07-31,,1,,1,1.27,0.29,0.00,,1,,,2,,,,,,,,,,,,,1,,,,,,,,,,,,,,,,,,5,,,,,,,,,,,,,,,,,,,,,,5,15
653,"Horry County, SC, USA","South Carolina, USA","United States",33.86005,-78.70274,land,,2015-07-30,,1,,1,1.53,114.64,0.00,,1,,2,4,,,,4,,,,,,1,,,,,,,,,,,,,,,,,,,,,2,,,,,,,,,,,,,,,,,,,,,,8,27
654,"Beaufort County, NC, USA","North Carolina, USA","United States",35.48873,-76.92965,land,,2015-08-02,,1,,1,0.16,27.82,0.00,,,,,,,,,1,5,,,,,,3,,1,,,,,,,,,,,,,,,,,,,,,,,,,,,,,,,,,,,,,,,,,12
655,"Pinellas County, FL, USA","Florida, USA","United States",27.81219,-82.81775,land,,2015-08-02,,1,,1,0.06,0.05,0.00,,,,,,,,,,,,,,,1,,,,,,,,,,,,,,,,,,,,,,,,,,,,,,,,,,,,,,,,,,,,2
656,"Montgomery County, MD, USA","Maryland, USA","United States",38.99657,-77.03412,land,,2015-08-03,,1,,1,0.23,2.08,0.00,,,,,2,2,,,,39,,1,,,,2,,3,,,,,,,,,,,,,,,,,,,,,,,,,,,,,,,,,,,,,,,,3,52
657,"Walton County, FL, USA","Florida, USA","United States",30.38556,-86.33899,land,,2015-07-31,,1,,1,2.27,0.07,0.00,,2,,,5,4,,,31,,,,,1,1,5,3,11,2,,,,,,,,,,,,,,,,,5,,,,,,,,,,,,,,,,,,,,,,46,126
658,"Walton County, FL, USA","Florida, USA","United States",30.37527,-86.2892,land,,2015-08-04,,1,,1,2.16,0.03,0.00,,3,,,6,1,,,5,,,1,,,2,5,1,3,2,,,,,,,,,,,,,,,,,5,,,,,,,,,,,,,,,,,,,,,,12,58
659,"Brunswick County, NC, USA","North Carolina, USA","United States",33.86601,-78.51609,land,,2015-08-05,,8,,8,1.64,38.16,0.00,,5,,,1,,,,7,9,,,,12,,10,1,1,,,,,,,,,,,1,,,,,,,,,,,,,,,,,,,,,,,,,,,,,11,75
662,"Duval County, FL, USA","Florida, USA","United States",30.33598,-81.39941,land,,2015-08-05,,2,,2,1.24,1.56,0.00,,2,,,4,4,,,,9,,,,,,1,1,1,,,,,,,,,,,,,,,,,,3,,,,,,,,,,,,,,,,,,,,,,14,41
665,"Beaufort County, NC, USA","North Carolina, USA","United States",35.50876,-76.90597,land,,2015-08-02,,1,,1,0.32,6.60,0.00,,,,,,,,,,12,,,,,1,7,,,,,,,,,,,,,,,,,,,,,,,,,,,,,,,,,,,,,,,,,,,23
666,"Pinellas County, FL, USA","Florida, USA","United States",27.81444,-82.82037,land,,2015-08-05,,1,,1,0.00,0.06,0.00,,,,,,,,,,,,,,,,,,,,,,,,,,,,,1,,,,,,,,,,,,,,,,,,,,,,,,,,,,,,1
667,"New Hanover County, NC, USA","North Carolina, USA","United States",34.22646,-77.78153,land,,2015-08-06,,2,,2,2.59,3.16,0.00,,2,,,4,,,,2,1,,2,,,2,5,,,1,,,,,,,,,,2,,,,,,,6,,,,,,,,,,,,,,,,,,,,,,2,43
668,"Horry County, SC, USA","South Carolina, USA","United States",33.84233,-78.58947,land,,2015-08-06,,2,,2,1.00,1.35,0.00,,,,,1,,,,,,,,,,,2,,,,,,,,,,,,,1,,,,,,,,,,,,,,,,,,,,,,,,,,,,,17,30
669,"New Hanover County, NC, USA","North Carolina, USA","United States",34.23855,-77.89801,land,,2015-08-06,,1,,1,3.76,0.01,0.00,,,,,5,4,,,3,18,,,,2,1,6,2,2,,,,,,,,,,,2,,,,,,,8,,,,,,,,,,,,,,,,,,,,,,5,69
672,"Horry County, SC, USA","South Carolina, USA","United States",33.79111,-78.76049,land,,2015-08-06,,1,,1,0.80,81.19,0.00,,,,,1,1,,,,,,,,,1,1,2,,1,,,,,,,,,,1,,,,,,,,,,,,,,,,,,,,,,,,,,,,,31,46
673,"Beaufort County, SC, USA","South Carolina, USA","United States",32.31128,-80.50011,land,,2015-07-30,,2,,2,2.68,0.25,0.00,,7,,,1,1,,,7,15,,2,,,,17,2,3,,,,,,,,,,,3,,,,,,,3,,,,,,,,,,,,,,,,,,,,,,1,97
674,"Carteret County, NC, USA","North Carolina, USA","United States",34.69622,-76.71203,land,,2015-08-06,,1,,1,1.23,140.17,0.00,,2,,,2,,,,2,,,,,,,3,,,,,,,,,,,,,1,,,,,,,3,,,,,,,,,,,,,,,,,,,,,,2,23
675,"Duval County, FL, USA","Florida, USA","United States",30.32266,-81.40792,land,,2015-08-06,,2,,2,1.08,0.36,0.00,,5,,,1,3,,,,,,7,,,1,3,1,2,,,,,,,,,,,,,,,,,,2,,,,,,,,,,,,,,,,,,,,,,3,35
676,"Duval County, FL, USA","Florida, USA","United States",30.33126,-81.39582,land,,2015-08-07,,1,,1,1.35,0.00,0.00,,1,,,3,2,,,,17,,,,,,3,1,3,,,,,,,,,,,1,,,,,,,4,,,,,,,,,,,,,,,,,,,,,,6,45
677,"Washington, DC, USA","District of Columbia, USA","United States",38.90735,-77.0441,land,,2015-08-07,,1,,1,0.05,0.04,0.00,,,,,,,,,,,,,,,,,,,,,,,,,,,,,,,,,,,,,,,,,,,,,,,,,,,,,,,,,,,1
678,"Walton County, FL, USA","Florida, USA","United States",30.29682,-86.04949,land,,2015-08-08,,1,,1,6.18,0.28,0.00,,5,,3,9,4,,,4,,,3,,,,7,1,,,,,,,,,,,,2,,,,,,,15,,,,,,,,,,,,,,,,,,,,,,12,78
680,"Carteret County, NC, USA","North Carolina, USA","United States",34.69819,-76.71901,land,,2015-08-07,,1,,1,0.20,0.30,0.00,,3,,,2,,,,,,,,,,1,,,4,,,,,,,,,,,,,,,,,,,,,,,,,,,,,,,,,,,,,,,,,12
681,"Duval County, FL, USA","Florida, USA","United States",30.32265,-81.40791,land,,2015-08-08,,2,,2,0.51,0.06,0.00,,1,,1,,2,,,,,,3,,,,,,,,,,,,,,,,,,,,,,,,,,,,,,,,,,,,,,,,,,,,,,,11
684,"Carteret County, NC, USA","North Carolina, USA","United States",34.69859,-76.72402,land,,2015-08-09,,1,,1,0.06,164.93,0.00,,,,,,,,,,,,,,,,4,,1,,,,,,,,,,,,,,,,,,,,,,,,,,,,,,,,,,,,,,,,1,6
686,"Carteret County, NC, USA","North Carolina, USA","United States",34.70096,-76.75179,land,,2015-08-10,,1,,1,0.66,0.16,0.00,,,,,1,,,,2,,,,,,,,,2,,,,,,,,,,,1,,,,,,,1,,,,,,,,,,,,,,,,,,,,,,3,14
687,"Volusia County, FL, USA","Florida, USA","United States",28.98101,-80.86054,land,,2015-08-08,,1,,1,0.66,0.04,0.00,,1,,,2,2,,,4,3,,,,,2,3,1,3,,,,,,,,,,,,,,,,,,2,,,,,,,,,,,,,,,,,,,,,,3,26
688,"Pinellas County, FL, USA","Florida, USA","United States",27.86163,-82.84888,land,,2015-08-08,,1,,1,0.04,0.05,0.00,,,,,,,,,,,,,,,,,,,,,,,,,,,,,,,,,,,,,,,,,,,,,,,,,,,,,,,,,,,1
689,"Volusia County, FL, USA","Florida, USA","United States",28.98097,-80.86,land,,2015-08-09,,1,,1,2.67,0.08,0.00,,2,,1,3,,,,3,3,,1,,,,6,,2,1,,,,,,,,,,2,,,,,,,5,,,,,,,,,,,,,,,,,,,,,,5,51
694,"Horry County, SC, USA","South Carolina, USA","United States",33.87384,-78.65036,land,,2015-08-10,,1,,1,0.00,0.00,0.00,,,,,,,,,,,,,,,,,,,,,,,,,,,,,,,,,,,,,,,,,,,,,,,,,,,,,,,,,,,
698,"Duval County, FL, USA","Florida, USA","United States",30.25912,-81.38212,land,,2015-08-10,,1,,1,2.56,3.72,0.00,,3,,,,,,,3,14,,,,,,10,,3,,,,,,,,,,,1,,,,,,,5,,,,,,,,,,,,,,,,,,,,,,4,57
700,"New Hanover County, NC, USA","North Carolina, USA","United States",34.2349,-77.77602,land,,2015-08-11,,1,,1,0.46,0.12,0.00,,,,,,,,,,4,,,,,,6,,2,,,,,,,,,,,,,,,,,,1,,,,,,,,,,,,,,,,,,,,,,8,24
701,"Pinellas County, FL, USA","Florida, USA","United States",27.81598,-82.82194,land,,2015-08-11,,2,,2,0.13,0.05,0.00,,,,,1,,,,7,,,1,,,,2,,,,,,,,,,,,,,,,,,,,,,,,,,,,,,,,,,,,,,,,,,4,16
703,"New Hanover County, NC, USA","North Carolina, USA","United States",34.22648,-77.78118,land,,2015-08-13,,2,,2,1.31,3.24,0.00,,1,,1,3,,,,,2,,1,,,,5,1,1,,,,,,,,,,,1,,,,,,,3,,,,,,,,,,,,,,,,,,,,,,3,26
704,"Pinellas County, FL, USA","Florida, USA","United States",27.81591,-82.82183,land,,2015-08-11,,2,,2,0.24,0.07,0.00,,,,,,,,,,,,,,,,,,,,,,,,,,,,,3,,,,,,,1,,,,,,,,,,,,,,,,,,,,,,,4
705,"Beaufort County, SC, USA","South Carolina, USA","United States",32.31968,-80.46704,land,,2015-08-12,,1,,1,0.00,0.31,0.00,,,,,,,,,,,,,,,,,,,,,,,,,,,,,,,,,,,,,,,,,,,,,,,,,,,,,,,,,,,
706,"Carteret County, NC, USA","North Carolina, USA","United States",34.69609,-76.71176,land,,2015-08-13,,1,,1,0.76,0.47,0.00,,2,,,,,,,1,,,,,,,7,1,2,,,,,,,,,,,,,,,,,,2,,,,,,,,,,,,,,,,,,,,,,1,20
707,"Carteret County, NC, USA","North Carolina, USA","United States",34.74182,-76.82153,land,,2015-08-10,,1,,1,2.93,1.78,0.00,,4,,4,4,5,,,3,,,2,,4,4,5,2,3,,,,,,,,,,,,,,,,,,4,,,,,,,,,,,,,,,,,,,,,,4,60
708,"Brunswick County, NC, USA","North Carolina, USA","United States",33.86357,-78.51542,land,,2015-08-12,,77,,77,0.46,56.70,0.00,,2,,,3,2,,,12,2,,,,,,5,,,,,,,,,,,,,,,,,,,,,,,,,,,,,,,,,,,,,,,,,,5,36
710,"Contra Costa County, CA, USA","California, USA","United States",37.98561,-122.07465,land,,2015-08-12,,1,,1,0.00,2.36,0.00,,,,,,,,,,2,,,,,,,,,,,,,,,,,,,,,,,,,,,,,,,,,,,,,,,,,,,,,,,,,2
713,"Brunswick County, NC, USA","North Carolina, USA","United States",33.86451,-78.51764,land,,2015-08-14,,1,,1,0.05,5.58,0.00,,,,,,,,,1,,,,,1,,1,1,,,,,,,,,,,,,,,,,,,,,,,,,,,,,,,,,,,,,,,,,1,5
714,"Beaufort County, SC, USA","South Carolina, USA","United States",32.31128,-80.49993,land,,2015-08-08,,2,,2,1.65,0.19,0.00,,5,,,2,7,,,3,8,,,,,1,5,,4,2,,,,,,,,,,,,,,,,,2,,,,,,,,,,,,,,,,,,,,,,4,56
715,"Horry County, SC, USA","South Carolina, USA","United States",33.84462,-78.58493,land,,2015-08-16,,2,,2,1.23,0.24,0.00,,4,,3,1,1,,,1,3,,,,,,6,1,,,,,,,,,,,,2,,,,,,,1,,,,,,,,,,,,,,,,,,,,,,7,32
718,"Nassau County, FL, USA","Florida, USA","United States",30.63603,-81.46836,land,,2015-08-19,,1,,1,0.00,0.06,0.00,,,,,,,,,,,,,,,,,,,,,,,,,,,,,1,,,,,,,,,,,,,,,,,,,,,,,,,,,,,,1
719,"New Hanover County, NC, USA","North Carolina, USA","United States",34.22641,-77.78146,land,,2015-08-20,,2,,2,0.32,0.76,0.00,,1,,,1,,,,3,4,,,,,,6,2,,1,,,,,,,,,,,,,,,,,,,,,,,,,,,,,,,,,,,,,,,4,26
720,"Walton County, FL, USA","Florida, USA","United States",30.29659,-86.0495,land,,2015-08-20,,1,,1,6.48,1.39,0.00,,,,3,18,10,,,21,2,,,,8,8,10,4,12,,,,,,,,,,,2,,,,,,,15,,,,,,,,,,,,,,,,,,,,,,20,161
721,"Marin County, CA, USA","California, USA","United States",37.85622,-122.44774,land,,2015-08-20,,1,,1,1.36,192.59,0.00,,3,,3,,1,,,6,77,,5,,,,4,3,7,4,,,,,,,,,,2,,,,,,,,,,,,,,,,,,,,,,,,,,,,,47,163
722,"Horry County, SC, USA","South Carolina, USA","United States",33.85944,-78.55206,land,,2015-08-14,,1,,1,0.02,3.14,0.00,,,,,,,,,2,1,,,,,,,1,2,,,,,,,,,,,,,,,,,,,,,,,,,,,,,,,,,,,,,,,,2,8
723,"Duval County, FL, USA","Florida, USA","United States",30.3301,-81.40122,land,,2015-08-19,,2,,2,0.24,0.51,0.00,,,,,2,,,,3,11,,,,,,3,,2,,,,,,,,,,,,,,,,,,,,,,,,,,,,,,,,,,,,,,,,25,46
725,"Franklin County, OH, USA","Ohio, USA","United States",40.05376,-83.16062,land,,2015-08-20,,1,,1,1.23,0.06,0.00,,9,,1,10,2,,,3,8,,1,,,2,2,1,1,,,,,,,,,,,,,,,,,,1,,,,,,,,,,,,,,,,,,,,,,2,46
726,"Brunswick County, NC, USA","North Carolina, USA","United States",33.85893,-78.52595,land,,2015-08-14,,1,,1,0.15,1.28,0.00,,1,,,,1,,,1,,,,,,,,,,,,,,,,,,,,,,,,,,,,,,,,,,,,,,,,,,,,,,,,,1,7
728,"Brunswick County, NC, USA","North Carolina, USA","United States",33.86349,-78.51552,land,,2015-08-19,,7,,7,2.57,15.69,0.00,,6,,1,1,,,,3,23,,,,3,3,16,,8,,,,,,,,,,,5,,,,,,,,,,,,,,,,,,,,,,,,,,,,,29,115
729,"Carteret County, NC, USA","North Carolina, USA","United States",34.69803,-76.71903,land,,2015-08-14,,2,,2,0.16,0.06,0.00,,,,,,,,,,,,1,,,,3,,,,,,,,,,,,,,,,,,,,,,,,,,,,,,,,,,,,,,,,,,1,7
730,"Horry County, SC, USA","South Carolina, USA","United States",33.84772,-78.56951,land,,2015-08-15,,2,,2,0.18,1.89,0.00,,1,,,,,,,2,,,,,,,2,,1,,,,,,,,,,,,,,,,,,,,,,,,,,,,,,,,,,,,,,,,16,24
731,"Carteret County, NC, USA","North Carolina, USA","United States",34.70096,-76.75179,land,,2015-08-17,,1,,1,0.25,0.06,0.00,,,,,,,,,5,24,,,,,,4,,1,,,,,,,,,,,3,,,,,,,,,,,,,,,,,,,,,,,,,,,,,7,46
732,"Duval County, FL, USA","Florida, USA","United States",30.32312,-81.40801,land,,2015-08-13,,2,,2,0.48,0.06,0.00,,2,,,,,,,,,,2,,,,2,2,3,,,,,,,,,,,,,,,,,,,,,,,,,,,,,,,,,,,,,,,,8,26
733,"Pinellas County, FL, USA","Florida, USA","United States",27.81646,-82.82286,land,,2015-08-14,,1,,1,0.06,0.09,0.00,,,,,,,,,,11,,,,,1,,,,,,,,,,,,,,,,,,,,,,,,,,,,,,,,,,,,,,,,,,,,12
734,"Franklin County, OH, USA","Ohio, USA","United States",40.05392,-83.16032,land,,2015-08-20,,1,,1,0.09,0.11,0.00,,2,,,,,,,,7,,,,,2,,,,,,,,,,,,,,,,,,,,,,,,,,,,,,,,,,,,,,,,,,,,11
736,"Carteret County, NC, USA","North Carolina, USA","United States",34.69786,-76.71892,land,,2015-08-21,,2,,2,1.02,0.10,0.00,,5,,,1,,,,3,9,,,,,,20,3,,,,,,,,,,,,1,,,,,,,,,,,,,,,,,,,,,,,,,,,,,4,51
737,"Carteret County, NC, USA","North Carolina, USA","United States",34.69442,-77.00477,land,,2015-08-24,,1,,1,0.16,0.14,0.00,,1,,,1,,,,,6,,,,,1,5,,2,,,,,,,,,,,1,,,,,,,,,,,,,,,,,,,,,,,,,,,,,3,20
738,"Duval County, FL, USA","Florida, USA","United States",30.32287,-81.40784,land,,2015-08-15,,1,,1,1.39,0.08,0.00,,2,,,2,,,,3,8,,,,,2,1,,,,,,,,,,,,,1,,,,,,,3,,,,,,,,,,,,,,,,,,,,,,13,44
739,"Beaufort County, SC, USA","South Carolina, USA","United States",32.31132,-80.49979,land,,2015-08-15,,2,,2,1.72,0.12,0.00,,1,,,,3,,,1,2,,,,,,9,2,1,1,,,,,,,,,,,,,,,,,4,,,,,,,,,,,,,,,,,,,,,,1,35
741,"Horry County, SC, USA","South Carolina, USA","United States",33.84428,-78.58579,land,,2015-08-16,,2,,2,1.38,0.06,0.00,,7,,1,1,,,,1,7,,,,,1,7,2,,,,,,,,,,,,6,,,,,,,,,,,,,,,,,,,,,,,,,,,,,6,46
742,"Brunswick County, NC, USA","North Carolina, USA","United States",33.87267,-78.48803,land,,2015-08-17,,2,,2,1.69,3.52,0.00,,,,,1,1,,,3,2,,,,,,,2,,,,,,,,,,,,,,,,,,,4,,,,,,,,,,,,,,,,,,,,,,17,42
743,"Carteret County, NC, USA","North Carolina, USA","United States",34.72338,-76.78329,land,,2015-08-17,,1,,1,2.41,3.43,0.00,,4,,,7,7,,,5,20,,4,,2,4,5,5,4,4,,,,,,,,,,,,,,,,,5,,,,,,,,,,,,,,,,,,,,,,5,94
744,"Brunswick County, NC, USA","North Carolina, USA","United States",33.86391,-78.51046,land,,2015-08-19,,4,,4,0.16,12.88,0.00,,,,,,,,,,6,,,,,,6,,,,,,,,,,,,,,,,,,,,,,,,,,,,,,,,,,,,,,,,,,2,15
745,"Horry County, SC, USA","South Carolina, USA","United States",33.84838,-78.56371,land,,2015-08-20,,5,,5,1.23,0.43,0.00,,10,,,7,3,,,,2,,3,,1,,18,3,1,1,,,,,,,,,,38,,,,,,,,,,,,,,,,,,,,,,,,,,,,,94,182
747,"Duval County, FL, USA","Florida, USA","United States",30.25411,-81.38038,land,,2015-08-17,,1,,1,1.58,4.05,0.00,,3,,,2,,,,3,29,,1,,,,14,,,,,,,,,,,,,10,,,,,,,2,,,,,,,,,,,,,,,,,,,,,,58,134
748,"Carteret County, NC, USA","North Carolina, USA","United States",34.69812,-76.72379,land,,2015-08-16,,1,,1,1.40,48.87,0.00,,2,,,1,4,,,,,,,,,,11,,,,,,,,,,,,,1,,,,,,,3,,,,,,,,,,,,,,,,,,,,,,6,37
749,"New Hanover County, NC, USA","North Carolina, USA","United States",34.2348,-77.77589,land,,2015-08-18,,2,,2,0.24,0.00,0.00,,,,,,,,,,7,,,,,,7,,4,,,,,,,,,,,1,,,,,,,,,,,,,,,,,,,,,,,,,,,,,2,24
750,"Duval County, FL, USA","Florida, USA","United States",30.25724,-81.38111,land,,2015-08-18,,1,,1,1.21,4.05,0.00,,,,,,1,,,1,4,,,,,,5,1,1,,,,,,,,,,,2,,,,,,,2,,,,,,,,,,,,,,,,,,,,,,54,76
751,"Brunswick County, NC, USA","North Carolina, USA","United States",33.86537,-78.51609,land,,2015-08-21,,1,,1,0.14,3.92,0.00,,1,,,,,,,2,4,,2,,,1,1,1,,,,,,,,,,,,1,,,,,,,,,,,,,,,,,,,,,,,,,,,,,4,19
755,"Carteret County, NC, USA","North Carolina, USA","United States",34.69656,-76.71206,land,,2015-08-20,,1,,1,0.60,199.50,0.00,,6,,,2,1,,,5,,,,,,,23,1,2,,,,,,,,,,,2,,,,,,,,,,,,,,,,,,,,,,,,,,,,,2,47
757,"Duval County, FL, USA","Florida, USA","United States",30.32276,-81.40796,land,,2015-08-20,,2,,2,0.32,0.12,0.00,,,,,1,,,,,,,1,,,,4,1,1,,,,,,,,,,,,,,,,,,,,,,,,,,,,,,,,,,,,,,,,40,49
758,"Contra Costa County, CA, USA","California, USA","United States",37.92068,-122.3864,land,,2015-08-20,,1,,1,2.97,11.81,0.00,,1,,,,,,,7,42,,,,,,32,,1,2,,,,,,,,,,1,,,,,,,,,,,,,,,,,,,,,,,,,,,,,48,178
762,"Alameda County, CA, USA","California, USA","United States",37.86021,-122.29011,land,,2015-08-24,,1,,1,0.14,0.17,0.00,,1,,,,,,,,5,,,,,,2,,,,,,,,,,,,,,,,,,,,,,,,,,,,,,,,,,,,,,,,,,,10
763,"Horry County, SC, USA","South Carolina, USA","United States",33.84385,-78.58562,land,,2015-08-22,,4,,4,0.96,0.00,0.00,,2,,,1,,,,3,2,,,,,,10,,,,,,,,,,,,,,,,,,,,1,,,,,,,,,,,,,,,,,,,,,,14,35
765,"Franklin County, OH, USA","Ohio, USA","United States",40.0539,-83.16082,land,,2015-07-01,,1,,1,1.10,0.08,0.00,,8,,3,6,4,,,3,5,,2,,,,2,1,1,,,,,,,,,,,,,,,,,,,,,,,,,,,,,,,,,,,,,,,,,37
766,"Carteret County, NC, USA","North Carolina, USA","United States",34.69444,-77.00479,land,,2015-08-24,,1,,1,2.24,0.14,0.00,,4,,,6,4,,,6,7,,3,,4,4,7,4,3,4,,,,,,,,,,,,,,,,,5,,,,,,,,,,,,,,,,,,,,,,5,76
768,"Duval County, FL, USA","Florida, USA","United States",30.32271,-81.40815,land,,2015-08-22,,2,,2,0.83,0.06,0.00,,2,,,2,,,,3,,,1,,,,1,1,3,,,,,,,,,,,,,,,,,,1,,,,,,,,,,,,,,,,,,,,,,6,29
770,"Franklin County, OH, USA","Ohio, USA","United States",40.05363,-83.16028,land,,2015-06-29,,1,,1,1.60,0.18,0.00,,3,,2,9,2,,,,12,,,,2,3,4,,,,,,,,,,,,,,,,,,,,,,,,,,,,,,,,,,,,,,,,,,6,48
773,"Contra Costa County, CA, USA","California, USA","United States",38.01116,-121.6246,land,,2015-08-25,,1,,1,0.02,0.02,0.00,,,,,1,,,,,,,,,,,,,,,,,,,,,,,,,,,,,,,,,,,,,,,,,,,,,,,,,,,,,,1
774,"Georgetown County, SC, USA","South Carolina, USA","United States",33.53994,-79.05308,land,,2015-08-24,,1,,1,0.52,42.16,0.00,,1,,,,,,,,12,,,,,,,1,,,,,,,,,,,,,,,,,,,,,,,,,,,,,,,,,,,,,,,,,7,27
775,"Franklin County, OH, USA","Ohio, USA","United States",40.05394,-83.16077,land,,2015-07-05,,1,,1,1.67,0.11,0.00,,6,,2,4,3,,,5,3,,1,,,,,1,1,1,,,,,,,,,,2,,,,,,,1,,,,,,,,,,,,,,,,,,,,,,1,39
776,"Brunswick County, NC, USA","North Carolina, USA","United States",33.87092,-78.49767,land,,2015-08-26,,4,,4,2.44,20.61,0.00,,2,,,,1,,,7,60,,,,3,,20,,4,,,,,,,,,,,6,,,,,,,,,,,,,,,,,,,,,,,,,,,,,17,143
777,"Duval County, FL, USA","Florida, USA","United States",30.33514,-81.40006,land,,2015-08-26,,2,,2,0.12,1.19,0.00,,,,,,,,,2,3,,1,,,,1,1,2,,,,,,,,,,,,,,,,,,,,,,,,,,,,,,,,,,,,,,,,7,18
781,"Horry County, SC, USA","South Carolina, USA","United States",33.85543,-78.61465,land,,2015-08-27,,9,,9,0.72,7.71,0.00,,1,,,1,1,,,4,,,1,,2,,2,,,1,,,,,,,,,,1,,,,,,,,,,,,,,,,,,,,,,,,,,,,,6,23
784,"New Hanover County, NC, USA","North Carolina, USA","United States",34.23453,-77.77648,land,,2015-08-27,,1,,1,0.10,2.38,0.00,,,,,,1,,,1,3,,,,,,4,,1,,,,,,,,,,,1,,,,,,,,,,,,,,,,,,,,,,,,,,,,,4,15
786,"Duval County, FL, USA","Florida, USA","United States",30.33129,-81.39621,land,,2015-08-28,,1,,1,2.07,0.14,0.00,,,,,3,1,,,6,42,,,,,,4,,9,,,,,,,,,,,1,,,,,,,3,,,,,,,,,,,,,,,,,,,,,,12,92
788,"New Hanover County, NC, USA","North Carolina, USA","United States",34.25226,-77.81211,land,,2015-08-30,,2,,2,1.04,0.04,0.00,,,,,1,,,,2,15,,,,,2,10,,4,,,,,,,,,,,,,,,,,,3,,,,,,,,,,,,,,,,,,,,,,12,50
789,"Horry County, SC, USA","South Carolina, USA","United States",33.90249,-78.67385,land,,2015-09-01,,1,,1,0.15,0.09,0.00,,,,,,,,,2,5,,,,,1,2,,,,,,,,,,,,,1,,,,,,,,,,,,,,,,,,,,,,,,,,,,,3,15
791,"Horry County, SC, USA","South Carolina, USA","United States",33.84426,-78.5868,land,,2015-08-30,,2,,2,0.06,0.02,0.00,,,,,,,,,3,,,1,,,,2,,,,,,,,,,,,,,,,,,,,,,,,,,,,,,,,,,,,,,,,,,1,8
792,"Carteret County, NC, USA","North Carolina, USA","United States",34.69816,-76.72392,land,,2015-08-30,,1,,1,3.58,165.67,0.00,,2,,,,,,,44,,,,,,1,52,5,29,,,,,,,,,,,3,,,,,,,2,,,,,,,,,,,,,,,,,,,,,,41,216
796,"Brunswick County, NC, USA","North Carolina, USA","United States",33.86353,-78.5154,land,,2015-08-28,,1,,1,0.73,1.68,0.00,,,,,,,,,1,7,,,,,,3,,2,,,,,,,,,,,,,,,,,,,,,,,,,,,,,,,,,,,,,,,,6,26
797,"Nassau County, FL, USA","Florida, USA","United States",30.63599,-81.46842,land,,2015-08-28,,1,,1,0.07,0.00,0.00,,,,,,,,,,,,,,,,,1,2,,,,,,,,,,,2,,,,,,,,,,,,,,,,,,,,,,,,,,,,,1,7
798,"Brunswick County, NC, USA","North Carolina, USA","United States",33.87299,-78.48851,land,,2015-08-29,,1,,1,2.73,3.24,0.00,,,,,1,1,,,7,103,,1,,,1,26,,2,1,,,,,,,,,,1,,,,,,,,,,,,,,,,,,,,,,,,,,,,,37,199
799,"Brunswick County, NC, USA","North Carolina, USA","United States",33.85703,-78.53068,land,,2015-08-28,,1,,1,0.29,1.35,0.00,,,,,,,,,,1,,,,,,1,1,,,,,,,,,,,,,,,,,,,,,,,,,,,,,,,,,,,,,,,,,2,7
800,"Carteret County, NC, USA","North Carolina, USA","United States",34.69783,-76.71885,land,,2015-08-28,,1,,1,0.20,0.06,0.00,,2,,,,,,,1,17,,,,,,3,,,,,,,,,,,,,,,,,,,,,,,,,,,,,,,,,,,,,,,,,,2,27
801,"Horry County, SC, USA","South Carolina, USA","United States",33.82526,-78.65404,land,,2015-08-30,,4,,4,0.99,6.56,0.00,,1,,,1,,,,2,9,,,,,,8,,,1,,,,,,,,,,1,,,,,,,1,,,,,,,,,,,,,,,,,,,,,,7,35
802,"Pinellas County, FL, USA","Florida, USA","United States",27.95134,-82.73762,land,,2015-08-29,,1,,1,1.30,0.01,0.00,,,,1,1,,,,9,6,,,,,2,2,,2,,,,,,,,,,,,,,,,,,2,,,,,,,,,,,,,,,,,,,,,,7,37
803,"Walton County, FL, USA","Florida, USA","United States",30.27942,-86.01655,land,,2015-08-30,,1,,1,1.38,0.05,0.00,,,,,,2,,,25,,,,,,3,8,,3,,,,,,,,,,,3,,,,,,,4,,,,,,,,,,,,,,,,,,,,,,7,58
804,"Carteret County, NC, USA","North Carolina, USA","United States",34.70097,-76.75179,land,,2015-08-31,,1,,1,1.13,0.14,0.00,,1,,1,,,,,8,63,,,,,2,,,1,1,,,,,,,,,,2,,,,,,,1,,,,,,,,,,,,,,,,,,,,,,6,93
806,"Pinellas County, FL, USA","Florida, USA","United States",27.9514,-82.73763,land,,2015-08-28,,1,,1,0.02,0.00,0.00,,,,,1,,,,1,,,,,,,,,,,,,,,,,,,,,,,,,,,,,,,,,,,,,,,,,,,,,,,,,,2
807,"Miami-Dade County, FL, USA","Florida, USA","United States",25.79117,-80.14778,land,,2015-08-30,,1,,1,0.16,0.23,0.00,,,,,,,,,,,,,,1,,3,,,,,,,,,,,,,,,,,,,,,,,,,,,,,,,,,,,,,,,,,,21,25
810,"Horry County, SC, USA","South Carolina, USA","United States",33.87391,-78.65033,land,,2015-08-31,,3,,3,0.21,0.19,0.00,,,,,3,2,,,,,,4,,1,,,,,,,,,,,,,,,,,,,,,,,,,,,,,,,,,,,,,,,,,,,,,11
811,"Brunswick County, NC, USA","North Carolina, USA","United States",33.86572,-78.51592,land,,2015-09-02,,5,,5,0.89,17.78,0.00,,1,,,,,,,3,32,,,,4,,6,,1,,,,,,,,,,,,,,,,,,,,,,,,,,,,,,,,,,,,,,,,10,65
812,"Duval County, FL, USA","Florida, USA","United States",30.33029,-81.40126,land,,2015-09-02,,2,,2,0.14,1.89,0.00,,,,,,1,,,,2,,,,,,,,,,,,,,,,,,,,,,,,,,,,,,,,,,,,,,,,,,,,,,,,2,7
814,"Carteret County, NC, USA","North Carolina, USA","United States",34.69445,-77.0048,land,,2015-08-31,,1,,1,1.64,0.00,0.00,,4,,,4,4,,,4,4,,,,3,3,6,6,6,2,,,,,,,,,,,,,,,,,3,,,,,,,,,,,,,,,,,,,,,,4,63
816,"Duval County, FL, USA","Florida, USA","United States",30.27231,-81.38513,land,,2015-09-03,,1,,1,1.53,6.82,0.00,,3,,,,,,,26,11,,,,,1,19,,9,,,,,,,,,,,,,,,,,,1,,,,,,,,,,,,,,,,,,,,,,42,122
817,"Walton County, FL, USA","Florida, USA","United States",30.29659,-86.04955,land,,2015-09-03,,1,,1,1.98,4.15,0.00,,1,,3,1,5,,,5,,,,,,2,3,,3,,,,,,,,,,,,,,,,,,4,,,,,,,,,,,,,,,,,,,,,,3,33
818,"Duval County, FL, USA","Florida, USA","United States",30.32286,-81.40814,land,,2015-09-03,,2,,2,0.58,0.10,0.00,,,,2,,,,,1,,,,,,,,,,,,,,,,,,,,,,,,,,,,,,,,,,,,,,,,,,,,,,,,,2,7
819,"Miami-Dade County, FL, USA","Florida, USA","United States",25.79006,-80.14271,land,,2015-09-03,,1,,1,0.03,0.62,0.00,,,,,1,,,,,2,,,,,,,,,,,,,,,,,,,,,,,,,,,,,,,,,,,,,,,,,,,,,,,,,3
820,"Maui County, HI, USA","Hawaii, USA","United States",20.86309,-156.44844,land,,2015-09-04,,1,,1,0.02,0.19,0.00,,1,,,,1,,,,1,,,,,,,,,,,,,,,,,,,,,,,,,,,,,,,,,,,,,,,,,,,,,,,,,3
821,"Pinellas County, FL, USA","Florida, USA","United States",28.05838,-82.81142,land,,2015-09-05,,1,,1,0.52,0.82,0.00,,,,2,,,,,,,,,,,,,2,1,,,,,,,,,,,,,,,,,,,,,,,,,,,,,,,,,,,,,,,,,6
823,"Duval County, FL, USA","Florida, USA","United States",30.27053,-81.38424,land,,2015-09-07,,1,,1,1.46,6.81,0.00,,1,,,3,1,,,1,28,,3,,,,6,,4,1,,,,,,,,,,2,,,,,,,3,,,,,,,,,,,,,,,,,,,,,,5,65
825,"Duval County, FL, USA","Florida, USA","United States",30.32299,-81.40781,land,,2015-09-05,,2,,2,0.62,0.06,0.00,,4,,,1,4,,,2,,,,,,2,4,,,,,,,,,,,,,1,,,,,,,,,,,,,,,,,,,,,,,,,,,,,4,29
828,"Duval County, FL, USA","Florida, USA","United States",30.25722,-81.38137,land,,2015-09-08,,1,,1,1.34,3.24,0.00,,,,,5,,,,4,3,,8,,,,5,1,,,,,,,,,,,,4,,,,,,,,,,,,,,,,,,,,,,,,,,,,,4,53
829,"Brevard County, FL, USA","Florida, USA","United States",28.13317,-80.58484,land,,2015-09-04,,1,,1,2.65,0.62,0.00,,,,4,,1,,,3,18,,5,,,1,1,2,2,,,,,,,,,,,,,,,,,,3,,,,,,,,,,,,,,,,,,,,,,7,58
830,"Duval County, FL, USA","Florida, USA","United States",30.33026,-81.40127,land,,2015-09-09,,2,,2,0.18,1.83,0.00,,2,,,1,,,,,1,,,,,,,,,,,,,,,,,,,1,,,,,,,,,,,,,,,,,,,,,,,,,,,,,5,12
831,"Suffolk County, MA, USA","Massachusetts, USA","United States",42.3296,-71.04069,land,,2015-09-09,,1,,1,1.14,1.21,0.00,,1,,,4,,,,3,24,,,,1,2,18,1,2,,,,,,,,,,,,,,,,,,,,,,,,,,,,,,,,,,,,,,,,3,73
832,"Suffolk County, MA, USA","Massachusetts, USA","United States",42.32662,-71.04804,land,,2015-09-09,,1,,1,4.41,1.44,0.00,,13,,11,6,3,,,4,3,,4,,,3,12,5,8,1,,,,,,,,,,1,,,,,,,3,,,,,,,,,,,,,,,,,,,,,,7,98
834,"Escambia County, FL, USA","Florida, USA","United States",30.42654,-87.20785,land,,2015-09-10,,2,,2,9.14,0.20,0.00,,3,,4,8,9,,,18,21,,3,,7,2,9,6,13,4,,,,,,,,,,6,,,,,,,11,,,,,,,,,,,,,,,,,,,,,,28,183
835,"Duval County, FL, USA","Florida, USA","United States",30.32279,-81.40804,land,,2015-09-10,,2,,2,0.15,0.10,0.00,,1,,,2,,,,1,1,,,,,,1,,,,,,,,,,,,,,,,,,,,,,,,,,,,,,,,,,,,,,,,,,6,13
836,"Duval County, FL, USA","Florida, USA","United States",30.32281,-81.40795,land,,2015-09-12,,2,,2,0.32,0.03,0.00,,,,,1,1,,,1,,,2,,,,2,1,1,,,,,,,,,,,,,,,,,,,,,,,,,,,,,,,,,,,,,,,,4,17
838,"Brunswick County, NC, USA","North Carolina, USA","United States",33.87349,-78.48502,land,,2015-09-13,,1,,1,1.12,2.52,0.00,,2,,,1,1,,,7,20,,,,,1,7,,2,,,,,,,,,,,1,,,,,,,,,,,,,,,,,,,,,,,,,,,,,15,64
839,"Duval County, FL, USA","Florida, USA","United States",30.25676,-81.38532,land,,2015-09-14,,1,,1,0.68,3.95,0.00,,,,,,1,,,,48,,,,1,,4,,2,,,,,,,,,,,,,,,,,,1,,,,,,,,,,,,,,,,,,,,,,2,65
844,"Palm Beach County, FL, USA","Florida, USA","United States",26.89022,-80.05888,land,,2015-09-19,,1,,1,0.19,1.45,0.00,,,,,,,,,3,4,,,,,1,,,,,,,,,,,,,,,,,,,,,,,,,,,,,,,,,,,,,,,,,,,7,17
846,"Monterey County, CA, USA","California, USA","United States",36.62497,-121.91722,land,,2015-09-16,,4,,4,3.54,1.70,0.00,,,,5,,,,,5,69,,,,,1,24,6,2,2,,,,,,,,,,2,,,,,,,1,,,,,,,,,,,,,,,,,,,,,,38,183
847,"Monterey County, CA, USA","California, USA","United States",36.6243,-121.91693,land,,2015-09-16,,4,,4,3.29,1.77,0.00,,,,7,1,,,,4,49,,,,,1,6,2,1,,,,,,,,,,,,,,,,,,,,,,,,,,,,,,,,,,,,,,,,24,121
848,"Duval County, FL, USA","Florida, USA","United States",30.2737,-81.38574,land,,2015-09-17,,1,,1,1.47,4.39,0.00,,2,,,,,,,3,32,,,,,,3,,1,2,,,,,,,,,,,,,,,,,4,,,,,,,,,,,,,,,,,,,,,,30,82
855,"Maui County, HI, USA","Hawaii, USA","United States",20.89133,-156.4735,land,,2015-09-19,,1,,1,4.89,1.92,0.00,,3,,2,2,2,,,11,113,,3,,5,17,16,,4,5,,,,,,,,,,,,,,,,,1,,,,,,,,,,,,,,,,,,,,,,74,285
864,"Humboldt County, CA, USA","California, USA","United States",40.7901,-124.15756,land,,2015-09-18,,4,,4,1.22,3.18,0.00,,,,,1,1,,,2,14,,,,,1,11,2,1,1,,,,,,,,,,,,,,,,,,,,,,,,,,,,,,,,,,,,,,,33,83
865,"Palm Beach County, FL, USA","Florida, USA","United States",26.88471,-80.05686,land,,2015-09-19,,2,,2,3.42,8.92,0.00,,,,,,,,,,3,,1,,,,2,,1,2,,,,,,,,,,,,,,,,,,,,,,,,,,,,,,,,,,,,,,,14,42
866,"Duval County, FL, USA","Florida, USA","United States",30.32297,-81.4082,land,,2015-09-19,,2,,2,0.86,0.28,0.00,,3,,,5,1,,,10,,,1,,,,1,,1,,,,,,,,,,,,,,,,,,1,,,,,,,,,,,,,,,,,,,,,,14,44
867,"Humboldt County, CA, USA","California, USA","United States",40.78934,-124.15816,land,,2015-09-18,,3,,3,3.15,1.17,0.00,,8,,1,8,1,,,15,1,,2,,,2,29,1,1,,,,,,,,,,,1,,,,,,,1,,,,,,,,,,,,,,,,,,,,,,,104
868,"Humboldt County, CA, USA","California, USA","United States",40.7893,-124.15831,land,,2015-09-18,,4,,4,1.25,1.12,0.00,,,,,1,,,,4,6,,,,,1,20,1,1,1,,,,,,,,,,,,,,,,,,,,,,,,,,,,,,,,,,,,,,,,52
870,"Humboldt County, CA, USA","California, USA","United States",40.78925,-124.17076,land,,2015-09-18,,4,,4,1.37,3.89,0.00,,5,,,1,2,,,3,4,,,,,1,15,,1,,,,,,,,,,,,,,,,,,,,,,,,,,,,,,,,,,,,,,,,1,53
872,"Palm Beach County, FL, USA","Florida, USA","United States",26.88923,-80.06581,land,,2015-09-19,,1,,1,0.86,0.00,0.00,,1,,,1,1,,,8,24,,,,1,,6,,1,,,,,,,,,,,,,,,,,,,,,,,,,,,,,,,,,,,,,,,,25,79
873,"Palm Beach County, FL, USA","Florida, USA","United States",26.88493,-80.05759,land,,2015-09-19,,1,,1,0.48,2.27,0.00,,,,,,1,,,12,9,,,,,,3,3,1,,,,,,,,,,,5,,,,,,,,,,,,,,,,,,,,,,,,,,,,,5,42
874,"Palm Beach County, FL, USA","Florida, USA","United States",26.89469,-80.06268,land,,2015-09-19,,2,,2,0.54,1.60,0.00,,1,,,,,,,2,8,,,,,,3,,2,,,,,,,,,,,,,,,,,,1,,,,,,,,,,,,,,,,,,,,,,,18
875,"St Johns County, FL, USA","Florida, USA","United States",29.78863,-81.25865,land,,2015-09-19,,2,,2,4.22,0.30,0.00,,2,,3,8,8,,,33,174,,2,,,3,27,1,13,,,,,,,,,,,2,,,,,,,,,,,,,,,,,,,,,,,,,,,,,142,449
876,"Palm Beach County, FL, USA","Florida, USA","United States",26.84398,-80.07283,land,,2015-09-19,,,,,0.13,0.13,0.00,,,,,,,,,,3,,,,,,,,,1,,,,,,,,,,,,,,,,,,,,,,,,,,,,,,,,,,,,,,,1,7
877,"Washington County, RI, USA","Rhode Island, USA","United States",41.33073,-71.76282,land,,2015-09-19,,1,,1,12.59,1.68,0.00,,13,,16,3,9,,,8,156,,4,,4,2,20,12,10,4,,,,,,,,,,6,,,,,,,,,,,,,,,,,,,,,,,,,,,,,48,417
878,"Washington, DC, USA","District of Columbia, USA","United States",38.87819,-76.97184,land,,2015-09-19,,1,,1,2.81,4.65,0.00,,1,,,50,3,,,10,,,13,,27,,5,2,2,,,,,,,,,,,1,,,,,,,1,,,,,,,,,,,,,,,,,,,,,,4,125
885,"Los Angeles County, CA, USA","California, USA","United States",33.71013,-118.28552,land,,2015-09-19,,1,,1,1.16,5.98,0.00,,,,2,,2,,,7,13,,,,,,5,1,2,2,,,,,,,,,,,,,,,,,,,,,,,,,,,,,,,,,,,,,,,11,47
886,"Orange County, CA, USA","California, USA","United States",33.63799,-117.79555,land,,2015-09-19,,1,,1,0.45,0.82,0.00,,2,,,2,,,,2,14,,,,1,1,3,1,5,,,,,,,,,,,1,,,,,,,,,,,,,,,,,,,,,,,,,,,,,25,60
890,"Volusia County, FL, USA","Florida, USA","United States",28.94587,-80.89751,land,,2015-09-18,,1,,1,0.00,0.02,0.00,,,,,,,,,,1,,,,,,,,,,,,,,,,,,,,,,,,,,,,,,,,,,,,,,,,,,,,,,,,,1
891,"Palm Beach County, FL, USA","Florida, USA","United States",26.8825,-80.05398,land,,2015-09-19,,3,,3,2.00,8.47,0.00,,,,,,,,,,8,,,,,,,,2,,,,,,,,,,,,,,,,,,,,,,,,,,,,,,,,,,,,,,,,11,32
892,"Palm Beach County, FL, USA","Florida, USA","United States",26.88826,-80.05514,land,,2015-09-19,,3,,3,2.44,2.87,0.00,,9,,,6,2,,,15,20,,,,2,2,5,4,8,,,,,,,,,,,,,,,,,,1,,,,,,,,,,,,,,,,,,,,,,12,99
893,"St Johns County, FL, USA","Florida, USA","United States",29.76707,-81.25413,land,,2015-09-19,,1,,1,3.35,9.31,0.00,,11,,,2,,,,17,163,,5,,5,2,31,3,12,1,,,,,,,,,,5,,,,,,,,,,,,,,,,,,,,,,,,,,,,,55,340
898,"Orange County, CA, USA","California, USA","United States",33.59438,-117.87745,land,,2015-09-19,,2,,2,7.23,7.42,0.00,,5,,17,7,8,,,6,5,,4,,1,3,4,4,2,1,,,,,,,,,,6,,,,,,,3,,,,,,,,,,,,,,,,,,,,,,4,103
900,"Humboldt County, CA, USA","California, USA","United States",41.15944,-124.12373,land,,2015-09-19,,2,,2,3.39,69.77,0.00,,1,,11,4,7,,,3,,,2,,,2,10,,2,1,,,,,,,,,,,,,,,,,,,,,,,,,,,,,,,,,,,,,,,12,62
902,"St Johns County, FL, USA","Florida, USA","United States",30.16095,-81.361,land,,2015-09-19,,1,,1,2.92,2.92,0.00,,1,,1,1,1,,,50,28,,,,,1,6,10,39,1,,,,,,,,,,,,,,,,,3,,,,,,,,,,,,,,,,,,,,,,112,271
903,"Humboldt County, CA, USA","California, USA","United States",41.04548,-124.122,land,,2015-09-19,,35,,35,37.58,21.29,0.00,,36,,55,39,18,,,30,503,,25,,23,17,55,29,32,19,,,,,,,,,,3,,,,,,,2,,,,,,,,,,,,,,,,,,,,,,32,1090
904,"Clermont County, OH, USA","Ohio, USA","United States",39.17824,-84.25698,land,,2015-09-18,,1,,1,0.12,0.00,0.00,,1,,,,2,,,1,,,1,,1,1,1,,,,,,,,,,,,,1,,,,,,,,,,,,,,,,,,,,,,,,,,,,,1,10
905,"Palm Beach County, FL, USA","Florida, USA","United States",26.87579,-80.05174,land,,2015-09-19,,1,,1,0.93,4.68,0.00,,,,,1,,,,3,2,,,,,,1,,,,,,,,,,,,,,,,,,,,,,,,,,,,,,,,,,,,,,,,,,18,30
906,"Indian River County, FL, USA","Florida, USA","United States",27.76414,-80.40086,land,,2015-09-19,,2,,2,2.82,6.93,0.00,,1,,1,3,1,,,16,60,,7,,,,6,12,17,2,,,,,,,,,,,,,,,,,2,,,,,,,,,,,,,,,,,,,,,,29,183
907,"Miami-Dade County, FL, USA","Florida, USA","United States",25.53947,-80.32805,land,,2015-09-19,,3,,3,9.64,41.89,0.00,,21,,19,24,9,,,11,,,8,,2,3,5,6,6,2,,,,,,,,,,,,,,,,,7,,,,,,,,,,,,,,,,,,,,,,8,157
908,"Kent County, DE, USA","Delaware, USA","United States",39.06006,-75.3964,land,,2015-09-19,,1,,1,0.86,23.35,0.00,,1,,,,,,,,20,,,,,,2,,,,,,,,,,,,,,,,,,,,1,,,,,,,,,,,,,,,,,,,,,,1,28
910,"Orange County, CA, USA","California, USA","United States",33.61912,-117.89327,land,,2015-09-19,,2,,2,2.74,2.36,0.00,,8,,,13,3,,,38,3,,15,,,,20,2,4,,,,,,,,,,,3,,,,,,,3,,,,,,,,,,,,,,,,,,,,,,194,312
912,"Humboldt County, CA, USA","California, USA","United States",40.80502,-124.16909,land,,2015-09-19,,4,,4,9.46,2.41,0.00,,8,,5,2,3,,,15,584,,1,,3,3,56,5,15,2,,,,,,,,,,,,,,,,,,,,,,,,,,,,,,,,,,,,,,,61,847
913,"Humboldt County, CA, USA","California, USA","United States",41.26698,-124.09728,land,,2015-09-19,,1,,1,0.43,0.01,0.00,,2,,,3,,,,3,15,,,,,,6,,,,,,,,,,,,,,,,,,,,,,,,,,,,,,,,,,,,,,,,,,,33
918,"Palm Beach County, FL, USA","Florida, USA","United States",26.88923,-80.06581,land,,2015-09-19,,1,,1,0.60,0.00,0.00,,3,,,,,,,2,2,,,,,,,,,,,,,,,,,,,,,,,,,,,,,,,,,,,,,,,,,,,,,,,,17,33
919,"Palm Beach County, FL, USA","Florida, USA","United States",26.88808,-80.06137,land,,2015-09-19,,2,,2,0.64,1.60,0.00,,3,,,,,,,1,4,,,,2,1,6,,2,,,,,,,,,,,1,,,,,,,,,,,,,,,,,,,,,,,,,,,,,9,39
921,"Broward County, FL, USA","Florida, USA","United States",26.05748,-80.11341,land,,2015-09-19,,1,,1,4.59,1.80,0.00,,4,,11,1,,,,15,12,,1,,2,6,7,3,4,5,,,,,,,,,,,,,,,,,1,,,,,,,,,,,,,,,,,,,,,,19,113
922,"Washington, DC, USA","District of Columbia, USA","United States",38.8746,-76.9683,land,,2015-09-19,,1,,1,10.92,4.69,0.00,,12,,9,41,7,,,26,19,,14,,2,2,26,,14,,,,,,,,,,,2,,,,,,,8,,,,,,,,,,,,,,,,,,,,,,151,397
923,"Humboldt County, CA, USA","California, USA","United States",41.26943,-124.09778,land,,2015-09-19,,2,,2,1.10,1.07,0.00,,,,1,1,,,,,38,,,,2,,4,,,2,,,,,,,,,,1,,,,,,,,,,,,,,,,,,,,,,,,,,,,,20,79
925,"Humboldt County, CA, USA","California, USA","United States",41.04726,-124.13951,land,,2015-09-19,,6,,6,12.70,58.80,0.00,,6,,13,23,12,,,23,150,,4,,,2,39,9,7,2,,,,,,,,,,,,,,,,,5,,,,,,,,,,,,,,,,,,,,,,41,410
926,"Maui County, HI, USA","Hawaii, USA","United States",20.89127,-156.47229,land,,2015-09-19,,3,,3,6.29,0.07,0.00,,4,,2,1,1,,,11,122,,1,,5,2,6,2,6,8,,,,,,,,,,,,,,,,,,,,,,,,,,,,,,,,,,,,,,,125,328
928,"Walton County, FL, USA","Florida, USA","United States",30.29209,-86.05578,land,,2015-09-19,,1,,1,4.15,0.25,0.00,,,,7,2,,,,29,15,,1,,2,1,4,,10,3,,,,,,,,,,,,,,,,,4,,,,,,,,,,,,,,,,,,,,,,12,100
929,"Palm Beach County, FL, USA","Florida, USA","United States",26.8846,-80.05586,land,,2015-09-19,,1,,1,0.68,0.22,0.00,,,,,,,,,1,3,,,,,,,,,,,,,,,,,,,,,,,,,,,,,,,,,,,,,,,,,,,,,,,,4,13
930,"Palm Beach County, FL, USA","Florida, USA","United States",26.8846,-80.05622,land,,2015-09-19,,1,,1,1.86,3.99,0.00,,,,,,,,,5,4,,,,,,,,2,,,,,,,,,,,,,,,,,,,,,,,,,,,,,,,,,,,,,,,,8,31
931,"Humboldt County, CA, USA","California, USA","United States",41.26888,-124.09625,land,,2015-09-19,,1,,1,0.00,0.48,0.00,,,,,,,,,,,,,,,,,,,,,,,,,,,,,,,,,,,,,,,,,,,,,,,,,,,,,,,,,,,
932,"Humboldt County, CA, USA","California, USA","United States",40.8056,-124.16897,land,,2015-09-19,,4,,4,13.13,2.05,0.00,,8,,2,,3,,,26,840,,1,,3,7,21,4,34,8,,,,,,,,,,1,,,,,,,,,,,,,,,,,,,,,,,,,,,,,195,1318
933,"Orange County, CA, USA","California, USA","United States",33.60793,-117.88551,land,,2015-09-19,,1,,1,1.37,0.82,0.00,,4,,,7,5,,,12,19,,,,7,5,8,4,,3,,,,,,,,,,,,,,,,,,,,,,,,,,,,,,,,,,,,,,,4,86
936,"Palm Beach County, FL, USA","Florida, USA","United States",26.88465,-80.05626,land,,2015-09-19,,3,,3,2.77,3.43,0.00,,4,,,,2,,,7,12,,,,,,5,,3,,,,,,,,,,,,,,,,,,,,,,,,,,,,,,,,,,,,,,,,34,84
937,"St Johns County, FL, USA","Florida, USA","United States",29.7221,-81.23273,land,,2015-09-19,,2,,2,0.53,19.37,0.00,,2,,,2,,,,7,14,,,,1,2,5,,1,1,,,,,,,,,,,,,,,,,,,,,,,,,,,,,,,,,,,,,,,19,58
938,"Broward County, FL, USA","Florida, USA","United States",26.05456,-80.11237,land,,2015-09-19,,2,,2,0.87,6.22,0.00,,,,,1,,,,3,2,,2,,1,1,1,1,1,,,,,,,,,,,1,,,,,,,1,,,,,,,,,,,,,,,,,,,,,,11,32
939,"St Johns County, FL, USA","Florida, USA","United States",29.78656,-81.25828,land,,2015-09-19,,1,,1,4.43,1.14,0.00,,5,,5,23,7,,,7,6,,11,,,1,11,7,7,1,,,,,,,,,,,,,,,,,3,,,,,,,,,,,,,,,,,,,,,,9,137
940,"Palm Beach County, FL, USA","Florida, USA","United States",26.71715,-80.0504,land,,2015-09-19,,1,,1,1.61,3.16,0.00,,2,,1,2,,,,2,,,,,3,2,1,2,1,,,,,,,,,,,,,,,,,,,,,,,,,,,,,,,,,,,,,,,,64,87
941,"Broward County, FL, USA","Florida, USA","United States",26.05512,-80.11256,land,,2015-09-19,,1,,1,0.93,21.98,0.00,,4,,,,,,,5,26,,,,,,,,8,3,,,,,,,,,,,,,,,,,,,,,,,,,,,,,,,,,,,,,,,30,84
948,"St Johns County, FL, USA","Florida, USA","United States",29.71745,-81.23161,land,,2015-09-19,,2,,2,0.60,10.78,0.00,,,,,3,,,,6,16,,,,1,2,5,,1,1,,,,,,,,,,,,,,,,,,,,,,,,,,,,,,,,,,,,,,,19,59
949,"Palm Beach County, FL, USA","Florida, USA","United States",26.88472,-80.05574,land,,2015-09-19,,2,,2,0.01,0.02,0.00,,,,,,,,,,,,1,,,,,,,,,,,,,,,,,,,,,,,,,,,,,,,,,,,,,,,,,,,,,,1,2
950,"Broward County, FL, USA","Florida, USA","United States",26.05254,-80.11793,land,,2015-09-19,,2,,2,1.91,9.31,0.00,,6,,,,,,,8,14,,,,1,1,5,3,5,1,,,,,,,,,,,,,,,,,,,,,,,,,,,,,,,,,,,,,,,40,98
951,"Humboldt County, CA, USA","California, USA","United States",41.14898,-123.8609,land,,2015-09-19,,2,,2,7.62,198.56,0.00,,4,,9,4,6,,,4,17,,1,,1,2,9,4,1,,,,,,,,,,,,,,,,,,1,,,,,,,,,,,,,,,,,,,,,,49,184
953,"Humboldt County, CA, USA","California, USA","United States",40.86844,-124.08686,land,,2015-09-19,,1,,1,0.74,0.02,0.00,,,,,,,,,,,,,,,,,,,,,,,,,,,,,2,,,,,,,3,,,,,,,,,,,,,,,,,,,,,,,8
958,"St Johns County, FL, USA","Florida, USA","United States",29.7887,-81.25854,land,,2015-09-19,,1,,1,5.80,7.94,0.00,,5,,,,,,,21,126,,,,3,3,52,,12,,,,,,,,,,,14,,,,,,,3,,,,,,,,,,,,,,,,,,,,,,97,368
960,"Washington, DC, USA","District of Columbia, USA","United States",38.87718,-76.97369,land,,2015-09-19,,2,,2,3.62,3.08,0.00,,5,,1,1,,,,29,18,,24,,12,11,39,,4,,,,,,,,,,,,,,,,,,,,,,,,,,,,,,,,,,,,,,,,189,355
965,"Washington, DC, USA","District of Columbia, USA","United States",38.879,-76.97126,land,,2015-09-19,,1,,1,3.06,3.26,0.00,,2,,4,31,,,,,1,,7,,2,1,8,6,5,1,,,,,,,,,,,,,,,,,,,,,,,,,,,,,,,,,,,,,,,50,136
966,"Palm Beach County, FL, USA","Florida, USA","United States",26.91727,-80.13358,land,,2015-09-19,,11,,11,2.67,0.07,0.00,,6,,1,25,30,,,60,40,,,,,2,8,,60,6,,,,,,,,,,,,,,,,,1,,,,,,,,,,,,,,,,,,,,,,3,257
967,"Humboldt County, CA, USA","California, USA","United States",40.80495,-124.16931,land,,2015-09-19,,4,,4,11.51,2.43,0.00,,2,,7,4,3,,,16,910,,,,,,17,12,10,4,,,,,,,,,,4,,,,,,,,,,,,,,,,,,,,,,,,,,,,,31,1147
973,"Walton County, FL, USA","Florida, USA","United States",30.29659,-86.04953,land,,2015-09-20,,1,,1,0.39,0.02,0.00,,1,,,,,,,4,2,,,,,,3,,,2,,,,,,,,,,,,,,,,,1,,,,,,,,,,,,,,,,,,,,,,4,19
978,"Duval County, FL, USA","Florida, USA","United States",30.27469,-81.38543,land,,2015-09-23,,1,,1,1.59,4.72,0.00,,,,,2,2,,,6,17,,,,,2,5,2,4,1,,,,,,,,,,,,,,,,,3,,,,,,,,,,,,,,,,,,,,,,22,76
982,"St Johns County, FL, USA","Florida, USA","United States",29.8917,-81.3107,land,,2015-09-20,,1,,1,0.15,0.32,0.00,,1,,,1,,,,3,,,,,,,,,,,,,,,,,,,,1,,,,,,,,,,,,,,,,,,,,,,,,,,,,,17,24
983,"Duval County, FL, USA","Florida, USA","United States",30.26573,-81.38356,land,,2015-09-21,,1,,1,0.76,2.43,0.00,,2,,,,,,,1,1,,1,,,,1,1,3,,,,,,,,,,,,,,,,,,2,,,,,,,,,,,,,,,,,,,,,,3,16
1030,"Brunswick County, NC, USA","North Carolina, USA","United States",33.86847,-78.50256,land,,2015-09-23,,4,,4,0.13,11.22,0.00,,,,,,,,,,9,,,,,,,,,,,,,,,,,,,,,,,,,,,,,,,,,,,,,,,,,,,,,,,,,11
1036,"Monterey County, CA, USA","California, USA","United States",36.86989,-121.76163,land,,2015-09-23,,6,,6,1.77,1.02,0.00,,,,,2,,,,,,,,,,,10,6,,1,,,,,,,,,,,,,,,,,,,,,,,,,,,,,,,,,,,,,,,11,58
1048,"St Johns County, FL, USA","Florida, USA","United States",29.76859,-81.25147,land,,2015-09-25,,1,,1,2.83,4.87,0.00,,1,,,2,,,,13,143,,,,,,3,,3,1,,,,,,,,,,1,,,,,,,2,,,,,,,,,,,,,,,,,,,,,,51,237
1050,"St Johns County, FL, USA","Florida, USA","United States",29.75632,-81.27714,land,,2015-09-25,,5,,5,2.30,2.07,0.00,,1,,,17,4,,,298,,,,,,,11,2,,,,,,,,,,,,14,,,,,,,,,,,,,,,,,,,,,,,,,,,,,,370
1051,"St Johns County, FL, USA","Florida, USA","United States",29.7563,-81.27709,land,,2015-09-25,,6,,6,15.26,2.73,0.00,,6,,,,,,,4,1400,,3,,,1,6,1,43,11,,,,,,,,,,6,,,,,,,31,,,,,,,,,,,,,,,,,,,,,,149,1686
1052,"St Johns County, FL, USA","Florida, USA","United States",29.85142,-81.32275,land,,2015-09-25,,2,,2,9.61,0.24,0.00,,2,,1,4,,,,47,95,,1,,2,3,29,,11,7,,,,,,,,,,6,,,,,,,8,,,,,,,,,,,,,,,,,,,,,,78,347
1054,"Monterey County, CA, USA","California, USA","United States",36.61521,-121.89944,land,,2015-09-26,,1,,1,1.21,0.63,0.00,,1,,3,1,,,,2,43,,,,,1,5,1,1,,,,,,,,,,,,,,,,,,,,,,,,,,,,,,,,,,,,,,,,2,65
1056,"Sacramento County, CA, USA","California, USA","United States",38.67081,-121.10069,land,,2015-09-26,,1,,1,5.98,108.48,0.00,,8,,6,8,6,,,3,31,,5,,2,4,25,2,4,2,,,,,,,,,,1,,,,,,,2,,,,,,,,,,,,,,,,,,,,,,27,176
1058,"El Dorado County, CA, USA","California, USA","United States",38.71509,-120.60735,land,,2015-09-26,,1,,1,13.87,16.09,0.00,,8,,14,8,12,,,3,57,,5,,,2,44,15,5,1,,,,,,,,,,,,,,,,,2,,,,,,,,,,,,,,,,,,,,,,40,263
1059,"St Johns County, FL, USA","Florida, USA","United States",29.77967,-81.27435,land,,2015-09-26,,1,,1,0.75,3.74,0.00,,,,,,,,,,33,,,,,,2,,,,,,,,,,,,,,,,,,,,,,,,,,,,,,,,,,,,,,,,,,31,73
1062,"Galveston County, TX, USA","Texas, USA","United States",29.45672,-94.641,land,,2015-09-26,,3,,3,18.89,5.66,0.00,,19,,3,12,5,,,83,156,,4,,1,11,55,17,21,2,,,,,,,,,,19,,,,,,,10,,,,,,,,,,,,,,,,,,,,,,206,844
1063,"Monterey County, CA, USA","California, USA","United States",36.61586,-121.89948,land,,2015-09-26,,4,,4,2.91,4.21,0.00,,,,10,,3,,,3,13,,,,,3,,3,,1,,,,,,,,,,,,,,,,,,,,,,,,,,,,,,,,,,,,,,,,48
1064,"Duval County, FL, USA","Florida, USA","United States",30.3235,-81.40772,land,,2015-09-26,,1,,1,3.06,1.28,0.00,,1,,,2,1,,,22,5,,,,,,4,,3,3,,,,,,,,,,,,,,,,,4,,,,,,,,,,,,,,,,,,,,,,98,171
1065,"St Johns County, FL, USA","Florida, USA","United States",29.76272,-81.25046,land,,2015-09-26,,2,,2,2.94,0.11,0.00,,2,,8,5,19,,,,,,1,,,,2,2,,,,,,,,,,,,,,,,,,,2,,,,,,,,,,,,,,,,,,,,,,4,50
1066,"Monterey County, CA, USA","California, USA","United States",36.61608,-121.89957,land,,2015-09-26,,3,,3,1.28,0.28,0.00,,,,1,1,1,,,5,54,,,,,1,3,,,,,,,,,,,,,,,,,,,,,,,,,,,,,,,,,,,,,,,,,,2,83
1067,"El Dorado County, CA, USA","California, USA","United States",38.83066,-120.23983,land,,2015-09-26,,4,,4,4.09,47.10,0.00,,4,,5,7,7,,,5,10,,,,4,6,21,4,,,,,,,,,,,,,,,,,,,1,,,,,,,,,,,,,,,,,,,,,,12,115
1068,"St Johns County, FL, USA","Florida, USA","United States",29.7691,-81.25688,land,,2015-09-27,,1,,1,0.62,2.95,0.00,,,,,,,,,,,,,,1,,,,2,,,,,,,,,,,1,,,,,,,1,,,,,,,,,,,,,,,,,,,,,,4,12
1069,"Monterey County, CA, USA","California, USA","United States",36.59869,-121.8928,land,,2015-09-26,,1,,1,0.00,0.53,0.00,,,,,,,,,,,,,,,,,,,,,,,,,,,,,,,,,,,,,,,,,,,,,,,,,,,,,,,,,,,
1074,"St Johns County, FL, USA","Florida, USA","United States",29.7684,-81.25235,land,,2015-09-27,,1,,1,3.65,22.12,0.00,,2,,1,7,1,,,39,38,,1,,,1,4,7,11,4,,,,,,,,,,10,,,,,,,1,,,,,,,,,,,,,,,,,,,,,,167,316
1077,"Duval County, FL, USA","Florida, USA","United States",30.32269,-81.40791,land,,2015-09-30,,1,,1,0.82,0.20,0.00,,4,,1,1,1,,,5,,,,,,1,1,,4,,,,,,,,,,,2,,,,,,,,,,,,,,,,,,,,,,,,,,,,,18,45
1078,"Pinellas County, FL, USA","Florida, USA","United States",27.72291,-82.62813,land,,2015-10-02,,1,,1,0.12,0.05,0.00,,,,,,,,,,,,,,,,1,,,,,,,,,,,,,,,,,,,,,,,,,,,,,,,,,,,,,,,,,,,3
1081,"St Johns County, FL, USA","Florida, USA","United States",30.16288,-81.36861,land,,2015-10-02,,1,,1,0.33,3.51,0.00,,3,,1,2,,,,,,,,,,,,,1,,,,,,,,,,,,,,,,,,,,,,,,,,,,,,,,,,,,,,,,6,13
1084,"Santa Clara County, CA, USA","California, USA","United States",37.26652,-121.83356,land,,2015-10-03,,1,,1,0.00,4.65,0.00,,,,,,,,,,1,,,,,,,,,,,,,,,,,,,,,,,,,,,,,,,,,,,,,,,,,,,,,,,,,1
1086,"Volusia County, FL, USA","Florida, USA","United States",29.32287,-81.10215,land,,2015-10-03,,1,,1,3.62,27.52,0.00,,4,,9,8,19,,,6,4,,1,,,,13,1,,,,,,,,,,,,,,,,,,,,,,,,,,,,,,,,,,,,,,,,,12,87
1087,"Duval County, FL, USA","Florida, USA","United States",30.25459,-81.38058,land,,2015-10-05,,1,,1,0.78,3.65,0.00,,2,,,,,,,,10,,,,,,6,20,5,1,,,,,,,,,,3,,,,,,,1,,,,,,,,,,,,,,,,,,,,,,42,95
1089,"Washington, DC, USA","District of Columbia, USA","United States",38.90744,-77.04395,land,,2015-10-05,,1,,1,0.08,0.02,0.00,,,,,1,,,,,,,,,2,,,,1,,,,,,,,,,,,,,,,,,,,,,,,,,,,,,,,,,,,,,,,,4
1097,"Kootenai County, ID, USA","Idaho, USA","United States",47.67311,-116.78647,land,,2015-10-10,,1,,1,1.31,0.54,0.00,,,,2,2,1,,,14,30,,,,,1,3,,14,2,,,,,,,,,,,,,,,,,1,,,,,,,,,,,,,,,,,,,,,,1,79
1101,"San Diego County, CA, USA","California, USA","United States",32.76146,-117.25047,land,,2015-10-16,,1,,1,4.55,0.08,0.00,,1,,1,9,,,,12,19,,4,,2,2,43,7,5,3,,,,,,,,,,3,,,,,,,4,,,,,,,,,,,,,,,,,,,,,,84,218
1102,"San Diego County, CA, USA","California, USA","United States",32.76559,-117.25246,land,,2015-10-20,,1,,1,13.21,3.66,0.00,,1,,1,2,5,,,11,19,,3,,1,,29,3,4,2,,,,,,,,,,3,,,,,,,11,,,,,,,,,,,,,,,,,,,,,,104,324
1103,"St Johns County, FL, USA","Florida, USA","United States",29.77008,-81.27409,land,,2015-10-17,,1,,1,1.74,2.57,0.00,,1,,1,,3,,,4,90,,1,,,,20,1,10,,,,,,,,,,,,,,,,,,,,,,,,,,,,,,,,,,,,,,,,17,164
1104,"Palm Beach County, FL, USA","Florida, USA","United States",26.88472,-80.05645,land,,2015-10-17,,1,,1,0.32,0.07,0.00,,,,,,,,,9,10,,,,3,4,4,,3,2,,,,,,,,,,,,,,,,,,,,,,,,,,,,,,,,,,,,,,,5,40
1105,"San Diego County, CA, USA","California, USA","United States",32.76785,-117.25265,land,,2015-10-17,,1,,1,6.99,0.70,0.00,,2,,4,14,3,,,10,13,,11,,4,4,24,3,5,3,,,,,,,,,,1,,,,,,,5,,,,,,,,,,,,,,,,,,,,,,36,198
1106,"Pinellas County, FL, USA","Florida, USA","United States",27.9882,-82.82858,land,,2015-10-18,,1,,1,0.01,0.09,0.00,,,,,,1,,,,,,,,,,,,,,,,,,,,,,,,,,,,,,,,,,,,,,,,,,,,,,,,,,,,,1
1107,"Palm Beach County, FL, USA","Florida, USA","United States",26.94707,-80.07585,land,,2015-10-17,,3,,3,0.53,0.06,0.00,,2,,,2,1,,,7,8,,,,,3,4,,3,,,,,,,,,,,1,,,,,,,1,,,,,,,,,,,,,,,,,,,,,,12,44
1109,"Pinellas County, FL, USA","Florida, USA","United States",27.98725,-82.82818,land,,2015-10-18,,2,,2,0.04,0.16,0.00,,,,,,,,,1,,,,,,,,,,,,,,,,,,,,,,,,,,,,,,,,,,,,,,,,,,,,,,,,,,2
1114,"San Diego County, CA, USA","California, USA","United States",32.76255,-117.25223,land,,2015-10-22,,1,,1,2.47,3.57,0.00,,1,,,,,,,3,1,,1,,,,15,,5,,,,,,,,,,,3,,,,,,,,,,,,,,,,,,,,,,,,,,,,,47,103
1115,"Escambia County, FL, USA","Florida, USA","United States",30.33013,-87.14641,land,,2015-10-22,,1,,1,0.06,0.17,0.00,,,,,,,,,,,,,,,,,,1,,,,,,,,,,,,,,,,,,,,,,,,,,,,,,,,,,,,,,,,2,4
1119,"St Johns County, FL, USA","Florida, USA","United States",29.76788,-81.25171,land,,2015-10-24,,1,,1,2.54,6.35,0.00,,,,,2,,,,7,,,,,1,,3,1,1,,,,,,,,,,,2,,,,,,,,,,,,,,,,,,,,,,,,,,,,,42,76
1124,"St Johns County, FL, USA","Florida, USA","United States",29.76853,-81.2523,land,,2015-10-24,,3,,3,7.33,4.58,0.00,,1,,,10,3,,,22,11,,1,,4,1,11,3,2,,,,,,,,,,,4,,,,,,,9,,,,,,,,,,,,,,,,,,,,,,73,197
1126,"San Diego County, CA, USA","California, USA","United States",32.76244,-117.25228,land,,2015-10-27,,1,,1,21.37,2.71,0.00,,2,,,2,5,,,95,54,,3,,2,,27,3,19,3,,,,,,,,,,5,,,,,,,24,,,,,,,,,,,,,,,,,,,,,,196,642
1127,"Palm Beach County, FL, USA","Florida, USA","United States",26.8847,-80.05596,land,,2015-10-27,,4,,4,0.56,1.73,0.00,,,,,,3,,,15,5,,,,,2,2,,2,1,,,,,,,,,,,,,,,,,,,,,,,,,,,,,,,,,,,,,,,20,52
1135,"San Diego County, CA, USA","California, USA","United States",32.76238,-117.25257,land,,2015-10-28,,1,,1,7.40,1.59,0.00,,,,,,,,,21,40,,2,,,,15,1,5,,,,,,,,,,,2,,,,,,,2,,,,,,,,,,,,,,,,,,,,,,176,351
1150,"San Diego County, CA, USA","California, USA","United States",32.76169,-117.25051,land,,2015-11-01,,1,,1,11.92,5.11,0.00,,5,,3,11,25,,,29,6,,13,,3,4,74,4,8,5,,,,,,,,,,5,,,,,,,16,,,,,,,,,,,,,,,,,,,,,,28,331
1151,"San Diego County, CA, USA","California, USA","United States",32.7611,-117.25191,land,,2015-11-02,,1,,1,9.92,4.22,0.00,,4,,2,13,7,,,9,10,,11,,2,2,46,2,4,4,,,,,,,,,,5,,,,,,,15,,,,,,,,,,,,,,,,,,,,,,32,238
1171,"San Diego County, CA, USA","California, USA","United States",32.76207,-117.25224,land,,2015-11-03,,1,,1,7.53,3.83,0.00,,,,,6,1,,,21,12,,5,,3,5,36,3,9,4,,,,,,,,,,17,,,,,,,6,,,,,,,,,,,,,,,,,,,,,,52,262
1177,"San Diego County, CA, USA","California, USA","United States",32.76152,-117.25109,land,,2015-11-06,,1,,1,7.86,6.91,0.00,,3,,1,2,4,,,25,37,,3,,1,2,41,6,10,4,,,,,,,,,,16,,,,,,,4,,,,,,,,,,,,,,,,,,,,,,52,288
1183,"Monterey County, CA, USA","California, USA","United States",36.61872,-121.90214,land,,2015-11-07,,1,,1,0.01,0.10,0.00,,,,,,,,,,,,,,,,,1,1,1,,,,,,,,,,,,,,,,,,,,,,,,,,,,,,,,,,,,,,,,3
1184,"Monterey County, CA, USA","California, USA","United States",36.61867,-121.90226,land,,2015-11-07,,1,,1,0.10,0.02,0.00,,,,,,,,,,,,,,,,1,,1,,,,,,,,,,,,,,,,,,,,,,,,,,,,,,,,,,,,,,,,,4
1185,"San Diego County, CA, USA","California, USA","United States",32.76155,-117.25083,land,,2015-11-08,,1,,1,10.49,4.84,0.00,,8,,3,10,8,,,25,19,,5,,4,3,37,3,17,1,,,,,,,,,,9,,,,,,,10,,,,,,,,,,,,,,,,,,,,,,45,318
1212,"Walton County, FL, USA","Florida, USA","United States",30.29507,-86.06314,land,,2015-11-10,,1,,1,2.28,0.28,0.00,,4,,2,,3,,,19,9,,6,,,,10,4,8,3,,,,,,,,,,,,,,,,,3,,,,,,,,,,,,,,,,,,,,,,12,86
1218,"Walton County, FL, USA","Florida, USA","United States",30.29551,-86.06523,land,,2015-11-16,,1,,1,0.15,0.44,0.00,,,,,,,,,60,,,,,,,,,7,2,,,,,,,,,,,,,,,,,,,,,,,,,,,,,,,,,,,,,,,7,76
1219,"Walton County, FL, USA","Florida, USA","United States",30.29676,-86.04952,land,,2015-11-16,,1,,1,4.60,0.30,0.00,,3,,,8,2,,,514,,,7,,,10,46,20,10,5,,,,,,,,,,2,,,,,,,4,,,,,,,,,,,,,,,,,,,,,,46,697
1225,"Santa Cruz County, CA, USA","California, USA","United States",36.97662,-121.89572,land,,2015-11-16,,1,,1,0.05,0.11,0.00,,1,,,,,,,,,,,,,1,1,,,,,,,,,,,,,,,,,,,,,,,,,,,,,,,,,,,,,,,,,,1,4
1229,"Maui County, HI, USA","Hawaii, USA","United States",20.65289,-156.44115,land,,2015-11-12,,1,,1,0.12,0.71,0.00,,,,,,,,,,3,,,,,,2,,1,,,,,,,,,,,,,,,,,,,,,,,,,,,,,,,,,,,,,,,,1,9
1230,"San Diego County, CA, USA","California, USA","United States",32.76177,-117.25054,land,,2015-11-12,,1,,1,0.53,0.11,0.00,,2,,,1,,,,,,,,,,,3,,,,,,,,,,,,,,,,,,,,2,,,,,,,,,,,,,,,,,,,,,,,8
1235,"Washington, DC, USA","District of Columbia, USA","United States",38.90732,-77.04382,land,,2015-11-13,,1,,1,0.19,0.01,0.00,,,,,2,,,,,,,,,1,1,,,,,,,,,,,,,,,,,,,,,,,,,,,,,,,,,,,,,,,,,,,,6
1243,"Hood River County, OR, USA","Oregon, USA","United States",45.70684,-121.51878,land,,2015-11-17,,1,,1,0.00,0.00,0.00,,,,,,,,,,,,,,,,,,,,,,,,,,,,,,,,,,,,,,,,,,,,,,,,,,,,,,,,,,,
1244,"Rockingham County, NH, USA","New Hampshire, USA","United States",43.0542,-70.76913,land,,2015-11-17,,1,,1,0.28,0.05,0.00,,,,1,1,,,,1,,,,,,1,,,,,,,,,,,,,,,,,,,,,,,,,,,,,,,,,,,,,,,,,,,,4
1245,"St Johns County, FL, USA","Florida, USA","United States",29.76683,-81.254,land,,2015-11-21,,2,,2,1.96,0.04,0.00,,1,,,1,5,,,23,37,,3,,,,20,1,3,4,,,,,,,,,,3,,,,,,,,,,,,,,,,,,,,,,,,,,,,,19,148
1249,"St Johns County, FL, USA","Florida, USA","United States",29.7692,-81.25188,land,,2015-11-30,,1,,1,6.75,0.70,0.00,,4,,,2,1,,,51,15,,5,,6,1,26,5,1,1,,,,,,,,,,12,,,,,,,10,,,,,,,,,,,,,,,,,,,,,,77,263
1250,"Maui County, HI, USA","Hawaii, USA","United States",20.65264,-156.44163,land,,2015-12-01,,1,,1,0.30,0.28,0.00,,,,,,,,,1,16,,,,,,,,1,,,,,,,,,,,,,,,,,,,,,,,,,,,,,,,,,,,,,,,,2,21
1252,"Kauai County, HI, USA","Hawaii, USA","United States",21.97345,-159.36079,land,,2015-12-02,,1,,1,18.20,0.08,0.00,,1,,63,83,103,,,83,,,,,1,,12,,,,,,,,,,,,,,,,,,,,,,,,,,,,,,,,,,,,,,,,,,,346
1259,"Flagler County, FL, USA","Florida, USA","United States",29.63676,-81.19926,land,,2015-12-02,,1,,1,1.73,30.26,0.00,,,,,,,,,23,,,3,,3,5,,8,,1,,,,,,,,,,,,,,,,,,,,,,,,,,,,,,,,,,,,,,,,71
1275,"Flagler County, FL, USA","Florida, USA","United States",29.63673,-81.19919,land,,2015-12-02,,1,,1,5.02,0.85,0.00,,,,1,3,1,,,139,5,,3,,5,4,,17,17,55,,,,,,,,,,26,,,,,,,1,,,,,,,,,,,,,,,,,,,,,,200,515
1282,"Lee County, FL, USA","Florida, USA","United States",26.54281,-81.84357,land,,2015-12-10,,1,,1,0.42,0.01,0.00,,1,,,1,1,,,,2,,13,,,,4,,8,2,,,,,,,,,,,,,,,,,,,,,,,,,,,,,,,,,,,,,,,5,41
1286,"Washington, DC, USA","District of Columbia, USA","United States",38.90732,-77.04453,land,,2015-12-14,,1,,1,0.29,0.13,0.00,,,,1,1,,,,,,,,,1,,,1,1,1,,,,,,,,,,,,,,,,,,,,,,,,,,,,,,,,,,,,,,,,6
1288,"Escambia County, FL, USA","Florida, USA","United States",30.29942,-87.41436,land,,2015-12-11,,1,,1,0.56,0.00,0.00,,,,,,,,,3,5,,,,,,1,,1,,,,,,,,,,,,,,,,,,,,,,,,,,,,,,,,,,,,,,,,7,27
1299,"St Johns County, FL, USA","Florida, USA","United States",29.76845,-81.2524,land,,2015-12-19,,3,,3,1.46,1.53,0.00,,2,,,2,,,,9,13,,3,,2,1,1,2,3,,,,,,,,,,,3,,,,,,,,,,,,,,,,,,,,,,,,,,,,,21,79
1306,"Washington, DC, USA","District of Columbia, USA","United States",38.90728,-77.0439,land,,2015-12-17,,1,,1,0.52,0.02,0.00,,,,,,,,,,,,,,,1,1,,2,,,,,,,,,,,2,,,,,,,1,,,,,,,,,,,,,,,,,,,,,,,8
1308,"St Johns County, FL, USA","Florida, USA","United States",29.85658,-81.26541,land,,2015-12-19,,1,,1,7.62,1.64,0.00,,13,,8,2,5,,,16,287,,6,,2,1,46,3,6,3,,,,,,,,,,2,,,,,,,,,,,,,,,,,,,,,,,,,,,,,50,520
1309,"Maui County, HI, USA","Hawaii, USA","United States",20.65284,-156.4406,land,,2015-12-21,,1,,1,0.40,0.00,0.00,,1,,,,,,,,5,,1,,,,1,,2,,,,,,,,,,,,,,,,,,,,,,,,,,,,,,,,,,,,,,,,1,14
1310,"Palm Beach County, FL, USA","Florida, USA","United States",26.95115,-80.09049,land,,2015-12-21,,1,,1,1.17,0.01,0.00,,,,,8,2,,,5,,,5,,,3,,,4,5,,,,,,,,,,,,,,,,,,,,,,,,,,,,,,,,,,,,,,,,46
1314,"Maui County, HI, USA","Hawaii, USA","United States",20.6528,-156.44063,land,,2015-12-23,,1,,1,0.31,0.01,0.00,,,,,,1,,,1,3,,,,,1,,,,,,,,,,,,,,,,,,,,,,,,,,,,,,,,,,,,,,,,,,,4,11
1354,"Essex County, MA, USA","Massachusetts, USA","United States",42.68554,-70.76459,land,,2015-12-25,,2,,2,38.65,5.92,0.00,,2,,3,12,26,,,6,8,,1,,,14,41,14,1,3,,,,,,,,,,5,,,,,,,7,,,,,,,,,,,,,,,,,,,,,,292,617
6183,"Monroe County, FL, USA","Florida, USA","United States",24.70352334532,-81.077513694763,land,,2015-09-19,"Marathon High School",3,57,60,176.90,2.57,0.00,10,9,22,53,313,28,,4,64,,17,5,8,3,34,15,26,6,14,,,1,20,,7,,53,,,,,,,7,,,,,,,1,,,1,,44,2,4,,93,,,2,,,34,2,59,951
15457,"Chambers County, TX, USA","Texas, USA","United States",29.55506189632,-94.368438720703,land,,2015-09-26,"Chambers County Texas Adopt-A-Beach",82,,82,"2,358.68",1.61,0.00,208,81,301,167,661,235,,51,746,57,156,58,112,107,51,107,163,98,52,,,7,50,5,16,,134,21,41,,,,,31,,57,,,20,,4,,5,5,,18,93,366,286,2076,17,8,25,7,,217,361,1173,8246
27985,"Dare County, NC, USA","North Carolina, USA","United States",36.091886828746,-75.705564022064,land,,2015-04-27,"Outer Banks Bootcamps",44,,44,34.02,0.80,0.00,2,,,,,,,,,50,,,,,,,,,,,,,22,,,,,,1,,,,,,,,,,,,,,,,,,,,1,,,,,,,20,,,94
27988,"Dare County, NC, USA","North Carolina, USA","United States",36.087725269282,-75.70298910141,land,,2015-07-16,"Kitty Hawk Rotary",4,,4,9.07,0.80,0.00,2,,,3,,,,,,75,,,4,,1,,,,,,,,8,,,,,,6,,,,,,,,,,,,,,,,,,,1,1,,,,,7,,1,,,107
27989,"Dare County, NC, USA","North Carolina, USA","United States",36.087725269282,-75.70298910141,land,,2015-07-16,"Kitty Hawk Rotary",5,,5,11.34,0.80,0.00,2,,,5,,,,,,65,,3,,,2,,,,,,,,10,,,,,,3,,,,,,,,,,,,,,,,,,,2,1,,,,,9,,4,,,104
28007,"Dare County, NC, USA","North Carolina, USA","United States",36.085592384661,-75.701766014099,land,,2015-04-26,"Beach Productions",2,1,3,4.08,0.80,0.00,1,,,,,,,,,17,,,,,,,2,2,,,,,9,,,,,,1,,,,,,,,,,,,,,,,,,,3,2,,,,,8,,15,,,59
28023,"Dare County, NC, USA","North Carolina, USA","United States",36.081326441813,-75.699212551117,land,,2015-07-06,"Metro Rental",1,2,3,1.36,0.40,0.00,1,,,3,,,,,,7,,,,,,,,,,,,,,,,,,,3,,,,,,,4,,,,,,,,,,,,,,,,,,6,,1,,,24
28026,"Dare County, NC, USA","North Carolina, USA","United States",36.079219396843,-75.69792509079,land,,2015-07-18,"Rubino Family",1,2,3,9.07,0.80,0.00,2,,,4,,,,,,47,,,9,,16,,,,,,,,4,,,,,,,,,,,,,,,,,,,,,,,,,2,,,,,,8,,8,,,98
28028,"Dare County, NC, USA","North Carolina, USA","United States",36.079219396843,-75.69792509079,land,,2015-04-01,"Miller Family",2,1,3,4.54,0.80,0.00,2,,,,,,,,,47,,,4,,8,,,,,,,,7,,,,,,1,,,,,,,,,,,,,,,,,,,,,,,,,4,,6,,,77
28030,"Dare County, NC, USA","North Carolina, USA","United States",36.079219396843,-75.69792509079,land,,2015-02-28,"Miller Family",2,1,3,9.07,0.80,0.00,3,2,,,,5,,,,6,,,4,,12,4,,2,,,,,11,,,,,,,,,,,,,1,,,,,,,,,,,,1,,,,,,,,1,,,49
28074,"Dare County, NC, USA","North Carolina, USA","United States",36.071371675041,-75.692485570908,land,,2015-07-08,"Church OBX",4,,4,9.07,0.80,0.00,3,,,5,,,,,,23,,,7,,,,,,,,,,5,,,,,,3,,,,,,,,,,,,,,,,,,,,,,,,,,,,,,43
28222,"Dare County, NC, USA","North Carolina, USA","United States",36.039348325801,-75.671811103821,land,,2015-07-20,"Outer Banks Chamber of Commerce Young Professionals",14,,14,34.02,1.21,0.00,14,,,3,,5,,,,50,,,8,,4,3,,2,,,,,20,,,,,,2,,,,,,,,,,,,,,,,,,,11,7,,,,,,,11,,,126
28223,"Dare County, NC, USA","North Carolina, USA","United States",36.039348325801,-75.671811103821,land,,2015-07-06,"Outer Banks Chamber of Commerce Young Professionals",6,,6,24.95,1.21,0.00,6,,,4,,3,,,,33,,,9,,,,,,,,,,14,,,,,,1,,,,,,,3,,,,,,,,,,,,,4,,,,1,2,,,,,74
28235,"Dare County, NC, USA","North Carolina, USA","United States",36.02048557864,-75.65909743309,land,,2015-11-15,"Bold Print Design Studio",1,2,3,4.54,0.40,0.00,1,,,,,2,,,,150,,,1,,1,,,,,,,,,,,,,,2,,,,,,,,,,,,,,,,,,,,1,,,,,,,4,,8,169
28240,"Dare County, NC, USA","North Carolina, USA","United States",36.018767403939,-75.658721923828,land,,2015-07-08,"Lavier Family",2,2,4,6.80,0.40,0.00,2,,,1,,,,,,35,,,3,,2,27,,,,,,,,,,,,,,,,,,,,,,,,,,,,,,,,3,1,,,,,13,,4,,,89
28279,"Dare County, NC, USA","North Carolina, USA","United States",36.017726067707,-75.657863616943,land,,2015-03-15,"Nultemeier Family",1,,1,15.88,0.80,0.00,1,,,1,5,,,,,53,,,,,,24,,,,,,,3,,,,,,2,,,,,,,,,,,,,,,,,,,2,1,,,,,3,,12,,,106
28281,"Dare County, NC, USA","North Carolina, USA","United States",36.017726067707,-75.657863616943,land,,2015-12-31,"Nultemeier Family",1,,1,11.34,0.80,0.00,1,,,6,,,,,,225,,,18,,16,,,,,,,,6,,,,,,12,,,,,,,3,,,,,,,,,,,,3,6,,,,,,,25,,,320
28282,"Dare County, NC, USA","North Carolina, USA","United States",36.017726067707,-75.657863616943,land,,2015-09-01,"Nultemeier Family",1,,1,18.14,0.80,0.00,1,,,6,,,,,,75,,,2,,,26,,,,,,,2,,,,,,14,,,,,,,,,,,,,,,,,,,6,11,,,,,,,15,,,157
28284,"Dare County, NC, USA","North Carolina, USA","United States",36.017726067707,-75.657863616943,land,,2015-07-01,"Nultemeier Family",1,,1,20.41,0.80,0.00,2,,,4,,,,,,50,,,10,,20,,,,,,,,3,,,,,,5,,,,,,,4,,,1,,2,,,,,,,5,5,,,,,,,15,,,124
28394,"Dare County, NC, USA","North Carolina, USA","United States",36.014588959146,-75.655717849731,land,,2015-01-10,"Mike Karpaitis",1,,1,2.27,0.40,0.00,1,,,2,3,,,,,,,,,2,,,,,,,,,,,,,,,,,,,,,,,,,,,,,,,,,,,,,,,,,,,,,7
28411,"Dare County, NC, USA","North Carolina, USA","United States",35.989830493298,-75.641282200813,land,,2015-12-24,"Gallery Row Shops",2,,2,11.34,0.40,0.00,2,,,,8,14,,,,11,,,2,,1,,,,,,,,1,,,,,,,,,,,,,,,,,,,,,,,,,,3,,,,,,,7,,35,82
28412,"Dare County, NC, USA","North Carolina, USA","United States",35.989830493298,-75.641282200813,land,,2015-11-24,"Gallery Row Shops",2,1,3,6.80,0.40,0.00,1,,,,3,1,,,28,2,,,,,,,,,,,,,2,,,,,,2,,,,,,,,,,,,,,,,,,,,1,,,,,,,12,,30,81
28413,"Dare County, NC, USA","North Carolina, USA","United States",35.989830493298,-75.641282200813,land,,2015-07-05,"Gallery Row Shops",2,,2,9.07,0.40,0.00,3,,,2,,,,,5,125,,,2,,2,,,8,,,,,1,,,,,,9,,,,,,,,,,,,,,,,,,,1,6,,,,,95,,5,,45,306
28414,"Dare County, NC, USA","North Carolina, USA","United States",35.989830493298,-75.641282200813,land,,2015-02-22,"Gallery Row Shops",1,,1,4.54,0.40,0.00,1,,,,3,1,,,7,,,,,,1,,,,,,,,1,,,,,,,,,,,,,,,,,,,,,,,,,,2,,,,,,,1,,24,40
28458,"Dare County, NC, USA","North Carolina, USA","United States",35.93623360373,-75.611257553101,land,,2015-11-13,"Blue Moon Beach Grill",3,3,6,4.54,0.40,0.00,1,8,,,3,2,,,8,23,,,1,,,,,2,,,,,7,,,,,,3,,,,,,,1,,,,,,,,,,,,1,2,,,,,,,5,,,66
28460,"Dare County, NC, USA","North Carolina, USA","United States",35.920282986386,-75.602041482925,land,,2015-04-01,Ribeiro,1,,1,6.80,0.40,0.00,2,,,7,,,,,,46,,,12,,4,,,,,,,,6,,,,,,,,,,,,,,,,,,,,,,,,,,,,,,,,,22,8,,105
28464,"Dare County, NC, USA","North Carolina, USA","United States",35.90610630385,-75.594094097614,land,,2015-11-27,Erik,1,,1,4.54,0.40,0.00,1,,,2,,,,,,5,,,,,,,,,,,,,17,,,,,,2,,,,,,,,,,,,,,,,,,,,3,,,,,,,,,,29
28466,"Dare County, NC, USA","North Carolina, USA","United States",35.898845364285,-75.590100288391,land,,2015-11-17,"Blue Water Grill and Raw Bar",15,,15,11.34,0.80,0.00,3,,,3,9,2,,,,29,,,3,,,,,15,,,,,25,,,,,,14,,,,,,,2,,,,,,,,,,,,2,7,,,,,2,,3,,,116
28467,"Dare County, NC, USA","North Carolina, USA","United States",35.898845364285,-75.590100288391,land,,2015-01-07,"Blue Water Grill and Raw Bar",2,,2,6.80,0.80,0.00,3,,,,,2,,,,43,,,1,,1,,,,,,,,6,,,,,,4,,,,,,,3,,,,,,,,,,,,2,2,,,,,,,3,,,67
48781,"Coconino County, AZ, USA","Arizona, USA","United States",35.188959695718,-111.64792256055,land,,2015-06-13,"Flagstaff Ar'",9,,9,"1,551.29",3.22,0.00,228,,,,,,,,,,,,,,,,,,,,,,,5,,,,,,,,,,,,,,,,,,,,,,,,,,,,,,,,,,1,6
48782,"Coconino County, AZ, USA","Arizona, USA","United States",35.213776906113,-111.56080598975,land,,2015-08-15,"Flagstaff Sheep Tank Hill and Walnut Canyon",1,,1,"5,107.45",3.22,0.00,750,,,,,,,,,,,,,,,,,,,,,,,2,,,,,,,,,,,,,,,,,,,,,,,,,,,,,,,,,,,2
48784,"Coconino County, AZ, USA","Arizona, USA","United States",35.127841623756,-111.63081980024,land,,2015-10-15,"Flo Kel Trailhead of AZT",36,,36,"5,497.54",3.22,0.00,808,,,,,,,,,,,,,,,,,,,,,,,12,,,,,,,,,,,,,,,,,,,,,,,,,,,,,,,,,,,12
50202,"Los Angeles County, CA, USA","California, USA","United States",33.813140730461,-118.3911650717,land,,2015-09-15,"Torrance Beach",530,,530,124.96,2.41,0.00,18,41,82,7,46,14,,91,360,1521,43,163,49,69,156,887,111,275,258,,,49,50,58,1,,20,138,31,,,,,55,,,,,10,,4,,1,8,,46,36,52,25,264,101,81,14,16,,2630,142,2335,10340
52161,"Los Angeles County, CA, USA","California, USA","United States",34.050355690919,-118.33779639312,land,,2015-09-15,Dockweiler,1,3,4,6.80,0.40,0.00,1,,,,,,,1,3,14,,,,,,12,,,,,,,,,,,,,1,,,,,,,,,,,,,,,,,,,,,11,1,,,,,9,,18,70
52162,"Los Angeles County, CA, USA","California, USA","United States",34.050355690919,-118.33779639312,land,,2015-09-15,Dockweiler,4,,4,6.80,0.40,0.00,1,,5,1,1,1,,1,10,6,2,1,3,,,4,6,4,,,,,,,,,1,,,,,,,,,,,,,,,,,,,,,,2,,,,,,,,,,48
52164,"Los Angeles County, CA, USA","California, USA","United States",34.050355690919,-118.33779639312,land,,2015-09-15,Dockweiler,2,,2,6.80,0.40,0.00,1,,,,4,,,6,3,2,,,1,,,3,3,,,,,,,,,,,,,,,,,,,,,,,,,,,,,,,,,,,,,,,1,,14,37
52165,"Los Angeles County, CA, USA","California, USA","United States",34.050355690919,-118.33779639312,land,,2015-09-15,Dockweiler,1,,1,6.80,0.40,0.00,3,,5,,,,,,27,32,,5,,,,21,8,21,2,,,,,,2,,,2,,,,,,,,,,,,,,,,,,,,,,,2,,,,,,7,,134
52166,"Los Angeles County, CA, USA","California, USA","United States",34.050355690919,-118.33779639312,land,,2015-09-15,Dockweiler,3,,3,20.41,0.40,0.00,3,,,,,,,10,,15,,,,,,15,4,20,10,,,,,,,,,,,,,,,,,,,,,,,,,,,,,,,,,,,1,,50,,10,135
52167,"Los Angeles County, CA, USA","California, USA","United States",34.050355690919,-118.33779639312,land,,2015-09-15,Dockweiler,2,3,5,15.88,0.40,0.00,2,,,,1,,,11,,35,,15,11,,27,,,7,,,,,,,,,,,,,,,,35,,,,,,,,,,,,,2,,,,,3,1,,,39,5,54,246
52168,"Los Angeles County, CA, USA","California, USA","United States",34.050355690919,-118.33779639312,land,,2015-09-15,Dockweiler,2,,2,6.35,0.40,0.00,1,,,,1,,,5,12,31,,,,,,15,,,,,,,,,,,,,,,,,,25,,,,,,,,,,,,,2,,,,,2,1,,,,,,94
52169,"Los Angeles County, CA, USA","California, USA","United States",34.050355690919,-118.33779639312,land,,2015-09-15,Dockweiler,2,,2,6.35,0.40,0.00,1,,,,,,,6,4,16,,14,2,,,5,1,,,,,,,,,,,,1,,,,,,,,,,,,,,,,,,,,,,,,,1,,28,3,33,114
52171,"Los Angeles County, CA, USA","California, USA","United States",34.050355690919,-118.33779639312,land,,2015-09-15,Dockweiler,2,,2,6.35,0.40,0.00,1,6,,1,1,,,1,2,8,,1,,1,,26,2,,6,,,,,,,,,,,,,,,2,,,,,,,,,,,,,,,,15,,,,,,,,,72
52172,"Los Angeles County, CA, USA","California, USA","United States",34.050355690919,-118.33779639312,land,,2015-09-15,Dockweiler,2,,2,6.35,0.40,0.00,1,,1,2,1,,,15,4,8,,,,,,25,,1,2,,,,,,,,,1,,,,,,,,,,,,,,,,,,,,,,,,,,,,8,45,41,154
52173,"Los Angeles County, CA, USA","California, USA","United States",34.050355690919,-118.33779639312,land,,2015-09-15,Dockweiler,2,,2,6.35,0.40,0.00,2,,,,,,,2,3,8,,,,,1,,,2,,,,,2,,,,,,,,,,,,,,,,,,,,,,,,,,,2,,,,,,6,,6,32
52176,"Los Angeles County, CA, USA","California, USA","United States",34.050355690919,-118.33779639312,land,,2015-09-15,Dockweiler,5,,5,15.88,0.40,0.00,2,1,,,,,,12,25,50,,,,,,55,,5,2,,,,2,,,,,,,,,,,,,,,,,,,,,,,,,,,,,7,,1,,120,20,60,360
52177,"Los Angeles County, CA, USA","California, USA","United States",34.050355690919,-118.33779639312,land,,2015-09-15,Dockweiler,2,,2,6.35,0.40,0.00,1,,,,1,,,2,1,,,1,,,,,1,2,1,,,,,,,,,1,,,,,,23,,,,,,,,,,,,,,,2,,,7,,,,20,2,50,114
52178,"Los Angeles County, CA, USA","California, USA","United States",34.050355690919,-118.33779639312,land,,2015-09-15,Dockweiler,2,,2,6.35,0.40,0.00,1,,,,,,,,2,4,,,,,,,,2,,,,,,,,,,,1,,,,,,,,,,,,,,,,,,,,1,,,,,,,1,1,1,13
52179,"Los Angeles County, CA, USA","California, USA","United States",34.050355690919,-118.33779639312,land,,2015-09-15,Dockweiler,3,,3,9.53,0.40,0.00,1,,,,1,,,1,1,10,1,6,,,,2,,1,,,,,1,,,,1,,3,,,,,1,,,,,,,,,,,,,,,3,2,,1,,,,20,4,20,79
52181,"Los Angeles County, CA, USA","California, USA","United States",34.050355690919,-118.33779639312,land,,2015-09-15,Dockweiler,3,,3,9.53,0.40,0.00,1,,,,,,,2,5,,,,5,,,8,,2,,,,,,,,,,,,,,,,,,,,,,,,,,,,,,,,,,12,,,,,,,34
52182,"Los Angeles County, CA, USA","California, USA","United States",34.050355690919,-118.33779639312,land,,2015-09-15,Dockweiler,2,,2,6.35,0.40,0.00,1,,,6,,1,,1,1,6,,,,,,5,4,,,,,,,,,,,,,,,,,,,,,,,,,,,,,,,,,1,,5,1,,,1,1,60,93
52183,"Los Angeles County, CA, USA","California, USA","United States",34.050355690919,-118.33779639312,land,,2015-09-15,Dockweiler,2,,2,6.35,0.40,0.00,1,8,6,5,2,,,8,5,22,7,,,10,2,27,,9,4,,,,1,,,,,,1,,,,,2,,,,,,,,,,,,,,,,,,,,,,25,13,14,171
52184,"Los Angeles County, CA, USA","California, USA","United States",34.050355690919,-118.33779639312,land,,2015-09-15,Dockweiler,2,,2,6.35,0.40,0.00,1,,,1,1,,,8,11,18,5,5,7,,,,,,3,,,,,,,,,,1,,,,,,,,,,2,,,,,1,,,,,2,,1,,,,,21,11,33,131
52186,"Los Angeles County, CA, USA","California, USA","United States",34.050355690919,-118.33779639312,land,,2015-09-15,Dockweiler,2,,2,6.35,0.40,0.00,1,,,,,,,1,7,4,,,,,,1,,3,,,,,,,,,,,,,,,,,,,,,,,,,,,,,1,,,37,,,,,,2,1,13,70
52187,"Los Angeles County, CA, USA","California, USA","United States",34.050355690919,-118.33779639312,land,,2015-09-15,Dockweiler,2,,2,6.35,0.40,0.00,1,4,4,,3,,,2,6,6,,,,,3,6,4,3,4,,,,,,,,,,2,,,,,,,,,,,,,,,,,,,,,3,1,1,,,,1,2,14,69
52188,"Los Angeles County, CA, USA","California, USA","United States",34.050355690919,-118.33779639312,land,,2015-09-15,Dockweiler,4,,4,12.70,0.40,0.00,2,,,,,,,,3,,,,,,,,,1,,,,,3,,,,,,,,,,,,,,,,,,,,,,,,,,,,,6,,,,,1,32,46
52189,"Los Angeles County, CA, USA","California, USA","United States",34.050355690919,-118.33779639312,land,,2015-09-15,Dockweiler,3,,3,9.53,0.40,0.00,1,,,,,,,,,,,,,,,2,,,,,,,,10,,,,,,,,,,,,,,,,,,,,,,,,,,,,1,,,,,,,13
52190,"Los Angeles County, CA, USA","California, USA","United States",34.050355690919,-118.33779639312,land,,2015-09-15,Dockweiler,2,,2,6.35,0.40,0.00,1,1,,,,,,,,1,,4,,,,4,,,,,,,1,,1,,,,,,,,,1,,,,,,,,,,,,,,,,,,,,,,3,,,16
52191,"Los Angeles County, CA, USA","California, USA","United States",34.050355690919,-118.33779639312,land,,2015-09-15,Dockweiler,2,,2,6.35,0.40,0.00,1,2,1,,5,,,1,15,4,,,,,,15,,10,3,,,,,1,,,,,1,,,,,5,,,,,,,,,,2,,,1,2,,,,,,1,,5,,20,94
52192,"Los Angeles County, CA, USA","California, USA","United States",34.050355690919,-118.33779639312,land,,2015-09-15,Dockweiler,3,,3,9.53,0.40,0.00,1,,2,,1,,,5,4,15,,1,,5,25,25,,2,1,,,,,,,,,1,1,,,,,,,,,,,,2,,,,,,,,,,,1,1,,,12,5,5,114
52193,"Los Angeles County, CA, USA","California, USA","United States",34.050355690919,-118.33779639312,land,,2015-09-15,Dockweiler,6,,6,19.05,0.40,0.00,3,17,5,,4,2,,2,6,23,3,2,4,12,7,10,7,11,7,,,,,7,2,,,,,,,,,,,,,,,,1,,,,,,2,,2,18,2,,,,,28,14,21,219
52201,"Los Angeles County, CA, USA","California, USA","United States",34.050142346683,-118.33796805449,land,,2015-09-15,Dockweiler,4,,4,13.61,0.40,0.00,2,4,3,1,4,2,,20,11,41,3,2,1,1,1,17,12,4,4,,,6,7,,,,4,,,,,,,2,,,,,,,,,,,,,,,2,10,,3,,1,,16,10,28,220
52202,"Los Angeles County, CA, USA","California, USA","United States",34.050142346683,-118.33796805449,land,,2015-09-15,Dockweiler,2,,2,6.35,0.40,0.00,1,,,,,,,4,4,2,,,,,,10,,,2,,,,4,,,,,,2,,,,,,,,,,,,,,,,,,,,,,,,,,,2,,14,44
52203,"Los Angeles County, CA, USA","California, USA","United States",34.050142346683,-118.33796805449,land,,2015-09-15,Dockweiler,2,,2,6.35,0.40,0.00,1,1,1,1,,,,7,5,30,5,,1,3,2,2,,,,,,,,,,,,,,,,,,,,,,,,,,,,,,,,,,,,1,,,,11,5,41,116
52204,"Los Angeles County, CA, USA","California, USA","United States",34.050142346683,-118.33796805449,land,,2015-09-15,Dockweiler,2,,2,6.35,0.40,0.00,1,,1,,2,,,3,11,35,,1,1,,,18,3,4,2,,,,,,,,,2,,,,,,,,,,,,,,,,,,,1,,,2,,1,1,,,20,,60,168
52205,"Los Angeles County, CA, USA","California, USA","United States",34.050142346683,-118.33796805449,land,,2015-09-15,Dockweiler,2,,2,6.35,0.40,0.00,2,,,,1,,,,2,8,,,,3,,,,1,,,,,,,,,,,,,,,,,,,,,,,,,,,,,,,,,,,,,,15,,3,33
52207,"Los Angeles County, CA, USA","California, USA","United States",34.050142346683,-118.33796805449,land,,2015-09-15,Dockweiler,3,1,4,12.70,0.40,0.00,2,,,1,,,,30,50,550,,1,,,,50,3,30,4,,,,,,,,,,2,,,,,,,,,,,,,,,,,,,,,5,,1,,,,5000,,2000,7727
52208,"Los Angeles County, CA, USA","California, USA","United States",34.050142346683,-118.33796805449,land,,2015-09-15,Dockweiler,2,,2,6.35,0.40,0.00,1,3,9,,,2,,3,2,5,2,,,,1,30,,,1,,,,,,,,,,,,,,,6,,,,,,,,,,,,,,,,8,1,,4,,,65,2,2,146
52209,"Los Angeles County, CA, USA","California, USA","United States",34.050142346683,-118.33796805449,land,,2015-09-15,Dockweiler,2,,2,6.35,0.40,0.00,1,5,,,1,,,,,4,15,10,,,4,10,10,3,,,,,,,,,,4,1,,,,,,,,,,,,,,,,,,,,,13,,5,,,,15,,,100
52210,"Los Angeles County, CA, USA","California, USA","United States",34.050142346683,-118.33796805449,land,,2015-09-15,Dockweiler,2,,2,6.35,0.40,0.00,1,2,,1,2,,,1,5,11,7,13,,,,7,,1,,,,,7,,,,,1,1,,,,,,,,,,,,,,,,,,,,,,,,1,,,72,21,50,203
52211,"Los Angeles County, CA, USA","California, USA","United States",34.050142346683,-118.33796805449,land,,2015-09-15,Dockweiler,2,,2,6.35,0.40,0.00,1,,5,,,,,,5,4,,,,,,14,7,4,,,,,,,,,,4,,,,,,1,,,,,,,,,,,,,,,,1,,1,,,,8,7,85,146
52213,"Los Angeles County, CA, USA","California, USA","United States",34.050142346683,-118.33796805449,land,,2015-09-15,Dockweiler,2,,2,5.44,4.83,0.00,3,,8,,2,,,,5,5,2,,,,,8,,4,,,,,4,9,,,,1,,,,,,,,,,,1,,,,,1,,,,,4,2,1,1,1,,,4,1,30,94
52214,"Los Angeles County, CA, USA","California, USA","United States",34.050142346683,-118.33796805449,land,,2015-09-15,Dockweiler,3,,3,9.53,0.40,0.00,1,,2,,,,,2,7,8,,,1,,4,8,2,5,1,,,,,,,,,,1,,,,,,,,,,,,,,,,,,,,,,,5,,,,2,2,7,57
52215,"Los Angeles County, CA, USA","California, USA","United States",34.050142346683,-118.33796805449,land,,2015-09-15,Dockweiler,2,,2,6.35,0.40,0.00,1,7,3,3,4,2,,4,17,20,1,1,1,,,6,,3,1,,,,,,,,,4,,,,,,1,,,,,,,,,,,,,,,,16,,28,,1,,30,,15,168
52216,"Los Angeles County, CA, USA","California, USA","United States",34.050142346683,-118.33796805449,land,,2015-09-15,Dockweiler,2,,2,6.35,0.40,0.00,1,,,5,1,1,,2,6,13,,,1,,1,23,,,,,,,,,,,,,,,,,,,,,,,,,,,,,,,,,,,,,,,,68,,1,122
52217,"Los Angeles County, CA, USA","California, USA","United States",34.050142346683,-118.33796805449,land,,2015-09-15,Dockweiler,2,,2,6.35,0.40,0.00,1,,1,,,,,1,3,7,,,,,,17,,3,1,,,,,,,,,1,,,,,,,,,,,,,,,,,,,,,,12,,,,,,6,3,44,99
52219,"Los Angeles County, CA, USA","California, USA","United States",34.050142346683,-118.33796805449,land,,2015-09-15,Dockweiler,2,,2,6.35,0.40,0.00,1,,2,,,,,,1,3,,,,,2,11,,2,,,,,5,,,,,,,,,,,7,,,,,,,,,,,,,,,,,1,1,,,,15,2,25,77
52220,"Los Angeles County, CA, USA","California, USA","United States",34.050142346683,-118.33796805449,land,,2015-09-15,Dockweiler,2,,2,6.35,0.40,0.00,1,,7,2,,,,,,11,4,,2,,,17,,10,,,,,,,,,,,,,,,,,,,,,,,,,,1,,,,,,,,5,,,,,,23,82
52222,"Los Angeles County, CA, USA","California, USA","United States",34.050142346683,-118.33796805449,land,,2015-09-15,Dockweiler,2,,2,6.35,0.40,0.00,1,1,,,,,,1,2,5,7,1,3,,,26,,2,,,,,,,,,,,,,,,,,,,,,,,1,,,1,,,,,,7,1,,,,,30,3,8,99
52223,"Los Angeles County, CA, USA","California, USA","United States",34.050142346683,-118.33796805449,land,,2015-09-15,Dockweiler,3,,3,9.53,0.40,0.00,1,1,,,1,,,1,1,1,,,,1,,1,,1,1,,,,,,,,,1,,,,,,,,,,,,,,,,,,,,,,,,,,,,1,1,1,13
52224,"Los Angeles County, CA, USA","California, USA","United States",34.050142346683,-118.33796805449,land,,2015-09-15,Dockweiler,2,,2,6.35,0.40,0.00,1,,6,,,,,6,5,11,,,,,,21,,5,,,,,,,,,,2,,,,,,7,,,,,,,,,,,,,,,,,,,,,,8,6,63,140
52227,"Los Angeles County, CA, USA","California, USA","United States",34.050142346683,-118.33796805449,land,,2015-09-15,Dockweiler,2,,2,6.35,0.40,0.00,1,,8,,1,2,,,7,,,,1,,,12,1,8,1,,,,,,19,,,,,,,,,5,,,,,,,,,1,,,,,,4,27,,7,1,,,17,,,122
52228,"Los Angeles County, CA, USA","California, USA","United States",34.050142346683,-118.33796805449,land,,2015-09-15,Dockweiler,2,,2,6.35,0.40,0.00,1,,,,1,,,3,5,22,1,1,,,,10,,1,1,,,2,2,1,,,,1,1,,,,,7,,,,,,,,,,1,,,,,,1,,,1,2,,3,2,36,105
52229,"Los Angeles County, CA, USA","California, USA","United States",34.050142346683,-118.33796805449,land,,2015-09-15,Dockweiler,2,,2,6.35,0.40,0.00,1,,1,,,2,,4,5,17,,,,,,18,,1,,,,,,,,,,2,1,,,,,,,,,,,,,,,,,,,,,2,1,2,,,,21,,32,109
52230,"Los Angeles County, CA, USA","California, USA","United States",34.050142346683,-118.33796805449,land,,2015-09-15,Dockweiler,6,4,10,31.75,0.40,0.00,5,1,,,,,,2,21,56,,,,,,34,,6,,,,,,,,,,,2,,,,,1,,,,,,,,,,,,,,,1,1,,,,,,137,3,56,321
52232,"Los Angeles County, CA, USA","California, USA","United States",34.050142346683,-118.33796805449,land,,2015-09-15,Dockweiler,2,,2,6.35,0.40,0.00,1,,,,,,,,,,,,,,,5,,,,,,,,,,,,,,,,,,,,,,,,,,,,,,,,,,,,,,,,,,,5
52233,"Los Angeles County, CA, USA","California, USA","United States",34.050142346683,-118.33796805449,land,,2015-09-15,Dockweiler,2,,2,6.35,1.61,0.00,1,3,,,,1,,1,3,2,,2,,3,,15,1,3,4,,,,,,,,,,1,,,,,,,,,,,,,,,,,,5,,,,,2,3,,,10,,,59
52234,"Los Angeles County, CA, USA","California, USA","United States",34.050142346683,-118.33796805449,land,,2015-09-15,Dockweiler,2,,2,6.35,0.40,0.00,1,,8,,1,2,,1,12,10,,1,2,1,4,24,11,5,2,,,,2,2,,,,1,,,,,,1,,,,,,,1,,,,,,1,,1,6,,1,,,,5,1,28,134
52236,"Los Angeles County, CA, USA","California, USA","United States",34.050142346683,-118.33796805449,land,,2015-09-15,Dockweiler,2,,2,6.35,0.40,0.00,1,,,,,,,1,1,8,,1,,,,2,,1,,,,,,,,,1,1,1,,,,,,,,,,,,,,,,,,,,,2,,,,,,5,3,4,31
52240,"Los Angeles County, CA, USA","California, USA","United States",34.050142346683,-118.33796805449,land,,2015-09-15,Dockweiler,4,,4,12.70,0.40,0.00,2,10,1,1,1,1,,5,4,10,,,1,,,14,,2,2,,,,1,,,,,,,,,,,,,,,,,,,,,,,,,,,,,4,,,,18,2,19,96
52241,"Los Angeles County, CA, USA","California, USA","United States",34.050142346683,-118.33796805449,land,,2015-09-15,Dockweiler,1,,1,3.18,0.40,0.00,1,,,,,,,3,2,25,,,,,,12,,,,,,,,,,,,,,,,,,,,,,,,,,,,,,,,,,,2,2,,,,18,6,5,75
52242,"Los Angeles County, CA, USA","California, USA","United States",34.050142346683,-118.33796805449,land,,2015-09-15,Dockweiler,3,3,6,19.05,0.40,0.00,3,,,,,,,10,26,55,,,,,,,,2,,,,,,,,,,1,1,,,,,,,,,,,,,,,,,,,,,,,,,,,,3,15,113
52243,"Los Angeles County, CA, USA","California, USA","United States",34.050142346683,-118.33796805449,land,,2015-09-15,Dockweiler,3,,3,9.53,0.40,0.00,1,,,,,2,,2,5,6,4,,5,10,,3,7,,3,,,,,,,,,,,,,,,3,,,,,2,,,,,,,,,,,,5,8,,,,13,1,,79
52244,"Los Angeles County, CA, USA","California, USA","United States",34.050142346683,-118.33796805449,land,,2015-09-15,Dockweiler,3,,3,9.53,0.40,0.00,1,2,,,,1,,2,10,10,3,3,,,2,7,2,2,3,,,,,,,,,,,,,,,,,,,,,,,,,,,,,,,,,5,,,,15,5,5,77
52245,"Los Angeles County, CA, USA","California, USA","United States",34.050142346683,-118.33796805449,land,,2015-09-15,Dockweiler,6,,6,19.05,0.40,0.00,3,,,3,5,1,,6,5,10,,,,,,1,,10,2,,,,,,7,,2,,1,,,,,2,,,,,1,,2,,,2,,,,,,,,,1,,,5,5,10,81
52246,"Los Angeles County, CA, USA","California, USA","United States",34.050142346683,-118.33796805449,land,,2015-09-15,Dockweiler,2,,2,6.35,0.40,0.00,1,,1,,1,,,2,1,5,2,,,,,,2,,1,,,,,,,,,,,,,,,,,,,,,,,,,,,,,,2,,,2,,,,7,3,34,63
52247,"Los Angeles County, CA, USA","California, USA","United States",34.050142346683,-118.33796805449,land,,2015-09-15,Dockweiler,3,,3,9.53,0.40,0.00,1,,,,12,,,,11,,,,2,7,3,13,4,12,,,,,,,,,,2,,,,,,,,,,,,,,,,,,,,,,,,,,,,30,1,40,137
52249,"Los Angeles County, CA, USA","California, USA","United States",34.050142346683,-118.33796805449,land,,2015-09-15,Dockweiler,2,,2,6.35,0.40,0.00,1,1,,3,6,,,3,3,35,,1,1,,,40,,,5,,,,,,,,,,,,,,,,,,,,,,,,,,,,,,,,,,,,,30,10,50,188
52250,"Los Angeles County, CA, USA","California, USA","United States",34.050142346683,-118.33796805449,land,,2015-09-15,Dockweiler,1,,1,3.18,0.40,0.00,1,,,,,,,3,5,20,1,,,2,,8,3,2,3,,,,1,,,,,,,,,,,,,,,,,,,,,,,,,,,,,1,1,,,30,2,15,97
52251,"Los Angeles County, CA, USA","California, USA","United States",34.050142346683,-118.33796805449,land,,2015-09-15,Dockweiler,8,1,9,28.58,0.40,0.00,5,1,,1,,3,,10,11,25,,1,2,,1,45,2,5,1,,,,,,,,,,2,,,,,,,,,,,,,,,1,,,,,,1,,5,,,,47,8,60,232
52253,"Los Angeles County, CA, USA","California, USA","United States",34.050142346683,-118.33796805449,land,,2015-09-15,Dockweiler,2,,2,6.35,0.40,0.00,1,,,,,,,1,15,25,,1,,,,20,,10,1,,,,,,,,,1,2,,,,,,,,,,,,,,,,,,,,,5,,,,,,100,2,10,193
52254,"Los Angeles County, CA, USA","California, USA","United States",34.050142346683,-118.33796805449,land,,2015-09-15,Dockweiler,2,,2,6.35,0.40,0.00,1,,20,,,,,,5,16,,,,,,,,,,,,,,,,,,,,,,,,,,,,,,,,,,,,,,,1,5,,8,,,,,2,25,82
52255,"Los Angeles County, CA, USA","California, USA","United States",34.050142346683,-118.33796805449,land,,2015-09-15,Dockweiler,2,,2,6.35,0.40,0.00,1,,,,,,,6,4,10,,,,,,,,3,,,,,,,,,2,,,,,,,,,,,,1,,,,,,,,,,,3,,2,,,,5,9,9,54
52256,"Los Angeles County, CA, USA","California, USA","United States",34.050142346683,-118.33796805449,land,,2015-09-15,Dockweiler,2,,2,6.35,0.40,0.00,1,,,,1,,,,1,17,,,,,,,,3,,,,,,,,,,,,,,,,1,,,,,,,,,,,,,,,,,,1,,,,8,1,12,45
52257,"Los Angeles County, CA, USA","California, USA","United States",34.050142346683,-118.33796805449,land,,2015-09-15,Dockweiler,2,,2,6.35,0.40,0.00,1,,,,,,,5,5,15,,,,15,,,5,,,,,,,,,,,,,,,,,,,,,,,,,,,,,,,,,,,,,,,20,10,10,85
52260,"Los Angeles County, CA, USA","California, USA","United States",34.050142346683,-118.33796805449,land,,2015-09-15,Dockweiler,2,,2,6.35,0.40,0.00,1,,,2,,,,7,,5,,,,,1,7,,,1,,,,,,,,,,,,,,,100,,,,,,,,,,,,,,3,,14,,,,,,1,1,8,150
52261,"Los Angeles County, CA, USA","California, USA","United States",34.050142346683,-118.33796805449,land,,2015-09-15,Dockweiler,2,,2,6.35,0.40,0.00,1,,,3,4,1,,19,7,37,,1,,,,19,1,13,1,,,,,,,,,2,,,,,,,,,,,,,,,,,,,,,,13,,,2,,,34,16,54,227
52263,"Los Angeles County, CA, USA","California, USA","United States",34.050142346683,-118.33796805449,land,,2015-09-15,Dockweiler,3,,3,9.53,0.40,0.00,1,,1,1,1,,,3,6,23,,,,,,7,,,,,,,,,,,,,,,,,,,,,,,,,,,,,,,,,1,,,,,,,39,7,55,144
52264,"Los Angeles County, CA, USA","California, USA","United States",34.050142346683,-118.33796805449,land,,2015-09-15,Dockweiler,2,,2,6.35,0.40,0.00,1,,5,,,1,,,,1,2,3,1,,,2,,,,,,,,,,,,,,,,,,,,,,,,,,,,,,,,,,,,,,,,2,,5,22
52266,"Los Angeles County, CA, USA","California, USA","United States",34.050142346683,-118.33796805449,land,,2015-09-15,Dockweiler,2,2,4,12.70,0.40,0.00,2,,,,1,,,1,1,4,,,,,,2,,,,,,,,,,,,,,,,,,,,,,,,,,,,,,,,,,,,1,,,,10,,36,56
52267,"Los Angeles County, CA, USA","California, USA","United States",34.050142346683,-118.33796805449,land,,2015-09-15,Dockweiler,2,,2,6.35,0.40,0.00,1,,,,,,,10,13,15,,,,10,,12,,3,,,,,,,,,,,2,,,,,,,,,,,,,,,,,,,,,,,,,,,13,2,7,87
52268,"Los Angeles County, CA, USA","California, USA","United States",34.050142346683,-118.33796805449,land,,2015-09-15,Dockweiler,5,,5,15.88,0.40,0.00,2,1,,,,,,2,2,15,1,,1,,,12,,1,,,,,,,,,,,1,,,,,1,,,,,1,,,,,,,,,,1,,,,,,,19,6,50,114
52269,"Los Angeles County, CA, USA","California, USA","United States",34.050142346683,-118.33796805449,land,,2015-09-15,Dockweiler,3,,3,9.53,0.40,0.00,1,,,1,,,,4,4,11,1,,,,,6,,,1,,,,,,,,,8,1,,,,,2,,,,,,,,,,,,,,,,,,,,,,23,8,77,147
52270,"Los Angeles County, CA, USA","California, USA","United States",34.050142346683,-118.33796805449,land,,2015-09-15,Dockweiler,2,,2,6.35,0.40,0.00,1,,,,,,,,2,,5,,,4,3,13,3,,,,,,3,,,,,,,,,,,,,,,,,,,,,,,,,,,,,10,2,1,,22,2,22,92
52272,"Los Angeles County, CA, USA","California, USA","United States",34.050142346683,-118.33796805449,land,,2015-09-15,Dockweiler,2,,2,6.35,0.40,0.00,1,,,1,,,,6,10,10,,,,,,7,,,,,,,,,,,,,,,,,,,,,,,,,,,,,,,,,,,,,,,,5,3,27,69
52273,"Los Angeles County, CA, USA","California, USA","United States",34.050142346683,-118.33796805449,land,,2015-09-15,Dockweiler,2,,2,6.35,0.40,0.00,1,,,,,,,8,28,37,,,,20,3,10,,2,2,,,,,,,,,,,,,,,,,,,,,,,,,,,,,,,,,,,,,,,,110
52274,"Los Angeles County, CA, USA","California, USA","United States",34.050142346683,-118.33796805449,land,,2015-09-15,Dockweiler,2,,2,6.35,0.40,0.00,1,,,,,,,3,5,9,,,,,,10,,,,,,,,,,,,,,,,,,,,,,,,,,,,,,,,,,,,,1,,,20,2,15,65
52276,"Los Angeles County, CA, USA","California, USA","United States",34.050142346683,-118.33796805449,land,,2015-09-15,Dockweiler,4,,4,0.45,0.80,0.00,1,,,1,1,,,5,,9,,3,,,4,9,,,,,,,2,,,,,,,,,,,,,,,,,,,,,,,,,,,5,,1,,,,12,1,13,66
52277,"Los Angeles County, CA, USA","California, USA","United States",34.050142346683,-118.33796805449,land,,2015-09-15,Dockweiler,2,,2,6.35,0.40,0.00,1,1,6,2,3,1,,17,26,26,9,2,2,9,3,23,4,5,3,,,,,,,,,,1,,,,,,,,,,,,,,,,,,,,,3,2,1,3,,,75,4,2,233
52278,"Los Angeles County, CA, USA","California, USA","United States",34.050142346683,-118.33796805449,land,,2015-09-15,Dockweiler,3,,3,9.53,0.40,0.00,1,,2,,,,,,15,30,11,13,7,,,24,,4,,,,,,,,,,,,,,,,,,,,,,,,,,,,,4,,,1,1,2,3,,,45,,35,197
52281,"Los Angeles County, CA, USA","California, USA","United States",34.050142346683,-118.33796805449,land,,2015-09-15,Dockweiler,3,,3,9.53,0.40,0.00,1,,6,,,1,,3,12,7,5,5,3,,2,14,4,4,1,,,,,,,,,1,2,,,,,,,,,,,,1,,,,,,,,,1,1,3,2,,,10,,30,118
52282,"Los Angeles County, CA, USA","California, USA","United States",34.050142346683,-118.33796805449,land,,2015-09-15,Dockweiler,7,1,8,4.54,0.80,0.00,3,,,10,2,,,10,10,8,,,,,5,2,7,5,2,,,,,,,,,,,,,,,,,,,,,,,,,,,,,,,5,10,5,,,,6,5,9,101
52283,"Los Angeles County, CA, USA","California, USA","United States",34.050142346683,-118.33796805449,land,,2015-09-15,Dockweiler,2,,2,6.35,0.40,0.00,1,,,,,,,1,,5,1,,1,7,2,6,4,1,,,,,,,,,,3,1,,,,,,,,,,,,,,,,,,2,,,1,,2,,,,8,4,19,68
52285,"Los Angeles County, CA, USA","California, USA","United States",34.050142346683,-118.33796805449,land,,2015-09-15,Dockweiler,3,,3,9.53,0.40,0.00,1,,,,,,,3,4,15,,,,,,2,,4,3,,,,,,,,,1,,,,,,,,,,,,,,,,,,,,,,1,,1,,,,9,,17,60
52286,"Los Angeles County, CA, USA","California, USA","United States",34.050142346683,-118.33796805449,land,,2015-09-15,Dockweiler,2,,2,6.35,0.40,0.00,1,,,,,,,,,,,,,,,,2,,,,,,,,,,,,,,,,,,,,,,,,,,,,,,,,,,,3,,,,6,,7,18
52287,"Los Angeles County, CA, USA","California, USA","United States",34.050142346683,-118.33796805449,land,,2015-09-15,Dockweiler,2,,2,6.35,0.40,0.00,1,,,,,,,,,7,,,,,,12,,,,,,,,,,,,,,,,,,,,,,,,,,,,,,,,,,,,,,,,15,,5,39
52288,"Los Angeles County, CA, USA","California, USA","United States",34.050142346683,-118.33796805449,land,,2015-09-15,Dockweiler,1,,1,2.27,1.61,0.00,1,,5,1,1,3,,3,13,,6,5,1,10,5,20,5,2,,,,,,,,,,,,,,,,2,,,,,,,,,,,,,,,,,,,,,,,,,82
52290,"Los Angeles County, CA, USA","California, USA","United States",34.050142346683,-118.33796805449,land,,2015-09-15,Dockweiler,1,,1,3.18,0.40,0.00,1,,,1,3,2,,2,8,,2,,,2,6,6,1,6,2,,,,,,,,,2,,,,,,2,,,,,,,,,,1,,,,,,7,,,,,,16,,10,79
52291,"Los Angeles County, CA, USA","California, USA","United States",34.050142346683,-118.33796805449,land,,2015-09-15,Dockweiler,2,1,3,2.27,0.40,0.00,1,1,1,1,3,3,,,6,,4,5,2,5,3,8,3,5,,,,,,,,,,,,,,,,2,,,,,,,,,,,,,,,,,,,,,,20,,10,82
52292,"Los Angeles County, CA, USA","California, USA","United States",34.050142346683,-118.33796805449,land,,2015-09-15,Dockweiler,2,,2,6.35,0.40,0.00,1,1,,,,,,3,,2,,2,,,,10,,,,,,,2,,,,,,,,,,,3,,,,,,,,,,,,,,,,1,,,1,,,,1,1,27
52293,"Los Angeles County, CA, USA","California, USA","United States",34.050142346683,-118.33796805449,land,,2015-09-15,Dockweiler,2,,2,6.35,0.40,0.00,1,,1,,,,,,3,,,,,,,4,,1,,,,,,,,,,,,,,,,,,,,,,,,,,,,,,,,2,,,,,,,,3,14
52294,"Los Angeles County, CA, USA","California, USA","United States",34.050142346683,-118.33796805449,land,,2015-09-15,Dockweiler,2,,2,6.35,0.40,0.00,1,2,8,,1,,,3,11,5,,,,,,2,1,2,,,,,,,,,,,,,,,,,,,,,,,,,,,,,,,2,,,,1,,,62,4,12,116
102430,"Humboldt County, CA, USA","California, USA","United States",40.57786099692,-124.15462915467,land,,2015-09-19,"NEC CCD 2015",2,3,5,9.98,0.80,0.00,5,5,,,,15,,15,50,403,,8,,,,100,5,5,5,,,,,,,,,,,,,,,,,,,,,,,,,,,,,,,45,,25,10,,,10,35,44,780
102431,"Humboldt County, CA, USA","California, USA","United States",40.827385644224,-124.18620793718,land,,2015-09-19,"NEC CCD 2015",8,,8,612.35,6.44,0.00,24,100,100,40,40,50,,50,50,200,10,50,10,5,50,100,25,25,25,,,,4,5,,,10,3,,,,,,10,,,,,6,,1,,4,2,,,,,5,10,10,6,2,,,200,100,200,1508
102432,"Humboldt County, CA, USA","California, USA","United States",41.047752669586,-124.1249920128,land,,2015-09-19,"NEC CCD 2015",3,,3,1.81,0.80,0.00,1,,4,1,1,2,,1,,12,3,,1,,,,,,,,,,,,,,,1,,,,,,3,,,,,1,,5,,,,,,,1,,3,,,,3,,1,1,10,54
102433,"Humboldt County, CA, USA","California, USA","United States",40.846749721106,-124.17444212883,land,,2015-09-19,"NEC CCD 2015",6,,6,4.54,3.22,0.00,2,1,,1,4,1,,2,3,3,,1,1,,,3,1,,,,,,,,,,,,,,,,,,,,,,,,,,,,,,2,,3,4,,,,1,,2,,13,46
102434,"Humboldt County, CA, USA","California, USA","United States",40.798291735514,-124.15104929813,land,,2015-09-19,"NEC CCD 2015",10,,10,68.04,3.22,0.00,11,4,18,15,5,15,,46,21,1051,5,10,4,,6,108,3,7,3,,,,2,3,,,,3,1,,,,,6,,,,,3,,,,3,2,,,1,,,2,7,1,,,,12,58,83,1508
102436,"Humboldt County, CA, USA","California, USA","United States",40.775266730366,-124.14915935347,land,,2015-09-19,"NEC CCD 2015",2,1,3,9.07,1.61,0.00,6,,4,2,10,8,,2,13,20,,,,,3,80,2,11,,,,,,,,,,,10,,,,,,,,,,5,,,,,,,,,,,,4,,,,,,,,174
109771,"Humboldt County, CA, USA","California, USA","United States",40.646050254317,-124.30963629811,land,,2015-09-19,"NEC CCD 2015",3,,3,136.08,4.83,0.00,5,3,3,16,90,17,,,22,,4,3,6,1,3,7,10,1,1,,,,1,,,,18,,1,,,,,,,,,,,,,,,,,2,2,1,6,4,1,,9,,,25,,15,272
109772,"Humboldt County, CA, USA","California, USA","United States",41.028756358408,-124.1116153913,land,,2015-09-19,"NEC CCD 2015",2,,2,36.29,4.83,0.00,2,8,9,4,7,9,,10,3,70,4,2,7,19,4,60,4,7,1,,,,7,1,1,,1,3,7,,,,,4,,,,,,,,,,,,1,1,2,70,10,4,4,2,6,,15,2,27,396
109774,"Humboldt County, CA, USA","California, USA","United States",41.057320682474,-124.1439072551,land,,2015-09-19,"NEC CCD 2015",14,,14,1.09,0.80,0.00,1,,,,2,2,,2,1,17,,,1,,,8,1,,,,,3,2,1,10,,,7,,,,,,,,,,,,,,,,,,51,,50,1,1,2,,,,,,20,15,197
109775,"Humboldt County, CA, USA","California, USA","United States",40.595408395465,-124.15045419281,land,,2015-09-18,"NEC CCD 2015",41,,41,181.44,3.22,0.00,25,10,30,70,90,80,,36,19,162,10,6,15,6,25,45,7,12,9,,,,4,7,1,,14,2,4,,,,,,,,,,,,2,,,,,4,,16,15,,8,,2,,,21,54,40,826
109776,"Humboldt County, CA, USA","California, USA","United States",41.252418056585,-124.10076984714,land,,2015-09-19,"NEC CCD 2015",1,,1,3.63,1.61,0.00,,,,,,,,,,,,,,,,20,,,,,,,,,,,,,,,,,,,,,,,,,,,,,,,,,10,,,,,,,,,5,35
109777,"Humboldt County, CA, USA","California, USA","United States",40.863149441367,-124.16388963357,land,,2015-09-19,"NEC CCD 2015",1,,1,1.36,0.80,0.00,1,,,,15,,,,1,10,,,,1,,4,1,,,,,,,,,,,,,,,,,,,1,,,,,,,,,,2,,,2,,,,,,,,,1,38
109779,"Humboldt County, CA, USA","California, USA","United States",40.865556085634,-124.14953098159,land,,2015-09-19,"NEC CCD 2015",11,1,12,"1,360.78",0.40,0.00,50,25,20,6,15,50,,3,40,300,10,,,5,25,50,20,25,25,,,,5,7,,,10,,1,,,,,15,,,,,10,,5,,5,,,,15,50,5,15,10,,5,,,100,150,200,1227
109808,"Humboldt County, CA, USA","California, USA","United States",40.959183318067,-124.12610524606,land,,2015-09-19,"NEC CCD 2015",21,7,28,90.72,1.61,0.00,35,,11,4,12,35,,25,6,48,,,,,,17,13,8,9,,,,,,,,,,,,,,,3,,,,,,,,,,,,,,1,,,,,,,,,20,,212
109809,"Humboldt County, CA, USA","California, USA","United States",40.93424666982,-124.13212255857,land,,2015-09-19,"NEC CCD 2015",24,23,47,181.44,1.61,0.00,40,,1,21,3,,,28,7,57,,,,2,,28,1,4,3,,,,,10,,,,1,,,,,,1,,,,,2,,,,,,,,,5,1,7,3,19,2,15,,4,267,48,540
114287,"Humboldt County, CA, USA","California, USA","United States",40.77161442323,-124.21392491454,land,,2015-09-19,"NEC CCD 2015",2,14,16,22.68,0.40,0.00,5,,1,21,3,,,28,7,57,,,,2,,28,1,3,3,,,,,,,,,1,,,,,,1,,,,,2,,,,,,,,,6,1,7,3,18,1,15,,4,239,48,500
114288,"Humboldt County, CA, USA","California, USA","United States",40.805713199188,-124.16827998961,land,,2015-09-19,"NEC CCD 2015",2,,2,31.75,0.80,0.00,7,5,12,4,6,3,,22,19,1072,3,8,9,6,15,94,12,7,3,,,,5,,1,,2,1,1,,,,,50,,,,,3,,3,,,3,,2,,1,5,4,27,,4,5,,202,111,258,1988
114292,"Humboldt County, CA, USA","California, USA","United States",40.808433040841,-124.17635050721,land,,2015-09-19,"NEC CCD 2015",10,1,11,68.04,1.61,0.00,11,,3,9,11,,,6,19,19,,,,,,2,3,,,,,,,,,,15,,,,,,,5,,,,,,,,,,1,,2,5,10,2,,,10,,,,41,,,163
114293,"Humboldt County, CA, USA","California, USA","United States",40.808285426576,-124.16635009423,land,,2015-09-19,"NEC CCD 2015",8,,8,45.36,0.80,0.00,6,3,,24,30,20,,9,16,2,1,2,,2,,18,,,1,,,,2,,,,5,,,,,,,,,4,,,1,,,,,,,6,1,,10,,12,,10,,,200,12,56,447
114294,"Shasta County, CA, USA","California, USA","United States",40.606882094587,-122.53089818867,land,,2015-09-19,"NEC CCD 2015",5,,5,9.07,0.80,0.00,4,3,,16,29,36,,8,12,70,,,4,2,2,31,4,20,1,,,,2,,,,,,,,,,,,,,,,,,,,,,,,,1,,,6,,,,,,200,35,482
134638,"Humboldt County, CA, USA","California, USA","United States",40.806106813395,-124.15997447661,land,,2015-09-19,"NEC CCD 2015",1,,1,2.27,0.16,0.00,1,,,,,,,2,8,500,,,,,,,,15,1,,,,,,,,,,,,,,,,,,,,1,,,,1,,,,,,,,,1,,,,,20,20,569
134639,"Humboldt County, CA, USA","California, USA","United States",40.869003696167,-124.13430492789,land,,2015-09-19,"NEC CCD 2015",1,,1,13.61,3.22,0.00,1,,,12,3,12,,3,6,35,1,2,3,,,9,10,7,2,,,1,,,,,,,,,,,,4,,,,,6,,,1,,,,,,,,,1,,,,,4,10,15,147
134641,"Humboldt County, CA, USA","California, USA","United States",40.303157607437,-124.35360527612,land,,2015-09-19,"NEC CCD 2015",3,,3,13.61,1.93,0.00,3,,11,1,17,10,,,32,,,,,,,4,,,,,,,,,,,,,,,,,,,,,,,,,,,,,,,,4,65,157,,,2,,,14,2,125,444
134643,"Humboldt County, CA, USA","California, USA","United States",40.790744798723,-124.18774414741,land,,2015-09-19,"NEC CCD 2015",1,,1,22.68,0.40,0.00,5,10,17,10,2,2,,25,16,820,5,3,1,1,7,33,9,11,1,,,,,,1,,,6,,,,,,5,,,,,1,,,,6,,,,2,10,2,15,,2,,,,27,42,205,1297
134645,"Humboldt County, CA, USA","California, USA","United States",40.822894181201,-124.1756799486,land,,2015-09-19,"NEC CCD 2015",8,3,11,"1,587.57",6.44,0.00,25,100,,2000,500,100,,200,100,2000,,,,100,200,1600,100,100,100,,,,,15,,,,20,,,,,,,,,,,40,,,,1,,,,,,,,100,20,20,40,,,,,7456
134649,"Humboldt County, CA, USA","California, USA","United States",40.372385066726,-124.36417834987,land,,2015-09-18,,21,48,69,213.64,3.22,0.00,15,,11,22,81,42,,,,1,,,,,,29,,,,,,,10,2,,,30,,,,,,,4,,,,,,,,,,,,6,,,76,53,,,,,,,,1300,1667
134651,"Humboldt County, CA, USA","California, USA","United States",40.805931784764,-124.20074250963,land,,2015-09-19,"NEC CCD 2015",1,,1,2.27,0.80,0.00,1,2,,,,,,2,2,25,,,,,,10,3,4,,,,,,,,,,,,,,,,,,,,,,,,,,,,,,,,,,,,,,,,,48
134654,"Humboldt County, CA, USA","California, USA","United States",40.943420008635,-124.11996633735,land,,2015-09-19,"NEC CCD 2015",9,,9,36.29,4.83,0.00,7,,6,10,7,10,,2,19,364,,5,,,1,31,6,3,,,,,,,,,,1,1,,,,,6,,,,,11,,,,,,,,,,,75,5,,,,,1,306,53,923
139880,"Humboldt County, CA, USA","California, USA","United States",41.057176553573,-124.14317906945,land,,2015-09-18,"NEC CCD 2015",1,,1,2.27,1.61,0.00,1,,,4,,,,2,,66,,,,,,,2,,,,,,,,,,1,1,2,,,,,2,,,,,,,,,,,,,2,,,,,,,,,,,1,83
139881,"Humboldt County, CA, USA","California, USA","United States",41.057882679378,-124.1498663011,land,,2015-09-18,"NEC CCD 2015",5,20,25,3.18,0.40,0.00,,1,,2,,3,,2,3,46,,,,,,20,,,,,,,,,,,,,,,,,,1,,,,,,,,,,,,1,2,,2,,,,,,,,,,83
139882,"Humboldt County, CA, USA","California, USA","United States",40.79806412695,-124.17860087636,land,,2015-09-19,"NEC CCD 2015",1,,1,4.54,8.05,0.00,1,12,4,2,3,2,,,,18,,,,,,2,,,,,,,1,,,,,,,,,,,2,,,,,,,,,,,,,,,,3,,,,,,,,,49
139883,"Humboldt County, CA, USA","California, USA","United States",40.805830208911,-124.16772256597,land,,2015-09-19,"NEC CCD 2015",24,,24,136.08,8.05,0.00,60,17,29,14,8,7,,57,52,2530,8,12,10,7,22,158,23,36,12,,,,4,1,3,,4,7,9,,,,,55,,,,,6,,3,,1,1,,2,2,10,7,20,18,13,21,36,,550,,450,4225
139884,"Humboldt County, CA, USA","California, USA","United States",40.801442756652,-124.18108996633,land,,2015-09-19,"NEC CCD 2015",2,,2,2.27,0.40,0.00,1,,,,,,,2,1,36,,,,,,12,,,1,,,,,,,,,,,,,,,,,,,,,,,,,,,,,,,1,,,,,,,,6,59
139885,"Humboldt County, CA, USA","California, USA","United States",40.806999325671,-124.15667157643,land,,2015-09-19,"NEC CCD 2015",6,,6,22.68,1.61,0.00,6,3,6,1,2,1,,10,9,832,6,5,3,,,110,6,11,,,,,,,,,,6,1,,,,,3,,,,,1,,1,,,,,,1,,1,6,1,,,21,,10,12,38,1107
139887,"Humboldt County, CA, USA","California, USA","United States",40.799799645921,-124.15265824965,land,,2015-09-19,"NEC CCD 2015",10,,10,45.36,0.80,0.00,11,4,18,15,5,15,,46,21,1051,5,10,4,,6,108,3,7,3,,,,2,3,,,,3,1,,,,,6,,,,,3,,,,3,2,,,1,,,2,7,1,,,,12,58,83,1508
139888,"Humboldt County, CA, USA","California, USA","United States",40.806181771448,-124.16339998036,land,,2015-09-18,"NEC CCD 2015",1,,1,9.07,0.80,0.00,2,3,2,1,1,1,,6,4,380,3,4,2,2,,27,5,6,,,,,,,,,,,1,,,,,3,,,,,1,,1,,,,,,1,1,,,1,,,8,,10,12,37,523
173900,"Nassau County, NY, USA","New York, USA","United States",40.637321228997,-73.560316426013,watercraft,,2015-09-19,"Operation SPLASH - 2015 totals",6480,,6480,"6,735.85",16.09,0.00,1485,5557,5000,8442,23420,,,,,,,,,,,,,,,,,,,87,,,,,1254,,,,,,,,,,,,,,,,,,,,,,,,,,,,,,43760
288628,"Nome Census Area, AK, USA","Alaska, USA","United States",65.332998,-166.490898,land,saltwater,2015-06-15,"Port Heiden 2015-2016 Bering Sea II - SSSC",5,,5,"15,465.69",37.24,0.00,,,,,471,,,,,,,,,,,,,,,5,,,,,,58,,2,,,,,,,,,1,17,,,,,,,,,,,,,,,,,,,,,554
288629,"Aleutians East Borough, AK, USA","Alaska, USA","United States",55.955,-161.4578,land,saltwater,2015-10-01,"Nelson Lagoon FY13 - SSSC",5,,5,"9,752.24",35.87,0.00,,,,,12,,,,,,,,,,,,,,,17,,,,,,442,,59,,,,,,,,,683,957,,,,,,,,,,,,,,,,,,,,,2170
288633,"Nome Census Area, AK, USA","Alaska, USA","United States",65.332998,-166.490898,land,saltwater,2015-07-01,"Port Heiden 2015-2016 Bering Sea II - SSSC",5,,5,"5,940.25",32.99,0.00,,,,,543,,,,,,,,,,,,,,,9,,,,,,8,,4,,,,,,,,,592,551,,,,,,,,,,,,,,,,,,,,,1707
288669,"Prince of Wales-Hyder Census Area, AK, USA","Alaska, USA","United States",55.523107,-133.374501,land,saltwater,2015-07-11,"ADEC Tsunami Noyes Island - SSSC",5,,5,"1,964.05",11.72,0.00,,,,,15,,,,,,,,,,,,,,,2,,,,,,420,,125,,,,,,,,,980,35,,,,,,,,,,,,,,,,,,,,,1577
288672,"Aleutians East Borough, AK, USA","Alaska, USA","United States",56.850975,-158.954975,land,saltwater,2015-08-27,"Port Heiden 2015-2016 Bering Sea II - SSSC",5,,5,"2,427.63",11.01,0.00,,,,,3,,,,,,,,,,,,,,,4,,,,,,,,3,,,,,,,,,600,151,,,,,,,,,,,,,,,,,,,,,761
288683,"Prince of Wales-Hyder Census Area, AK, USA","Alaska, USA","United States",55.650446,-133.638551,land,saltwater,2015-09-03,"ADEC Tsunami Noyes Island - SSSC",5,,5,"1,275.05",7.23,0.00,,,,,11,,,,,,,,,,,,,,,1,,,,,,175,,80,,,,,,,,,900,55,,,,,,,,,,,,,,,,,,,,,1222
288684,"Fairbanks North Star Borough, AK, USA","Alaska, USA","United States",64.848222,-147.868589,land,saltwater,2015-07-20,"ADEC Tsunami Noyes Island - SSSC",5,,5,"1,877.87",7.11,0.00,,,,,10,,,,,,,,,,,,,,,3,,,,,,240,,65,,,,,,,,,750,60,,,,,,,,,,,,,,,,,,,,,1128
288751,"Prince of Wales-Hyder Census Area, AK, USA","Alaska, USA","United States",55.499709,-133.676325,land,saltwater,2015-08-10,"ADEC Tsunami Noyes Island - SSSC",5,,5,469.01,2.62,0.00,,,,,2,,,,,,,,,,,,,,,711,,,,,,45,,1,,,,,,,,,240,20,,,,,,,,,,,,,,,,,,,,,1019
288775,"Prince of Wales-Hyder Census Area, AK, USA","Alaska, USA","United States",55.350682,-133.561636,land,saltwater,2015-09-20,"ADEC Tsunami Noyes Island - SSSC",5,,5,"1,016.95",2.06,0.00,,,,,2,,,,,,,,,,,,,,,2,,,,,,60,,1,,,,,,,,,,25,,,,,,,,,,,,,,,,,,,,,90
288784,"Ketchikan Gateway Borough, AK, USA","Alaska, USA","United States",55.244698,-131.321098,land,saltwater,2015-08-15,"ADEC Tsunami Noyes Island - SSSC",5,,5,407.33,1.85,0.00,,,,,1,,,,,,,,,,,,,,,606,,,,,,80,,1,,,,,,,,,150,15,,,,,,,,,,,,,,,,,,,,,853
288826,"Prince of Wales-Hyder Census Area, AK, USA","Alaska, USA","United States",55.47638,-133.14833,land,saltwater,2015-09-25,"ADEC Tsunami Noyes Island - SSSC",5,,5,199.58,1.37,0.00,,,,,,,,,,,,,,,,,,,,170,,,,,,20,,,,,,,,,,,240,10,,,,,,,,,,,,,,,,,,,,,440
288828,"Sitka City and Boro, Sitka, AK, USA","Alaska, USA","United States",56.997371,-135.000001,land,saltwater,2015-05-25,"SSSC TDCCC 2013-2016 - SSSC",5,,5,285.76,1.37,0.00,,,,,20,,,,,,,,,,,,,,,230,,,,,,100,,,,,,,,,,,100,150,,,,,,,,,,,,,,,,,,,,,600
288829,"Prince of Wales-Hyder Census Area, AK, USA","Alaska, USA","United States",55.538896,-133.1792,land,saltwater,2015-09-17,"ADEC Tsunami Noyes Island - SSSC",5,,5,328.40,1.37,0.00,,,,,1,,,,,,,,,,,,,,,260,,,,,,200,,,,,,,,,,,158,40,,,,,,,,,,,,,,,,,,,,,659
288856,"Prince of Wales-Hyder Census Area, AK, USA","Alaska, USA","United States",55.499709,-133.676325,land,saltwater,2015-08-15,"ADEC Tsunami Noyes Island - SSSC",5,,5,331.12,1.11,0.00,,,,,,,,,,,,,,,,,,,,380,,,,,,150,,,,,,,,,,,,200,,,,,,,,,,,,,,,,,,,,,730
288863,"Yukon-Koyukuk Census Area, AK, USA","Alaska, USA","United States",64.966432,-150.462171,land,saltwater,2015-08-21,"ADEC Tsunami Noyes Island - SSSC",5,,5,519.36,1.01,0.00,,,,,2,,,,,,,,,,,,,,,696,,,,,,111,,4,,,,,,,,,289,30,,,,,,,,,,,,,,,,,,,,,1132
288874,"Sitka City and Boro, Sitka, AK, USA","Alaska, USA","United States",57.662954,-136.096186,land,saltwater,2015-05-04,"SSSC TDCCC 2013-2016 - SSSC",5,,5,383.74,0.92,0.00,,,,,20,,,,,,,,,,,,,,,680,,,,,,55,,,,,,,,,,,25,20,,,,,,,,,,,,,,,,,,,,,800
288925,"Sitka City and Boro, Sitka, AK, USA","Alaska, USA","United States",57.2104,-135.5826,land,saltwater,2015-05-23,"SSSC TDCCC 2013-2016 - SSSC",5,,5,303.91,0.64,0.00,,,,,1,,,,,,,,,,,,,,,600,,,,,,10,,,,,,,,,,,,,,,,,,,,,,,,,,,,,,,,,611
288955,"Aleutians West Census Area, AK, USA","Alaska, USA","United States",53.82608,-166.209917,land,saltwater,2015-08-01,"SSSC TDCCC 2013-2016 - SSSC",5,,5,276.69,0.55,0.00,,,,,10,,,,,,,,,,,,,,,200,,,,,,200,,50,,,,,,,,,40,60,,,,,,,,,,,,,,,,,,,,,560
288956,"Sitka City and Boro, Sitka, AK, USA","Alaska, USA","United States",57.10942,-135.690956,land,saltwater,2015-05-24,"SSSC TDCCC 2013-2016 - SSSC",5,,5,244.94,0.55,0.00,,,,,20,,,,,,,,,,,,,,,390,,,,,,40,,10,,,,,,,,,50,,,,,,,,,,,,,,,,,,,,,,510
288991,"Sitka City and Boro, Sitka, AK, USA","Alaska, USA","United States",57.558815,-136.076967,land,saltwater,2015-05-06,"SSSC TDCCC 2013-2016 - SSSC",5,,5,311.62,0.45,0.00,,,,,40,,,,,,,,,,,,,,,410,,,,,,100,,,,,,,,,,,10,80,,,,,,,,,,,,,,,,,,,,,640
288992,"Sitka City and Boro, Sitka, AK, USA","Alaska, USA","United States",56.82515,-135.493525,land,saltwater,2015-05-30,"SSSC TDCCC 2013-2016 - SSSC",5,,5,229.52,0.45,0.00,,,,,12,,,,,,,,,,,,,,,294,,,,,,,,,,,,,,,,,,,,,,,,,,,,,,,,,,,,,,,306
289047,"Yukon-Koyukuk Census Area, AK, USA","Alaska, USA","United States",64.966432,-150.462171,land,saltwater,2015-09-13,"ADEC Tsunami Noyes Island - SSSC",5,,5,580.60,0.32,0.00,,,,,10,,,,,,,,,,,,,,,1,,,,,,35,,,,,,,,,,,,35,,,,,,,,,,,,,,,,,,,,,81
289158,"Sitka City and Boro, Sitka, AK, USA","Alaska, USA","United States",57.629667,-136.09664,land,saltwater,2015-05-03,"SSSC TDCCC 2013-2016 - SSSC",5,,5,160.57,0.10,0.00,,,,,5,,,,,,,,,,,,,,,,,,,,,,,,,,,,,,,,,300,,,,,,,,,,,,,,,,,,,,,305
289187,"Sitka City and Boro, Sitka, AK, USA","Alaska, USA","United States",57.4114,-135.8897,land,saltwater,2015-05-06,"SSSC TDCCC 2013-2016 - SSSC",5,,5,191.87,0.02,0.00,,,,,,,,,,,,,,,,,,,,423,,,,,,,,,,,,,,,,,,,,,,,,,,,,,,,,,,,,,,,423
289197,"Nome Census Area, AK, USA","Alaska, USA","United States",63.378408,-171.637883,land,saltwater,2015-08-17,"Gambell 2015-2016 Bering Sea II - SSSC",5,,5,"1,221.52",0.02,0.00,,,,,132,,,,,,,,,,,,,,,1,,,,,,377,,38,,,,,,,,,151,508,,,,,,,,,,,,,,,,,,,,,1207
289200,"Sitka City and Boro, Sitka, AK, USA","Alaska, USA","United States",57.10942,-135.690956,land,saltwater,2015-06-16,"ADEC Kruzof 2015 - SSSC",5,,5,889.04,0.02,0.00,,,,,100,,,,,,,,,,,,,,,1,,,,,,200,,,,,,,,,,,150,200,,,,,,,,,,,,,,,,,,,,,651
289201,"Sitka City and Boro, Sitka, AK, USA","Alaska, USA","United States",57.10942,-135.690956,land,saltwater,2015-06-16,"ADEC Kruzof 2015 - SSSC",5,,5,889.04,0.02,0.00,,,,,100,,,,,,,,,,,,,,,1,,,,,,200,,,,,,,,,,,150,200,,,,,,,,,,,,,,,,,,,,,651
289203,"Prince of Wales-Hyder Census Area, AK, USA","Alaska, USA","United States",54.955731,-133.060733,land,saltwater,2015-06-08,"ADEC Tsunami Dall Island - SSSC",5,,5,760.22,0.02,0.00,,,,,25,,,,,,,,,,,,,,,650,,,,,,400,,1,,,,,,,,,200,,,,,,,,,,,,,,,,,,,,,,1276
289204,"Prince of Wales-Hyder Census Area, AK, USA","Alaska, USA","United States",54.955731,-133.060733,land,saltwater,2015-06-09,"ADEC Tsunami Dall Island - SSSC",5,,5,728.02,0.02,0.00,,,,,75,,,,,,,,,,,,,,,720,,,,,,450,,10,,,,,,,,,200,,,,,,,,,,,,,,,,,,,,,,1455
289205,"Prince of Wales-Hyder Census Area, AK, USA","Alaska, USA","United States",54.955731,-133.060733,land,saltwater,2015-05-31,"ADEC Tsunami Dall Island - SSSC",5,,5,621.42,0.02,0.00,,,,,40,,,,,,,,,,,,,,,960,,,,,,200,,10,,,,,,,,,160,,,,,,,,,,,,,,,,,,,,,,1370
289206,"Sitka City and Boro, Sitka, AK, USA","Alaska, USA","United States",57.0037,-135.7617,land,saltwater,2015-06-20,"ADEC Kruzof 2015 - SSSC",5,,5,614.62,0.02,0.00,,,,,40,,,,,,,,,,,,,,,955,,,,,,200,,,,,,,,,,,40,20,,,,,,,,,,,,,,,,,,,,,1255
289207,"Sitka City and Boro, Sitka, AK, USA","Alaska, USA","United States",57.0037,-135.7617,land,saltwater,2015-06-20,"ADEC Kruzof 2015 - SSSC",5,,5,614.62,0.02,0.00,,,,,40,,,,,,,,,,,,,,,955,,,,,,200,,,,,,,,,,,40,20,,,,,,,,,,,,,,,,,,,,,1255
289208,"Prince of Wales-Hyder Census Area, AK, USA","Alaska, USA","United States",54.955731,-133.060733,land,saltwater,2015-06-03,"ADEC Tsunami Dall Island - SSSC",5,,5,612.35,0.02,0.00,,,,,5,,,,,,,,,,,,,,,1,,,,,,50,,50,,,,,,,,,35,65,,,,,,,,,,,,,,,,,,,,,206
289209,"Prince of Wales-Hyder Census Area, AK, USA","Alaska, USA","United States",54.955731,-133.060733,land,saltwater,2015-06-05,"ADEC Tsunami Dall Island - SSSC",5,,5,588.76,0.02,0.00,,,,,1,,,,,,,,,,,,,,,1,,,,,,20,,,,,,,,,,,5,,,,,,,,,,,,,,,,,,,,,,27
289213,"Sitka City and Boro, Sitka, AK, USA","Alaska, USA","United States",57.10942,-135.690956,land,saltwater,2015-06-18,"ADEC Kruzof 2015 - SSSC",5,,5,550.21,0.02,0.00,,,,,60,,,,,,,,,,,,,,,753,,,,,,300,,,,,,,,,,,100,,,,,,,,,,,,,,,,,,,,,,1213
289214,"Sitka City and Boro, Sitka, AK, USA","Alaska, USA","United States",57.10942,-135.690956,land,saltwater,2015-06-18,"ADEC Kruzof 2015 - SSSC",5,,5,550.21,0.02,0.00,,,,,60,,,,,,,,,,,,,,,753,,,,,,300,,,,,,,,,,,100,,,,,,,,,,,,,,,,,,,,,,1213
289215,"Prince of Wales-Hyder Census Area, AK, USA","Alaska, USA","United States",54.955731,-133.060733,land,saltwater,2015-06-01,"ADEC Tsunami Dall Island - SSSC",5,,5,546.58,0.02,0.00,,,,,10,,,,,,,,,,,,,,,750,,,,,,150,,10,,,,,,,,,25,60,,,,,,,,,,,,,,,,,,,,,1005
289216,"Sitka City and Boro, Sitka, AK, USA","Alaska, USA","United States",57.0876,-135.577,land,saltwater,2015-06-10,"ADEC Kruzof 2015 - SSSC",5,,5,521.63,0.02,0.00,,,,,100,,,,,,,,,,,,,,,350,,,,,,,,,,,,,,,,,300,50,,,,,,,,,,,,,,,,,,,,,800
289217,"Sitka City and Boro, Sitka, AK, USA","Alaska, USA","United States",57.0876,-135.577,land,saltwater,2015-06-10,"ADEC Kruzof 2015 - SSSC",5,,5,521.63,0.02,0.00,,,,,100,,,,,,,,,,,,,,,350,,,,,,,,,,,,,,,,,300,50,,,,,,,,,,,,,,,,,,,,,800
289218,"Sitka City and Boro, Sitka, AK, USA","Alaska, USA","United States",57.10942,-135.690956,land,saltwater,2015-06-17,"ADEC Kruzof 2015 - SSSC",5,,5,513.47,0.02,0.00,,,,,,,,,,,,,,,,,,,,882,,,,,,100,,,,,,,,,,,150,,,,,,,,,,,,,,,,,,,,,,1132
289219,"Sitka City and Boro, Sitka, AK, USA","Alaska, USA","United States",57.10942,-135.690956,land,saltwater,2015-06-17,"ADEC Kruzof 2015 - SSSC",5,,5,513.47,0.02,0.00,,,,,,,,,,,,,,,,,,,,882,,,,,,100,,,,,,,,,,,150,,,,,,,,,,,,,,,,,,,,,,1132
289220,"Prince of Wales-Hyder Census Area, AK, USA","Alaska, USA","United States",54.955731,-133.060733,land,saltwater,2015-06-02,"ADEC Tsunami Dall Island - SSSC",5,,5,488.97,0.02,0.00,,,,,10,,,,,,,,,,,,,,,750,,,,,,100,,8,,,,,,,,,60,150,,,,,,,,,,,,,,,,,,,,,1078
289221,"Sitka City and Boro, Sitka, AK, USA","Alaska, USA","United States",57.10942,-135.690956,land,saltwater,2015-10-19,"ADEC Kruzof 2015 - SSSC",5,,5,471.74,0.02,0.00,,,,,20,,,,,,,,,,,,,,,140,,,,,,200,,,,,,,,,,,650,30,,,,,,,,,,,,,,,,,,,,,1040
289222,"Sitka City and Boro, Sitka, AK, USA","Alaska, USA","United States",57.10942,-135.690956,land,saltwater,2015-10-19,"ADEC Kruzof 2015 - SSSC",5,,5,471.74,0.02,0.00,,,,,20,,,,,,,,,,,,,,,140,,,,,,200,,,,,,,,,,,650,30,,,,,,,,,,,,,,,,,,,,,1040
289224,"Prince of Wales-Hyder Census Area, AK, USA","Alaska, USA","United States",54.955731,-133.060733,land,saltwater,2015-06-05,"ADEC Tsunami Dall Island - SSSC",5,,5,454.05,0.02,0.00,,,,,15,,,,,,,,,,,,,,,860,,,,,,25,,1,,,,,,,,,100,,,,,,,,,,,,,,,,,,,,,,1001
289225,"Prince of Wales-Hyder Census Area, AK, USA","Alaska, USA","United States",54.955731,-133.060733,land,saltwater,2015-06-02,"ADEC Tsunami Dall Island - SSSC",5,,5,449.06,0.02,0.00,,,,,10,,,,,,,,,,,,,,,550,,,,,,100,,10,,,,,,,,,100,20,,,,,,,,,,,,,,,,,,,,,790
289226,"Sitka City and Boro, Sitka, AK, USA","Alaska, USA","United States",57.10942,-135.690956,land,saltwater,2015-09-16,"ADEC Kruzof 2015 - SSSC",5,,5,439.98,0.02,0.00,,,,,50,,,,,,,,,,,,,,,420,,,,,,150,,,,,,,,,,,150,200,,,,,,,,,,,,,,,,,,,,,970
289227,"Sitka City and Boro, Sitka, AK, USA","Alaska, USA","United States",57.10942,-135.690956,land,saltwater,2015-09-16,"ADEC Kruzof 2015 - SSSC",5,,5,439.98,0.02,0.00,,,,,50,,,,,,,,,,,,,,,420,,,,,,150,,,,,,,,,,,150,200,,,,,,,,,,,,,,,,,,,,,970
289228,"Prince of Wales-Hyder Census Area, AK, USA","Alaska, USA","United States",54.955731,-133.060733,land,saltwater,2015-05-31,"ADEC Tsunami Dall Island - SSSC",5,,5,430.91,0.02,0.00,,,,,5,,,,,,,,,,,,,,,650,,,,,,200,,10,,,,,,,,,25,60,,,,,,,,,,,,,,,,,,,,,950
289229,"Sitka City and Boro, Sitka, AK, USA","Alaska, USA","United States",57.10942,-135.690956,land,saltwater,2015-09-16,"ADEC Kruzof 2015 - SSSC",5,,5,430.91,0.02,0.00,,,,,50,,,,,,,,,,,,,,,600,,,,,,,,,,,,,,,,,150,150,,,,,,,,,,,,,,,,,,,,,950
289230,"Sitka City and Boro, Sitka, AK, USA","Alaska, USA","United States",57.10942,-135.690956,land,saltwater,2015-09-16,"ADEC Kruzof 2015 - SSSC",5,,5,430.91,0.02,0.00,,,,,50,,,,,,,,,,,,,,,600,,,,,,,,,,,,,,,,,150,150,,,,,,,,,,,,,,,,,,,,,950
289233,"Sitka City and Boro, Sitka, AK, USA","Alaska, USA","United States",57.0287,-135.628,land,saltwater,2015-05-31,"ADEC Kruzof 2015 - SSSC",5,,5,408.23,0.02,0.00,,,,,50,,,,,,,,,,,,,,,200,,,,,,400,,,,,,,,,,,100,50,,,,,,,,,,,,,,,,,,,,,800
289234,"Sitka City and Boro, Sitka, AK, USA","Alaska, USA","United States",57.0287,-135.628,land,saltwater,2015-05-31,"ADEC Kruzof 2015 - SSSC",5,,5,408.23,0.02,0.00,,,,,50,,,,,,,,,,,,,,,200,,,,,,400,,,,,,,,,,,100,50,,,,,,,,,,,,,,,,,,,,,800
289235,"Prince of Wales-Hyder Census Area, AK, USA","Alaska, USA","United States",54.955731,-133.060733,land,saltwater,2015-06-06,"ADEC Tsunami Dall Island - SSSC",5,,5,395.08,0.02,0.00,,,,,1,,,,,,,,,,,,,,,775,,,,,,50,,5,,,,,,,,,40,,,,,,,,,,,,,,,,,,,,,,871
289237,"Sitka City and Boro, Sitka, AK, USA","Alaska, USA","United States",57.10942,-135.690956,land,saltwater,2015-08-23,"ADEC Kruzof 2015 - SSSC",5,,5,358.34,0.02,0.00,,,,,40,,,,,,,,,,,,,,,300,,,,,,250,,,,,,,,,,,150,50,,,,,,,,,,,,,,,,,,,,,790
289238,"Sitka City and Boro, Sitka, AK, USA","Alaska, USA","United States",57.10942,-135.690956,land,saltwater,2015-08-23,"ADEC Kruzof 2015 - SSSC",5,,5,358.34,0.02,0.00,,,,,40,,,,,,,,,,,,,,,300,,,,,,250,,,,,,,,,,,150,50,,,,,,,,,,,,,,,,,,,,,790
289239,"Sitka City and Boro, Sitka, AK, USA","Alaska, USA","United States",57.10942,-135.690956,land,saltwater,2015-09-14,"ADEC Kruzof 2015 - SSSC",5,,5,358.34,0.02,0.00,,,,,75,,,,,,,,,,,,,,,605,,,,,,25,,5,,,,,,,,,,5,,,,,,,,,,,,,,,,,,,,,715
289240,"Sitka City and Boro, Sitka, AK, USA","Alaska, USA","United States",57.10942,-135.690956,land,saltwater,2015-09-14,"ADEC Kruzof 2015 - SSSC",5,,5,358.34,0.02,0.00,,,,,75,,,,,,,,,,,,,,,605,,,,,,25,,5,,,,,,,,,,5,,,,,,,,,,,,,,,,,,,,,715
289241,"Sitka City and Boro, Sitka, AK, USA","Alaska, USA","United States",57.10942,-135.690956,land,saltwater,2015-10-25,"ADEC Kruzof 2015 - SSSC",5,,5,351.53,0.02,0.00,,,,,50,,,,,,,,,,,,,,,100,,,,,,300,,,,,,,,,,,200,50,,,,,,,,,,,,,,,,,,,,,700
289242,"Sitka City and Boro, Sitka, AK, USA","Alaska, USA","United States",57.10942,-135.690956,land,saltwater,2015-10-25,"ADEC Kruzof 2015 - SSSC",5,,5,351.53,0.02,0.00,,,,,50,,,,,,,,,,,,,,,100,,,,,,300,,,,,,,,,,,200,50,,,,,,,,,,,,,,,,,,,,,700
289243,"Sitka City and Boro, Sitka, AK, USA","Alaska, USA","United States",57.10942,-135.690956,land,saltwater,2015-10-23,"ADEC Kruzof 2015 - SSSC",5,,5,290.30,0.02,0.00,,,,,30,,,,,,,,,,,,,,,400,,,,,,100,,,,,,,,,,,100,10,,,,,,,,,,,,,,,,,,,,,640
289244,"Sitka City and Boro, Sitka, AK, USA","Alaska, USA","United States",57.10942,-135.690956,land,saltwater,2015-10-23,"ADEC Kruzof 2015 - SSSC",5,,5,290.30,0.02,0.00,,,,,30,,,,,,,,,,,,,,,400,,,,,,100,,,,,,,,,,,100,10,,,,,,,,,,,,,,,,,,,,,640
289245,"Sitka City and Boro, Sitka, AK, USA","Alaska, USA","United States",57.10942,-135.690956,land,saltwater,2015-10-25,"ADEC Kruzof 2015 - SSSC",5,,5,285.76,0.02,0.00,,,,,30,,,,,,,,,,,,,,,450,,,,,,50,,,,,,,,,,,50,50,,,,,,,,,,,,,,,,,,,,,630
289246,"Sitka City and Boro, Sitka, AK, USA","Alaska, USA","United States",57.10942,-135.690956,land,saltwater,2015-10-25,"ADEC Kruzof 2015 - SSSC",5,,5,285.76,0.02,0.00,,,,,30,,,,,,,,,,,,,,,450,,,,,,50,,,,,,,,,,,50,50,,,,,,,,,,,,,,,,,,,,,630
289247,"Prince of Wales-Hyder Census Area, AK, USA","Alaska, USA","United States",54.955731,-133.060733,land,saltwater,2015-06-06,"ADEC Tsunami Dall Island - SSSC",5,,5,283.50,0.02,0.00,,,,,30,,,,,,,,,,,,,,,340,,,,,,100,,5,,,,,,,,,100,,,,,,,,,,,,,,,,,,,,,,575
289249,"Prince of Wales-Hyder Census Area, AK, USA","Alaska, USA","United States",54.955731,-133.060733,land,saltwater,2015-06-08,"ADEC Tsunami Dall Island - SSSC",5,,5,236.78,0.02,0.00,,,,,25,,,,,,,,,,,,,,,320,,,,,,100,,2,,,,,,,,,75,,,,,,,,,,,,,,,,,,,,,,522
289250,"Sitka City and Boro, Sitka, AK, USA","Alaska, USA","United States",57.003,-135.765,land,saltwater,2015-06-18,"ADEC Kruzof 2015 - SSSC",5,,5,235.87,0.02,0.00,,,,,20,,,,,,,,,,,,,,,60,,,,,,300,,,,,,,,,,,100,10,,,,,,,,,,,,,,,,,,,,,490
289251,"Sitka City and Boro, Sitka, AK, USA","Alaska, USA","United States",57.003,-135.765,land,saltwater,2015-06-18,"ADEC Kruzof 2015 - SSSC",5,,5,235.87,0.02,0.00,,,,,20,,,,,,,,,,,,,,,60,,,,,,300,,,,,,,,,,,100,10,,,,,,,,,,,,,,,,,,,,,490
289253,"Sitka City and Boro, Sitka, AK, USA","Alaska, USA","United States",57.10942,-135.690956,land,saltwater,2015-06-16,"ADEC Kruzof 2015 - SSSC",5,,5,226.80,0.02,0.00,,,,,50,,,,,,,,,,,,,,,250,,,,,,200,,,,,,,,,,,,,,,,,,,,,,,,,,,,,,,,,500
289254,"Sitka City and Boro, Sitka, AK, USA","Alaska, USA","United States",57.10942,-135.690956,land,saltwater,2015-06-16,"ADEC Kruzof 2015 - SSSC",5,,5,226.80,0.02,0.00,,,,,50,,,,,,,,,,,,,,,250,,,,,,200,,,,,,,,,,,,,,,,,,,,,,,,,,,,,,,,,500
289259,"Sitka City and Boro, Sitka, AK, USA","Alaska, USA","United States",57.10942,-135.690956,land,saltwater,2015-08-24,"ADEC Kruzof 2015 - SSSC",5,,5,213.19,0.02,0.00,,,,,,,,,,,,,,,,,,,,160,,,,,,70,,,,,,,,,,,40,200,,,,,,,,,,,,,,,,,,,,,470
289260,"Sitka City and Boro, Sitka, AK, USA","Alaska, USA","United States",57.10942,-135.690956,land,saltwater,2015-08-24,"ADEC Kruzof 2015 - SSSC",5,,5,213.19,0.02,0.00,,,,,,,,,,,,,,,,,,,,160,,,,,,70,,,,,,,,,,,40,200,,,,,,,,,,,,,,,,,,,,,470
289263,"Sitka City and Boro, Sitka, AK, USA","Alaska, USA","United States",57.10942,-135.690956,land,saltwater,2015-08-26,"ADEC Kruzof 2015 - SSSC",5,,5,117.93,0.02,0.00,,,,,30,,,,,,,,,,,,,,,130,,,,,,50,,,,,,,,,,,40,10,,,,,,,,,,,,,,,,,,,,,260
289264,"Sitka City and Boro, Sitka, AK, USA","Alaska, USA","United States",57.10942,-135.690956,land,saltwater,2015-08-26,"ADEC Kruzof 2015 - SSSC",5,,5,117.93,0.02,0.00,,,,,30,,,,,,,,,,,,,,,130,,,,,,50,,,,,,,,,,,40,10,,,,,,,,,,,,,,,,,,,,,260
Totals:,,,,,,,,,,,,,,,,,7290,5876,11842,30602,2131,0,1169,7226,27543,416,1260,426,876,1490,9198,1616,2764,1185,26934,0,69,411,254,72,10661,328,851,2371,0,0,0,0,532,0,1262,12024,5844,142,0,40,1,31,36,0,187,190,641,698,3149,381,386,165,339,0,11350,2587,20862
