"Cleanup ID",Zone,State,Country,Latitude,Longitude,"Cleanup Type",Environment,"Cleanup Date","Group Name",Adults,Children,People,Kilograms,"Distance km","Area km","# of bags","Grocery bags (plastic)","Other bags (plastic)","Beverage bottles (glass)","Beverage bottles (plastic)","Beverage cans","Beverage sachets/pouches","Bottle caps (metal)","Bottle caps (plastic)","Cigarette butts","Cups, Plates (foam)","Cups, Plates (paper)","Cups, Plates (plastic)","Food containers (foam)","Food containers (plastic)","Food wrappers (candy, chips, etc.)","Lids (plastic)","Straws/stirrers (plastic)","Utensils (plastic)","Lines, nets, traps, ropes, etc.","Foam dock pieces","Appliances (refrigerators, washers, etc.)","Construction materials",Tires,"6-Pack holders","Foam packaging","Other plastic bottles (oil, bleach, etc.)","Strapping bands",Balloons,Clothing,E-cigarettes,"Electronic waste (phones, batteries)","Footwear (shoes/slippers)","Paper bags","Tobacco products (lighters, cigar tips, wrap)",Toys,"Other plastic waste","Other waste (metal, paper, etc.)",Condoms,"Cotton bud sticks (swabs)",Diapers,"Gloves & masks (PPE)",Syringes,"Tampons & applicators","Plastic/foam pieces","Total Items Collected"
389745,"Dare County, NC, USA","North Carolina, USA","United States",35.769977077898,-75.527166099471,land,saltwater,2026-01-01,"kemp couple",2,,2,4.36,0.37,0.00,,3,5,,2,,,,,,,2,,,,2,,1,,9,,,,,,1,,,5,,,,,,,,1,,,,,,,,4,35
389746,"Greater Bridgeport Planning Region, CT, USA","Connecticut, USA","United States",41.150873681228,-73.141654316553,land,saltwater,2026-01-01,"Save the Sound",1,,1,2.11,16.09,0.00,,6,11,2,6,2,,3,1,,6,1,2,1,,,5,3,,,,,,,,,,,,,1,,2,1,,1,7,2,,,,,,,,63
389747,"Lower Connecticut River Valley Planning Region, CT, USA","Connecticut, USA","United States",41.277996649974,-72.426297789316,land,saltwater,2026-01-01,"Save the Sound",1,,1,0.61,0.01,0.00,,,,,1,,,,,,2,,,,,,,,,1,,,,,,,,,,,,,,,,,1,1,,,,,,,2,8
389749,"San Diego County, CA, USA","California, USA","United States",32.6809697,-117.1783208,land,saltwater,2026-01-01,,1,,1,0.37,0.00,0.00,,,1,,1,2,,,1,,,,,,1,1,,,,,,,,,,,,,,,,,1,,,,1,,,,,,,,1,10
389750,"Yolo County, CA, USA","California, USA","United States",38.5449065,-121.7405167,land,inland,2026-01-01,"putah creek council",1,,1,1.10,0.00,0.00,,,3,,,,,,,,,,,,,,2,,,,,,,,,,,,,,,,,,,,9,9,,,,,,,9,32
389752,"Horry County, SC, USA","South Carolina, USA","United States",33.692554300762,-78.878554794622,land,saltwater,2026-01-01,,1,,1,9.19,2.14,0.00,,1,2,1,4,2,2,,2,6,,1,,,,3,,2,3,2,,,3,,,3,,,,2,,1,,,3,,29,33,,,,,,,2,107
389753,"Williamson County, TX, USA","Texas, USA","United States",30.6332618,-97.6779842,land,inland,2026-01-01,"Me, myself and I",1,,1,2.91,0.00,0.00,,,,2,,,,,1,,,,3,,,2,3,3,,,,,,,,,,,,1,,,,,,,,35,,,,,,,12,62
389754,"Lee County, FL, USA","Florida, USA","United States",26.342280082249,-81.829817695351,land,saltwater,2026-01-01,Hueklers,4,,4,3.40,0.00,0.00,1,,,,,,,,,,,,,,,,,,,,,,,,,,,,,,,,,,,,,,,,,,,,,
389755,"Broward County, FL, USA","Florida, USA","United States",25.993366119067,-80.127723212722,land,inland,2026-01-01,Broward,2,,2,3.40,0.00,0.00,1,,,,,,,,,,,,,,,,,,,,,,,,,,,,,,,,,,,,,,,,,,,,,
389758,"Mendocino County, CA, USA","California, USA","United States",39.500992580859,-123.78607265457,land,saltwater,2026-01-02,"Noyo Marine Science Center",1,,1,0.91,3.22,0.00,,,,,,1,,,,1,,,,,,2,,,,2,,,,,,93,,,,,,,,,,,5,1,,,,,,,4,109
389759,"St. Johns County, FL, USA","Florida, USA","United States",29.819133363787,-81.312655708903,land,saltwater,2026-01-02,,1,,1,0.91,0.00,0.00,1,,,,,,,,,,,,,,,,,,,,,,,,,,,,,,,,,,,,,,,,,,,,,
389764,"St. Johns County, FL, USA","Florida, USA","United States",29.76841990587,-81.251344516612,land,saltwater,2026-01-02,,1,,1,2.04,0.00,0.00,,1,1,,1,,,1,1,6,,,,,1,,1,1,,,,,,,,,1,,,,,,,,,,20,12,,,,,,,13,60
389765,"Anne Arundel County, MD, USA","Maryland, USA","United States",38.811516109335,-76.710404266159,land,freshwater,2026-01-02,"Jug Bay",6,,6,47.45,0.68,0.00,,15,51,118,88,123,7,2,3,7,14,14,20,2,24,69,22,10,1,,,,1,,1,,30,2,1,4,,,2,6,13,1,6,106,1,,,3,,,38,805
389767,"Williamson County, TX, USA","Texas, USA","United States",30.6332618,-97.6779842,land,inland,2026-01-02,"Me, myself and I",1,,1,0.02,0.00,0.00,,,,,,,1,,,,,,,,,1,,,,,,,,,,,,,,,,,,,,,,,,,,,,,2,4
389768,"Yolo County, CA, USA","California, USA","United States",38.5449065,-121.7405167,land,inland,2026-01-02,"putah creek council",1,,1,1.36,0.00,0.00,,,2,,1,,,,1,1,,,,,,1,1,,,,,,,,,,,,,,,,,,,,11,11,,,,,,,3,32
389770,"Dare County, NC, USA","North Carolina, USA","United States",35.846495445224,-75.564703361962,land,saltwater,2026-01-02,"kemp couple",2,,2,4.45,0.81,0.00,,,1,,,,1,,,,3,,,2,,1,,,,1,1,,2,,,2,2,1,1,1,,,,,,1,4,,,,,,,,8,32
389771,"San Luis Obispo County, CA, USA","California, USA","United States",35.12308518,-120.6335453,land,saltwater,2026-01-02,,1,,1,0.03,1.23,0.00,,1,,,1,,,,,6,,,,,,,,,,,,,,,,,,,,,,,,,,,,,,,,,,,,8
389772,"San Luis Obispo County, CA, USA","California, USA","United States",35.12326513,-120.63350061,land,saltwater,2026-01-02,,2,,2,0.02,0.51,0.00,,,,,1,,,,,5,,,,,,,,,,,,,,,,,,,,,,,,,,,,,,,,,,,,6
389773,"San Mateo County, CA, USA","California, USA","United States",37.601814948127,-122.49874554777,land,saltwater,2026-01-02,"pacifica beach coalition",1,,1,0.74,2.36,0.00,,,,,1,,,,1,,,,,,,2,,,,1,,,,,,1,,,,,,,,,1,,1,2,,,,1,,,4,15
389775,"Williamson County, TX, USA","Texas, USA","United States",30.6332618,-97.6779842,land,inland,2026-01-02,"Me, myself and I",1,,1,0.08,0.00,0.00,,,,,,1,,,,,,,,,,2,,,,,,,,,,1,,,,,,,,,,,,,,,,,,,8,12
389776,"Pinellas County, FL, USA","Florida, USA","United States",27.684302032063,-82.73769822254,land,saltwater,2026-01-03,,1,,1,8.20,2.92,0.00,,,2,,4,4,3,2,7,16,,2,3,1,1,8,3,14,2,3,,,,,,1,1,2,,2,,1,,,1,12,9,42,,,,,,,2,148
389778,"Queens County, NY, USA","New York, USA","United States",40.779720448408,-73.752433806812,land,saltwater,2026-01-03,"Dan, Kate, Mary, Tom",1,,1,11.11,0.00,0.00,3,,,,,,,,,,,,,,,,,,,,,,,,,,,,,,,,,,,,,,,,,,,,,
389779,"Williamson County, TX, USA","Texas, USA","United States",30.6332618,-97.6779842,land,inland,2026-01-03,"Me, myself and I",1,,1,0.07,0.00,0.00,,,,,3,,,1,1,,,,,,,,,2,,,,,,,,,,,,,,,,,,,,,,,,,,,4,11
389780,"Orange County, CA, USA","California, USA","United States",33.568093124958,-117.83001518628,land,saltwater,2026-01-04,holden,1,,1,0.44,0.74,0.00,,,,1,3,,,,,,,4,,,,1,,1,2,,,,,,,,,,,,,,,2,,,,,,,,,,,6,20
389790,"Yolo County, CA, USA","California, USA","United States",38.5449065,-121.7405167,land,inland,2026-01-04,"putah creek council",1,,1,0.99,0.00,0.00,,,2,,,,,,1,,,,,,,2,,1,,,,,,,,,,,,,,,,,,,8,8,,,,,,,5,27
389793,"Horry County, SC, USA","South Carolina, USA","United States",33.748580028636,-78.974988392144,land,inland,2026-01-04,,1,,1,5.99,3.22,0.00,,12,15,14,14,13,10,2,1,1,1,2,1,2,,1,9,10,,,,,1,,3,,3,,,,,,,,1,,3,1,,,,1,1,,,122
389794,"Williamson County, TX, USA","Texas, USA","United States",30.6332618,-97.6779842,land,inland,2026-01-04,"Me, myself and I",1,,1,0.01,0.00,0.00,,,,,,,,,,,,,,,,1,,1,,,,,,,,,,,,,,,,,,,,,,,,,,,3,5
389795,"Broward County, FL, USA","Florida, USA","United States",25.992375388718,-80.125910271524,land,inland,2026-01-04,Broward,1,,1,0.32,0.19,0.00,,3,6,,6,5,,,1,,,,1,,,,1,,,,,,,,,,,,,,,,,,,,,,,,,,,,,23
389796,"Hillsborough County, FL, USA","Florida, USA","United States",27.881956125777,-82.523187283053,land,inland,2026-01-05,"GSS Conner Fitzpatrick",1,,1,7.35,4.51,0.00,,9,5,12,5,15,1,5,8,1,15,16,2,3,3,11,3,,9,3,,,,,4,,3,,,2,3,,,3,,,9,13,,,,,,,5,168
389798,"Pinellas County, FL, USA","Florida, USA","United States",27.684978004485,-82.737727160929,land,saltwater,2026-01-05,,1,,1,15.41,2.97,0.00,,,1,,1,1,1,,16,32,,1,2,1,,14,3,1,1,2,,,1,1,,,4,2,1,3,,,,1,1,1,19,26,,1,,,1,,10,149
389800,"Brazoria County, TX, USA","Texas, USA","United States",28.93541361208,-95.298551274552,land,saltwater,2026-01-05,"Team Q",23,,23,121.74,0.00,0.00,,117,23,44,242,227,5,31,122,15,31,6,17,5,26,32,15,14,8,167,,,1,,1,,4,2,2,7,,4,3,1,11,4,,289,,,2,4,,,,1482
389803,"Virginia Beach, VA, USA","Virginia, USA","United States",36.839806470828,-75.97225677708,land,saltwater,2026-01-03,"Clean Virginia Waterways",3,1,4,6.80,1.61,0.00,1,3,7,,20,1,,1,3,90,,6,3,2,2,10,,8,,,,,3,,,,1,,,,1,,,,3,1,5,,,,,,,,28,198
389805,"Yolo County, CA, USA","California, USA","United States",38.5449065,-121.7405167,land,inland,2026-01-05,"putah creek council",1,,1,0.67,0.00,0.00,,,2,,,,,,,,,,,,,1,,,,,,,,,,,1,,,,,,,,,,5,4,,,,,,,1,14
389806,"Williamson County, TX, USA","Texas, USA","United States",30.6332618,-97.6779842,land,inland,2026-01-05,"Me, myself and I",1,,1,0.04,0.00,0.00,,,1,,,,,,,,,,1,,,1,,,,,,,,,,,,,,,,,,,,,,,,,,,,,9,12
389807,"Charleston County, SC, USA","South Carolina, USA","United States",32.5404612,-80.2910505,land,saltwater,2026-01-06,,1,,1,13.11,4.83,0.00,,2,1,1,6,12,,,2,,,,6,,2,3,2,,1,3,3,,4,,,,3,,3,4,,,4,1,1,10,6,,,,,3,,,,83
389810,"Greater Bridgeport Planning Region, CT, USA","Connecticut, USA","United States",41.247733491219,-73.200647049027,land,inland,2026-01-06,"Trumbull cleanup",1,,1,0.12,0.01,0.00,,,,,3,,,,,,,,,,,,,,,,,,,,,,,,,,,,,,,,1,,,,,,,,,4
389814,"Miami-Dade County, FL, USA","Florida, USA","United States",25.697396671434,-80.155906690114,land,inland,2026-01-06,,1,,1,13.61,0.00,0.00,4,,,,,,,,,,,,,,,,,,,,,,,,,,,,,,,,,,,,,,,,,,,,,
389817,"Pinellas County, FL, USA","Florida, USA","United States",27.621306181903,-82.718398506872,land,saltwater,2026-01-06,"Tampa Bay Watch",6,42,48,6.43,0.80,0.00,9,2,7,4,4,2,,29,29,38,5,6,8,,3,64,7,6,6,8,10,,7,,1,57,,4,5,5,,,,,3,3,58,38,,,,,,,36,455
389818,"Newport County, RI, USA","Rhode Island, USA","United States",41.51850819,-71.32822545,land,saltwater,2026-01-06,"Save The Bay",2,,2,7.00,1.42,0.00,,4,2,4,12,3,,3,,16,3,,,4,,4,3,24,,3,,,2,,,,,,6,,,,3,,12,3,,3,,,,4,,5,33,156
389819,"King County, WA, USA","Washington, USA","United States",47.528191396732,-122.38489459103,land,saltwater,2026-01-03,"Protect Where We Play -",1,,1,3.40,0.00,0.00,1,,,,,,,,,,,,,,,,,,,,,,,,,,,,,,,,,,,,,,,,,,,,,
389820,"King County, WA, USA","Washington, USA","United States",47.528191396732,-122.38489459103,land,saltwater,2026-01-04,"Protect Where We Play -",1,,1,4.31,0.00,0.00,2,,,,,,,,,,,,,,,,,,,,,,,,,,,,,,,,,,,,,,,,,,,,,
389821,"King County, WA, USA","Washington, USA","United States",47.528191396732,-122.38489459103,land,saltwater,2026-01-05,"Protect Where We Play -",1,,1,6.80,0.00,0.00,2,,,,,,,,,,,,,,,,,,,,,,,,,,,,,,,,,,,,,,,,,,,,,
389824,"Charlotte County, FL, USA","Florida, USA","United States",26.8739165,-81.7194842,land,inland,2026-01-06,"stelly bear",1,,1,0.08,0.00,0.00,,1,,,1,1,,1,,1,1,,,1,,,,,,,,,,,,,,,,,,,,,,,,,,,,,,,,7
389825,"San Luis Obispo County, CA, USA","California, USA","United States",35.449145525128,-120.90608704686,land,saltwater,2026-01-06,"ECOSLO & SLO County Parks",9,,9,14.06,1.61,0.00,2,1,12,6,4,7,,5,65,29,,3,10,1,6,62,21,18,4,7,1,,1,,,4,,2,1,1,,,2,,,,103,19,,,,1,,,273,669
389827,"Charleston County, SC, USA","South Carolina, USA","United States",32.651426800919,-79.946689135344,land,saltwater,2026-01-06,,1,,1,0.08,0.48,0.00,,,,,,,,,,2,,,,,,,,,,,,,,,,,,,,,,,,,1,,,1,,,,,,,15,19
389828,"Newport News, VA, USA","Virginia, USA","United States",37.01717681723,-76.456322575271,land,saltwater,2026-01-06,,1,,1,3.27,0.40,0.00,10,3,1,3,5,3,,,4,,1,3,,,,4,3,,,,,,,,,,2,,,,,,,,,1,,,,,,,,,3,36
389831,"Pinellas County, FL, USA","Florida, USA","United States",27.683794949928,-82.737700133444,land,saltwater,2026-01-07,,1,,1,4.06,2.76,0.00,,,1,,3,3,4,1,6,19,,,,,1,7,1,2,,1,,,,,,1,3,5,,1,,2,,,,3,16,18,,,,,,,6,104
389833,"Greater Bridgeport Planning Region, CT, USA","Connecticut, USA","United States",41.263508458867,-73.2031443655,land,inland,2026-01-07,"Trumbull cleanup",1,,1,0.84,2.00,0.00,,,1,1,7,1,,,,,,,2,,,2,1,,,,,,,,,,,,,,1,,,,,,2,4,,,,,,,5,27
389834,"Newport News, VA, USA","Virginia, USA","United States",37.017132383912,-76.456195234935,land,saltwater,2026-01-07,,1,,1,4.08,0.40,0.00,2,2,,2,6,,,,3,,,,,,,,,1,,1,,,,,,,,,,1,,,,,,,,,,,,,,,,16
389836,"Santa Clara County, CA, USA","California, USA","United States",37.392397699588,-122.11857316291,land,inland,2026-01-07,RCGA2026,1,,1,9.02,0.00,0.00,,,4,15,,15,,,,,,7,6,,8,9,,,,,,,,,,5,4,,,13,,12,,2,,,9,16,,,,,10,,,135
389837,"Santa Barbara County, CA, USA","California, USA","United States",34.403728516804,-119.74347760912,land,saltwater,2026-01-07,"foothill 2nd",36,,36,4.54,0.00,0.00,,,2,,2,3,1,,,6,,,,,,2,1,,,,,,1,,,,,,,3,,1,,,,3,19,1,,,,,,,13,58
389840,"Scott County, IA, USA","Iowa, USA","United States",41.526464008602,-90.516261378982,land,inland,2026-01-07,"Dwayne Tank",1,,1,17.01,0.00,0.00,3,,,,,,,,,,,,,,,,,,,,,,,,,,,,,,,,,,,,,,,,,,,,,
389842,"Yolo County, CA, USA","California, USA","United States",38.5449065,-121.7405167,land,inland,2026-01-07,"putah creek council",1,,1,0.49,0.00,0.00,,,2,,,,,,,,,,,,,,,,,,,,,,,,,,,,,,,,,,4,4,,,,,,,2,12
389843,"Broward County, FL, USA","Florida, USA","United States",25.986102071567,-80.117410643574,land,saltwater,2026-01-07,Broward,2,,2,4.64,0.10,0.00,,1,2,,,,,4,3,,1,,,,,,,,,,,,,,,,,,131,1,,,2,,,,,54,,,,,,,,199
389844,"Greater Bridgeport Planning Region, CT, USA","Connecticut, USA","United States",41.23436271,-73.18357289,land,inland,2026-01-07,"Sustainable Trumbull",1,,1,2.46,4.48,0.00,,4,7,3,17,13,11,,4,3,8,13,6,,3,17,8,13,1,,,,,,1,,,1,,,2,,,1,1,,2,4,,,,,,,,143
389845,"South Central Connecticut Planning Region, CT, USA","Connecticut, USA","United States",41.241887173562,-73.031424833817,land,inland,2026-01-04,"Save the Sound",1,,1,941.19,0.06,0.00,,2,1,3,1,1,1,15,1,1,1,1,1,1,1,1,1,1,1,1,1,16,,1,3,2,1,1,1,1,1,1,1,1,1,2,1,1,,,,,,,,72
389847,"Erie County, NY, USA","New York, USA","United States",42.908074479713,-78.789298471525,land,inland,2026-01-07,"BNW Deejay",1,,1,3.64,0.03,0.00,,26,,,87,83,1,,,,,18,,,,,,,,,,,,,,,,,,,,,,,,,,,,,,,,,,215
389849,"King County, WA, USA","Washington, USA","United States",47.528245302118,-122.3848530453,land,saltwater,2026-01-08,"Protect Where We Play -",1,,1,6.12,0.00,0.00,4,,,,,,,,,,,,,,,,,,,,,,,,,,,,,,,,,,,,,,,,,,,,,
389850,"San Luis Obispo County, CA, USA","California, USA","United States",35.024921652575,-120.48158347857,land,inland,2026-01-08,"Matthew Malaznik",1,,1,6.80,2.57,0.00,,1,,,,,2,,,,,,,,,,,,,,,,,,,,,,,,,,,,,,,,,,,,,,,3
389852,"Pinellas County, FL, USA","Florida, USA","United States",27.68451557349,-82.737761024134,land,saltwater,2026-01-08,,1,,1,4.80,1.30,0.00,,,1,,3,,,,7,22,,2,2,,,7,2,5,,1,,,1,,,,2,2,,3,,,,,2,,11,25,,,,1,,,1,100
389853,"Greater Bridgeport Planning Region, CT, USA","Connecticut, USA","United States",41.255150740857,-73.208039446216,land,inland,2026-01-08,"Trumbull cleanup",1,,1,0.44,0.08,0.00,,,,,,,,,,,,,,,,2,,,,,,,,,,,,,,,,,,,,,3,4,,,,,,,4,13
389855,"San Francisco County, San Francisco, CA, USA","California, USA","United States",37.736891403756,-122.47117737412,land,saltwater,2026-01-08,,2,,2,3.73,0.05,0.00,,2,4,,4,3,,,7,,,,,,2,26,4,5,,,,,2,,,,2,,,,,,,,,2,,,,,,2,,,79,144
389856,"San Francisco County, San Francisco, CA, USA","California, USA","United States",37.7593921,-122.510734,land,saltwater,2026-01-08,,1,,1,3.73,0.00,0.00,,2,4,,4,3,,,7,,,,,,2,26,4,5,,,,,2,,,,2,,,,,,,,,2,,,,,,2,,,79,144
389857,"Yolo County, CA, USA","California, USA","United States",38.5449065,-121.7405167,land,inland,2026-01-08,"putah creek council",1,,1,2.64,0.00,0.00,,,3,,,,,,,1,,,,,,3,,,,,,,1,,,,,,1,,,,,,,,12,11,,,,,,,7,39
389858,"Fairfax County, VA, USA","Virginia, USA","United States",38.885173120126,-77.273075660777,land,inland,2026-01-08,RBH,2,,2,0.86,2.70,0.00,,,,,,1,,,3,38,,1,1,,,8,1,,,,,,,,,,,,,1,3,1,,,2,,5,3,,,,,,,,68
389859,"San Diego County, CA, USA","California, USA","United States",33.101519728869,-117.31671311163,land,saltwater,2026-01-08,,1,,1,3.40,0.00,0.00,1,,,,,,,,,,,,,,,,,,,,,,,,,,,,,,,,,,,,,,,,,,,,,
389860,"Newport News, VA, USA","Virginia, USA","United States",37.017215071676,-76.456276265663,land,saltwater,2026-01-08,,1,,1,1.68,0.40,0.00,,2,2,1,6,6,,,4,,3,,,,,4,,3,1,,,,,,,2,,,,,,,,,,,3,,,,,,,,,37
389861,"Monroe County, NY, USA","New York, USA","United States",43.165937691008,-77.610759335648,land,inland,2026-01-08,JacksonRIT01082026,9,,9,7.47,0.06,0.00,,2,1,,11,1,7,4,11,,,7,3,2,1,57,3,1,1,,,,1,,,1,,,,3,,1,2,1,7,7,10,27,,,,4,,,2,178
389862,"Greater Bridgeport Planning Region, CT, USA","Connecticut, USA","United States",41.165904938964,-73.236606704762,land,inland,2026-01-08,"Gabe's Cleanup",1,,1,10.77,0.00,0.00,,4,2,,6,4,1,,6,,,3,,,1,10,1,2,,,2,,5,,2,10,,,,2,,1,,1,,1,5,29,,,,,,,24,122
389870,"Pinellas County, FL, USA","Florida, USA","United States",27.684120713136,-82.737681273539,land,saltwater,2026-01-09,,1,,1,2.16,2.82,0.00,,,3,,,,2,,,35,,,1,,,9,2,8,,,,,,,,1,1,6,,,,,,,1,1,8,18,,1,,,,,,97
390550,"Suffolk County, NY, USA","New York, USA","United States",40.769845895091,-73.273553104099,land,inland,2026-01-09,STGSB,1,,1,0.23,0.00,0.00,,3,4,,,9,,,,,,,,,,,,,,,,,,,,,,,,,,,,,,,,,,,,,,,,16
390551,"Anne Arundel County, MD, USA","Maryland, USA","United States",38.811602427118,-76.708859512324,land,freshwater,2026-01-09,"Jug Bay",9,,9,137.08,0.17,0.00,,33,41,356,280,760,1,,9,,8,5,25,2,81,106,23,,,44,,,2,,5,,7,,,9,,,2,,29,,,40,,,14,9,,,20,1911
390552,"Suffolk County, NY, USA","New York, USA","United States",40.76985253666,-73.273549566632,land,saltwater,2026-01-09,STGSB,1,,1,8.53,5.63,0.00,,17,25,30,30,13,1,25,37,11,,1,,3,1,7,1,,1,,,,,,,,,,,,,,,,,,,,,,,,,,,203
390553,"Southeastern Connecticut Planning Region, CT, USA","Connecticut, USA","United States",41.300697006612,-72.242996110239,land,saltwater,2026-01-09,me,1,,1,0.30,0.21,0.00,,,,,2,2,,,1,,,,1,,,2,,1,,,,,,,,,,,,,,,,,,,1,2,,,,,,,,12
390554,"Yolo County, CA, USA","California, USA","United States",38.5449065,-121.7405167,land,inland,2026-01-09,"putah creek council",1,,1,1.31,0.00,0.00,,,2,,,,,,,2,,,,,,1,,,,,,,,,,,,,,,,,,,,2,7,7,,,,,,,7,28
390555,"Santa Barbara County, CA, USA","California, USA","United States",34.403725734662,-119.74351140016,land,saltwater,2026-01-09,"ballard 2/5th",38,,38,24.04,1.61,0.00,,,17,,1,1,,,4,,,,1,,,,1,2,1,6,,,1,,,,,1,,,,,2,,2,1,16,13,,,,,,,20,90
390556,"Contra Costa County, CA, USA","California, USA","United States",37.971263772706,-122.32608478369,land,inland,2026-01-09,rcga2026,4,,4,1.73,0.00,0.00,,,,,14,18,9,14,12,19,,,,13,,,16,,10,,,,,,,,,,,1,,,2,,,,,,,,,6,,,,134
390557,"Erie County, NY, USA","New York, USA","United States",42.71117,-78.9361468,land,freshwater,2026-01-09,"Doug Williams",1,,1,0.59,0.00,0.00,,,,,1,2,,,,1,1,,,,1,,1,,,,,,,,,,2,,3,,,,,,1,,1,3,,,,,,,,17
390559,"Broward County, FL, USA","Florida, USA","United States",25.986688684632,-80.117766198992,land,saltwater,2026-01-09,Broward,1,,1,0.68,0.09,0.00,,1,1,,,,,5,4,,,,1,,,3,,,1,,,,,,,,,,,1,,,1,,,1,,,,,,,,,10,29
390560,"Fairfax County, VA, USA","Virginia, USA","United States",38.884930170345,-77.273751453544,land,inland,2026-01-09,RBH,1,,1,0.18,2.08,0.00,,,,,,,,,5,36,,,,,,15,,1,,,,,,,,,,1,,,1,,,,3,3,6,1,,,,,,,,72
390565,"Nassau County, NY, USA","New York, USA","United States",40.583526931374,-73.658983850406,land,saltwater,2026-01-06,,1,,1,0.33,0.00,0.00,,,2,,1,,,1,26,,,,,,,,,,1,,,,,,,,,,1,,,,,,,1,,,,,,,,,,33
390566,"San Mateo County, CA, USA","California, USA","United States",37.545575892485,-122.25992763388,land,freshwater,2026-01-10,"Jackson and Mama",2,,2,5.47,1.26,0.00,,2,15,,2,,,,7,9,,,2,,,22,1,1,,,,,2,,,2,1,,1,,,,,1,,8,,7,,,,1,,,1,85
390571,"Greater Bridgeport Planning Region, CT, USA","Connecticut, USA","United States",41.256729993425,-73.198313148257,land,inland,2026-01-10,"Trumbull cleanup",1,,1,1.54,0.91,0.00,,,3,,5,5,,,,,,2,5,,4,7,8,1,1,,,,,,,1,1,,1,1,,,,1,,,4,7,,,,1,,,10,68
390572,"Volusia County, FL, USA","Florida, USA","United States",29.097250835721,-80.935314487683,land,saltwater,2026-01-10,"VOL -LHS SNHS",27,,27,28.41,0.01,0.00,,2,,1,3,8,7,,80,16,,,,,,,1,12,5,,,,20,,,1,,1,1,,,,,,1,1,51,6,,,,10,1,,2,230
390573,"Newport News, VA, USA","Virginia, USA","United States",37.015954518542,-76.455544997066,land,saltwater,2026-01-09,,1,,1,1.68,0.80,0.00,,2,2,1,5,8,,,,,,2,,,,3,,3,2,,,,,,,,,,,,1,,,,,,3,,,,,,,,,32
390575,"Loudoun County, VA, USA","Virginia, USA","United States",38.928533772996,-77.544271891901,land,freshwater,2026-01-10,ymsl,1,,1,0.78,0.02,0.00,,2,,,2,1,1,,3,3,,3,,1,,3,,,,1,,,,,,,,2,,,,,,2,,,,1,,,,,,,,25
390576,"Miami-Dade County, FL, USA","Florida, USA","United States",25.7155627,-80.1511881,land,saltwater,2026-01-10,"Keep it Clean Club",5,,5,13.61,0.00,0.00,5,,,,,,,,,,,,,,,,,,,,,,,,,,,,,,,,,,,,,,,,,,,,,
390577,"Miami-Dade County, FL, USA","Florida, USA","United States",25.693713,-80.1628248,land,saltwater,2026-01-10,,1,,1,6.80,0.00,0.00,1,,,,,,,,,,,,,,,,,,,,,,,,,,,,,,,,,,,,,,,,,,,,,
390578,"Miami-Dade County, FL, USA","Florida, USA","United States",25.709444,-80.156164,land,saltwater,2026-01-10,,1,,1,6.80,0.00,0.00,2,,,,,,,,,,,,,,,,,,,,,,,,,,,,,,,,,,,,,,,,,,,,,
390579,"Monroe County, FL, USA","Florida, USA","United States",24.5550593,-81.7799871,land,saltwater,2026-01-10,,1,,1,6.80,0.00,0.00,1,,,,,,,,,,,,,,,,,,,,,,,,,,,,,,,,,,,,,,,,,,,,,
390580,"Miami-Dade County, FL, USA","Florida, USA","United States",25.715458872762,-80.151319682617,land,saltwater,2026-01-10,"Keep It Clean",1,,1,1.68,0.00,0.00,,3,3,1,2,,,1,9,,,1,,1,2,,,,2,,2,,,,,2,,,,,,,,,,,,,,,,,,,65,94
390581,"Miami-Dade County, FL, USA","Florida, USA","United States",25.71545238787,-80.151354793656,land,saltwater,2026-01-10,"Keep it Clean",5,,5,7.12,0.00,0.00,,,,,1,,1,3,5,1,3,1,1,4,5,,,3,1,2,3,,3,,,,,,,,2,,1,1,,1,1,,,,,,,,3,46
390582,"Miami-Dade County, FL, USA","Florida, USA","United States",25.715452812511,-80.151403969657,land,saltwater,2026-01-10,,1,,1,6.65,0.02,0.00,,,10,3,5,1,3,6,3,,,,1,1,3,15,1,2,,4,6,,,,,,,,,1,,,,,,,,,,,,,,,,65
390583,"Miami-Dade County, FL, USA","Florida, USA","United States",25.715376233088,-80.151454743679,land,saltwater,2026-01-10,,1,,1,3.93,0.02,0.00,,4,3,1,4,5,3,5,,,3,4,,,2,3,,,2,1,1,,,,1,3,2,2,,1,1,,1,,2,,,4,,,5,,,,6,69
390584,"Miami-Dade County, FL, USA","Florida, USA","United States",25.715430579646,-80.15136989911,land,saltwater,2026-01-10,,1,,1,2.36,0.00,0.00,,5,3,1,1,2,1,4,6,1,4,4,4,3,2,5,3,,1,2,,,,,2,2,,2,,3,,,,,,,2,2,,,,,,,7,72
390585,"Miami-Dade County, FL, USA","Florida, USA","United States",25.715409545836,-80.151360403459,land,saltwater,2026-01-10,"keep it clean",1,,1,7.30,0.00,0.00,,,,7,7,2,1,1,7,,1,,3,3,6,2,1,1,,6,4,,,,,,,,,1,,,,,,,,,,,,,,,,53
390586,"Miami-Dade County, FL, USA","Florida, USA","United States",25.715456260914,-80.151403203847,land,saltwater,2026-01-10,,1,,1,3.99,6.44,0.00,,5,6,6,2,3,4,2,1,3,3,3,1,3,1,2,1,3,2,1,2,,,,3,2,,3,,1,,,1,,1,,1,1,,,,,,,3,70
390587,"Miami-Dade County, FL, USA","Florida, USA","United States",25.715452475008,-80.151333443037,land,saltwater,2026-01-10,,1,,1,1.63,3.22,0.00,,3,1,1,3,1,1,1,5,2,1,2,1,2,1,1,1,,1,2,,,,,1,2,,,,1,,,,,,,,,,,,,,,27,61
390588,"Palm Beach County, FL, USA","Florida, USA","United States",26.47401441536,-80.068803784766,land,saltwater,2026-01-10,SJPII,1,,1,0.36,0.64,0.00,,1,,,,1,,2,5,,,,,,2,,,,,,,,,,,,,,,,,,,1,,,3,1,,,,,,,,16
390589,"Palm Beach County, FL, USA","Florida, USA","United States",26.466210362459,-80.05721236206,land,saltwater,2026-01-10,SJPII,1,,1,0.86,0.64,0.00,,1,,,,5,,,4,1,,,,,,,1,1,,,,,,,1,,,1,,2,,,,,,,,7,,,,,,,,24
390590,"San Mateo County, CA, USA","California, USA","United States",37.647420021449,-122.48807557999,land,saltwater,2026-01-10,,1,,1,2.16,3.82,0.00,,,2,,1,4,5,5,2,45,,3,3,1,2,8,1,1,2,,,,,,,,4,3,,1,,,,1,,,,13,,1,1,6,,,16,131
390591,"Brunswick County, NC, USA","North Carolina, USA","United States",33.888268964365,-78.432875806466,land,inland,2026-01-10,"GSS Terry",1,,1,0.15,0.47,0.00,,,,,3,,2,,2,,,,,,,,,,,,,,,,,,,,,,,,,,,,,1,,,,,,,2,10
390592,"Williamson County, TX, USA","Texas, USA","United States",30.6332618,-97.6779842,land,inland,2026-01-10,"Me, myself and I",1,,1,0.19,0.00,0.00,,,,,,3,,,,,,,,,,1,,,,,,,,,,,,,,,,,,,,,,2,,,,,,,4,10
390593,"Yolo County, CA, USA","California, USA","United States",38.5449065,-121.7405167,land,inland,2026-01-10,"putah creek council",1,,1,1.52,0.00,0.00,,,2,,,,,,,3,,,,,,2,,,,,,,,,,,,,,,,,,,,,13,12,,,,,,,16,48
390594,"San Mateo County, CA, USA","California, USA","United States",37.588591624238,-122.49915486062,land,inland,2026-01-10,"pacifica beach coalition",1,,1,0.68,2.41,0.00,,1,,,2,1,,,4,32,,,,,,3,,,,,,,3,,,,,,,,,,,,1,,2,5,,1,,,,,2,57
390595,"Yellowstone County, MT, USA","Montana, USA","United States",45.840417659197,-108.49005084713,land,inland,2026-01-11,"CLEAR TRAILS",1,,1,0.23,0.00,0.00,,1,,,,,,,,,,,,,,,,,,,,,,,,,,,,,,,,,,,1,,,,,,,,,2
390596,"Volusia County, FL, USA","Florida, USA","United States",28.885411666667,-80.794461666667,land,inland,2026-01-07,"Canaveral national seashore",1,,1,2.17,5.01,0.00,,,,,,6,,,19,,,,3,1,,5,,7,,,,,,,,,,,3,,,,,,,,,9,,,,,,,11,64
390598,"Middlesex County, MA, USA","Massachusetts, USA","United States",42.5018307,-71.0750488,land,inland,2026-01-09,,1,,1,6.80,0.00,0.00,1,,,,,,,,,,,,,,,,,,,,,,,,,,,,,,,,,,,,,,,,,,,,,
390602,"Pinellas County, FL, USA","Florida, USA","United States",27.683794240351,-82.737690032213,land,saltwater,2026-01-11,,1,,1,3.97,2.94,0.00,,,2,,3,7,,,7,16,,,8,1,1,11,3,9,,,,,,,,,,3,,,,,,,,6,9,25,,,,,,,2,113
390604,"Cameron County, TX, USA","Texas, USA","United States",26.13320254046,-97.168092092421,land,saltwater,2026-01-11,Roman,4,,4,0.85,0.23,0.00,,,,1,3,,,1,16,,,,,,,,1,,,,,,,,,,,,,,,,,,,2,,1,,,,,,,,25
390605,"Greater Bridgeport Planning Region, CT, USA","Connecticut, USA","United States",41.259096222968,-73.212390896001,land,inland,2026-01-11,"Trumbull cleanup",1,,1,1.02,2.91,0.00,,,1,,,1,,,,,,,,,,2,,,,,,,,,,,,,,,,,,,,1,2,10,,,,,,,12,29
390606,"Loudoun County, VA, USA","Virginia, USA","United States",38.92843073125,-77.549069151729,land,inland,2026-01-11,fitzymsl,2,,2,1.39,0.01,0.00,,5,7,2,5,6,3,1,1,8,4,2,,5,3,7,2,2,,,,,,,1,2,1,,,,,,,1,,,,,,,,,,,,68
390607,"Yolo County, CA, USA","California, USA","United States",38.5449065,-121.7405167,land,inland,2026-01-11,"putah creek council",1,,1,1.66,0.00,0.00,,,3,,,,,,,,,,,,,2,,,,,,,,,,,,2,,,,,,,,,13,14,,,,,,,14,48
390608,"Alameda County, CA, USA","California, USA","United States",37.586976696497,-122.02443695596,land,inland,2026-01-11,,1,,1,3.18,0.25,0.00,,1,,2,,3,,,5,23,5,,,,,3,,1,2,,,,2,,,,,,,1,,,,,,,,,,,,,,,,48
390610,"San Diego County, CA, USA","California, USA","United States",32.76834821,-117.25254469,land,saltwater,2026-01-11,"San Diego Whale Watch",1,,1,0.51,0.00,0.00,,1,,1,,,,,,,,,,1,,1,,,,,,,,,,,,,1,,,,,,,1,,,,,,,,,,6
390611,"Loudoun County, VA, USA","Virginia, USA","United States",38.902377913913,-77.498463014086,land,freshwater,2026-01-11,YMSL,2,,2,4.29,0.77,0.00,,8,7,1,13,1,,,4,,4,1,,2,1,5,3,,1,1,,,1,,,2,1,,,2,,,,1,,1,3,13,,,,1,,,17,94
390612,"Loudoun County, VA, USA","Virginia, USA","United States",39.0204182,-77.6385928,land,freshwater,2026-01-11,YMSL,2,,2,0.91,0.00,0.00,1,,,,,,,,,,,,,,,,,,,,,,,,,,,,,,,,,,,,,,,,,,,,,
390614,"Hawaii County, HI, USA","Hawaii, USA","United States",19.809578991633,-156.00624521056,land,saltwater,2026-01-11,heather,3,,3,7.20,0.62,0.00,,,1,,,,,7,1,45,,,,,2,19,,,3,,,,,,,,,,,3,,,,,,1,96,15,,,,,,,4,197
390615,"San Diego County, CA, USA","California, USA","United States",32.768152224584,-117.25258543453,land,saltwater,2026-01-11,"San Diego Whale Watch",2,,2,6.35,3.02,0.00,,,3,2,2,3,4,6,11,38,2,3,1,,,17,1,9,2,,,,4,,1,3,1,,1,,,,,1,,,3,2,,2,,1,1,1,64,189
390616,"San Diego County, CA, USA","California, USA","United States",32.768337496692,-117.25248873534,land,saltwater,2026-01-11,"San Diego Whale Watch",2,,2,1.90,1.78,0.00,,,1,,4,2,5,3,9,24,1,7,,,1,1,1,,3,,,,,,,,,,,,,,,,,,13,14,,,,,,,,89
390617,"San Diego County, CA, USA","California, USA","United States",32.768393413589,-117.25253219987,land,saltwater,2026-01-11,"San Diego Whale Watch",3,,3,5.40,0.00,0.00,,,1,,5,,2,4,10,40,,,4,,,16,2,2,2,,,,4,,,3,,,1,,,,,,,,,,,,,,,,15,111
390618,"San Diego County, CA, USA","California, USA","United States",32.768444137754,-117.25221195702,land,saltwater,2026-01-11,"san diego whale watch",1,,1,2.27,2.61,0.00,,,4,,,1,,22,19,30,,,1,,,8,8,15,7,,,,,,,1,,2,,,,,,,3,,2,,,,,,,,59,182
390619,"San Diego County, CA, USA","California, USA","United States",32.76877025045,-117.25211800226,land,saltwater,2026-01-11,"san diego whale watch",1,,1,1.91,0.17,0.00,,2,5,,4,,1,3,5,53,,,4,,,34,2,1,5,1,,,,,,,,1,1,,,,,,2,,7,1,,,1,3,,,50,186
390620,"San Diego County, CA, USA","California, USA","United States",32.75976571,-117.25085746,land,saltwater,2026-01-11,"sd whale watch",2,,2,2.68,4.02,0.00,,3,4,6,2,1,6,4,,22,,2,8,3,2,8,3,3,1,,,,,,,,,2,,2,,,,2,1,,3,2,1,5,,,,,37,133
390621,"San Diego County, CA, USA","California, USA","United States",32.768483064506,-117.25239800809,land,saltwater,2026-01-11,,4,,4,3.22,2.18,0.00,,,,,,1,,,,1,,,7,,,2,1,,,,,,2,,,,,1,,1,,,1,,,,3,2,,,,1,,,1,24
390622,"Hawaii County, HI, USA","Hawaii, USA","United States",19.809506220046,-156.00610328181,land,saltwater,2026-01-11,"Spencer Ohana",5,,5,7.81,0.34,0.00,,,,23,4,3,3,4,2,12,1,6,1,,3,31,,4,,2,,,,,,,,5,,1,,,,2,2,,5,5,,,,,,,6,125
390623,"Loudoun County, VA, USA","Virginia, USA","United States",38.908697570177,-77.524889125883,land,inland,2026-01-11,ymsl,2,,2,3.56,9.59,0.00,,4,4,3,3,4,2,2,5,1,,1,1,,,7,1,,,,,,1,,,2,,,,,,,,1,2,3,2,6,,,,,,,17,72
390624,"Loudoun County, VA, USA","Virginia, USA","United States",38.914406560719,-77.54743390172,land,freshwater,2026-01-11,"ymsl dulles south",3,,3,2.45,0.64,0.00,,2,2,3,4,1,,,3,5,,1,2,1,1,4,,,1,2,,,,,1,,,,1,2,,,,1,,1,,,,,,,,,,38
390625,"Mendocino County, CA, USA","California, USA","United States",39.33336629,-123.8101651,land,saltwater,2026-01-11,"Noyo Center for Marine Science",1,,1,0.62,0.00,0.00,,,,1,1,,,,1,3,,,,,,,,,,,,,,,,,,,,,,,,,,,2,4,,,,,,,10,22
390626,"Hawaii County, HI, USA","Hawaii, USA","United States",19.80297482432,-156.01098761745,land,inland,2026-01-11,"clean rewards - kua bay",2,,2,11.93,1.30,0.00,,,4,5,3,1,,3,3,11,2,,2,1,1,36,3,,4,5,,,1,,,,1,,,4,,,,,,1,17,74,,1,,,,,8,191
390627,"Hawaii County, HI, USA","Hawaii, USA","United States",19.809528191435,-156.00621931,land,inland,2026-01-11,,1,,1,26.63,0.10,0.00,,,11,15,10,17,,9,22,201,1,2,2,4,6,100,9,5,5,,,,,,,1,,2,,9,,1,2,4,3,3,143,158,,4,1,,,,,750
390628,"Hawaii County, HI, USA","Hawaii, USA","United States",19.809510445928,-156.00621470877,land,saltwater,2026-01-11,"Clean Rewards",1,,1,34.58,0.00,0.00,,,,29,13,17,4,,18,69,,,7,1,14,162,6,7,18,,,,,,,,,,,4,,,5,,5,1,65,296,,,1,,,1,,743
390629,"Williamson County, TX, USA","Texas, USA","United States",30.6332618,-97.6779842,land,inland,2026-01-11,"Me, myself and I",1,,1,0.44,0.00,0.00,,,1,,,,,,,,,,,,,4,,,,,,,,,,,,,,,,,,,,,,6,,,,,,,4,15
390630,"Cumberland County, PA, USA","Pennsylvania, USA","United States",40.239062964134,-77.071867802304,land,inland,2026-01-11,teboh,1,,1,5.34,0.28,0.00,,1,13,,10,2,3,,,,8,,,,,2,3,3,2,,,,,,,,,,,4,,,1,,,4,6,44,,,,,,,,106
390642,"Monroe County, FL, USA","Florida, USA","United States",25.08514558296,-80.45173158583,land,saltwater,2026-01-10,"Pascals Way",25,,25,119.07,0.00,0.00,18,,,,,,,,,,,,,,,,,,,,,,,,,,,,,,,,,,,,,,,,,,,,,
390644,"Santa Barbara County, CA, USA","California, USA","United States",34.403562143857,-119.74345598456,land,saltwater,2026-01-12,"hope 5th",25,,25,0.45,0.80,0.00,,,6,,1,,,1,,1,,,,,,5,1,1,,,,,,,,,,,,,,,,,,,3,7,,,,,,,,26
390646,"Scott County, IA, USA","Iowa, USA","United States",41.527062654039,-90.516645750645,land,freshwater,2026-01-12,"Dwayne Tank",1,,1,6.80,0.00,0.00,1,,,,,,,,,,,,,,,,,,,,,,,,,,,,,,,,,,,,,,,,,,,,,
390649,"San Diego County, CA, USA","California, USA","United States",32.76854250633,-117.25205390135,land,saltwater,2026-01-11,"San Diego Whale Watch",3,,3,3.14,0.31,0.00,,1,,,,,,,20,61,,,,,,,,2,1,,,,,,,,,,,,,,,1,,,,48,,,,,,,1,135
390650,"San Mateo County, CA, USA","California, USA","United States",37.602637939013,-122.49840816668,land,saltwater,2026-01-12,"pacifica beach coalition",1,,1,0.91,0.00,0.00,1,,,,,,,,,,,,,,,,,,,,,,,,,,,,,,,,,,,,,,,,,,,,,
390651,"Miami-Dade County, FL, USA","Florida, USA","United States",25.614923062653,-80.316457035874,land,saltwater,2026-01-12,,1,,1,5.31,1.06,0.00,,11,6,4,4,8,1,10,22,,,5,,,,13,2,2,4,,1,,,,,,,,,13,,,,,3,,19,2,,,,1,,,23,154
390652,"Cumberland County, PA, USA","Pennsylvania, USA","United States",40.239067130648,-77.071841556973,land,inland,2026-01-12,teboh,1,,1,0.36,0.02,0.00,,2,6,,,,,,,,,,,,,,1,,,,,,,,,1,,,,,,,,,,,1,3,,,,,,,,14
390653,"Williamson County, TX, USA","Texas, USA","United States",30.6332618,-97.6779842,land,inland,2026-01-13,"Me, myself and I",1,,1,0.00,0.00,0.00,,,,,,,,,1,,,,,,,,,,,,,,,,,,,1,,,,,,,,,,,,,,,,,9,11
390666,"Martin County, FL, USA","Florida, USA","United States",27.171945928505,-80.252342663848,watercraft,saltwater,2026-01-13,freese,1,,1,0.02,0.06,0.00,,,,,1,,,,,,,,,,,,,,,,,,,,,,,,,,,,,,,,,,,,,,,,,1
390667,"Pinellas County, FL, USA","Florida, USA","United States",27.685310140071,-82.73787822298,land,saltwater,2026-01-13,,1,,1,6.14,2.85,0.00,,,2,,1,1,2,1,2,26,,2,,,1,9,,4,1,3,,,,,,,1,2,,3,,,,,2,7,6,32,,3,,,,,3,114
390668,"Greater Bridgeport Planning Region, CT, USA","Connecticut, USA","United States",41.26365091056,-73.217108961383,land,inland,2026-01-12,"Trumbull cleanup",1,,1,0.53,0.89,0.00,,,,,,,,,1,,1,,,,,1,1,,,,,,,,,,1,,,,,,,,,,,6,,,,2,,,2,15
390670,"Pinellas County, FL, USA","Florida, USA","United States",27.991439507813,-82.697564114445,land,saltwater,2026-01-13,"Tiffanie Kaiyen",1,,1,10.34,14.48,0.00,,22,7,12,32,49,,16,30,43,,,,,,,,,,6,5,,,,69,,,,,,,,,,,,,,,,,,,,,291
390672,"Fairfax County, VA, USA","Virginia, USA","United States",38.90974144433,-77.285765641819,land,inland,2026-01-13,RBH,2,,2,2.81,6.76,0.00,,,,1,2,2,,2,6,50,,,,,,5,,,36,,,,,,,,,1,1,3,2,1,,,1,2,2,18,,,,,,,,135
390673,"Morris County, NJ, USA","New Jersey, USA","United States",40.867523953678,-74.71899944428,land,inland,2026-01-13,"Team Ladybug",1,,1,0.51,2.25,0.00,,,,1,2,12,,,2,,,,,,,1,,,,,,,,,,,,,,,,,,,2,,,,,,,,,,5,25
390676,"Mendocino County, CA, USA","California, USA","United States",39.453757946626,-123.79678615625,land,saltwater,2026-01-13,,1,,1,0.36,0.00,0.00,,1,2,,,,,,,1,,,,,,1,,,,,,,,,1,,,,,,,,,,,,,1,,,1,,,,,8
390677,"San Mateo County, CA, USA","California, USA","United States",37.546140384032,-122.26133122585,land,freshwater,2026-01-10,"Team Smith",2,,2,1.01,0.04,0.00,,,,,1,,,,5,3,,,,,,4,,,,1,,,,,,,1,,,1,,,1,,,,,,,,,,,,2,19
390679,"Richmond, VA, USA","Virginia, USA","United States",37.52524572,-77.47655682,land,freshwater,2026-01-14,,1,,1,0.27,0.16,0.00,,1,,1,1,,,3,1,7,,,,,,,,,,,,,,,,,,,,,,,,,,,,,,,,,,1,,15
390680,"Richmond, VA, USA","Virginia, USA","United States",37.5240597,-77.47416984,land,inland,2026-01-14,,1,,1,1.77,1.29,0.00,,3,2,2,2,,,1,1,10,,,3,1,3,2,2,2,3,,,,,,,,,,,,,,,2,5,,,14,,,,1,,,21,80
390698,"Fairfax County, VA, USA","Virginia, USA","United States",38.909741190475,-77.285704018833,land,inland,2026-01-14,RBH,2,,2,0.14,3.22,0.00,,,,,,,,,2,2,,,,,,5,,,1,,,,,,,2,,2,,,,,,,,,3,4,,,,1,,,6,28
390699,"Erie County, NY, USA","New York, USA","United States",42.938163431155,-78.892944652068,land,inland,2026-01-14,"Believe in Black Rock -BNWaterkeeper",1,,1,2.13,0.01,0.00,,,1,,21,25,2,,5,20,,2,6,,,10,6,2,1,,,,,,,,1,,,2,,,,1,,,6,3,,1,,2,,,10,127
390703,"Lee County, FL, USA","Florida, USA","United States",26.49351022,-81.8004575,land,saltwater,2026-01-14,KLCB,1,,1,23.51,0.00,0.00,,2,5,6,8,11,2,28,34,173,18,21,16,3,2,7,12,20,35,12,3,,4,,2,4,7,,,7,1,,4,2,4,7,48,19,,2,1,4,,,28,562
390710,"Greater Bridgeport Planning Region, CT, USA","Connecticut, USA","United States",41.263931744605,-73.197220276194,land,inland,2026-01-15,"Trumbull cleanup",1,,1,1.21,0.59,0.00,,1,,,9,7,,,2,,,,,,,5,2,1,2,,,,,,,,,,,1,2,,,,1,,2,8,,,,,,,,43
390712,"Miami-Dade County, FL, USA","Florida, USA","United States",25.750847623385,-80.145967167753,land,saltwater,2026-01-15,Muve,7,,7,14.04,0.13,0.00,,4,36,10,3,,,,32,,1,2,10,4,1,21,4,1,6,2,1,,5,,,,1,1,,2,,,,,1,1,44,,,,,1,,,9,203
390713,"Miami-Dade County, FL, USA","Florida, USA","United States",25.757068337211,-80.141708344218,land,saltwater,2026-01-15,,3,,3,5.44,1.45,0.00,,,18,,5,2,2,,9,,,,6,,,5,,1,2,3,,,,,,1,,,1,,1,,,,,,,6,,,,,,,1,63
390714,"San Francisco County, San Francisco, CA, USA","California, USA","United States",37.7593921,-122.510734,land,saltwater,2026-01-15,,1,,1,2.60,0.00,0.00,,2,3,1,,,,,5,2,,,,,,,,4,,1,,,1,,,4,,,1,2,,,,,,,,3,,,,,,,33,62
390715,"San Francisco County, San Francisco, CA, USA","California, USA","United States",37.736888072911,-122.47120348513,land,saltwater,2026-01-15,,1,,1,2.60,0.00,0.00,,2,3,1,,,,,4,2,,,,,,,,4,,1,,,1,,,4,,,1,2,,,,,,,,3,,,,,,,33,61
390718,"Mendocino County, CA, USA","California, USA","United States",39.445723,-123.8052935,land,saltwater,2026-01-10,,1,,1,0.45,0.00,0.00,1,,,,,,,,,,,,,,,,,,,,,,,,,,,,,,,,,,,,,,,,,,,,,
390719,"San Mateo County, CA, USA","California, USA","United States",37.60260400844,-122.49972072569,land,saltwater,2026-01-12,"pacifica beach coalition",1,,1,1.76,0.10,0.00,,,,,2,2,1,,8,7,,,,,,,2,3,,,,,1,,,,,,,,,,,,,,7,1,,,,,,,18,52
390720,"Dallas County, TX, USA","Texas, USA","United States",32.85699475,-96.84837128,land,inland,2026-01-15,test,1,,1,0.51,0.55,0.00,,,,2,2,,,,,4,,,,,,,,,,,,,,,,,,,,,,,,,,,,,,,,,,,,8
390721,"Scott County, IA, USA","Iowa, USA","United States",41.526105051745,-90.515981790969,land,freshwater,2026-01-15,"Dwayne Tank",1,,1,6.80,0.00,0.00,1,,,,,,,,,,,,,,,,,,,,,,,,,,,,,,,,,,,,,,,,,,,,,
390722,"San Mateo County, CA, USA","California, USA","United States",37.589747344809,-122.50170131885,land,inland,2026-01-15,"pacifica beach coalition",2,,2,2.10,0.80,0.00,,,1,,,,,,,13,,1,,,,2,,,1,,,,1,,,,,,,,,,,,,,,13,,,,3,,,,35
390723,"Broward County, FL, USA","Florida, USA","United States",25.997826335026,-80.135420636191,land,inland,2026-01-16,"Little Earth Hero",3,,3,0.96,1.39,0.00,,1,,,,,,,,,,,,,,,,,,,,,,,,,,,,,,,,,,,,15,,,,,,,,16
390724,"Chesterfield County, VA, USA","Virginia, USA","United States",37.40741804,-77.67967218,land,inland,2026-01-15,,1,,1,0.95,0.48,0.00,,3,4,1,2,1,1,6,2,48,,,2,1,,4,2,2,3,,,,,,,,,,,,,,,3,,,,5,,,,1,,,34,125
390725,"King County, WA, USA","Washington, USA","United States",47.528121944199,-122.38491017915,land,saltwater,2026-01-12,"Protect Where We Play -",1,,1,3.40,0.00,0.00,1,,,,,,,,,,,,,,,,,,,,,,,,,,,,,,,,,,,,,,,,,,,,,
390726,"King County, WA, USA","Washington, USA","United States",47.528121944199,-122.38491017915,land,saltwater,2026-01-13,"Protect Where We Play -",1,,1,1.81,0.00,0.00,2,,,,,,,,,,,,,,,,,,,,,,,,,,,,,,,,,,,,,,,,,,,,,
390727,"King County, WA, USA","Washington, USA","United States",47.528121944199,-122.38491017915,land,saltwater,2026-01-14,"Protect Where We Play -",1,,1,4.31,0.00,0.00,2,,,,,,,,,,,,,,,,,,,,,,,,,,,,,,,,,,,,,,,,,,,,,
390728,"King County, WA, USA","Washington, USA","United States",47.528121944199,-122.38491017915,land,saltwater,2026-01-15,"Protect Where We Play -",1,,1,1.81,0.00,0.00,2,,,,,,,,,,,,,,,,,,,,,,,,,,,,,,,,,,,,,,,,,,,,,
390729,"Richmond, VA, USA","Virginia, USA","United States",37.52485808,-77.45538155,land,inland,2026-01-16,,1,,1,3.31,0.32,0.00,,,,,,,,,6,63,,,,,,,,,,,,,,,,,,,,,,,,,,,,52,,,,,,,,121
390734,"Greater Bridgeport Planning Region, CT, USA","Connecticut, USA","United States",41.258666111737,-73.212554125714,land,inland,2026-01-16,"Trumbull cleanup",1,,1,0.15,1.66,0.00,,,1,,,,,,,,,1,,,,,1,,,,,,,,,,,,,,,,,,,,,2,,,,,,,3,8
390736,"Palm Beach County, FL, USA","Florida, USA","United States",26.884588273769,-80.055838349378,land,saltwater,2026-01-08,"Loggerhead Marinelife Center",1,,1,4.50,0.00,0.00,1,,,,,,,,,,,,,,,,,,,,,,,,,,,,,,,,,,,,,,,,,,,,,
390737,,,"United States",26.884597496058,-80.055862438571,land,saltwater,2026-01-03,"Loggerhead Marinelife Center",33,,33,6.89,0.80,0.00,,,9,1,9,13,,,102,61,,,3,,6,115,22,44,13,16,,,,,,,,,41,6,5,,,,2,3,6,177,,,,,,,253,907
390738,"Prince George's County, MD, USA","Maryland, USA","United States",38.809566674037,-76.712508401928,land,freshwater,2026-01-16,"Jug Bay",10,,10,110.96,0.11,0.00,,20,32,260,302,660,2,5,10,,3,8,26,6,58,157,20,6,,57,,,,,2,8,1,,1,3,,,1,3,12,1,,15,,,1,7,,,22,1709
390740,"Yolo County, CA, USA","California, USA","United States",38.5449065,-121.7405167,land,inland,2026-01-16,"putah creek council",1,,1,4.76,0.00,0.00,,,3,,1,,1,1,2,2,,,2,,,1,,1,,,,,1,,,,,,,1,,,,,,,22,33,,,,,,,28,99
390745,"San Mateo County, CA, USA","California, USA","United States",37.6324357,-122.494697,land,saltwater,2026-01-10,,3,,3,3.40,0.00,0.00,1,,,,,,,,,,,,,,,,,,,,,,,,,,,,,,,,,,,,,,,,,,,,,
390756,,,"United States",25.71549980933,-80.151326032449,land,saltwater,2026-01-17,B.O.O.B,2,,2,7.67,0.50,0.00,,4,13,14,1,,,,7,,1,3,3,1,,6,1,2,1,5,,,1,,,1,,1,,,4,,,,2,2,,,,,,,,,,73
390757,"Galveston County, TX, USA","Texas, USA","United States",29.215788815844,-94.915030897349,land,saltwater,2026-01-17,"Moody Gardens",4,,4,12.71,0.00,0.00,,3,5,,,,,1,34,5,1,,,1,1,24,1,4,3,11,,,,,,,3,,4,,,,,,1,3,71,35,1,,,,,,34,246
390758,"Galveston County, TX, USA","Texas, USA","United States",29.21563701,-94.91473947,land,saltwater,2026-01-17,"Moody Gardens",20,,20,3.91,0.25,0.00,,,,2,,1,5,,7,,,,7,,,8,,,,4,,,,,,,,,,1,,,,,7,1,5,10,,,,,,,42,100
390759,,,"United States",25.715212051744,-80.150754876073,land,saltwater,2026-01-17,"phi sig",2,,2,2.43,1.54,0.00,,,2,1,,1,,2,7,,1,1,,,,,1,2,1,1,,,1,,,,,,,,,,,,,1,3,1,,,,,,,18,44
390760,"Miami-Dade County, FL, USA","Florida, USA","United States",25.71546273774,-80.151343149569,land,saltwater,2026-01-17,baddies,3,,3,9.07,0.00,0.00,,12,56,2,5,1,,3,21,3,10,3,6,2,,,,,1,2,,1,,,,,,,3,,,,,,,,1,9,,,,,,,,141
390761,"Miami-Dade County, FL, USA","Florida, USA","United States",25.71547933491,-80.151303768967,land,saltwater,2026-01-17,"FIU MLK Day of Service",2,,2,4.63,1.45,0.00,,,,1,,1,,1,7,5,1,,1,,,5,,,1,,1,,3,,,,,,2,,,,,,,,,1,,,,,,,91,121
390762,"Miami-Dade County, FL, USA","Florida, USA","United States",25.715482635572,-80.151299886472,land,saltwater,2026-01-17,"city girls",3,,3,3.77,0.13,0.00,,,12,11,1,,2,,6,,,,,,,1,,,1,2,,,,,,,,2,,,,,,,1,,1,1,,,,,,,22,63
390763,"Galveston County, TX, USA","Texas, USA","United States",29.215668795224,-94.914693361819,land,saltwater,2026-01-17,,2,,2,2.25,0.08,0.00,,7,14,1,5,12,3,4,36,5,4,2,5,4,1,7,7,13,11,2,,,,,,,1,,,,,,,,,,,,,,,,,,,144
390764,"Miami-Dade County, FL, USA","Florida, USA","United States",25.715846396803,-80.149749131675,land,saltwater,2026-01-17,"Phi Sig S&E",2,,2,0.65,0.04,0.00,,1,4,2,5,,,,6,,1,,,,,,,,,,,,,,,,,,1,,,,,,,,,,,,,,,,,20
390765,"Galveston County, TX, USA","Texas, USA","United States",29.286256801247,-94.866626020159,land,saltwater,2026-01-17,"moody gardens volunteer organization",2,,2,19.43,1.78,0.00,,3,12,4,4,5,3,2,70,,,2,4,,,11,,6,5,8,1,,8,,,4,3,,1,2,,1,1,1,19,6,17,4,,,,1,,1,80,289
390766,"Galveston County, TX, USA","Texas, USA","United States",29.216007308609,-94.914845271559,land,saltwater,2026-01-17,"moody gardens",1,,1,14.68,2.68,0.00,,,4,,,,1,2,107,,2,1,,1,,3,,4,,1,,,9,,,,,2,,,,,1,,2,,22,24,,,,3,,,91,280
390767,,,"United States",42.586535792931,-78.809467332722,land,inland,2026-01-14,"BNW Kat cleans",1,,1,2.31,0.00,0.00,,1,2,2,4,6,1,2,3,8,2,2,4,3,3,3,,2,3,,,,,,,,1,,,,2,1,,1,7,,8,9,,,,,,,,80
390769,"San Mateo County, CA, USA","California, USA","United States",37.647444055948,-122.48806916854,land,saltwater,2026-01-17,,1,,1,2.08,1.65,0.00,,,,1,3,3,7,,1,62,,4,4,,,7,2,4,3,,,,,,,,3,4,,4,,,,,,,4,5,,,,3,,,7,131
390770,"Yolo County, CA, USA","California, USA","United States",38.5449065,-121.7405167,land,inland,2026-01-17,"putah creek council",1,,1,3.98,0.00,0.00,,,2,,,,,,2,6,,,,,,,,,,,,,2,,,,,,,,,,,,,,13,13,,,,,,,7,45
390772,"Nassau County, NY, USA","New York, USA","United States",40.583531207604,-73.651933130703,land,saltwater,2026-01-13,,1,,1,0.49,0.02,0.00,,,,,,,,3,41,,,,,,,,1,2,,,,,,,,,,,1,,,,,,1,,5,,,,,,,,,54
390775,"Halifax County, VA, USA","Virginia, USA","United States",36.76782456,-78.92369195,land,inland,2026-01-17,,1,,1,45.45,0.00,0.00,,13,,3,9,5,4,4,6,38,7,1,12,6,2,71,2,,,,,,4,2,,3,1,1,1,1,,1,,,,,71,247,,,,,,,47,562
390778,"St. Johns County, FL, USA","Florida, USA","United States",29.849465520351,-81.266070244205,land,saltwater,2026-01-18,,1,,1,2.17,0.01,0.00,,1,,1,,1,1,2,2,,,,,,,3,,,,1,,,,,1,,,1,,,1,1,1,,,5,,,,,,,,,10,32
390779,"Cape May County, NJ, USA","New Jersey, USA","United States",38.960565097254,-74.844347374037,land,saltwater,2026-01-18,"anti litter bros",2,,2,0.27,0.31,0.00,,,10,,1,,,4,,3,1,,1,,,8,1,2,2,,,,,,,,,,1,,,,,,,,,,,,,,,,,34
390780,"Galveston County, TX, USA","Texas, USA","United States",29.26547632,-94.83456575,land,saltwater,2026-01-17,"Team Manstina",27,,27,36.97,0.00,0.00,27,,,,,,,,,,,,,,,,,,,,,,,,,,,,,,,,,,,,,,,,,,,,,
390781,"Cape May County, NJ, USA","New Jersey, USA","United States",38.961553118637,-74.845899223685,land,saltwater,2026-01-18,"anti litter bros",2,,2,0.23,0.34,0.00,,,,1,,,,,,,,,,,,,,,,,,,,,,,,,,,,,,,,,,,,,,,,,,1
390783,"Yolo County, CA, USA","California, USA","United States",38.5449065,-121.7405167,land,inland,2026-01-18,"putah creek council",1,,1,1.65,0.00,0.00,,,4,,,,,,1,4,,,,,,1,,,,,,,,,,,,,,,,,,,,,13,14,,,,,,,8,45
390784,"Cape May County, NJ, USA","New Jersey, USA","United States",38.961814703719,-74.846102423913,land,saltwater,2026-01-18,"anti litter",1,,1,0.64,0.32,0.00,,,,,4,,,,,,,,,,,,2,2,,,,,,,,1,,,,,,,,,,2,1,,,,,,,,5,17
390785,"Orange County, CA, USA","California, USA","United States",33.740079963896,-118.11576391664,land,saltwater,2026-01-18,,1,,1,0.01,0.00,0.00,,,,,,,,,1,,1,,,,,,,,,,,,,,,,,,,,,,,,,,,,,,,,,,,2
390786,,,"United States",30.6332618,-97.6779842,land,inland,2026-01-18,"Me, myself and I",1,,1,0.01,0.00,0.00,,,,,,,,2,1,,,,,,,,,,1,,,,,,,,,1,,,,,,,,,,,,,,,,,2,7
390787,"San Diego County, CA, USA","California, USA","United States",32.632133099075,-117.13432801254,land,saltwater,2026-01-18,"kathy solo",1,,1,1.58,1.04,0.00,,2,11,1,1,,2,,,,1,,2,4,4,24,2,2,,,,,,,,1,2,,,,,,,1,1,,4,1,,,,4,,,5,75
390788,"King County, WA, USA","Washington, USA","United States",47.583531219567,-122.36900537613,land,saltwater,2026-01-18,,1,,1,2.41,0.06,0.00,,,,,,,1,,3,2,1,,,,,1,,,,4,1,,,,,,,,,,,,,,,,,,,,,,,,4,17
390790,"San Mateo County, CA, USA","California, USA","United States",37.633140229588,-122.47378223626,land,inland,2026-01-19,,1,,1,1.18,3.22,0.00,,1,,3,3,2,,,,11,1,,2,,3,2,2,,2,,,,,,,,,2,1,1,,,,1,2,,,,,,,,,,,39
390793,"Halifax County, VA, USA","Virginia, USA","United States",36.75123237,-79.0716466,land,inland,2026-01-18,,1,,1,17.09,0.11,0.00,,9,,24,,27,,8,,39,,,3,,4,11,3,3,,,,,,1,,,,,,1,,1,,,,,,23,,,,,,,13,170
390794,"Santa Cruz County, CA, USA","California, USA","United States",36.95794800447,-121.88694426769,land,saltwater,2026-01-17,"sheri & steve",2,,2,0.91,0.00,0.00,1,,,,,,,,,,,,,,,,,,,,,,,,,,,,,,,,,,,,,,,,,,,,,
391231,"Pinellas County, FL, USA","Florida, USA","United States",27.683860103745,-82.737670281833,land,saltwater,2026-01-19,,1,,1,41.66,2.94,0.00,,,3,,4,,1,,4,6,,1,,,,5,,5,2,4,,,1,4,,,1,,,2,,,,,,2,1,19,,,,,,,,65
391232,"Cape May County, NJ, USA","New Jersey, USA","United States",38.960301778397,-74.845291342129,land,saltwater,2026-01-19,"anti litter",1,,1,1.00,2.74,0.00,,,2,,3,1,,2,11,,,1,,,,5,,3,3,,,,,,,,,2,,,,,1,,,1,,,,,,,,,21,56
391233,"Santa Cruz County, CA, USA","California, USA","United States",36.9741275,-122.028807,land,saltwater,2026-01-07,RCGA2026,1,,1,0.91,0.00,0.00,1,,,,,,,,,,,,,,,,,,,,,,,,,,,,,,,,,,,,,,,,,,,,,
391234,"Yolo County, CA, USA","California, USA","United States",38.5449065,-121.7405167,land,inland,2026-01-19,"putah creek council",1,,1,0.13,0.00,0.00,,,1,,,,,,,,,,,,,,,,,,,,,,,,,,,,,,,,,,1,1,,,,,,,3,6
391236,"Contra Costa County, CA, USA","California, USA","United States",37.921484244796,-121.71399937817,land,inland,2026-01-19,,1,,1,0.36,0.28,0.00,,,1,,4,3,,,,2,,,,1,,5,1,,,,,,,,,3,,,,,,,,,,,,,,,,,,,,20
391237,"Los Angeles County, CA, USA","California, USA","United States",34.002878866913,-118.4891057567,land,saltwater,2026-01-19,"surf bus clean up",25,,25,0.07,0.14,0.00,,,,,,,,,1,2,,,,,,,,1,,,,,,,,,,1,,,,,,,,,,1,,,,,,,8,14
391238,"Los Angeles County, CA, USA","California, USA","United States",34.002793174165,-118.4885919586,land,saltwater,2026-01-19,"surf bus clean up",25,,25,0.04,0.93,0.00,,2,,,,,,,5,1,,,,,,1,,1,,,,,,,,,,,,,,,,,,,,,,,,,,,61,71
391239,"Los Angeles County, CA, USA","California, USA","United States",34.004219373536,-118.48989595076,land,saltwater,2026-01-19,"surf bus foundation",4,,4,3.33,0.78,0.00,,1,,,,,2,3,20,28,,1,1,1,,21,,6,1,,,,,,,,3,,,1,,,,,,1,,35,,9,,,,,115,249
391240,"Los Angeles County, CA, USA","California, USA","United States",34.002549368552,-118.48814745963,land,saltwater,2026-01-19,"Max and Miles",25,,25,0.34,1.06,0.00,,5,,,2,,1,,5,6,,,,,,6,,4,,,,,,,,3,,,,,,,,,,,,,1,,,,,,76,109
391241,"Los Angeles County, CA, USA","California, USA","United States",34.002431682833,-118.48880614308,land,saltwater,2026-01-19,,3,,3,0.73,0.48,0.00,,,2,,1,,,1,,3,,,,9,,3,2,,,,,,,,,4,,,,,,,,,,1,,,,,,,,,15,41
391242,"Danville, VA, USA","Virginia, USA","United States",36.56907982,-79.42788198,land,inland,2026-01-19,,1,,1,59.38,1.61,0.00,,,,1,4,,,,5,,,,,,2,,,,,,,1,,,1,,1,,1,,,,,,,,,13,,,,,,,,29
391243,"Broward County, FL, USA","Florida, USA","United States",25.992978271239,-80.127609527789,land,inland,2026-01-19,"Little Earth Hero",2,,2,1.45,1.03,0.00,,1,2,,3,4,,,3,,2,,2,4,1,9,,,1,1,,,,,,,,,1,,,,,,11,,,6,,,,,,,4,55
391244,"Williamson County, TX, USA","Texas, USA","United States",30.6332618,-97.6779842,land,inland,2026-01-19,"Me, myself and I",1,,1,0.08,0.00,0.00,,,,,,,,,,1,,,,,,1,,1,,,,,,,,,,,,,,,,,,,,1,,,,,,,8,12
391245,"Halifax County, VA, USA","Virginia, USA","United States",36.69324883,-78.89954564,land,freshwater,2026-01-19,,1,,1,15.47,0.32,0.00,,,,7,1,4,,5,3,38,,,,5,,,,,,20,8,,,,,,,,,,,,,,,,,,,,,,,,,91
391246,,,"United States",37.648440869003,-122.48715329513,land,inland,2026-01-19,"Pacific Beach Coalition - Terri Brown",1,,1,1.73,0.05,0.00,,,,,1,1,,,,95,,,,,1,,1,1,,,,,,,,,,2,,,,,,,,,,26,,,,1,,,,129
391247,"Martin County, FL, USA","Florida, USA","United States",27.203336641083,-80.270672868777,watercraft,saltwater,2026-01-13,freese,2,,2,0.02,0.00,0.00,,1,1,,,,,,,,,,,,,,,,,,,,,,,,,,,,,,,,,,,,,,,,,,1,3
391249,,,"United States",37.807659840713,-122.32541320677,land,saltwater,2026-01-19,"middle harbor",1,,1,0.01,0.53,0.00,,,,,,,,,,,,,,,,,,,,,,,,,,,,,,,,,,,,,,,,,,,,,3247,3247
391254,"Yolo County, CA, USA","California, USA","United States",38.5449065,-121.7405167,land,inland,2026-01-20,"putah creek council",1,,1,1.32,0.00,0.00,,,2,,,,,,,,,,,,,,,,,,,,,,,,,,,,,,,,,,11,11,,,,,,,10,34
391258,"Lee County, FL, USA","Florida, USA","United States",26.39553846,-81.77721359,land,saltwater,2026-01-20,KLCB,1,,1,6.00,0.02,0.00,,1,3,1,3,,2,10,11,135,4,3,,2,,7,2,6,3,3,,,2,,,,,1,2,3,,,1,,1,,11,5,,1,,2,,,25,250
391259,"Halifax County, VA, USA","Virginia, USA","United States",36.72584772,-78.91619953,land,freshwater,2026-01-20,,1,,1,13.83,0.32,0.00,,,,7,,,,5,,35,2,,,2,,,,,,8,,,7,,,,,,,,,,,,,,,,,,,,,,,66
391260,"Miami-Dade County, FL, USA","Florida, USA","United States",25.715320823931,-80.150154989469,land,saltwater,2026-01-17,"TWITCHES TAKE ON DA BEACH!",2,,2,0.09,0.19,0.00,,1,3,,,,,1,5,,2,1,1,,,,,,1,,,,,,,,,1,,,,,,,,,,,,,,,,,,16
391261,"Middlesex County, MA, USA","Massachusetts, USA","United States",42.489290717249,-71.081347920558,land,inland,2026-01-16,,1,,1,6.80,0.00,0.00,1,,,,,,,,,,,,,,,,,,,,,,,,,,,,,,,,,,,,,,,,,,,,,
391265,"Pinellas County, FL, USA","Florida, USA","United States",27.684914544251,-82.737849522459,land,saltwater,2026-01-21,,1,,1,3.45,0.63,0.00,,,1,,2,1,1,,1,28,1,,,,,1,,1,1,1,1,,,,1,,1,11,,,,1,,,1,5,3,13,,,,,,,,76
391268,"Carbon County, PA, USA","Pennsylvania, USA","United States",41.0606423,-75.5910219,land,inland,2026-01-21,"anti litter golf ball",1,,1,6.80,0.00,0.00,1,,,,,,,,,,,,,,,,,,,,,,,,,,,,,,,,,,,,,,,,,,,,,
391269,"Yolo County, CA, USA","California, USA","United States",38.5249065,-121.9708017,land,inland,2026-01-21,"putah creek council",1,,1,0.04,0.00,0.00,,,,,,,,,,5,,,,,,,,,,,,,,,,,,,,,,,,1,,,,,,,,,,,,6
391272,,,"United States",37.736893940931,-122.47119431732,land,saltwater,2026-01-22,,1,,1,4.31,0.00,0.00,,9,17,2,3,2,,2,8,3,2,4,12,,,10,2,4,,2,,,1,,,2,,3,1,1,,,,,,2,4,2,,,,,,,38,136
391273,,,"United States",37.7593921,-122.510734,land,saltwater,2026-01-22,,1,,1,4.32,0.00,0.00,,9,17,2,3,2,,2,8,3,2,5,12,,,10,2,4,,2,,,1,,,2,,3,1,1,,,,,,2,4,2,,,,,,,37,136
391274,"San Mateo County, CA, USA","California, USA","United States",37.59500326,-122.50110575,land,inland,2026-01-22,,2,,2,0.12,1.15,0.00,,,,,,,,,,1,,,,,,,,,,,,,,,,,,,,,,,,,,,1,1,,,,,,,,3
391275,"Maricopa County, AZ, USA","Arizona, USA","United States",33.547528759581,-111.64317490754,land,freshwater,2026-01-22,"OdySea Aquarium",4,,4,2.63,1.61,0.00,4,,,,4,9,,12,8,45,,,,,,,1,1,,20,,,,,,,4,,,,,,,,,,,,,,1,,,,,105
391276,"Santa Barbara County, CA, USA","California, USA","United States",34.41007918548,-119.86895669464,land,saltwater,2026-01-23,Foothill,25,,25,0.58,0.01,0.00,,,,1,,,,2,3,,,,,,,1,,,,,,,,,,,,,,,,,,,,,6,,,,,,,,,13
391277,"Clermont County, OH, USA","Ohio, USA","United States",39.168201815347,-84.294335517844,land,freshwater,2026-01-19,"Boy Scout Troop 502",15,,15,4.08,0.03,0.00,,2,,1,10,5,,,,,5,,,,,,,1,,2,1,,1,,,2,1,,,,,,3,,,,,,,,,,,,2,36
391278,"Los Angeles County, CA, USA","California, USA","United States",34.00206172211,-118.49024038973,land,saltwater,2026-01-19,Jake,25,,25,0.44,0.33,0.00,,3,,,,,,,4,2,,,,,1,,,1,,,,,,,,,,,,,,,,,,,7,,,,,,,,30,48
391282,"Pinellas County, FL, USA","Florida, USA","United States",27.685041208859,-82.737862014286,land,saltwater,2026-01-22,,1,,1,1.93,3.02,0.00,,,1,,,1,1,1,4,18,,,1,,,5,,3,2,,,,,,,,1,7,,1,,,,,1,1,5,16,,,,,,,2,71
391283,"Pinellas County, FL, USA","Florida, USA","United States",27.683438149027,-82.737696409992,land,saltwater,2026-01-23,,1,,1,3.15,2.56,0.00,,,1,,3,,1,1,4,10,,,3,,,5,1,5,,2,,,,,,,1,3,,,,1,1,2,1,1,6,16,,,,,,,1,69
391284,"Greater Bridgeport Planning Region, CT, USA","Connecticut, USA","United States",41.251069291334,-73.204874267342,land,inland,2026-01-23,"Trumbull cleanup",1,,1,0.04,0.10,0.00,,,,,1,,,,1,,,1,,,,,,,2,,,,,,,,,,,,,,,,,,,,,,,,,,5,10
391285,"Hancock County, MS, USA","Mississippi, USA","United States",30.303070641711,-89.330289062982,land,saltwater,2026-01-23,"Erika Rigby",1,2,3,2.95,3.22,0.00,2,,,2,7,4,,,3,6,6,,1,,1,22,2,4,3,2,,,,,,,,6,1,2,,1,,3,4,2,10,6,,,,6,,,58,162
391286,"Harrison County, MS, USA","Mississippi, USA","United States",30.384300547727,-89.070253439678,land,inland,2026-01-23,"Keely Collinger",3,12,15,0.82,0.40,0.00,1,,3,,3,,,2,5,2,,19,1,,,104,1,1,1,1,,,2,,,,,,,,,,,,5,,,3,,,,,,,91,244
391296,"Fairfax County, VA, USA","Virginia, USA","United States",38.884899937584,-77.273868145493,land,inland,2026-01-23,RBH,1,,1,1.13,0.00,0.00,,,2,,32,2,1,12,28,53,,,,,,13,1,2,1,,,,,,,,,,,2,,,,,2,,16,7,,1,,,,,,175
391297,"Los Angeles County, CA, USA","California, USA","United States",33.917255148005,-118.42598517693,land,inland,2026-01-23,"East Los Ocean Conservation Club",5,,5,0.87,1.06,0.00,,,1,,1,1,,1,13,26,1,1,,,,11,4,4,2,,,,,,,,1,1,,,,,,1,1,,,7,,,,,,,11,88
391298,"Los Angeles County, CA, USA","California, USA","United States",33.916526087678,-118.42860559006,land,inland,2026-01-23,"East Los Angeles conservation club",5,,5,1.69,0.03,0.00,,,,,,,,1,6,6,,,,,,5,,,,,,,,,,,,,,,,,,,,,4,22,,,,,,,48,92
391299,"Los Angeles County, CA, USA","California, USA","United States",33.916599817298,-118.42861838134,land,inland,2026-01-23,"east los angeles",5,,5,0.97,0.57,0.00,,,1,1,,1,,1,4,8,,,,,,,,1,1,,1,,,,,,,,,,,,,,,,,2,,,,,,,8,29
391300,"Los Angeles County, CA, USA","California, USA","United States",33.918137760526,-118.43054184003,land,inland,2026-01-23,,4,,4,1.41,0.32,0.00,,,,,,,,,1,5,,,,,,4,,,1,,,,,,,,1,,,,,1,,,,,2,17,,,,,,,,32
391307,"Miami-Dade County, FL, USA","Florida, USA","United States",25.747477898274,-80.360708249085,land,inland,2026-01-23,,10,,10,1.08,0.23,0.00,,12,,,25,10,,,,,,,,,,20,,,,,,,,,,,,,,,,,,,,,,,,,,,,,,67
391308,,,"United States",39.420145601073,-123.80175888754,land,inland,2026-01-24,"Noyo Center for Marine Science",1,,1,12.91,0.00,0.00,,,2,,,1,,1,2,,,,,,,,,1,,4,,,,,,,,,,,,,,,,,3,,,,,,,,8,22
391326,"San Mateo County, CA, USA","California, USA","United States",37.650381928111,-122.49122296727,land,inland,2026-01-24,"Pacific Beach Coalition - Terri Brown",1,,1,16.80,0.35,0.00,,1,4,1,3,5,,6,4,350,,3,,,2,3,2,3,3,,,,2,,,,1,1,,27,3,1,1,3,3,9,,100,,4,3,4,,,54,606
391327,"Yolo County, CA, USA","California, USA","United States",38.5449065,-121.7405167,land,inland,2026-01-24,"putah creek council",1,,1,2.19,0.00,0.00,,,2,,,,,,1,2,,,,,,1,,,,,,,,,,,,,,,,,,,,,14,22,,,,,,,9,51
391328,"Broward County, FL, USA","Florida, USA","United States",26.100014946889,-80.106341966318,land,saltwater,2026-01-24,crazy2.0,3,,3,2.72,0.00,0.00,3,,,,,,,,,,,,,,,,,,,,,,,,,,,,,,,,,,,,,,,,,,,,,
391329,"Marin County, CA, USA","California, USA","United States",37.939814162892,-122.52892945597,land,saltwater,2026-01-24,,2,,2,0.76,0.32,0.00,,,,2,4,3,1,5,4,7,1,1,,2,,4,2,1,2,,,,,,,,,,,,,,,,,,,,,,,,,,,39
391330,"Marin County, CA, USA","California, USA","United States",37.918406384115,-122.50221017245,land,saltwater,2026-01-24,"NCL Marin",2,,2,0.89,0.00,0.00,,,10,,,,,,,,,,,2,,4,,,,,,,,,1,,,,,,,,,,,3,,,,,,,,,5,25
391331,"Marin County, CA, USA","California, USA","United States",37.942847601188,-122.5299246249,land,inland,2026-01-24,"NCL Marin",2,,2,1.52,0.44,0.00,,1,6,2,6,1,,1,,1,,,,,,30,,,,,,,,,,,,,,,,,,,1,,2,5,,,,,,,17,73
391332,"Marin County, CA, USA","California, USA","United States",37.8969538,-122.4900612,land,saltwater,2026-01-24,"NCL Marin",3,,3,12.86,0.00,0.00,,1,3,,,,,,16,,13,,,,,,3,,,,15,,1,,,19,8,,,,,,,,,,25,,,,,,1,,146,251
391333,"Marin County, CA, USA","California, USA","United States",37.8964398,-122.4900043,land,saltwater,2026-01-24,"ncl marin",4,,4,6.98,0.00,0.00,,,5,,,,,,15,,9,,5,2,,40,7,11,2,,10,,,,,10,,,,,,,,,,,2,,,,,2,,,37,157
391334,"Scott County, IA, USA","Iowa, USA","United States",41.526921634267,-90.516522068903,land,inland,2026-01-24,"Dwayne Tank",1,,1,13.61,0.00,0.00,2,,,,,,,,,,,,,,,,,,,,,,,,,,,,,,,,,,,,,,,,,,,,,
391335,,,"United States",37.896103087552,-122.48959301476,land,saltwater,2026-01-24,"NCL Marin",2,,2,16.33,0.15,0.00,,1,14,,1,,,2,23,1,,1,1,3,,58,2,8,,15,,,2,,,40,13,,,1,1,,,,,1,47,1,,,,1,,1,172,410
391336,"Marin County, CA, USA","California, USA","United States",37.939750281549,-122.52777173594,land,inland,2026-01-24,"Pickup Papesh’s",2,,2,1.97,1.96,0.00,,,5,,3,3,2,5,2,6,,1,,,,6,8,1,,,,,,,,,2,,,5,2,,,1,,2,1,2,,,,,,,115,172
391337,"Marin County, CA, USA","California, USA","United States",37.896392582862,-122.48986088683,land,saltwater,2026-01-24,"eloise and julia",2,,2,20.38,0.21,0.00,,8,4,12,3,1,2,1,5,1,9,1,1,4,1,13,5,1,1,2,12,,4,,2,46,2,13,4,1,2,1,,1,1,3,16,5,,,1,1,2,,51,243
391338,"Marin County, CA, USA","California, USA","United States",37.895660828086,-122.48914907934,land,saltwater,2026-01-24,,2,,2,4.59,0.85,0.00,,,1,,,,,,6,1,,,,,,14,3,5,1,,,,2,,,22,,,,1,,,,,,,14,3,,,,1,,,22,96
391339,"Marin County, CA, USA","California, USA","United States",37.896119130944,-122.48964885003,land,saltwater,2026-01-24,"Kensal, Clara, Mila, Rian, Sloane, Ellie",6,,6,3.27,0.32,0.00,,10,106,5,11,,1,,51,3,,2,6,15,,4,,25,,,,,,,,,,,,,,,,,,,,,,,,,,,,239
391340,"Sonoma County, CA, USA","California, USA","United States",38.4242109,-123.1011733,land,inland,2026-01-24,,1,,1,0.91,0.00,0.00,1,,,,,,,,,,,,,,,,,,,,,,,,,,,,,,,,,,,,,,,,,,,,,
391341,"Marin County, CA, USA","California, USA","United States",37.896095372413,-122.48958225851,land,saltwater,2026-01-24,"NCL Marin",6,,6,15.83,0.16,0.00,,2,21,1,6,6,,5,31,5,3,5,,4,2,38,41,27,2,3,21,,,,3,,,,1,,2,,,,2,,15,,,2,,15,3,,247,513
391342,,,"United States",37.896099465583,-122.48961017665,land,saltwater,2026-01-24,"NCL- Marin",2,,2,23.78,0.03,0.00,,1,2,1,1,,1,,8,,,,,,1,5,1,,2,2,31,,,,,26,2,1,1,,2,,,1,1,4,26,20,,,,1,,1,40,182
391344,"Marin County, CA, USA","California, USA","United States",37.896510223504,-122.48956604296,land,saltwater,2026-01-24,"NCL Marin",2,,2,25.10,0.08,0.00,,4,10,,,,3,,17,,,1,,,,17,,,2,6,8,,12,,,13,1,,,3,,,,,,4,,14,,,,1,,,87,203
391345,"Marin County, CA, USA","California, USA","United States",37.897050315889,-122.48924374046,land,saltwater,2026-01-24,"NCL Marin",2,,2,3.31,0.17,0.00,,,2,,1,1,4,2,1,,,,,7,,8,,5,,,,,,,,,,,,,,,,1,,,32,18,,,,,,,47,129
391356,"Pinellas County, FL, USA","Florida, USA","United States",27.684396987036,-82.73765034498,land,saltwater,2026-01-25,,1,,1,5.83,2.87,0.00,,,4,2,5,1,,,8,16,,,5,,3,1,3,9,1,3,,,,,,,1,4,,3,1,1,,,1,4,7,27,,1,,,,,1,112
391358,"Ventura County, CA, USA","California, USA","United States",34.274919472918,-119.29764430157,land,saltwater,2026-01-25,,1,,1,1.78,0.40,0.00,,1,,,4,1,,,,,,,1,,1,,,1,1,2,,,,,,1,,,,1,,1,1,,,,5,,,,,,,,10,31
391359,"Yolo County, CA, USA","California, USA","United States",38.5449065,-121.7405167,land,inland,2026-01-25,"putah creek council",1,,1,2.52,0.00,0.00,,,3,,,,1,,,2,,,,,,2,,,1,,,,,,,,,,,1,,,,,,,33,8,,,,,,,8,59
391360,,,"United States",37.547001999636,-122.51430367511,land,saltwater,2026-01-25,,1,,1,0.32,0.00,0.00,,1,,1,,1,3,,1,2,1,,1,,,,,1,,,,,,,,,,,,,,,,,,,,,,,,2,,,7,21
391362,"Santa Clara County, CA, USA","California, USA","United States",37.3486087,-121.9367173,land,freshwater,2026-01-25,"alpha phi",1,,1,1.22,3.22,0.00,,4,3,3,4,3,3,1,,2,1,2,,,,,,,6,,,,,,,,,,,,,,,,,,5,,,,,,,,,37
391363,"Santa Clara County, CA, USA","California, USA","United States",37.34544459551,-121.94472704077,land,freshwater,2026-01-25,,1,,1,0.79,0.00,0.00,,1,,1,2,,,,,,,,,,,3,,1,3,1,,,,,,,,,,,,,,,,,,,,,,,,,,12
391365,"Santa Clara County, CA, USA","California, USA","United States",37.345474337833,-121.94479285713,land,freshwater,2026-01-25,,1,,1,1.62,0.00,0.00,,2,4,2,2,5,4,1,2,,,2,1,,,,,6,3,2,,,,,,,,,,,,,,,,,,,,,,,,,,36
391366,"Lee County, FL, USA","Florida, USA","United States",26.6409247,-81.8605575,land,saltwater,2026-01-20,KLCB,1,,1,11.11,0.00,0.00,3,,,,,,,,,,,,,,,,,,,,,,,,,,,,,,,,,,,,,,,,,,,,,
391367,,,"United States",26.39553878,-81.77722724,land,saltwater,2026-01-26,KLCB,1,,1,2.98,0.00,0.00,,,,1,2,2,,10,7,193,2,1,1,,,6,2,7,9,1,,,,,,,1,,1,,,,,1,1,,21,11,,,,2,,,21,303
391369,"Contra Costa County, CA, USA","California, USA","United States",37.997435326176,-122.02743392467,land,saltwater,2026-01-26,"Shark Stewards",15,,15,61.37,1.61,0.00,,6,38,6,52,12,2,15,127,202,2,21,17,9,35,422,36,52,4,1,,,5,,,33,14,,1,4,,,,,29,1,327,309,51,,,9,2,,829,2673
391372,"Pinellas County, FL, USA","Florida, USA","United States",27.684472379148,-82.73766907028,land,saltwater,2026-01-26,,1,,1,4.66,2.78,0.00,,,1,,2,,,,8,10,,2,2,,,9,3,6,2,1,,,1,,,,,7,,,,2,,,1,4,8,20,,1,,,,,1,91
391374,"Hillsborough County, FL, USA","Florida, USA","United States",27.849633995201,-82.553705455445,land,saltwater,2026-01-25,"The Florida Aquarium",5,30,35,26.31,1.61,0.00,6,61,15,10,25,27,26,10,42,27,40,16,35,13,78,31,6,17,4,6,1,,3,,1,12,,,48,4,,,1,7,3,7,75,122,,,,4,,,54,831
391375,"Miami-Dade County, FL, USA","Florida, USA","United States",25.714416952409,-80.153044690086,land,saltwater,2026-01-26,"ib science",3,,3,3.71,0.90,0.00,,4,1,,1,9,,52,74,34,1,,,,4,31,3,17,13,,,,,,,1,,1,2,4,,,,,,,7,26,,,,,,,19,304
391376,"Miami-Dade County, FL, USA","Florida, USA","United States",25.6894756,-80.1570682,land,saltwater,2026-01-26,"ib science",3,,3,13.06,0.00,0.00,,4,,,6,21,17,182,121,50,2,1,7,,5,41,4,11,24,7,,,3,,,1,,7,2,10,,,,,2,8,2,11,,,,,,,62,611
391377,"Miami-Dade County, FL, USA","Florida, USA","United States",25.712105979624,-80.152375404216,land,saltwater,2026-01-26,,3,,3,12.29,0.17,0.00,,3,3,1,7,3,1,65,52,6,1,3,8,,1,25,,4,3,4,,,,,,,,,,4,,,,1,4,1,82,61,,,,,,,62,405
391378,"Miami-Dade County, FL, USA","Florida, USA","United States",25.712135199441,-80.152569189132,land,saltwater,2026-01-26,beach,3,,3,16.64,0.87,0.00,,,6,,7,,5,41,43,17,,1,,,4,160,3,14,16,,,,2,,,7,2,,,,,,,3,,,129,53,,,2,,,,2,517
391379,"Miami-Dade County, FL, USA","Florida, USA","United States",25.716837292004,-80.153383546525,land,saltwater,2026-01-26,,4,,4,8.37,2.47,0.00,,,,1,10,2,,6,10,10,,,,,,,,6,5,,,,3,,,2,,,,2,,,,,,,70,,,,,,,,,127
391380,"Marin County, CA, USA","California, USA","United States",37.94139488323,-122.53016061894,land,inland,2026-01-24,Cleanup,1,,1,0.97,0.19,0.00,,,6,,2,2,,6,2,2,,,,,,,,,,,,,,,,,,,,2,,,,,,2,,1,,,,,,,31,56
391381,"Yolo County, CA, USA","California, USA","United States",38.5449065,-121.7405167,land,inland,2026-01-26,"putah creek council",1,,1,0.75,0.00,0.00,,,2,,,,,,2,1,,,,,,1,,,,,,,,,,,,,,,,,,,,,6,6,,,,,,,6,24
391382,"Marin County, CA, USA","California, USA","United States",37.942313781915,-122.53045752773,land,inland,2026-01-24,,1,,1,0.98,0.35,0.00,,,5,,2,2,,6,3,2,,,,,,1,,1,,,,,,,,,,,,2,,,,,,2,,1,,,,,,,31,58
391384,"Santa Barbara County, CA, USA","California, USA","United States",34.403670082447,-119.7436166762,land,saltwater,2026-01-26,"mckinley K 1/26",24,,24,0.91,0.00,0.00,,,4,,,,,,3,2,,,,,,3,1,,,2,,,,,,,,,,2,,,1,13,,4,16,,,,,,,,,51
391385,"San Diego County, CA, USA","California, USA","United States",32.7447861,-117.2476146,land,inland,2026-01-26,JP,1,,1,2.35,0.00,0.00,,,,,,2,3,,1,28,,1,2,,,5,3,2,1,,,,,,,,,,,,,,,,3,,9,26,,,,,,,,86
391387,"Mendocino County, CA, USA","California, USA","United States",39.45375570782,-123.79678834347,land,saltwater,2026-01-26,,1,,1,0.60,0.01,0.00,,,,,,,,,,3,,,,,,,,,,,,,,,,,,,,1,,,,,,2,,,,,,,,,,6
391421,"Miami-Dade County, FL, USA","Florida, USA","United States",25.658484381496,-80.287532652464,land,saltwater,2026-01-26,,1,,1,0.48,0.00,0.00,,1,1,,,,,,,,1,,,,,,1,,,1,,,,,,,,,,,,,,,,,,,,,,,,,,5
391422,"Mendocino County, CA, USA","California, USA","United States",39.445723,-123.8052935,land,saltwater,2026-01-26,,1,,1,0.23,0.00,0.00,1,,,,,,,,,,,,,,,,,,,,,,,,,,,,,,,,,,,,,,,,,,,,,
391424,"King County, WA, USA","Washington, USA","United States",47.528204889266,-122.38483204741,land,saltwater,2026-01-16,"Protect Where We Play -",1,,1,1.81,0.00,0.00,2,,,,,,,,,,,,,,,,,,,,,,,,,,,,,,,,,,,,,,,,,,,,,
391425,"King County, WA, USA","Washington, USA","United States",47.528204889266,-122.38483204741,land,saltwater,2026-01-19,"Protect Where We Play -",1,,1,0.91,0.00,0.00,1,,,,,,,,,,,,,,,,,,,,,,,,,,,,,,,,,,,,,,,,,,,,,
391426,"King County, WA, USA","Washington, USA","United States",47.528204889266,-122.38483204741,land,saltwater,2026-01-20,"Protect Where We Play -",1,,1,3.40,0.00,0.00,1,,,,,,,,,,,,,,,,,,,,,,,,,,,,,,,,,,,,,,,,,,,,,
391427,"King County, WA, USA","Washington, USA","United States",47.528204889266,-122.38483204741,land,saltwater,2026-01-21,"Protect Where We Play -",1,,1,0.91,0.00,0.00,1,,,,,,,,,,,,,,,,,,,,,,,,,,,,,,,,,,,,,,,,,,,,,
391428,"King County, WA, USA","Washington, USA","United States",47.528204889266,-122.38483204741,land,saltwater,2026-01-22,"Protect Where We Play -",1,,1,3.40,0.00,0.00,1,,,,,,,,,,,,,,,,,,,,,,,,,,,,,,,,,,,,,,,,,,,,,
391429,"King County, WA, USA","Washington, USA","United States",47.528204889266,-122.38483204741,land,saltwater,2026-01-23,"Protect Where We Play -",1,,1,0.91,0.00,0.00,1,,,,,,,,,,,,,,,,,,,,,,,,,,,,,,,,,,,,,,,,,,,,,
391430,"King County, WA, USA","Washington, USA","United States",47.528204889266,-122.38483204741,land,saltwater,2026-01-25,"Protect Where We Play -",1,,1,3.40,0.00,0.00,1,,,,,,,,,,,,,,,,,,,,,,,,,,,,,,,,,,,,,,,,,,,,,
391431,"King County, WA, USA","Washington, USA","United States",47.528204889266,-122.38483204741,land,saltwater,2026-01-26,"Protect Where We Play -",1,,1,2.72,0.00,0.00,3,,,,,,,,,,,,,,,,,,,,,,,,,,,,,,,,,,,,,,,,,,,,,
391434,"Orange County, CA, USA","California, USA","United States",33.616297790388,-117.90064801296,land,saltwater,2026-01-27,holden,1,,1,0.67,0.59,0.00,,,,,2,1,,,,,,,,,,,,,,,1,,,,,1,,,,,,,,,,,,,,,,,,,,5
391436,"Erie County, NY, USA","New York, USA","United States",42.971434058136,-78.632876127821,land,inland,2026-01-27,,1,,1,0.27,0.01,0.00,,,2,1,,,,,,1,,,,,,,5,,,,,,,,,,,,,,,,,,,,,,,,,,,,,9
391437,"Erie County, NY, USA","New York, USA","United States",42.971745941798,-78.632679515319,land,inland,2026-01-27,,1,,1,0.23,0.03,0.00,,,,1,,,,,,,,,,,,,,,,,,,,,,,,,,,,,,,,,,,,,,,,,,1
391438,"Santa Barbara County, CA, USA","California, USA","United States",34.403758021104,-119.74359621305,land,saltwater,2026-01-27,Foothill,45,,45,2.27,0.00,0.00,,1,2,2,,1,,,,,1,1,1,,,,1,,,2,,,,,,,1,1,,,,,2,,,,2,2,,,,,,,6,26
391441,"Marin County, CA, USA","California, USA","United States",37.896583662959,-122.48931709396,land,saltwater,2026-01-24,"ncl marin",6,,6,12.08,0.06,0.00,,5,6,8,3,5,5,5,23,2,3,4,,3,2,7,7,7,3,4,5,,2,,,2,3,4,,2,2,3,,,3,2,11,8,,1,,,3,,86,239
391442,"Marin County, CA, USA","California, USA","United States",37.939919736399,-122.52758205344,land,freshwater,2026-01-24,,1,,1,14.25,0.17,0.00,,,1,3,1,3,,3,2,,,,,,2,1,2,,3,,,,7,,,2,3,2,,1,,,,,3,10,16,17,,,,,,,,82
391443,"Marin County, CA, USA","California, USA","United States",37.896691083578,-122.48963033246,land,saltwater,2026-01-24,unicorn;),3,,3,4.75,1.13,0.00,,2,13,,1,,,1,19,,,,2,,,13,5,4,3,,,,2,,,3,,,,1,,,,,1,1,23,2,,,,,,1,10,107
391444,"Marin County, CA, USA","California, USA","United States",37.895710626157,-122.48961772122,land,inland,2026-01-24,"ncl of marin",4,,4,1.97,0.20,0.00,,,,1,,,,,9,1,,,,,,2,3,6,,,,,1,,,3,,1,1,,,,,,5,,5,,,,,,2,,10,50
391445,"Marin County, CA, USA","California, USA","United States",37.896478901823,-122.48971513644,land,saltwater,2026-01-24,"NCL Marin",2,,2,1.09,0.12,0.00,,1,4,2,,,1,4,5,,,,1,,,,,3,2,,,,,,,1,,,,2,,,,,,,1,2,,,,2,,,27,58
391446,"Marin County, CA, USA","California, USA","United States",37.8964751,-122.48849894,land,saltwater,2026-01-24,NCL,2,,2,1.03,0.00,0.00,,,1,,1,,,,1,,2,,1,,,2,,2,,,1,,,,,1,1,,,,,,,,,1,,,,,,,,,,14
391447,"Mendocino County, CA, USA","California, USA","United States",39.33331768,-123.81016208,land,saltwater,2026-01-28,"Noyo Center for Marine Science",1,,1,1.36,0.00,0.00,,,4,,,,,,1,12,,,,,,,,,,,,,1,,,,,,,,,,,,,,,4,,,,,,,,22
391449,"Orange County, CA, USA","California, USA","United States",33.67021665,-117.92755776,watercraft,saltwater,2026-01-28,"me and sweetpea",1,,1,0.62,0.01,0.00,,1,1,,,,,,1,,,,,,,,,,,,1,,,,,1,,,,,,,,,,,,,,,,,,,4,9
391451,"Erie County, NY, USA","New York, USA","United States",42.971670419966,-78.632849441671,land,inland,2026-01-28,lol,1,,1,0.23,0.01,0.00,,,,1,,,,1,,1,,,,,,,,,,,,,,,,,,,,,,,,,,,,,,,,,,,,3
391452,"Santa Barbara County, CA, USA","California, USA","United States",34.403735419226,-119.74364778466,land,saltwater,2026-01-28,"mckinley 4 1/28",22,,22,0.45,0.00,0.00,,,3,,,,,,2,2,,,,,,5,,,,,,,,,,,,,,,,,,6,,1,7,9,,,,,,,,35
391456,"Santa Barbara County, CA, USA","California, USA","United States",34.420841322397,-119.69308900182,land,inland,2026-01-28,Adelante,20,,20,0.12,0.02,0.00,,,3,,1,,1,,1,,,,,,,3,,3,3,,,,,,,,,,,,,,,,,,,,,,,,,,4,19
391459,"Williamson County, TX, USA","Texas, USA","United States",30.6332618,-97.6779842,land,inland,2026-01-29,"Me, myself and I",1,,1,0.12,0.00,0.00,,,,,,,,,,,,,1,,,,,,,,,,,,,,,1,,,,,,1,,,,1,,,,,,,6,10
391462,"King County, WA, USA","Washington, USA","United States",47.528205006881,-122.38482977444,land,saltwater,2026-01-27,"Protect Where We Play -",1,,1,1.81,0.00,0.00,2,,,,,,,,,,,,,,,,,,,,,,,,,,,,,,,,,,,,,,,,,,,,,
391463,"King County, WA, USA","Washington, USA","United States",47.528205006881,-122.38482977444,land,saltwater,2026-01-28,"Protect Where We Play -",1,,1,7.71,0.00,0.00,2,,,,,,,,,,,,,,,,,,,,,,,,,,,,,,,,,,,,,,,,,,,,,
391557,"Orange County, CA, USA","California, USA","United States",33.607933797223,-117.87892055694,land,saltwater,2026-01-29,holden,1,,1,0.79,0.31,0.00,,,,3,1,2,,,3,,,,,,,,,,,,,,,,,1,,,,,,,,,,,,,,,,,,,7,17
391558,"Miami-Dade County, FL, USA","Florida, USA","United States",25.757726486047,-80.142385415001,land,saltwater,2026-01-29,,4,,4,8.21,1.22,0.00,,,8,1,5,,,,39,,1,1,2,2,,8,2,9,3,5,3,,2,,,2,3,,2,,1,,,,,1,1,6,,,,,,,31,138
391559,"Miami-Dade County, FL, USA","Florida, USA","United States",25.750861294359,-80.145952891087,land,saltwater,2026-01-29,MUVE,5,,5,10.12,0.13,0.00,,9,30,3,4,,2,,65,,,,12,15,,26,8,2,2,4,,,1,,1,,,2,3,3,,,1,,2,2,67,1,,,,,,,43,308
391563,"San Francisco County, San Francisco, CA, USA","California, USA","United States",37.7593921,-122.510734,land,saltwater,2026-01-29,,2,,2,5.58,0.00,0.00,,4,,2,4,1,,4,10,4,4,4,5,,,20,1,1,4,,3,,2,,,5,,,,,,,,,,1,,,,,,,,,,79
391564,"Palm Beach County, FL, USA","Florida, USA","United States",26.421142491154,-80.130149657381,land,inland,2026-01-29,Dmoon,1,,1,7.46,0.35,0.00,,2,1,3,1,,,,2,7,5,1,,2,1,7,7,1,,,,,2,,,1,,,,3,1,,,2,2,,12,44,,,,1,,,34,142
391565,"Indian River County, FL, USA","Florida, USA","United States",27.6639186,-80.35867767,land,saltwater,2026-01-29,mb,1,,1,0.05,0.80,0.00,,,,,,,,,,9,,5,1,,,,,,,,,,,,,,,,,,,,,,,,,,,,,,,,,15
391566,"Broward County, FL, USA","Florida, USA","United States",26.037426337879,-80.173555945189,land,freshwater,2026-01-29,"Little Earth Hero",2,,2,3.40,0.00,0.00,1,,,,,,,,,,,,,,,,,,,,,,,,,,,,,,,,,,,,,,,,,,,,,
391567,"Yolo County, CA, USA","California, USA","United States",38.5449065,-121.7405167,land,inland,2026-01-29,"putah creek council",1,,1,2.26,0.00,0.00,,,5,,,,,,1,,,,,,,2,,,,,,,,,,,,,,,,,,,,,19,18,,1,,,,,15,61
391568,"Palm Beach County, FL, USA","Florida, USA","United States",26.408459172264,-80.121598952047,land,inland,2026-01-29,"Boca SOB- Dmoon",1,,1,7.67,0.25,0.00,,22,11,1,7,15,,3,17,53,7,5,4,1,5,44,12,11,4,,,,1,,,7,1,6,,2,1,,,4,7,1,2,47,1,,1,1,,,76,380
391570,"Williamson County, TX, USA","Texas, USA","United States",30.6332618,-97.6779842,land,inland,2026-01-29,"Me, myself and I",1,,1,0.26,0.00,0.00,,,,,3,,,,,,,,,,,,2,,,,,,,,,,,,,,,,,,,,,3,,,,,,,13,21
391573,"Miami-Dade County, FL, USA","Florida, USA","United States",25.712338538362,-80.152476996757,land,saltwater,2026-01-26,ib,3,,3,75.27,0.43,0.00,,6,18,5,18,4,7,30,29,16,1,14,5,2,2,20,,2,6,1,,1,5,,1,8,2,3,2,7,1,5,,,2,1,64,35,5,,,1,,,112,441
391574,"Santa Cruz County, CA, USA","California, USA","United States",36.957946620997,-121.88694162905,land,saltwater,2026-01-30,"sheri & steve",2,,2,0.91,0.00,0.00,1,,,,,,,,,,,,,,,,,,,,,,,,,,,,,,,,,,,,,,,,,,,,,
391582,"Pinellas County, FL, USA","Florida, USA","United States",27.684304085434,-82.737599028107,land,saltwater,2026-01-30,,1,,1,3.69,3.10,0.00,,,2,,2,,1,1,3,8,1,,1,,,9,,1,,,,,,,,,1,1,,,,1,,,,4,8,31,,,,,,,,75
391584,"Broward County, FL, USA","Florida, USA","United States",26.234365358173,-80.089390333727,land,saltwater,2026-01-30,Broward,3,,3,11.61,0.30,0.00,,,2,5,,4,,1,5,64,3,2,4,,,7,1,4,,2,,,3,,,3,1,1,1,,,,,2,4,,1,82,,,,,,1,137,340
391585,"Broward County, FL, USA","Florida, USA","United States",26.234242091887,-80.089045828208,land,saltwater,2026-01-30,"VFF Ripple",3,,3,2.40,0.97,0.00,,,2,,3,,,2,7,39,1,17,50,5,2,7,7,8,1,,,,,,,,,,,1,,,2,,1,2,1,1,1,,,,,,15,175
391586,"Broward County, FL, USA","Florida, USA","United States",26.234404665686,-80.089403575768,land,inland,2026-01-30,Broward,2,,2,7.77,0.73,0.00,,,1,,,,5,1,2,23,1,,,,,11,,2,3,2,,,,,,1,,,,10,2,,1,1,3,1,6,67,,4,,,,,100,247
391587,"Broward County, FL, USA","Florida, USA","United States",26.234399449971,-80.089495120684,land,saltwater,2026-01-30,"Kim Kelly Francis",3,,3,0.50,0.80,0.00,,,2,1,,1,,3,2,51,,,,,,,1,2,,,,,,,,,,,,,,,,,,1,,,,,,,,,444,508
391588,"Broward County, FL, USA","Florida, USA","United States",26.23443777,-80.0892492,land,saltwater,2026-01-30,"valley  forge",3,,3,2.62,0.00,0.00,,1,6,1,3,5,,2,9,66,5,1,2,,1,3,,,,,,,,,,,,,,5,,,,,1,,16,6,,,,1,,,123,257
391589,"Broward County, FL, USA","Florida, USA","United States",26.234639519326,-80.088929868506,land,saltwater,2026-01-30,Broward,3,,3,6.91,0.23,0.00,,1,2,,,,2,2,7,13,,,,,,29,1,3,1,,,,1,,,1,1,,,,,,,,,2,13,62,,,,,,1,216,358
391590,"Broward County, FL, USA","Florida, USA","United States",26.234280234332,-80.089462529952,land,saltwater,2026-01-30,Broward,3,,3,0.92,0.09,0.00,,1,3,,,,1,,3,27,2,,2,,,4,1,12,1,,,,,,,,5,,,,,,,1,,,3,,,,,,,,,66
391591,"Broward County, FL, USA","Florida, USA","United States",26.234433159862,-80.089451213301,land,saltwater,2026-01-30,VFF,4,,4,0.51,0.04,0.00,,,,1,,,,,6,51,,,,,,3,,1,,,,,,,,,,,,,,,,,,,3,1,,,,,,,180,246
391592,"Broward County, FL, USA","Florida, USA","United States",26.23467727803,-80.089249051829,land,saltwater,2026-01-30,"Sample department",3,,3,2.31,0.00,0.00,,,,,,,,,,19,,14,118,,,,2,,,1,,,,,,,,,,,,,,,,1,,,,,,,,,,155
391593,"Broward County, FL, USA","Florida, USA","United States",26.234397962027,-80.089488187106,land,saltwater,2026-01-30,Swifty,4,,4,3.40,0.00,0.00,,1,5,1,10,,,3,20,41,3,48,33,1,2,10,1,4,2,,,,1,,,,,1,,2,,,1,1,,,,,,,,,,,6,197
391594,"Broward County, FL, USA","Florida, USA","United States",26.235919800821,-80.089378368014,land,saltwater,2026-01-30,Broward,3,,3,8.25,0.22,0.00,,,28,2,,1,,2,5,38,6,1,,,,3,,5,,2,,,,,,,,1,,1,2,1,,,,,39,61,,,1,,,,14,213
391596,"Broward County, FL, USA","Florida, USA","United States",26.23442568,-80.08926437,land,freshwater,2026-01-30,Broward,3,,3,2.78,0.85,0.00,,1,4,1,3,1,1,5,3,52,,,3,1,5,22,4,4,3,1,,,,,,1,,1,,2,,1,,1,1,,11,6,,,,,,,42,180
391597,"Broward County, FL, USA","Florida, USA","United States",26.234478992701,-80.089259123427,land,saltwater,2026-01-30,"Mikey & IBA",3,,3,7.30,0.00,0.00,,1,6,9,3,4,1,5,9,65,2,4,1,1,1,21,1,1,1,,,,1,,,2,5,,1,1,1,2,,1,5,1,32,6,,,,,,1,1,196
391600,"Yolo County, CA, USA","California, USA","United States",38.5449065,-121.7405167,land,inland,2026-01-30,"putah creek council",1,,1,0.87,0.00,0.00,,,1,,,,,,,1,,,,,,,,,,,,,,,,,,,,,,,,,,,9,5,1,,,,,,11,28
391601,"Palm Beach County, FL, USA","Florida, USA","United States",26.884494863749,-80.056085490586,land,saltwater,2026-01-10,"Loggerhead Marinelife Center",70,,70,13.80,0.00,0.00,1,,62,2,12,3,,9,171,75,,,9,,35,111,43,14,28,41,,,,,,,,,16,,16,,2,,,9,900,216,,,,9,,,295,2078
391602,"Williamson County, TX, USA","Texas, USA","United States",30.6332618,-97.6779842,land,inland,2026-01-31,"Me, myself and I",1,,1,0.01,0.00,0.00,,,,,,,,,,,,1,,,,,,,,,,,,,,,,,,,,,,,,,,,,,,,,,14,15
391615,"Contra Costa County, CA, USA","California, USA","United States",37.966216192581,-122.33270424418,land,inland,2026-01-31,TWP-C-RH,1,,1,8.50,2.22,0.00,,3,3,1,6,8,8,13,16,49,,4,5,,,45,10,20,7,,,,,,,3,,2,1,6,,,,,,2,34,57,2,4,,11,,,38,358
391617,"Yolo County, CA, USA","California, USA","United States",38.5449065,-121.7405167,land,inland,2026-01-30,"putah creek council",1,,1,2.18,0.00,0.00,,,2,,,,,,1,2,,,,,,,,,,,,,,,,,,,,,,,,,,,20,16,1,2,,,,,17,61
391618,"Yolo County, CA, USA","California, USA","United States",38.5249065,-121.9708017,land,inland,2026-01-31,"putah creek council",1,,1,41.42,0.00,0.00,,2,2,1,19,6,6,11,22,102,1,2,2,1,2,12,7,12,9,6,,,2,,,1,1,2,1,9,,,,,6,1,241,316,,3,,6,,,422,1236
391619,"Santa Cruz County, CA, USA","California, USA","United States",36.957946531315,-121.88694072996,land,saltwater,2026-02-01,"sheri & steve",2,,2,0.91,0.00,0.00,1,,,,,,,,,,,,,,,,,,,,,,,,,,,,,,,,,,,,,,,,,,,,,
391621,"Broward County, FL, USA","Florida, USA","United States",25.995277870239,-80.126022495384,land,inland,2026-02-01,"Little Earth Hero",2,,2,0.49,3.07,0.00,,1,1,,5,2,,,,1,,,1,,,5,,,,,,,,,,,,,1,,,,,,1,1,,,,,,,,,,19
391622,"Palm Beach County, FL, USA","Florida, USA","United States",26.3683064,-80.1289321,land,inland,2026-02-01,"Boca SOB- Dmoon",1,,1,0.91,0.00,0.00,1,,,,,,,,,,,,,,,,,,,,,,,,,,,,,,,,,,,,,,,,,,,,,
391623,"Palm Beach County, FL, USA","Florida, USA","United States",26.422184344648,-80.130411308769,land,inland,2026-02-01,"Bocasob- Dmoon",1,,1,12.94,0.05,0.00,,4,2,3,11,4,1,,1,15,,4,,,1,12,1,4,4,2,1,,,1,,,,6,,,1,,,,4,,2,14,,,,2,,,51,151
391624,"Alameda County, CA, USA","California, USA","United States",37.752453132453,-122.20953878689,land,saltwater,2026-02-01,"Pacific Beach Coalition",2,,2,5.62,0.47,0.00,,59,54,6,2,2,,57,53,,2,1,,4,3,55,2,,,1,,,,,,1,,,1,1,2,1,5,1,3,,1,,2,,,6,1,,116,442
391625,"Martin County, FL, USA","Florida, USA","United States",27.173360545536,-80.171024615888,watercraft,saltwater,2026-02-01,,5,,5,0.71,0.04,0.00,,2,1,2,1,2,1,1,1,2,2,3,1,2,1,1,1,1,2,,,,,,,,,,,,,,,,,,,,,,,,,,,27
391626,"Miami-Dade County, FL, USA","Florida, USA","United States",25.974875770839,-80.121781458094,land,saltwater,2026-02-02,,1,,1,1.45,0.00,0.00,,2,,5,6,,,2,,8,,,,,,,,,,,,,,,,,,,,1,,,,,,,,,,,,,,,,24
391628,"Yolo County, CA, USA","California, USA","United States",38.5449065,-121.7405167,land,inland,2026-02-02,"putah creek council",1,,1,0.77,0.00,0.00,,,2,,,1,,,,,,,,,,2,,,,,,,,,,,,,,,,,,,,,6,6,,,,,,,6,23
391630,"Baltimore, MD, USA","Maryland, USA","United States",39.285148983609,-76.60773384825,land,saltwater,2026-02-02,"National Aquarium Weekly Harbor Wetland Cleanup- July 5th",2,,2,54.43,0.40,0.00,,31,11,14,140,29,,22,320,290,1,14,83,2,62,175,98,165,16,1,,,1,,6,115,8,,5,,,,3,2,501,,35,216,2,,,3,5,,1900,4276
391637,"Mendocino County, CA, USA","California, USA","United States",39.4884502,-123.7878557,land,inland,2026-02-02,"Noyo Center for Marine Science",1,,1,0.91,0.00,0.00,1,,,,,,,,,,,,,,,,,,,,,,,,,,,,,,,,,,,,,,,,,,,,,
391639,"Santa Clara County, CA, USA","California, USA","United States",37.430134616136,-121.8810635933,land,inland,2026-01-31,"Randall World Languages School Garden",30,,30,17.01,0.00,0.00,3,,,,,,,,,,,,,,,,,,,,,,,,,,,,,,,,,,,,,,,,,,,,,
391641,"Williamson County, TX, USA","Texas, USA","United States",30.6332618,-97.6779842,land,inland,2026-02-03,"Me, myself and I",1,,1,0.15,0.00,0.00,,,,,,1,,,,,,,,,,1,,,,,,,,,,,,,2,,,,,,,,2,,,,,,,,5,11
391642,"Broward County, FL, USA","Florida, USA","United States",26.23438129808,-80.089522872069,land,saltwater,2026-01-30,"Valley Forge Fabrics Cleanup Day",3,,3,8.88,0.86,0.00,,2,5,4,4,,,10,6,53,1,,1,,,38,1,9,1,5,,,3,,,2,2,3,2,4,6,,,,5,,2,2,1,,,,,,137,309
391650,"Washington, DC, USA","Washington, DC, USA","United States",38.878653136417,-77.018152337421,land,freshwater,2026-02-03,"past cleanup test",1,,1,0.91,0.00,0.00,6,,,,,,,,,,,,,,,,,,,,,,,,,,,,,,,,,,,,,,,,,,,,,
391651,"Richmond, VA, USA","Virginia, USA","United States",37.53579062,-77.58959149,land,inland,2026-02-03,test,1,,1,2.72,0.00,0.00,3,,,,,,,,,,,,,,,,,,,,,,,,,,,,,,,,,,,,,,,,,,,,,
391652,"Washington, DC, USA","Washington, DC, USA","United States",38.87858269827,-77.018086003989,land,saltwater,2026-02-03,"past cleanup test",1,,1,0.91,0.00,0.00,1,,,,,,,,,,,,,,,,,,,,,,,,,,,,,,,,,,,,,,,,,,,,,
391653,"Richmond, VA, USA","Virginia, USA","United States",37.53563306,-77.5894279,land,inland,2026-02-03,test,1,,1,14.51,0.00,0.00,3,,,,,,,,,,,,,,,,,,,,,,,,,,,,,,,,,,,,,,,,,,,,,
391654,"Washington, DC, USA","Washington, DC, USA","United States",38.95580625471,-77.021651361635,land,freshwater,2026-02-03,test,1,,1,0.02,0.00,0.00,,1,1,,,,,,,,,,,,,,,,,,,,,,,,,,,,,,,,,,,,,,,,,,,2
391655,"Washington, DC, USA","Washington, DC, USA","United States",38.955506237466,-77.021630239842,land,freshwater,2026-02-03,test,1,,1,11.11,0.00,0.00,3,,,,,,,,,,,,,,,,,,,,,,,,,,,,,,,,,,,,,,,,,,,,,
391656,"Washington, DC, USA","Washington, DC, USA","United States",38.955506237466,-77.021630239842,land,freshwater,2026-02-03,test,1,,1,4.31,0.00,0.00,2,,,,,,,,,,,,,,,,,,,,,,,,,,,,,,,,,,,,,,,,,,,,,
391657,"Monroe County, FL, USA","Florida, USA","United States",25.0267542,-80.4932749,land,saltwater,2026-02-02,"Pascals Way",46,,46,145.60,0.00,0.00,24,,,,,,,,,,,,,,,,,,,,,,,,,,,,,,,,,,,,,,,,,,,,,
391658,"Alexandria, VA, USA","Virginia, USA","United States",38.828666905256,-77.080317511967,land,inland,2026-02-03,"test djs",1,,1,0.93,0.00,0.00,,3,4,3,4,4,3,,,,,,,,,,,,,,,,,,,,,,,,,,,,,,,,,,,,,,,21
391659,"Williamson County, TX, USA","Texas, USA","United States",30.6332618,-97.6779842,land,inland,2026-02-03,"Me, myself and I",1,,1,0.15,0.00,0.00,,,,,1,,,,,,,,,,,1,,3,,,,,,,,,,,,,,,,,,,2,,,,,,,,5,12
391661,"Niagara County, NY, USA","New York, USA","United States",43.153815663548,-79.036722232195,land,inland,2026-02-03,"BNW Deejay",1,,1,3.70,0.02,0.00,,,,,89,106,,,,,,,,,,,,,,,,,,,,,,,,,,,,,,,,,,,,,,,,195
391662,"Alexandria, VA, USA","Virginia, USA","United States",38.828666942912,-77.080317571328,land,inland,2026-02-04,"test djs",1,,1,1.19,0.00,0.00,,3,4,4,3,7,4,,,,,,,,,,,,,,,,,,,,,,,,,,,,,,,,,,,,,,,25
391664,"Pinellas County, FL, USA","Florida, USA","United States",27.685987862616,-82.737563068641,land,saltwater,2026-02-04,,1,,1,4.46,1.96,0.00,,,3,1,1,,1,,3,17,,1,2,,,3,,8,1,1,,,1,,,,1,4,,1,,1,,,1,4,10,10,,,,,,,,75
391666,"Erie County, NY, USA","New York, USA","United States",42.972214252537,-78.631674517622,land,inland,2026-02-04,lol,1,,1,0.24,0.00,0.00,,1,,1,,,,,1,,,,,,,,,,,,,,,,,,,,,,,,,,,,,,,,,,,,,3
391668,"San Francisco County, San Francisco, CA, USA","California, USA","United States",37.736896494202,-122.47119602846,land,saltwater,2026-02-04,,1,,1,3.34,3.78,0.00,,4,4,1,1,3,,4,4,1,2,1,1,1,1,1,1,,1,1,,,1,,1,1,1,1,1,2,1,1,,1,1,1,,1,1,,1,1,1,,38,88
391669,"Broward County, FL, USA","Florida, USA","United States",25.986245325569,-80.117439786352,land,saltwater,2026-02-04,"Little Earth Hero",2,,2,0.01,0.00,0.00,,,,,,,,,4,5,,,,,,,,,,,,,,,,,,,,,,,,,,,,,,,,,,,13,22
391673,"Williamson County, TX, USA","Texas, USA","United States",30.6332618,-97.6779842,land,inland,2026-02-05,"Me, myself and I",1,,1,1.04,0.00,0.00,,,,,,,,,,,,,,,,2,,,,,,,,,,10,,,,,,,,,,,,10,,,,,,,1,23
391674,"Palm Beach County, FL, USA","Florida, USA","United States",26.371774453094,-80.092581086743,land,inland,2026-02-04,"Bocasob- Dmoon",1,,1,8.83,0.03,0.00,,2,2,6,24,19,,10,22,25,2,4,,3,,32,4,3,2,,,,3,,1,6,1,4,,1,4,1,,3,6,,3,21,,,,,,1,18,233
391675,"Georgetown County, SC, USA","South Carolina, USA","United States",33.494492646754,-79.080342026909,land,saltwater,2026-02-01,"The Salty Kids",3,,3,0.43,0.00,0.00,,,2,1,2,2,,4,6,,,,1,,,2,4,2,1,,,,,,,,,,,,1,,,,1,,,,,,,,,,,29
391678,"Berkeley County, SC, USA","South Carolina, USA","United States",33.003939425684,-80.067110462019,land,inland,2026-02-05,,1,,1,21.31,3.03,0.00,,1,,,31,16,,,,,1,,,,,1,,,,,,,,2,,,1,,1,,,,1,,,7,5,,,,,,,,,67
391680,"Monterey County, CA, USA","California, USA","United States",36.6171819,-121.8482855,land,saltwater,2026-02-04,"sheri & steve & peace corps pam",3,,3,3.40,0.00,0.00,1,,,,,,,,,,,,,,,,,,,,,,,,,,,,,,,,,,,,,,,,,,,,,
391681,"Grand County, UT, USA","Utah, USA","United States",38.68704394,-109.53652846,land,inland,2026-02-05,"Moab family",3,,3,0.17,11.80,0.00,,,3,,,3,,3,2,,,,,,,,,2,,,,,,,1,,,,,,,,,,1,,,1,,,,,,,13,29
391682,"Yolo County, CA, USA","California, USA","United States",38.5449065,-121.7405167,land,inland,2026-02-05,"putah creek council",1,,1,2.06,0.00,0.00,,,1,,,,,,1,6,,,,,,1,,,,,,,,,,,,,,,,,,,,,21,14,,,,,,,15,59
391683,"Los Angeles County, CA, USA","California, USA","United States",34.011477494731,-118.49714322559,land,inland,2026-02-05,"East Los Ocean Conservation Club",1,,1,2.05,0.35,0.00,,,,3,,,2,2,3,110,,1,1,1,,,1,5,2,2,,,,,,,,1,,,,2,,,1,,,4,,,,,,,,141
391684,"Los Angeles County, CA, USA","California, USA","United States",34.010361412818,-118.49740730046,land,inland,2026-02-05,"East Los Angeles conservation club",5,,5,3.76,1.10,0.00,,,,1,,,,1,1,10,,,,,,1,,,4,,,,,,,,,,,,,,,,,,,55,,,,,,,7,80
391685,"Los Angeles County, CA, USA","California, USA","United States",34.011596424513,-118.49727575402,land,inland,2026-02-05,,1,,1,1.05,1.29,0.00,,,1,,,1,,2,,15,,,,,,,1,,,,,,,,,,,,,,,,,,,,,16,,,,,,,7,43
391686,"Los Angeles County, CA, USA","California, USA","United States",34.01092410253,-118.49864111896,land,inland,2026-02-05,"east los angeles",4,,4,0.56,0.71,0.00,,1,,1,2,2,,3,4,4,,1,,,,4,2,2,2,,,,,,,1,1,,1,,,,,,,,,,,,,,,,,31
391687,"Palm Beach County, FL, USA","Florida, USA","United States",26.459684197342,-80.118440585433,land,inland,2026-02-05,"Bocasob- Dmoon",1,,1,2.48,0.15,0.00,,9,1,4,3,2,1,6,19,158,1,1,,,1,10,1,3,,1,,,,,1,,,1,,,,,1,,3,,1,6,,,,2,,,33,269
391692,"Palm Beach County, FL, USA","Florida, USA","United States",26.884565866272,-80.055917621101,land,saltwater,2026-01-22,"Loggerhead Marinelife Center",1,,1,7.05,0.80,0.00,,,,,,,,,,,,,,,,,,,,,,,,,,,,,,,,,,,,,,,,,,,,,,
391694,"Palm Beach County, FL, USA","Florida, USA","United States",26.884565866272,-80.055917621101,land,saltwater,2026-01-15,"Loggerhead Marinelife Center",1,,1,5.32,0.80,0.00,,,,,,,,,,,,,,,,,,,,,,,,,,,,,,,,,,,,,,,,,,,,,,
391695,"Palm Beach County, FL, USA","Florida, USA","United States",26.884565866272,-80.055917621101,land,saltwater,2026-01-24,"Loggerhead Marinelife Center",8,,8,0.79,0.80,0.00,,,,,3,,,,5,5,,,,,,1,2,2,,,,,,,,,,,,,1,,,,,,55,15,,,,,,,5,94
391696,"Palm Beach County, FL, USA","Florida, USA","United States",26.884565866272,-80.055917621101,land,saltwater,2026-01-24,"Loggerhead Marinelife Center",121,,121,16.55,0.80,0.00,,8,,3,29,6,,1,83,39,,,18,,30,36,14,8,1,43,,,,,,,,,3,1,3,,,,,2,525,72,,,,,,,295,1220
391697,"Palm Beach County, FL, USA","Florida, USA","United States",26.884565866272,-80.055917621101,land,saltwater,2026-01-25,"Loggerhead Marinelife Center",15,,15,1.86,0.80,0.00,,8,,1,6,,,,17,3,,,2,,3,,1,,2,4,,,,,,,,,3,,4,,,,,,45,7,,,,,,,101,207
391698,"Palm Beach County, FL, USA","Florida, USA","United States",26.884565866272,-80.055917621101,land,saltwater,2026-01-25,"Loggerhead Marinelife Center",1,,1,8.95,0.80,0.00,,,,,,,,,,,,,,,,,,,,,,,,,,,,,,,,,,,,,,,,,,,,,,
391699,"Palm Beach County, FL, USA","Florida, USA","United States",26.884565866272,-80.055917621101,land,saltwater,2026-01-31,"Loggerhead Marinelife Center",1,,1,2.56,0.80,0.00,,,,,,,,78,,,,,,,,2,7,2,,21,,,,,,,,,,1,1,,,,,,,219,,,,,,,12,343
391700,"Palm Beach County, FL, USA","Florida, USA","United States",26.884565866272,-80.055917621101,land,saltwater,2026-01-31,"Loggerhead Marinelife Center",64,,64,11.43,0.80,0.00,,10,,5,13,18,,106,,78,,,17,7,,105,15,25,5,32,,,,,,,,,9,4,10,,,,,8,385,171,,,1,11,,,279,1314
391701,"Yolo County, CA, USA","California, USA","United States",38.5449065,-121.7405167,land,inland,2026-02-06,"putah creek council",1,,1,1.19,0.00,0.00,,,3,,1,,1,,,,,,,,1,,,,,,,,,,,,,,,,,,,1,,,9,9,,,,,,,16,41
391702,"San Diego County, CA, USA","California, USA","United States",32.7447861,-117.2476146,land,inland,2026-02-06,JP,1,,1,1.99,0.00,0.00,,,,1,,,1,2,5,17,1,,,,,8,,,,,,,,,,,,,,,,1,,,2,,4,21,,,,,1,,3,67
391704,"Alameda County, CA, USA","California, USA","United States",37.49438173,-121.91812025,land,inland,2026-02-06,Monkeys,3,,3,4.58,0.00,0.00,,,3,6,9,3,6,,5,1,,6,3,,,16,6,6,,,,,1,,,4,10,,1,,,,,,,,1,,,,,,,,4,91
391705,"Broward County, FL, USA","Florida, USA","United States",26.00251767644,-80.154672286751,land,inland,2026-02-06,"Little Earth Hero",2,,2,2.09,2.97,0.00,,10,2,2,6,5,,,,,,,3,,,,,,,,,,1,,,,,,,,,,,,,,,1,,,,,,,1,31
391706,"Los Angeles County, CA, USA","California, USA","United States",34.038995640621,-118.66193941423,land,saltwater,2026-02-07,"Malibu Cleaners",1,,1,0.02,0.05,0.00,,2,,,,,,,1,,,,,,,,,,,,,,,,,,,,,,,,,,,,,,,,,,,,5,8
391719,"Nueces County, TX, USA","Texas, USA","United States",27.77354048,-97.39066973,land,inland,2026-02-07,,1,,1,7.74,0.00,0.00,,1,1,2,,,1,4,10,35,,,,,,6,1,6,,2,,,5,,,,,2,,,,,,,,,3,,,,,,,,1,80
391720,"Nueces County, TX, USA","Texas, USA","United States",27.77283723315,-97.389974814297,land,inland,2026-02-07,"volunteering my time",2,,2,1.63,4.73,0.00,,,1,1,1,2,,13,6,130,,,,,,3,1,2,2,,,,1,,,1,,4,,,,,,,,,,,,,,,,,,168
391722,"Yolo County, CA, USA","California, USA","United States",38.5449065,-121.7405167,land,inland,2026-02-07,"putah creek council",1,,1,1.90,0.00,0.00,,,3,,,,,,,1,,,,,,1,,,,,,,1,,,,,,,,,,,,,,7,4,,,,1,,,8,26
391723,"Palm Beach County, FL, USA","Florida, USA","United States",26.414365546569,-80.09302954284,land,inland,2026-02-07,"Bocasob- Dmoon",1,,1,12.01,1.40,0.00,,8,4,1,13,8,,2,10,53,7,8,3,,4,33,5,3,1,,,,,1,2,5,,1,2,1,,,,,4,,5,12,,,,2,,1,20,219
391724,"Monterey County, CA, USA","California, USA","United States",36.698335,-121.80908,land,saltwater,2026-02-07,"Save Our Shores",1,,1,5.76,0.00,0.00,,,,,1,1,,5,,,,,,,,5,,2,,,,,4,,,,1,,,,,,,,,,7,5,,1,,,,,2,34
391725,"Scott County, IA, USA","Iowa, USA","United States",41.540955612475,-90.499813808213,land,freshwater,2026-02-07,"Dwayne Tank",1,,1,10.21,0.00,0.00,3,,,,,,,,,,,,,,,,,,,,,,,,,,,,,,,,,,,,,,,,,,,,,
391726,"San Mateo County, CA, USA","California, USA","United States",37.600742903212,-122.39904060691,land,inland,2026-02-07,,1,,1,0.91,0.03,0.00,,,2,,,,,2,2,20,,2,1,,1,9,,,,,,,,,,,2,1,,,,,,1,,,,7,,,,,,,10,60
391727,"Palm Beach County, FL, USA","Florida, USA","United States",26.587229640709,-80.050288347386,land,inland,2026-02-07,"Bocasob- Dmoon",1,,1,2.26,7.73,0.00,,13,2,,12,7,1,,4,26,2,6,2,1,,23,2,11,2,,,,,,3,7,,,,1,,,,,4,,,8,1,,1,4,,,13,156
391728,"Santa Cruz County, CA, USA","California, USA","United States",36.9405963,-121.8590912,land,saltwater,2026-02-08,"sheri and steve",2,,2,0.91,0.00,0.00,1,,,,,,,,,,,,,,,,,,,,,,,,,,,,,,,,,,,,,,,,,,,,,
391734,"Scott County, IA, USA","Iowa, USA","United States",41.527043631724,-90.516661852621,land,freshwater,2026-02-08,"Dwayne Tank",1,,1,10.21,0.00,0.00,2,,,,,,,,,,,,,,,,,,,,,,,,,,,,,,,,,,,,,,,,,,,,,
391735,"Palm Beach County, FL, USA","Florida, USA","United States",26.587395995418,-80.050377177297,land,inland,2026-02-08,"Bocasob- Dmoon",1,,1,7.52,0.18,0.00,,19,5,6,25,25,1,8,39,184,5,23,11,7,5,52,9,20,21,1,1,,,,5,7,2,7,1,4,1,1,,5,7,,2,11,1,15,,6,,,87,629
391736,"Palm Beach County, FL, USA","Florida, USA","United States",26.587455665924,-80.050661252666,land,inland,2026-02-08,"Bocasob- Dmoon",1,,1,15.42,0.00,0.00,4,,,,,,,,,,,,,,,,,,,,,,,,,,,,,,,,,,,,,,,,,,,,,
391737,"Hillsborough County, FL, USA","Florida, USA","United States",28.073336537798,-82.352307239121,land,inland,2026-02-08,"Mom & Daughter",2,,2,0.45,2.41,0.00,,2,,,,,,,3,1,1,,,,,4,,,,,,,,,,,,,,,,,,,1,,2,4,,,,,,,4,22
391738,"Palm Beach County, FL, USA","Florida, USA","United States",26.587612627892,-80.051963204379,land,inland,2026-02-08,"Bocasob- Dmoon",1,,1,5.95,2.00,0.00,,6,6,10,10,13,2,15,32,110,3,3,5,4,,41,5,12,5,,,,,,1,11,,3,3,3,,1,,,12,,6,11,1,3,,5,,,66,408
391739,"Martin County, FL, USA","Florida, USA","United States",27.20811606894,-80.25578166004,watercraft,inland,2026-02-08,freesea,1,,1,0.01,1.55,0.00,,1,,,,,,,,,,,,,,,,,,,,,,,,,,,,,,,,,,,,,,,,,,,,1
391741,"Hawaii County, HI, USA","Hawaii, USA","United States",19.643799904505,-156.00846710172,land,saltwater,2026-02-08,"Spencer Ohana",7,,7,11.72,0.36,0.00,,3,1,4,4,1,,18,20,68,,1,,,5,48,,9,1,2,,,,,,,,12,5,10,2,1,,4,,5,19,74,,1,1,,,,54,373
391742,"Hawaii County, HI, USA","Hawaii, USA","United States",19.646825725177,-156.006720992,land,saltwater,2026-02-08,"Clean Rewards",2,,2,5.18,1.79,0.00,,,3,,3,,1,7,4,24,2,,,,1,20,,,,3,,,1,,,,,,2,,,,,1,,1,,30,,,,,,,52,155
391743,"Hawaii County, HI, USA","Hawaii, USA","United States",19.64433897,-156.0118204,land,saltwater,2026-02-08,"bonner cleanup",2,,2,5.35,1.33,0.00,,1,,7,2,4,3,15,8,53,1,8,1,1,1,26,1,3,4,2,,,1,,,1,,1,2,3,1,,,,1,,4,3,,,,1,,,21,180
391744,"Santa Clara County, CA, USA","California, USA","United States",37.303292497157,-121.88459464988,land,inland,2026-02-08,,1,,1,3.36,2.57,0.00,,4,23,7,15,8,,3,8,3,2,8,14,6,4,35,3,3,,,,,,,,,,,,,,,,,,,,,,,,,,,,146
391745,"Hawaii County, HI, USA","Hawaii, USA","United States",19.64404075408,-156.01097937688,land,saltwater,2026-02-08,Freyberger,2,,2,3.16,0.94,0.00,,,2,4,1,2,1,16,5,64,2,,1,,2,26,4,3,1,,,,,,,,,,,6,,,1,,,,7,3,,,,,,,4,155
391746,"Hawaii County, HI, USA","Hawaii, USA","United States",19.649101854356,-156.00291370199,land,,2026-02-08,"clean rewards",2,,2,16.39,1.50,0.00,,,,3,2,4,,30,10,368,1,2,1,,3,18,1,4,3,,,,,1,,1,,1,2,4,1,1,3,1,2,2,5,62,,2,,1,,,24,563
391747,"San Mateo County, CA, USA","California, USA","United States",37.633144046641,-122.47376562829,land,inland,2026-02-08,,1,,1,0.60,0.00,0.00,,,2,1,,1,,,,25,,,3,,1,8,3,1,,,,,,,,,,,,,,,,,2,,,2,,,,,,,7,56
391748,"Hawaii County, HI, USA","Hawaii, USA","United States",19.644168849413,-156.01090119748,land,inland,2026-02-08,"Clean Rewards",1,,1,19.75,0.32,0.00,,,4,6,12,23,5,62,39,260,,3,4,3,8,79,5,4,5,,,,,,1,1,,3,3,2,,1,1,5,5,,138,116,,1,1,,,,11,811
391749,"Hawaii County, HI, USA","Hawaii, USA","United States",19.64423885529,-156.01096708551,land,saltwater,2026-02-08,"Clean Rewards",1,,1,47.73,0.01,0.00,,1,,26,12,38,,168,75,757,3,26,24,3,23,144,25,20,55,8,1,,1,,1,,2,,10,38,,1,21,1,2,7,59,255,1,,,,,,7,1815
391750,"Broward County, FL, USA","Florida, USA","United States",26.232624002738,-80.0895121501,land,saltwater,2026-02-08,"dad and daughter duo",2,,2,1.81,0.00,0.00,2,,,,,,,,,,,,,,,,,,,,,,,,,,,,,,,,,,,,,,,,,,,,,
391751,"Broward County, FL, USA","Florida, USA","United States",26.232624002738,-80.0895121501,land,saltwater,2026-02-08,"dad and daughter duo",2,,2,1.81,0.00,0.00,2,,,,,,,,,,,,,,,,,,,,,,,,,,,,,,,,,,,,,,,,,,,,,
391752,"Hawaii County, HI, USA","Hawaii, USA","United States",19.643463537473,-156.00862952292,land,saltwater,2026-02-08,"Clean Rewards",2,,2,5.23,1.24,0.00,,,1,2,,2,3,16,13,33,,1,,,3,8,,3,4,1,,,,,,,1,,7,4,,,,1,,1,1,46,,1,,,,,22,174
391753,"San Mateo County, CA, USA","California, USA","United States",37.4760761,-122.4489731,land,saltwater,2026-02-08,Seahugger,1,,1,0.36,1.61,0.00,,,2,,,,,1,,10,,,,,,6,,,,,,,,,,,,,,1,,,,,,,,2,,,,,,,111,133
391755,"Grand County, UT, USA","Utah, USA","United States",38.68704394,-109.53652846,land,inland,2026-02-05,"Moab family",3,,3,0.17,0.00,0.00,,,3,,,3,,3,2,,,,,,,,,2,,,,,,,1,,,,,,,,,,1,,,1,,,,,,,9,25
391763,"Pinellas County, FL, USA","Florida, USA","United States",27.683769832289,-82.737634894356,land,saltwater,2026-02-09,,1,,1,15.11,2.63,0.00,,,4,3,1,2,1,1,3,15,,,3,,,5,,4,2,3,,,,1,,1,3,,,2,,,,,3,6,11,17,,,,,,,3,94
391897,"Brazoria County, TX, USA","Texas, USA","United States",28.937387241439,-95.297197723425,land,saltwater,2026-02-09,"Team Q",11,,11,35.29,0.32,0.00,,28,16,11,81,92,3,6,37,33,22,2,3,,3,13,10,10,,40,2,,1,,,,1,1,,3,,,3,,3,1,1,102,1,1,,1,,,5,536
391898,"Yolo County, CA, USA","California, USA","United States",38.5449065,-121.7405167,land,inland,2026-02-09,"putah creek council",1,,1,2.63,0.00,0.00,,,3,,,,,,,,,,,,,,,,,,,,,,,,,,,,,,,,,,22,22,,,,,,,9,56
391899,"Dare County, NC, USA","North Carolina, USA","United States",36.206217537545,-75.76393062324,land,saltwater,2026-02-09,,1,,1,0.03,0.00,0.00,,,1,,1,,,,,,,,,,,,,,,,,,,,,,,,,,,,,,,,,,,,,,,,2,4
391900,"Orange County, FL, USA","Florida, USA","United States",28.712810254683,-81.460029641242,land,freshwater,2026-02-09,,1,,1,0.26,1.26,0.00,,,1,1,,,1,,1,1,,1,,,,,1,,,,,,,,1,,,,,,,,,,,,,,,,,,,,,8
391901,"Alameda County, CA, USA","California, USA","United States",37.534009330817,-121.95697099165,land,inland,2026-02-09,,2,,2,6.80,0.00,0.00,2,,,,,,,,,,,,,,,,,,,,,,,,,,,,,,,,,,,,,,,,,,,,,
391902,"Mendocino County, CA, USA","California, USA","United States",39.453750491781,-123.79679862141,land,saltwater,2026-02-09,,1,,1,0.64,0.02,0.00,,1,1,,,,,,,,,,,,,,,,,,,,,,,1,1,1,,1,,,,,,,,1,,,1,,,,,8
391903,"San Luis Obispo County, CA, USA","California, USA","United States",35.449629149437,-120.93234778986,land,saltwater,2026-02-09,"Gorilla Gumboot",2,,2,3.27,0.80,0.00,,,1,6,3,1,1,2,2,12,3,,1,1,1,4,3,4,2,2,,,,,,,,,,2,,,,,2,1,3,,,,,1,,,,58
391904,"San Luis Obispo County, CA, USA","California, USA","United States",35.449653750063,-120.93230579536,land,saltwater,2026-02-09,"Gorilla Gumboot",2,,2,0.95,0.48,0.00,,,,,3,1,,,1,5,,,2,,3,2,1,2,,1,,,,,,,,,,1,,,,,,,2,,,,,,,,,24
391909,"Dare County, NC, USA","North Carolina, USA","United States",36.206838683601,-75.76157543207,land,saltwater,2026-02-10,,1,,1,0.25,0.34,0.00,,,1,1,,,2,,,,,,,,,,,1,,,,,,,,,,,,,,,,,,,,,,,,,,,9,14
391910,"Orange County, FL, USA","Florida, USA","United States",28.581072789993,-81.407258746155,land,inland,2026-02-10,"Hans Solo The Egret",1,,1,4.94,0.10,0.00,,1,4,,1,,,,,2,,,1,,,4,3,,,10,,,,,1,2,,1,,,,,,,,,1,2,,,,,,,1,34
391911,"Brunswick County, NC, USA","North Carolina, USA","United States",33.866573036648,-78.506277222186,land,inland,2026-02-10,"GSS Terry",1,,1,0.06,0.20,0.00,,1,,,2,,1,,2,,,,,,,,,,,,,,,,,,,,,,,,,,,,,,,,,,,,,6
391912,"Galveston County, TX, USA","Texas, USA","United States",29.277033873728,-94.808809358764,land,saltwater,2026-02-06,"Team Aqua",2,,2,0.02,0.00,0.00,,,,,,,,,,,,,,,,1,1,1,,,,,,,,,,,,,,,,,,,,,,,,,,,,3
391915,"Nueces County, TX, USA","Texas, USA","United States",27.77292646,-97.38997102,land,saltwater,2026-02-07,Valero,3,,3,0.01,0.13,0.00,,,,,,,,2,1,,,,,,,,,,,,,,,,,,,,,,,,,,,,,,,,,,,,3,6
391916,"Pinellas County, FL, USA","Florida, USA","United States",27.684319290236,-82.73765922309,land,saltwater,2026-02-10,,1,,1,1.86,0.58,0.00,,,2,,,1,,,3,4,,,1,,,1,,1,,,,,,,,1,,1,,,,,,,,2,4,17,,,,,,,1,39
391917,"Palm Beach County, FL, USA","Florida, USA","United States",26.37177530881,-80.092580062009,land,inland,2026-02-11,"Bocasob- Dmoon",1,,1,1.21,0.14,0.00,,12,2,,8,3,1,,1,2,,14,,,1,13,2,2,1,,,,,,,5,,2,,1,,,,,1,,1,2,,,,,,,25,99
391921,"Pinellas County, FL, USA","Florida, USA","United States",27.683870859562,-82.737690592954,land,saltwater,2026-02-11,,1,,1,5.16,2.84,0.00,,,5,,1,,1,,1,12,,1,,,,4,2,3,2,,,,1,,,,,2,,2,,1,1,,,4,10,28,,,,,,,2,83
391922,"Dare County, NC, USA","North Carolina, USA","United States",36.206585315671,-75.761627734445,land,saltwater,2026-02-11,,1,,1,0.71,0.62,0.00,,,,,,,1,,3,,1,,1,,,,,,,1,,,,,,,,,,,,,,,,1,,,,,,,,,5,13
391928,"Prince William County, VA, USA","Virginia, USA","United States",38.608749177291,-77.267092145972,land,freshwater,2026-02-11,"Prince William Soil and Conservation District/ Troop 964",5,18,23,226.80,1.61,0.00,12,,,,,,,,,,,,,,,,,,,,,,,1,,,,,,,,,,,,,,,,,,,,,,1
391932,"Loudoun County, VA, USA","Virginia, USA","United States",39.086643968637,-77.523290316372,land,freshwater,2026-02-11,"test android",1,,1,11.57,0.00,0.00,,,,50,,,,,,,,,,,,,,,,,,,,,,,,,,,,,,,,,,,,,,,,,,50
391934,"Prince William County, VA, USA","Virginia, USA","United States",38.660985592372,-77.233560624419,land,freshwater,2026-02-11,"Prince William Soil and Conservation District/Friends of Occoquan",68,100,168,"2,177.24",9.66,0.00,189,,,,,,,,,,,,,,,,,,,,,,,31,,,,,,,,,,,,,,,,,,,,,,31
391968,"Palm Beach County, FL, USA","Florida, USA","United States",26.3720254998,-80.092090601403,land,inland,2026-02-11,"Bocasob- Dmoon",1,,1,6.80,2.06,0.00,,6,3,2,14,9,,6,26,86,1,16,4,1,1,62,6,9,1,,1,,2,,,12,,3,3,2,3,,,,8,,1,10,1,,,,,,33,332
391969,"Yolo County, CA, USA","California, USA","United States",38.5449065,-121.7405167,land,inland,2026-02-12,"putah creek council",1,,1,3.76,0.00,0.00,,,4,,1,1,,,1,3,,,,,,2,,,,,,,1,,,,,,,,,,,,,,32,11,,,,,,,2,58
391979,"Pinellas County, FL, USA","Florida, USA","United States",27.683958019366,-82.737800991254,land,saltwater,2026-02-12,,1,,1,3.43,0.61,0.00,,,1,,1,1,,,3,8,,,,,,4,,3,1,1,,,,,,,,2,,1,,,,,,5,8,18,,2,,,,,1,60
391980,"Orange County, CA, USA","California, USA","United States",33.4672256,-117.6981014,land,saltwater,2026-02-01,Project3R,2,,2,9.98,0.00,0.00,2,,,,,,,,,,,,,,,,,,,,,,,,,,,,,,,,,,,,,,,,,,,,,
391981,"Orange County, CA, USA","California, USA","United States",33.4672256,-117.6981014,land,saltwater,2026-01-25,Project3R,2,,2,3.18,0.00,0.00,1,,,,,,,,,,,,,,,,,,,,,,,,,,,,,,,,,,,,,,,,,,,,,
391982,"Orange County, CA, USA","California, USA","United States",33.4672256,-117.6981014,land,saltwater,2026-01-04,Project3R,2,,2,5.90,0.00,0.00,1,,,,,,,,,,,,,,,,,,,,,,,,,,,,,,,,,,,,,,,,,,,,,
391983,"Miami-Dade County, FL, USA","Florida, USA","United States",25.751013860563,-80.146526436416,land,saltwater,2026-02-12,MUVE,3,,3,4.08,1.61,0.00,,,18,1,1,,2,,34,1,2,4,4,,1,10,,11,2,3,,,1,,,,,2,,1,,,2,,2,2,,14,,,,,,,10,128
391985,"San Francisco County, San Francisco, CA, USA","California, USA","United States",37.7593921,-122.510734,land,saltwater,2026-02-12,,1,,1,3.56,0.00,0.00,,2,5,,,,,,8,,,,,,,12,,4,,,,,2,,,,,,,,,,,,,2,8,,,,,,,,8,51
391993,"Hennepin County, MN, USA","Minnesota, USA","United States",44.90052836638,-93.20789536415,land,inland,2026-02-12,"GSS Em Soejoto",1,,1,0.95,0.00,0.00,,1,,4,,,,,,,,,,,,,,,,,,,,,,,,,,,,,,,,,,,,,,,,,,5
391995,"San Diego County, CA, USA","California, USA","United States",32.68304348484,-117.23729246566,land,saltwater,2026-02-12,,1,,1,2.27,0.00,0.00,,,,,2,,,,,,,,,,,,,,,,,,1,,,,,,1,,,,,,,,,2,,,,,,,,6
391996,"Palm Beach County, FL, USA","Florida, USA","United States",26.413711005352,-80.093214799911,land,inland,2026-02-12,"Bocasob- Dmoon",1,,1,1.13,0.12,0.00,,2,,1,2,2,,2,3,31,1,7,1,1,,21,,1,1,,,,,,,,,,,,,,,1,13,,,3,,1,,,,,13,107
391997,"Broward County, FL, USA","Florida, USA","United States",25.986352339218,-80.121990029,land,saltwater,2026-02-12,"Little Earth Hero",2,,2,0.41,0.48,0.00,,2,3,,1,,,2,2,11,3,,3,,,4,,,,,,,,,,,,,,,,,,,,1,,,,,,,,,11,43
392002,"San Mateo County, CA, USA","California, USA","United States",37.590920331227,-122.49722190578,land,inland,2026-02-11,,2,,2,1.77,0.00,0.00,,,,,2,1,,1,2,26,,,,,,5,,1,1,,,,1,,,,,5,,,,,,,,1,2,1,,,,2,,,1,52
392003,"Palm Beach County, FL, USA","Florida, USA","United States",26.372081352187,-80.091339107679,land,inland,2026-02-12,"Bocasob- Dmoon",1,,1,179.91,0.30,0.00,,6,8,2,9,14,2,6,34,37,2,9,1,3,5,35,4,6,,,,3,2,,,11,,8,1,1,6,1,,2,14,,1,5,1,1,,3,,,53,296
392004,"Kings County, Brooklyn, NY, USA","New York, USA","United States",40.652530432782,-73.976005508852,land,freshwater,2026-02-13,,1,,1,0.02,0.00,0.00,,,,,,1,,,,2,,,,,,,,,,,,,,,1,,,1,,,,,,,,,,,,,,,,,,5
392005,"Hennepin County, MN, USA","Minnesota, USA","United States",44.900622726161,-93.207871248635,land,inland,2026-02-13,"GSS Em Soejoto",1,,1,1.63,3.65,0.00,,5,2,,1,2,,,,13,1,,,,,19,1,,,,,,1,,,1,,,,,,,,,1,,,,,,,1,,,3,51
392028,"Pinellas County, FL, USA","Florida, USA","United States",27.685078418,-82.737735679848,land,saltwater,2026-02-13,,1,,1,2.72,2.87,0.00,,,1,,,2,2,,,11,,,,,,4,,1,2,,,,,,,2,2,,,,,,,,,2,13,18,,,,,,,2,62
392030,"Palm Beach County, FL, USA","Florida, USA","United States",26.787493554488,-80.204877246766,land,inland,2026-02-13,"BNW Kat cleans",1,,1,1.09,0.00,0.00,,1,2,,2,1,3,3,,11,,,,2,1,2,2,1,,,,,,,,,,,,,1,1,,,1,,2,11,,,,,,,,47
392031,"San Mateo County, CA, USA","California, USA","United States",37.637998717837,-122.48941130005,land,inland,2026-02-13,"Pacific Beach Coalition - Terri Brown",1,,1,3.56,1.47,0.00,,2,6,1,3,,,2,3,37,,4,2,,1,3,2,1,,,,,,,,11,,3,,1,2,,,2,5,,,36,,,,2,,,11,140
392039,"Los Angeles County, CA, USA","California, USA","United States",33.884290525108,-118.4122647628,land,inland,2026-02-13,"East Los Ocean Conservancy Club",1,,1,2.95,0.71,0.00,,,,1,2,1,,,6,20,,,1,,,2,2,,,1,,,1,,,1,,2,,,,1,,,,,,11,3,1,,,,,20,76
392040,"Miami-Dade County, FL, USA","Florida, USA","United States",25.697673044704,-80.15676025239,land,saltwater,2026-02-13,,1,,1,3.40,0.00,0.00,1,,,,,,,,,,,,,,,,,,,,,,,,,,,,,,,,,,,,,,,,,,,,,
392041,"Broward County, FL, USA","Florida, USA","United States",26.091511086617,-80.1080616272,land,saltwater,2026-02-13,"Little Earth Hero",2,,2,1.92,0.00,0.00,,1,1,2,1,,,,5,1,,,,,1,,,,5,3,,,,,,,,,,,,,,,,,,,,,,,,,11,31
392042,"Los Angeles County, CA, USA","California, USA","United States",33.884330319798,-118.41198229571,land,inland,2026-02-13,"east los angeles",4,,4,1.27,0.03,0.00,,1,,5,2,2,,2,2,1,,,,,,,,,,,,,,,,,,1,,,1,,,,1,,,,,,,,,,,18
392044,"Alameda County, CA, USA","California, USA","United States",37.49430564,-121.9180962,land,inland,2026-02-14,Monkeys,1,,1,6.80,0.00,0.00,2,,,,,,,,,,,,,,,,,,,,,,,,,,,,,,,,,,,,,,,,,,,,,
392054,"Hillsborough County, FL, USA","Florida, USA","United States",28.08187872,-82.5640675,land,inland,2026-02-14,cleanbeach,1,,1,0.46,0.02,0.00,,,,,,,1,,,,3,,,,1,9,3,1,,,,,,,,,,,,,,,,,,1,1,,,,,,,,21,41
392055,"San Mateo County, CA, USA","California, USA","United States",37.6324357,-122.494697,land,saltwater,2026-02-14,test,1,,1,0.19,0.00,0.00,,1,,,,,,,1,,,,1,,,1,,,,,,,,,1,1,1,,,,,,,,,,,,,,,,,,,7
392056,"Broward County, FL, USA","Florida, USA","United States",26.023171730443,-80.11498331322,land,saltwater,2026-02-14,"Little Earth Hero",3,,3,0.02,0.18,0.00,,2,,,,,,1,2,21,,,,,,,,3,,,,,,,,,,,,,,,,,,,,,,,,,,,10,39
392057,"Hillsborough County, FL, USA","Florida, USA","United States",28.0755477,-82.3432378,land,inland,2026-02-14,"Mom & Daughter",1,,1,0.99,0.00,0.00,,1,1,,7,1,1,1,,3,,,,,,9,1,1,,,,,,,,,1,3,,,,,,,,,2,7,,,,,,,8,47
392059,"Dupage County, IL, USA","Illinois, USA","United States",41.9775914,-88.20685077,land,freshwater,2026-02-14,leahferguson,1,,1,3.40,0.00,0.00,1,,,,,,,,,,,,,,,,,,,,,,,,,,,,,,,,,,,,,,,,,,,,,
392061,"Miami-Dade County, FL, USA","Florida, USA","United States",25.714592711118,-80.151729314668,land,saltwater,2026-02-14,"Keep it Clean",3,,3,31.56,0.36,0.00,,5,4,,4,1,2,3,1,,4,,2,,,6,,,2,4,1,,1,3,,5,,,1,,,1,,1,,,,2,,,,,,,6,59
392062,"San Mateo County, CA, USA","California, USA","United States",37.630255424072,-122.49388675927,land,inland,2026-02-14,,1,,1,0.34,0.06,0.00,,,11,,1,1,,4,,28,,,1,,,3,1,,1,,,,,,,,,1,,,,,,,,,2,,,1,,1,,,20,76
392063,"San Mateo County, CA, USA","California, USA","United States",37.629995035565,-122.4941134251,land,saltwater,2026-02-14,"Pacifica Beach Coalition",1,,1,4.90,1.66,0.00,,4,4,1,2,,10,,,44,,,,2,2,8,,,,,,,1,,,1,,,,1,,,,,2,,19,28,1,,,,,,3,133
392064,"San Mateo County, CA, USA","California, USA","United States",37.630054642832,-122.49336969655,land,saltwater,2026-02-14,"Pacifica Beach Coalition",1,,1,2.48,0.09,0.00,,1,7,,,1,,,,11,2,1,1,1,2,6,2,1,1,,1,,1,,,,,,,2,1,,,2,,,,,,,,2,,,3,49
392065,"San Francisco County, San Francisco, CA, USA","California, USA","United States",37.713433936969,-122.50032662703,land,saltwater,2026-02-14,"Pacifica Beach Coalition",1,,1,12.93,3.22,0.00,,,1,1,3,3,3,,44,,,,7,,,5,7,,3,4,,,7,,,,,4,,2,,,,2,,1,22,3,,,,,,,10,132
392067,"Nueces County, TX, USA","Texas, USA","United States",27.731500419832,-97.132230930936,land,saltwater,2026-02-14,"406 Sandpiper",3,,3,6.71,0.64,0.00,,2,2,,,,,1,32,,1,,,,,10,2,15,5,20,,,,,,4,,10,3,,,,2,,,2,10,5,,,,,2,,50,178
392068,"San Mateo County, CA, USA","California, USA","United States",37.518264342165,-122.33197549321,land,saltwater,2026-02-14,"Pacifica Beach Coalition",1,,1,0.01,0.00,0.00,,1,,,,,,,,,,,,,,,,,,,,,,,,,,,,,,,,,,,,,,,,,,,,1
392069,"Alameda County, CA, USA","California, USA","United States",37.774166407673,-122.25797287689,land,saltwater,2026-02-14,,1,,1,5.08,4.83,0.00,,,5,1,5,2,,4,10,19,,,,,1,5,4,5,4,,4,,,,,1,,2,,4,,,,3,,3,3,10,,,,,2,1,19,117
392071,"Mendocino County, CA, USA","California, USA","United States",39.501060005161,-123.78609115022,land,saltwater,2026-02-15,"Noyo Center",1,,1,0.45,3.22,0.00,,,,,,1,,1,,,,,,,,,1,,,1,,,,,,1,,,,,,,,,,,7,4,,,,,,,,16
392072,"Williamson County, TX, USA","Texas, USA","United States",30.6332618,-97.6779842,land,inland,2026-02-15,"Me, myself and I",1,,1,0.01,0.00,0.00,,,1,,,,,,1,,,,,,,,,1,,,,,,,,,,1,,,,,,,,,,,,,,,,,5,9
392080,"Greater Bridgeport Planning Region, CT, USA","Connecticut, USA","United States",41.263312988645,-73.196054222822,land,inland,2026-02-15,"Trumbull cleanup",1,,1,0.71,0.38,0.00,,,1,1,2,2,,,,,,,,,,2,,,,,,,,,,,,,,1,,,,,,,4,,,,,,,,,13
392081,"Dare County, NC, USA","North Carolina, USA","United States",36.209385459578,-75.763481448899,land,saltwater,2026-02-15,,1,,1,1.51,0.25,0.00,,,,,,,1,,,,,,,,,,,,,1,,,,,,,,1,,4,,,,,,2,,,,,,,,,2,11
392082,"Palm Beach County, FL, USA","Florida, USA","United States",26.3839206004,-80.068691854087,land,saltwater,2026-02-15,pbsob,3,,3,1.16,0.02,0.00,,,,,,,1,,11,3,,,,,,1,,5,1,,,,,,,,2,,,,,,,,,,7,8,,,,,,,25,64
392083,"Palm Beach County, FL, USA","Florida, USA","United States",26.384098228098,-80.068699794832,land,saltwater,2026-02-15,BocaSOB,2,,2,4.33,0.01,0.00,,4,2,1,1,,,,7,7,,1,,,,1,3,,,,,,1,,,1,,2,1,,,,,,,,1,42,,,,,,,,75
392084,"Palm Beach County, FL, USA","Florida, USA","United States",26.384275911762,-80.068588375734,land,saltwater,2026-02-15,bocasob,3,,3,3.44,0.43,0.00,,1,4,1,1,,,6,5,5,2,,,,,,2,1,1,,1,,1,,,,3,1,,,2,,,,,2,8,1,,,,,,,1,49
392085,"Palm Beach County, FL, USA","Florida, USA","United States",26.38405007,-80.06681378,land,saltwater,2026-02-15,Bocasob,4,,4,3.17,0.85,0.00,,,10,,,,,2,11,7,,,,,,,,2,2,,,,2,,,,,2,,1,,,,,,2,,,,,,,,,202,243
392086,"Palm Beach County, FL, USA","Florida, USA","United States",26.383996826703,-80.068511524511,land,saltwater,2026-02-15,Bocasob,2,,2,5.98,0.10,0.00,,,2,,,,,1,9,3,,,,,,3,1,1,1,3,3,,,,,,,,10,1,,,,,,1,21,20,,1,,,,,38,119
392087,"Palm Beach County, FL, USA","Florida, USA","United States",26.384157318858,-80.068145141111,land,saltwater,2026-02-15,bocasob,3,,3,5.03,0.00,0.00,,3,14,2,1,2,2,5,15,1,1,2,1,,,5,2,4,2,7,,,,,,,,2,,3,,,,,,,10,,,3,,1,2,,41,131
392088,"Palm Beach County, FL, USA","Florida, USA","United States",26.383854495361,-80.06882767193,land,saltwater,2026-02-15,BocaSOB,2,,2,6.31,1.71,0.00,,11,3,,,,,2,3,1,,1,,,,4,,1,1,2,,,3,,,1,,1,1,,,,1,1,,4,,6,,,,,,,115,162
392089,"Palm Beach County, FL, USA","Florida, USA","United States",26.386185359815,-80.067314010023,land,saltwater,2026-02-15,BOCASOB,2,,2,0.10,0.85,0.00,,4,1,,,,,,,1,,,,,,,,,,,,,,,,,,,,,,,,,,,,1,,,,,,,1,8
392090,"Nueces County, TX, USA","Texas, USA","United States",27.731500419832,-97.132230930936,land,saltwater,2026-02-15,"406 Sandpiper",3,,3,4.54,0.64,0.00,,4,1,,2,1,,,25,,2,,5,,,2,,10,5,20,,,,,,,,,10,,,,2,,3,1,2,,,,,,,,50,145
392093,"Yolo County, CA, USA","California, USA","United States",38.5449065,-121.7405167,land,inland,2026-02-15,"putah creek council",1,,1,6.62,0.00,0.00,,,7,,,,3,,,1,,,,,,22,1,1,,,,,,,,,,,,2,,1,,,,,44,55,,,,,,,31,168
392094,"Miami-Dade County, FL, USA","Florida, USA","United States",25.747531880807,-80.360693625952,land,inland,2026-02-15,rms,10,,10,1.45,0.00,0.00,,10,10,,18,,,,15,,,,14,,,50,,,,,,,,,,,,,,,,,,,,,,,,,,,,,,117
392097,"Martin County, FL, USA","Florida, USA","United States",27.168532796909,-80.156241860962,watercraft,saltwater,2026-02-14,,4,,4,2.26,9.18,0.00,,2,1,2,1,1,1,,2,2,2,,1,,1,1,1,1,1,2,1,,,,1,1,1,1,5,,,,,,,,,,,,,,,,,32
392099,"Broward County, FL, USA","Florida, USA","United States",26.092220997985,-80.108090190675,land,saltwater,2026-02-15,"Little Earth Hero",2,,2,1.65,0.91,0.00,,3,7,,1,1,1,5,8,4,1,,,,,5,2,3,,1,,,,,1,,,,5,,1,,,,1,4,,,,,,,,,31,85
392100,"Broward County, FL, USA","Florida, USA","United States",26.090991612644,-80.109066517063,land,saltwater,2026-02-15,"Little Earth Hero",1,,1,0.06,0.01,0.00,,,,,1,,,,1,,,,3,,,,,,,,,,,,,,,,,,,,,,,,,,,,,,,,,5
392102,"San Francisco County, San Francisco, CA, USA","California, USA","United States",37.804934942939,-122.46770420783,land,inland,2026-02-15,"C Squad",2,,2,7.13,0.33,0.00,,,1,,,,,2,10,4,,,,,,,,5,,10,,,,,,7,,1,,,,,,,,,42,,,,,,,,320,402
392104,"San Mateo County, CA, USA","California, USA","United States",37.598084536824,-122.50210978546,land,saltwater,2026-02-15,"Saint Catherine of Sienna",1,,1,4.84,0.43,0.00,,2,1,1,1,1,3,,,14,,5,2,1,3,7,,,,,,,2,,,6,4,,,2,,,2,,,1,4,,,,,,,,,62
392105,"Santa Clara County, CA, USA","California, USA","United States",37.439611838097,-122.09845975131,land,saltwater,2026-02-15,ff,1,,1,0.45,0.48,0.00,,,3,,,1,,,1,5,,,,,,32,,3,,,,,3,,1,,,17,,,,,,,,1,,1,,,,,,,17,85
392117,"Baltimore, MD, USA","Maryland, USA","United States",39.285135318347,-76.607724793382,land,saltwater,2026-02-16,"National Aquarium Weekly Harbor Wetland Cleanup – 9/13",3,,3,45.36,0.40,0.00,,11,6,1,40,11,,100,,90,,1,37,,4,68,25,55,3,1,,,,,3,25,2,,2,1,,,,1,136,,9,11,1,,,3,1,3,345,996
392121,"Contra Costa County, CA, USA","California, USA","United States",37.997438280234,-122.02743342437,land,saltwater,2026-02-16,"Shark Stewards",12,,12,22.77,1.61,0.00,,4,10,2,7,3,,2,15,86,,4,1,,3,42,10,5,2,,,,3,,,10,,1,,4,1,,,,1,,57,197,19,1,,1,6,,157,654
392122,"Yolo County, CA, USA","California, USA","United States",38.5449065,-121.7405167,land,inland,2026-02-16,"putah creek council",1,,1,1.10,0.00,0.00,,,3,,,,1,,,,,,,,,,,,,,,,,,,,,,,,,,,,,,9,9,,,,,,,9,31
392123,"Loudoun County, VA, USA","Virginia, USA","United States",39.08673536941,-77.523250618942,land,saltwater,2026-02-16,"test IOS",1,,1,3.63,0.00,0.00,,500,,,,,,,,,,,,,,,,,,,,,,,,,,,,,,,,,,,,,,,,,,,,500
392124,"Loudoun County, VA, USA","Virginia, USA","United States",39.086499496328,-77.52317047899,land,inland,2026-02-16,"test android",1,,1,34.61,8.05,0.00,,,,100,107,,,,,,,,,,,,,,,,,,,1,,,,,,,,,,,,,,,,,,,,,,208
392125,"Lee County, FL, USA","Florida, USA","United States",26.39584847,-81.77746987,land,saltwater,2026-02-16,KLCB,1,,1,4.80,0.02,0.00,,1,3,,1,3,,7,11,56,3,2,3,,,9,1,4,5,2,,,1,,1,,,2,,,,,,,2,,22,17,,,,1,,,25,182
392127,"South Central Connecticut Planning Region, CT, USA","Connecticut, USA","United States",41.323636499076,-72.956593520117,land,inland,2026-02-16,"Save the Sound",1,,1,0.19,0.23,0.00,,,,,1,1,,,,3,,,,,,9,,,,,,,,,,,,,,,,,,,2,,,,,,,,,,2,18
392128,"Los Angeles County, CA, USA","California, USA","United States",33.884351960876,-118.4121789026,land,inland,2026-02-13,"East Los Angeles conservation club",5,,5,2.47,0.00,0.00,,,,2,4,4,,,,5,,,,,,6,,,1,,,,,,,,,,,,,,,,1,,9,20,,,,,,,,52
392129,"Nueces County, TX, USA","Texas, USA","United States",27.731500419832,-97.132230930936,land,saltwater,2026-02-17,"406 Sandpiper",3,,3,5.35,0.64,0.00,,5,,,,,,1,40,2,,,5,,,5,2,10,10,20,,,,,,,2,,5,1,,,2,,,1,10,5,,,,,,,30,156
392130,"Alameda County, CA, USA","California, USA","United States",37.694469663088,-121.77977073704,land,inland,2026-02-16,"Keira Q2",1,,1,29.80,4.04,0.00,,1,14,1,3,6,7,2,5,10,1,26,19,2,1,61,11,3,2,,,,18,,,1,2,3,,,,,,1,5,,40,53,,,,6,,,18,322
392131,"Santa Barbara County, CA, USA","California, USA","United States",34.421774027337,-119.73113309658,land,saltwater,2026-02-17,,1,,1,1.18,1.13,0.00,,,,,3,,1,,3,,,,,,,1,1,1,,,1,,,,,3,,1,,,,,,,,,4,2,1,,,,,,24,46
392136,"Berkeley County, SC, USA","South Carolina, USA","United States",33.001990156969,-80.066265194512,land,inland,2026-02-17,,1,,1,1.25,1.26,0.00,,,,1,9,5,,,,,,,,1,1,,1,,,,,,,,,,,,,,,,,,,3,,,,,,,,,,21
392138,"Cumberland County, ME, USA","Maine, USA","United States",43.670073930578,-70.260405880085,land,saltwater,2026-02-17,"Quinn, Payton, Tyler",3,,3,3.58,4.02,0.00,,5,4,,,,2,2,7,7,4,13,4,1,,22,3,3,,2,,,1,,,1,,1,,1,2,,,3,,,9,,,,,3,4,1,60,165
392139,"Cumberland County, ME, USA","Maine, USA","United States",43.670073930578,-70.260405880085,land,saltwater,2026-02-17,cuties,3,,3,2.86,5.15,0.00,,1,2,,1,1,1,2,2,12,,,1,2,,32,2,3,,,,,,,,,2,,,,,,,1,,,23,11,1,,,1,7,,62,170
392155,"Baltimore, MD, USA","Maryland, USA","United States",39.285101197629,-76.607736012243,land,saltwater,2026-01-10,"National Aquarium Weekly Harbor Wetland Cleanup- January 10",4,,4,27.22,0.40,0.00,3,4,3,1,17,2,,2,40,45,,17,,1,5,35,17,35,5,,,,,,2,3,1,,2,,,,1,,87,,3,43,3,,,1,,,350,725
392156,"Baltimore, MD, USA","Maryland, USA","United States",39.285101197629,-76.607736012243,land,saltwater,2026-01-17,"National Aquarium Weekly Harbor Wetland Cleanup- January 17",4,,4,36.29,0.40,0.00,4,15,4,1,38,6,,,58,65,,5,18,,3,55,24,41,7,,,,,,1,4,2,,1,,,,1,,104,,9,16,3,,,6,,,485,972
392157,"Baltimore, MD, USA","Maryland, USA","United States",39.285101197629,-76.607736012243,land,saltwater,2026-01-24,"National Aquarium Weekly Harbor Wetland Cleanup- January 24",4,,4,36.29,0.40,0.00,,10,8,1,15,6,,,40,30,,,20,,1,45,15,30,6,,,,,,1,16,1,,,,,,1,,81,,,,1,,,,1,,600,929
392158,"Baltimore, MD, USA","Maryland, USA","United States",39.285101197629,-76.607736012243,land,saltwater,2026-02-17,"National Aquarium Weekly Harbor Wetland Cleanup- February 7",4,,4,9.07,0.40,0.00,1,5,10,,5,2,,,20,5,,,10,2,2,20,15,30,,,,,,,,60,,,,,,,,,23,,10,,,,,5,,,250,474
392159,"Baltimore, MD, USA","Maryland, USA","United States",39.285101197629,-76.607736012243,land,saltwater,2026-02-17,"National Aquarium Weekly Harbor Wetland Cleanup- February 14",4,,4,9.07,0.00,0.00,1,10,1,,10,5,,,29,18,,,8,,,15,6,25,5,,,,,,,40,,,,,,,,,16,,,,,,,,,,180,368
392160,"Santa Barbara County, CA, USA","California, USA","United States",34.396679266694,-119.70572944292,land,saltwater,2026-02-17,,1,,1,6.94,0.32,0.00,,2,1,,10,,,,17,,2,,2,,2,1,1,,,1,,,2,,,12,,,,1,1,,5,,,7,3,4,,,,,,1,50,125
392163,"Charleston County, SC, USA","South Carolina, USA","United States",32.641239621235,-79.966743382495,land,saltwater,2026-02-17,,1,,1,0.82,0.47,0.00,,,1,,,,,,3,1,,,2,,,3,,1,,1,,,,,,,2,,1,,,,,,,,1,,,,,,,,20,36
392173,"Yolo County, CA, USA","California, USA","United States",38.5449065,-121.7405167,land,inland,2026-02-17,"putah creek council",1,,1,2.28,0.00,0.00,,,3,,,,,,,1,,,1,,,2,1,,,,,,1,,,,,,,,,,,,,,9,8,,,,,,,6,32
392176,"Berkeley County, SC, USA","South Carolina, USA","United States",33.003311305591,-80.06800562955,land,inland,2026-02-18,,1,,1,2.23,0.17,0.00,,,1,1,4,20,,,1,,2,,1,,,,,,,,,,1,,,,1,,,,,,,,,1,,,,,,,,,,33
392177,"Dare County, NC, USA","North Carolina, USA","United States",36.208163086569,-75.762833233064,land,saltwater,2026-02-18,,1,,1,1.45,0.43,0.00,,,5,,,,,,7,,,,1,,,,,2,2,3,,,,,,,,,,,,,,,,,,,,,,,,,40,60
392185,"Jefferson County, TX, USA","Texas, USA","United States",29.6761114,-94.0439838,land,saltwater,2026-02-15,"Sea Rin State Park - Troop 107 bach clean up",18,,18,44.23,0.00,0.00,35,,,,,,,,,,,,,,,,,,,,,,,,,,,,,,,,,,,,,,,,,,,,,
392186,"Jefferson County, TX, USA","Texas, USA","United States",29.6761114,-94.0439838,land,saltwater,2026-02-14,"Sea Rim State Park Nurdle Patrol",3,,3,5.44,0.00,0.00,6,,,,,,,,,,,,,,,,,,,,,,,,,,,,,,,,,,,,,,,,,,,,,
392205,"Yolo County, CA, USA","California, USA","United States",38.5449065,-121.7405167,land,inland,2026-02-18,"putah creek council",1,,1,1.46,0.00,0.00,,,2,,,3,,,,3,,1,1,,,2,1,,1,,,,,,,,,,,,,,,1,,,11,11,,,,,,,9,46
392302,"Palm Beach County, FL, USA","Florida, USA","United States",26.369489740786,-80.068783173397,land,saltwater,2026-02-15,Bocasob,4,,4,3.23,0.00,0.00,,,,,,,,,7,4,,,,,,,1,1,1,,1,,2,,,,,,,,,,,,,,4,,,,,,,,29,50
392303,"Pinellas County, FL, USA","Florida, USA","United States",27.685672542353,-82.737600644273,land,saltwater,2026-02-18,,1,,1,5.09,2.99,0.00,,,1,,7,2,1,,7,11,,,2,,,2,2,4,5,2,,,,,,,3,3,,,1,,,1,,4,9,33,,3,,,,,,103
392759,"Pinellas County, FL, USA","Florida, USA","United States",27.685897493913,-82.737650591712,land,saltwater,2026-02-19,,1,,1,5.35,2.87,0.00,,,2,,1,,2,,4,16,,,3,,1,6,4,12,,4,,,,,1,,,7,,1,,1,1,,,,10,37,,1,,,,,3,117
392761,"Los Angeles County, CA, USA","California, USA","United States",34.003725526946,-118.48892830263,land,saltwater,2026-02-19,"surf team cleanup",5,,5,2.57,0.40,0.00,,1,1,1,17,,4,,10,,15,,21,1,1,54,19,10,1,,,,,,,,2,1,,3,,,,1,,,,,,,,,,,,163
392762,"Los Angeles County, CA, USA","California, USA","United States",34.004008388845,-118.48913411977,land,saltwater,2026-02-19,"smohi surf team",4,,4,2.53,0.29,0.00,,,4,,1,,5,,,1,2,4,26,,3,62,14,,2,,,,,,,,,,,,,,,1,,,,17,,,,,,1,97,240
392763,"Miami-Dade County, FL, USA","Florida, USA","United States",25.737026213165,-80.153623158652,land,saltwater,2026-02-19,MUVE,5,,5,8.24,0.59,0.00,,,10,1,,,,,5,,,,,1,1,1,,2,1,4,1,,3,,,6,5,,,,1,,1,,,2,5,1,,,,,,,7,58
392764,"Miami-Dade County, FL, USA","Florida, USA","United States",25.73707705,-80.15293849,land,saltwater,2026-02-19,MUVE,1,,1,3.04,0.21,0.00,,1,,,1,,1,,3,,,,1,1,1,5,,1,1,5,,,,,,,,4,,,,,,,6,,8,1,,,,,,,19,59
392765,"Miami-Dade County, FL, USA","Florida, USA","United States",25.696905623856,-80.156700291185,land,inland,2026-02-19,,1,,1,0.91,0.00,0.00,1,,,,,,,,,,,,,,,,,,,,,,,,,,,,,,,,,,,,,,,,,,,,,
392766,"San Francisco County, San Francisco, CA, USA","California, USA","United States",37.7593921,-122.510734,land,saltwater,2026-02-19,,1,,1,2.38,0.00,0.00,,2,,,5,3,,2,7,,,,4,,,14,,,,1,,,,,,1,,,2,,,,,2,,1,7,12,,,,,,,19,82
392767,"St. Johns County, FL, USA","Florida, USA","United States",29.8446358,-81.2674159,land,saltwater,2026-02-19,,1,,1,1.81,0.00,0.00,2,,,,,,,,,,,,,,,,,,,,,,,,,,,,,,,,,,,,,,,,,,,,,
392770,"Volusia County, FL, USA","Florida, USA","United States",29.12969,-81.038688333333,land,inland,2026-02-17,"Canaveral national seashore",1,,1,3.40,0.00,0.00,1,,,,,,,,,,,,,,,,,,,,,,,,,,,,,,,,,,,,,,,,,,,,,
392772,"Pinellas County, FL, USA","Florida, USA","United States",27.982229599503,-82.826776202256,land,saltwater,2026-02-19,"moore marine college",7,,7,5.38,0.03,0.00,,1,,,2,1,,1,2,,,3,6,,,10,4,21,,1,,,2,,,,,,,1,,,,1,,3,3,18,,,,,,,,80
392773,"Hillsborough County, FL, USA","Florida, USA","United States",28.08253982,-82.56587738,land,inland,2026-02-15,cleanbeach,1,,1,0.16,0.19,0.00,,,,,,,1,,1,,,,,,,,,,,,,,,,,,,,,1,,,,,,,,,,,,,,,,3
392774,"Los Angeles County, CA, USA","California, USA","United States",33.811882667133,-118.13849180357,land,inland,2026-02-19,,1,,1,0.91,0.00,0.00,1,,,,,,,,,,,,,,,,,,,,,,,,,,,,,,,,,,,,,,,,,,,,,
392779,"Greater Bridgeport Planning Region, CT, USA","Connecticut, USA","United States",41.265309701547,-73.203416133888,land,inland,2026-02-18,"Trumbull cleanup",1,,1,1.57,0.06,0.00,,,2,,6,15,1,,,,1,3,1,,,5,1,1,,,,,,,,,,,,,,,,,2,,6,11,,,,1,,,7,63
392781,"Volusia County, FL, USA","Florida, USA","United States",28.884976666667,-80.794266666667,land,inland,2026-02-20,"Canaveral national seashore",1,,1,5.51,0.01,0.00,,2,,1,1,3,,2,31,2,1,2,1,,,9,,20,6,,,,1,,,,7,,2,,,,3,,3,3,7,19,,,,,,,19,145
392786,"Yolo County, CA, USA","California, USA","United States",38.5449065,-121.7405167,land,inland,2026-02-20,"putah creek council",1,,1,2.13,0.00,0.00,,,3,,,1,,,,,,,,,1,1,,,,,,,1,,,,,,,,,,,,,,7,7,,,,,,,3,24
392802,"Brunswick County, NC, USA","North Carolina, USA","United States",33.969615041278,-78.414468728006,land,inland,2026-02-20,"GSS Terry",1,,1,0.04,0.41,0.00,,,,,1,,,,,,,,,,,1,,,,,,,,,,,,,,,,,,,,,,,,,,,,,,2
392803,"Miami-Dade County, FL, USA","Florida, USA","United States",25.610836900338,-80.308219126848,land,saltwater,2026-02-20,,1,,1,2.58,0.09,0.00,,1,7,,1,,,1,17,2,1,,,,1,3,,3,1,1,,,1,,,,,,,2,,,,1,1,1,1,1,,,,,,,20,67
392809,"Virginia Beach, VA, USA","Virginia, USA","United States",36.911692969404,-76.082661467073,land,saltwater,2026-02-20,,1,,1,0.64,0.00,0.00,,1,1,,,,,,,,,,,,,1,,,,1,,,,,,,,,,,,,,,3,,1,1,,,,,,,,9
392810,"Alameda County, CA, USA","California, USA","United States",37.761461795913,-122.26919316598,land,saltwater,2026-02-20,,1,,1,0.79,0.53,0.00,,,2,,4,1,3,,1,15,,,,1,,6,,1,1,,,,,,,,,,,,,,,,,1,1,4,,,,,,,13,54
392811,"Alameda County, CA, USA","California, USA","United States",37.49436527,-121.91817163,land,inland,2026-02-21,Monkeys,3,,3,8.38,0.00,0.00,,1,1,22,4,5,3,,,12,,,3,,,4,4,4,,,,,,,,,,2,,,,,,,,,,47,,,,,,,5,117
392813,"San Diego County, CA, USA","California, USA","United States",32.685063266863,-117.23461345148,land,saltwater,2026-02-20,"Laudato si",3,,3,124.74,0.80,0.00,,5,4,28,30,2,9,3,17,,2,1,2,,,8,2,4,8,2,2,,6,,3,5,6,4,,,,,4,,3,2,2,4,,,,,,,21,189
392832,"San Mateo County, CA, USA","California, USA","United States",37.64990190044,-122.49110444449,land,inland,2026-02-21,"Pacific Beach Coalition - Terri Brown",1,,1,3.51,0.42,0.00,,,3,,,,,1,,18,,,,,,,1,1,1,,,,1,,,,1,,,3,,,,,3,,,26,,,,1,,,,60
392833,"San Mateo County, CA, USA","California, USA","United States",37.647426562399,-122.48807205183,land,saltwater,2026-02-21,PBC,1,,1,1.42,1.38,0.00,,,1,,2,3,6,1,3,42,,4,2,,,14,5,5,1,,,,,,,,3,3,,,,,,1,,,4,6,,2,,7,,,6,121
392835,"Alameda County, CA, USA","California, USA","United States",37.6818688,-121.7684732,land,freshwater,2026-02-21,"Nair Sevice Society",6,,6,20.41,0.00,0.00,6,,,,,,,,,,,,,,,,,,,,,,,,,,,,,,,,,,,,,,,,,,,,,
392836,"Martin County, FL, USA","Florida, USA","United States",27.197011084485,-80.206533186487,watercraft,saltwater,2026-02-21,freesea,3,,3,0.01,0.06,0.00,,1,,,,,,,,,,,,,,,,,,,,,,,,,,,1,,,,,,,,,,,,,,,,,2
392837,"Rock Island County, IL, USA","Illinois, USA","United States",41.5067003,-90.5151342,land,freshwater,2026-02-21,"Dwayne Tank",1,,1,6.80,0.00,0.00,2,,,,,,,,,,,,,,,,,,,,,,,,,,,,,,,,,,,,,,,,,,,,,
392838,"Yolo County, CA, USA","California, USA","United States",38.5449065,-121.7405167,land,inland,2026-02-21,"putah creek council",1,,1,4.35,0.00,0.00,,,4,,,,,,1,3,,2,,,,20,,,2,,,,1,,,,,,,1,,,,,,,22,23,,,,,,,31,110
392839,"Maricopa County, AZ, USA","Arizona, USA","United States",33.548223088686,-111.64227671013,land,freshwater,2026-02-07,"OdySea Aquarium",6,,6,38.10,1.61,0.00,,4,,,56,34,,18,34,82,,,,5,,41,,1,5,134,,,,,,,,,,,,,,,3,,,300,,,,,,,,717
392840,"Alameda County, CA, USA","California, USA","United States",37.774111444416,-122.25800093199,land,saltwater,2026-02-21,,1,,1,3.95,3.70,0.00,,8,7,4,7,6,2,8,15,19,7,1,,,1,6,5,5,2,,,,,,1,2,,2,,1,,,,,15,4,5,12,,,,1,,,18,164
392841,"San Diego County, CA, USA","California, USA","United States",32.7494988,-117.2470353,land,saltwater,2026-02-22,,1,,1,7.71,0.00,0.00,3,,,,,,,,,,,,,,,,,,,,,,,,,,,,,,,,,,,,,,,,,,,,,
392844,"Pinellas County, FL, USA","Florida, USA","United States",27.685538811845,-82.737651475376,land,saltwater,2026-02-22,,1,,1,12.93,3.18,0.00,,,6,2,8,11,2,2,9,19,,2,7,,4,17,5,7,1,1,,,,,,,4,9,,3,,,2,1,1,26,13,49,,2,,,,,,213
392846,"Yolo County, CA, USA","California, USA","United States",38.5449065,-121.7405167,land,inland,2026-02-22,"putah creek council",1,,1,1.37,0.00,0.00,,,2,,,,1,,,2,,1,,,,3,1,1,,,,,,,,,,,,,,,,,,,11,11,,,,,,,19,52
392847,"Alameda County, CA, USA","California, USA","United States",37.694187716277,-121.78041795051,land,inland,2026-02-22,"Keira Q2 2nd",1,,1,0.77,0.80,0.00,,,,2,1,,,,1,,,10,4,,,3,2,,,,,,,,,,,,,,,1,,,,,,1,,,,,,,1,26
392848,"Pinellas County, FL, USA","Florida, USA","United States",27.73695419238,-82.753516283679,land,saltwater,2026-02-22,"Mom & Daughter",2,,2,0.09,0.07,0.00,,,,,1,,,,,,,,,,,,,,,,,,,,,,,,,,,,,,,,,1,,,,,,,125,127
392849,"Santa Clara County, CA, USA","California, USA","United States",37.303297383537,-121.88461448846,land,inland,2026-02-22,,1,,1,3.86,3.06,0.00,,13,14,2,16,7,3,4,18,,,6,6,9,11,85,4,,12,,,,,,,,,,,2,,,,,,2,,,,,,,,,,214
392850,"Alameda County, CA, USA","California, USA","United States",37.774147960701,-122.25806661042,land,saltwater,2026-02-22,,1,,1,5.62,2.57,0.00,,5,7,1,3,2,2,6,31,13,,,,,,4,8,4,2,1,,,2,,,2,,,,,,,,2,14,4,7,8,,,,2,,,16,146
392851,"Williamson County, TX, USA","Texas, USA","United States",30.6332618,-97.6779842,land,inland,2026-02-22,"Me, myself and I",1,,1,0.07,0.00,0.00,,,,,,,,,,,,,,,,,2,,,,,,,,,,,,,,,,,,,,,1,,,,,,,15,18
392852,"San Diego County, CA, USA","California, USA","United States",32.769403956971,-117.25304361172,land,saltwater,2026-02-23,"The A Team",2,,2,0.41,0.00,0.00,,,,,,2,17,,3,3,10,3,2,,,3,4,,3,,,,,,,,1,,,,,,,,,,,,,,,,,,,51
392853,"San Diego County, CA, USA","California, USA","United States",32.769870369567,-117.25257257819,land,saltwater,2026-02-23,"emma and celeste",2,,2,0.73,0.48,0.00,,,,,1,,,,5,1,,,,,1,10,3,3,4,,,,,,,,,,,1,,,,3,,,2,2,,,,,,,5,41
392854,"San Diego County, CA, USA","California, USA","United States",32.769391341165,-117.25300706003,land,saltwater,2026-02-23,,1,,1,0.91,0.00,0.00,1,,,,,,,,,,,,,,,,,,,,,,,,,,,,,,,,,,,,,,,,,,,,,
392857,"Alameda County, CA, USA","California, USA","United States",37.774175675405,-122.25806184442,land,inland,2026-02-23,,1,,1,1.59,2.57,0.00,,2,3,2,3,1,1,3,,9,1,2,,1,,8,5,1,1,,,,,,,1,1,,,1,,,,,8,,1,5,,,,2,,,2,64
392858,"San Mateo County, CA, USA","California, USA","United States",37.588546868103,-122.35785489258,land,saltwater,2026-02-22,"the trail group",4,,4,7.71,0.32,0.00,,14,8,6,7,12,,8,,17,,11,6,3,1,9,6,2,3,,,,,,,5,,,,,,,,,3,,,,,,,,,,7,128
392929,"Santa Barbara County, CA, USA","California, USA","United States",34.403760286743,-119.74362861492,land,saltwater,2026-02-23,"Washington Elementary",28,,28,1.36,0.00,0.00,,,5,,,1,,,1,5,,,1,,,,,,,1,,,,,,1,,,,1,,,,,,,4,4,,,,,,,6,30
392930,"San Mateo County, CA, USA","California, USA","United States",37.444044380825,-122.23105637582,land,saltwater,2026-02-23,"evan test",1,,1,0.05,0.04,0.00,,,,,,,,,,,,,,1,1,,,,,,,,,,,,,,,,,,,,,,,,,,,,,,,2
392931,"Broward County, FL, USA","Florida, USA","United States",25.995640689545,-80.126270448878,land,inland,2026-02-23,"Little Earth Hero",2,,2,0.83,0.17,0.00,,1,5,1,5,,,3,11,,1,,,,,10,,,1,,,,,,,,,,5,,1,,,,,1,,,,,,,,,23,68
392940,"Williamson County, TX, USA","Texas, USA","United States",30.6332618,-97.6779842,land,inland,2026-02-24,"Me, myself and I",1,,1,0.26,0.00,0.00,,,1,,,,,,1,,,1,,,,5,,,,,,,,,,,,,,,,,,,,,2,1,,,,,,,10,21
392973,"Erie County, NY, USA","New York, USA","United States",42.940143726949,-78.894957724624,land,inland,2026-02-24,"BNW-Believe in Black Rock -BNWaterkeeper",1,,1,11.18,0.29,0.00,,1,1,1,1,2,,,,,,,,,2,7,,1,7,,,,,1,,,1,,,2,,,1,,,,1,15,,,,,,,,44
392974,"Yolo County, CA, USA","California, USA","United States",38.5449065,-121.7405167,land,inland,2026-02-23,"putah creek council",1,,1,0.54,0.00,0.00,,,7,,,1,,,1,,,,,,,,,,,,,,,,,,,,,,,,,,,,6,2,,,,,,,2,19
392975,"Rockingham County, NH, USA","New Hampshire, USA","United States",42.9904268,-70.7603195,land,saltwater,2026-02-24,"School Group",1,,1,0.85,0.00,0.00,,2,2,2,1,2,,,,,,,,,11,,,,,,,,,,,,,,,,,,,,,,,,,,,,,,,20
392976,"Rockingham County, NH, USA","New Hampshire, USA","United States",42.9904268,-70.7603195,land,saltwater,2026-02-24,"School Group",1,,1,0.05,0.00,0.00,,7,,,,,,,,,,,,,,,,,,,,,,,,,,,,,,,,,,,,,,,,,,,,7
392977,"Broward County, FL, USA","Florida, USA","United States",25.991870844343,-80.127262115806,land,inland,2026-02-24,"Little Earth Hero",2,,2,0.55,0.43,0.00,,11,,,6,8,,1,2,5,,,4,,,10,,,,,,,,,,,,,,,,,,,,,,,,,,3,,,9,59
392978,"San Mateo County, CA, USA","California, USA","United States",37.650299496017,-122.49102825299,land,inland,2026-02-24,"Pacific Beach Coalition - Terri Brown",1,,1,13.76,0.31,0.00,,2,3,4,5,5,,6,4,286,,,4,,6,6,6,5,2,,,,4,,,,,2,1,6,,,,1,10,6,1,77,,6,,1,,,38,497
392981,"Williamson County, TX, USA","Texas, USA","United States",30.6332618,-97.6779842,land,inland,2026-02-25,"Me, myself and I",1,,1,0.31,0.00,0.00,,,,,,,,,1,,,,,,,1,,,,,,,,,,,,,,,,,,,,1,,1,,,,,,,7,11
393054,"Martin County, FL, USA","Florida, USA","United States",27.214505785742,-80.174427214017,land,saltwater,2026-02-25,"Martin County ICC 2025",1003,,1003,337.34,46.80,0.00,,96,54,13,78,46,,23,142,207,129,187,333,227,138,467,106,43,207,116,21,,,,28,98,47,,34,52,76,14,7,36,,27,78,38,7,6,3,4,,12,2928,6128
393055,"Galveston County, TX, USA","Texas, USA","United States",29.301638333333,-94.784868333333,land,saltwater,2026-02-25,"The Blue Herron",16,,16,124.15,0.40,0.00,,16,,76,1110,982,,11,11,21,2,,11,8,,11,2,5,5,11,2,,31,2,,,11,2,,2,1,,4,,5,1,5,,,,1,2,,,,2351
393096,"Miami-Dade County, FL, USA","Florida, USA","United States",25.714701142593,-80.150456464945,land,saltwater,2026-02-25,"Antonio Tabet Insana",1,,1,14.92,0.00,0.00,,47,28,11,30,17,18,21,24,26,18,20,26,20,14,20,23,27,27,,,,,,12,16,7,,6,19,4,,3,8,1,5,10,10,,,4,,,,81,603
393107,"Miami-Dade County, FL, USA","Florida, USA","United States",25.713804068615,-80.152470609858,land,saltwater,2026-02-25,"Antonio Tabet Insana",1,,1,0.74,0.07,0.00,,8,8,,2,2,5,1,2,4,4,,2,3,,4,,2,1,,,,,,,,,,,2,,,,,,,,,,,,,,,24,74
393116,"Williamson County, TX, USA","Texas, USA","United States",30.6332618,-97.6779842,land,inland,2026-02-26,"Me, myself and I",1,,1,0.24,0.00,0.00,,,,,,,,,2,,,,,,,1,,,,,,,,,,,,,,,,,,,,,3,1,,,,,,,6,13
393122,"Pinellas County, FL, USA","Florida, USA","United States",27.88077752,-82.64595007,land,inland,2026-02-22,,4,,4,3.63,0.00,0.00,4,,,,,,,,,,,,,,,,,,,,,,,,,,,,,,,,,,,,,,,,,,,,,
393151,"Kings County, Brooklyn, NY, USA","New York, USA","United States",40.649667275069,-73.974165708938,land,inland,2026-02-26,,1,,1,0.48,0.00,0.00,,,,,,1,1,,1,,,,,,,,,,,1,,,,,,,,,,,,,,,,,,,,,,,,,,4
393152,"Kings County, Brooklyn, NY, USA","New York, USA","United States",40.649667275073,-73.97416570894,land,inland,2026-02-26,,1,,1,0.05,0.00,0.00,,,,,,,,,,,,,,1,,2,,1,,,,,,,,,,,,,,,,,,,,,,,,,,,,4
393154,"Kings County, Brooklyn, NY, USA","New York, USA","United States",40.649667275069,-73.974165708938,land,inland,2026-02-26,,1,,1,0.03,0.00,0.00,,,,,,,,,,,,,,,1,,1,1,,,,,,,,,,,,,,,,,,,,,,,,,,,,3
393155,"Kings County, Brooklyn, NY, USA","New York, USA","United States",40.649667275069,-73.974165708938,land,freshwater,2026-02-26,test,1,,1,0.04,0.00,0.00,,,,,1,1,1,,,1,,,,,,,,,,,,,,,,,,,,,,,,,,,,,,,,,,,,4
393156,"Kings County, Brooklyn, NY, USA","New York, USA","United States",40.649667275069,-73.974165708938,land,inland,2026-02-26,test,1,,1,0.03,0.00,0.00,,,,,1,,1,,,,,,,,,,,,,,,,,,,,,,,,,,,,,,,,,,,,,,,2
393161,"Charleston County, SC, USA","South Carolina, USA","United States",32.640845536598,-79.968322841379,land,saltwater,2026-02-26,,1,,1,1.16,3.30,0.00,,1,1,1,,1,1,,6,1,,,,,,2,1,,1,,,,,,,,,,,,,,1,,,1,4,3,,,,,,,10,35
393162,"Miami-Dade County, FL, USA","Florida, USA","United States",25.706197442826,-80.155790234589,land,saltwater,2026-02-26,"mini sessions",5,,5,11.57,3.70,0.00,,14,4,2,8,10,2,32,27,2,5,19,18,4,7,65,,7,14,,,,2,,,,,,9,1,,,,7,,2,2,85,,,,2,,,2,352
393163,"Volusia County, FL, USA","Florida, USA","United States",28.936306666667,-80.829173333333,land,inland,2026-02-26,"Canaveral national seashore",1,,1,5.22,10.62,0.00,,1,2,3,,3,,,16,,1,,1,,,7,,15,,,1,,2,,,,,1,2,,,,,,3,3,6,4,,1,,,,,10,82
393164,"Hillsborough County, NH, USA","New Hampshire, USA","United States",42.7574953,-71.4654961,land,saltwater,2026-02-26,"School Group",1,,1,0.01,0.00,0.00,,2,,,,,,,,,,,,,,,,,,,,,,,,,,,,,,,,,,,,,,,,,,,,2
393166,"Miami-Dade County, FL, USA","Florida, USA","United States",25.725701150461,-80.151819927853,land,saltwater,2026-02-26,"Antonio Tabet Insana",1,,1,8.59,5.37,0.00,,27,7,11,16,15,6,,8,12,6,10,6,7,4,13,10,6,6,,,,2,,3,2,1,,,9,1,2,,1,,,3,2,,,,,,,22,218
393167,"San Diego County, CA, USA","California, USA","United States",32.683083730254,-117.23732142413,land,saltwater,2026-02-26,"Laudato si",1,,1,6.80,0.19,0.00,,,,,,,,,,,,,,,,,,,,,,1,1,,,,,,,,,,,,,,,,,,,,,,,2
393171,"Erie County, NY, USA","New York, USA","United States",42.719027079609,-78.841826929672,land,inland,2026-02-25,"BNW Kat cleans",1,,1,1.68,0.00,0.00,,1,,2,7,10,,4,2,13,,,,1,2,3,1,2,3,,,,,,1,,,,,,,,,1,1,,3,8,,,,1,,,3,69
393178,"Miami-Dade County, FL, USA","Florida, USA","United States",25.715434083123,-80.151173893603,land,saltwater,2026-02-26,"Antonio Tabet Insana",1,,1,7.71,0.16,0.00,,15,8,5,18,14,2,11,3,13,10,7,4,11,,8,10,9,7,6,,,,,6,4,,1,1,,2,7,,,6,3,5,8,,,1,,,,28,233
393227,"St. Johns County, FL, USA","Florida, USA","United States",30.117000512297,-81.345055555723,land,saltwater,2026-01-24,,1,,1,6.80,3.22,0.00,19,,,,6,5,,6,12,14,,,,,,2,,16,,,,,,,,6,,3,2,2,2,,,,,,5,,,,,,,,13,94
393228,"Miami-Dade County, FL, USA","Florida, USA","United States",25.774848663562,-80.408266840285,land,inland,2026-02-27,,1,,1,0.09,1.18,0.00,,1,,,1,1,,,,,,,,,,3,,,,,,,,,,,,,,,,,,,,,,,,,,,,,,6
393229,"Miami-Dade County, FL, USA","Florida, USA","United States",25.774851427235,-80.408267936004,land,inland,2026-02-26,,1,,1,0.45,0.00,0.00,1,,,,,,,,,,,,,,,,,,,,,,,,,,,,,,,,,,,,,,,,,,,,,
393233,"San Mateo County, CA, USA","California, USA","United States",37.5027185,-122.4694214,land,saltwater,2026-02-26,,1,,1,0.91,0.00,0.00,1,,,,,,,,,,,,,,,,,,,,,,,,,,,,,,,,,,,,,,,,,,,,,
393238,"Santa Barbara County, CA, USA","California, USA","United States",34.403579360506,-119.74341242826,land,saltwater,2026-02-27,"Santa Ynez, 4/5, 2/27",38,,38,0.91,0.00,0.00,,,,1,4,2,,,1,3,,,,,,7,,,,,,,,,,,,,,1,1,,,10,,1,,,,,,,,,40,71
393239,"Yolo County, CA, USA","California, USA","United States",38.5449065,-121.7405167,land,inland,2026-02-26,"putah creek council",1,,1,0.71,0.00,0.00,,,2,,,1,,,,2,,,,,,3,,,,,,,,,,,,,,,,,,,,,7,4,,,,,,,7,26
393267,"Miami-Dade County, FL, USA","Florida, USA","United States",25.733502943394,-80.162809107465,land,saltwater,2026-02-27,"Antonio Tabet Insana",1,,1,3.05,6.38,0.00,,13,13,4,5,7,5,11,8,8,12,7,5,4,,5,3,2,,,,,,,2,,,,,1,2,3,,,,4,,,,,,,,,38,162
393273,"Erie County, NY, USA","New York, USA","United States",42.729888013624,-78.845996097416,land,inland,2026-02-27,"BNW Kat cleans",1,,1,3.04,0.00,0.00,,3,,6,4,6,,3,,4,,,3,,1,2,2,1,1,,,,,,1,1,1,,,,1,,,,1,,4,15,,,,,,,,60
393278,"Monterey County, CA, USA","California, USA","United States",36.611565616769,-121.8576395575,land,saltwater,2026-02-27,"Snowy Plover Guardian Program",1,,1,0.95,0.80,0.00,,,1,,1,,,1,2,5,,,,,,3,3,2,1,1,,,,,2,,,1,,1,,,,,,,5,,,,,,,,10,39
393309,"Honolulu County, HI, USA","Hawaii, USA","United States",21.4389123,-158.0000565,watercraft,saltwater,2026-01-02,CMDR,6,,6,7.71,0.00,0.00,2,,,,,,,,,,,,,,,,,,,,,,,,,,,,,,,,,,,,,,,,,,,,,
393310,"Honolulu County, HI, USA","Hawaii, USA","United States",21.4389123,-158.0000565,watercraft,saltwater,2026-02-04,CMDR,6,,6,186.88,0.00,0.00,2,,,,,,,,,,,,,,,,,,,,,,,,,,,,,,,,,,,,,,,,,,,,,
393311,"Honolulu County, HI, USA","Hawaii, USA","United States",21.4389123,-158.0000565,watercraft,saltwater,2026-02-12,CMDR,6,,6,99.11,0.00,0.00,3,,,,,,,,,,,,,,,,,,,,,,,,,,,,,,,,,,,,,,,,,,,,,
393312,"Honolulu County, HI, USA","Hawaii, USA","United States",21.4389123,-158.0000565,watercraft,saltwater,2026-02-09,CMDR,6,,6,248.57,0.00,0.00,7,,,,,,,,,,,,,,,,,,,,,,,,,,,,,,,,,,,,,,,,,,,,,
393361,"Orange County, CA, USA","California, USA","United States",33.670960776819,-117.9076784264,land,saltwater,2026-02-24,"NEHS | Costa Mesa High School",1,,1,0.06,0.04,0.00,,1,2,,,1,,2,3,1,,1,,,,,,,,,,,,,,,,,,,,,,,,,,,,,,,,,,11
393379,"Alameda County, CA, USA","California, USA","United States",37.49455415,-121.91814594,land,inland,2026-02-28,Monkeys,1,,1,2.10,0.01,0.00,,,2,5,1,1,,,,14,,,,,,5,4,,,,,,,,,15,2,4,,,,,,,,,,,,,,,,,,53
393389,"Santa Cruz County, CA, USA","California, USA","United States",36.95794429649,-121.8869369129,land,saltwater,2026-02-28,"sheri and steve",2,,2,0.91,0.00,0.00,1,,,,,,,,,,,,,,,,,,,,,,,,,,,,,,,,,,,,,,,,,,,,,
393436,"Niagara County, NY, USA","New York, USA","United States",43.09739344939,-78.926409020965,land,inland,2026-02-28,Jim,1,,1,0.31,0.00,0.00,,,,,2,,,,,48,2,,,,1,5,3,,,,,,,,,,,,,,,,,,2,,,2,,,,,,,,65
393437,"Hillsborough County, FL, USA","Florida, USA","United States",28.089763567856,-82.353411263762,land,inland,2026-02-28,"Mom & Daughter",2,,2,0.65,1.97,0.00,,2,,,4,4,1,,,,1,,,1,,6,2,,,,,,,,,1,,1,,,,,,,,,,5,,,,,,,37,65
393444,"San Mateo County, CA, USA","California, USA","United States",37.482919466893,-122.4520739298,land,saltwater,2026-02-28,"Sea Hugger",2,,2,4.46,0.00,0.00,,,,,2,,,,5,9,,,1,1,,7,,1,,1,4,,1,,,4,1,,,,,,,,1,,1,,,,,,,,321,360
393445,"Virginia Beach, VA, USA","Virginia, USA","United States",36.911533469316,-76.083080914752,land,saltwater,2026-02-28,,1,,1,1.81,0.16,0.00,,,1,,,,,,2,,,,,,,,,,,4,,,1,,,,,2,,,,,,,,,8,6,,,,,,,5,29
393447,"Los Angeles County, CA, USA","California, USA","United States",34.009653800167,-118.49741483107,land,inland,2026-02-28,elocc,6,,6,1.96,0.44,0.00,,2,1,2,1,,,1,1,10,4,3,,1,,3,,4,,,,,,,,,2,,,4,1,,,1,1,1,,3,,,,4,,,26,76
393448,"Los Angeles County, CA, USA","California, USA","United States",34.009773348974,-118.49734987893,land,inland,2026-02-28,Elocc,7,,7,5.65,0.01,0.00,,2,,5,2,3,,6,5,1,,1,,3,2,,4,6,8,1,,,2,,2,,1,,1,2,1,,2,2,3,,,5,,,,1,,1,,72
393449,"Los Angeles County, CA, USA","California, USA","United States",34.009924873782,-118.49742187792,land,inland,2026-02-28,Elocc,7,,7,1.14,0.00,0.00,,1,1,1,2,,,,,7,1,,2,,,,,,4,,,,,,,,,,3,3,1,,,,5,,,,,,1,,,,15,47
393450,"Los Angeles County, CA, USA","California, USA","United States",34.00964284,-118.49741971,land,saltwater,2026-02-28,elocc,7,,7,2.43,0.74,0.00,,,1,1,6,6,,4,19,3,1,1,1,,,4,11,9,,,,,,,,1,1,3,,3,,,1,2,,,5,10,,,,,1,,14,108
393451,"San Mateo County, CA, USA","California, USA","United States",37.648319019936,-122.487156149,land,inland,2026-02-28,"Pacific Beach Coalition - Terri Brown",1,,1,11.00,0.02,0.00,,1,3,2,3,4,,4,3,152,,3,4,,3,4,2,2,4,,,,2,,,,2,,,5,,5,1,1,4,5,,75,,4,1,2,,,85,386
393452,"Los Angeles County, CA, USA","California, USA","United States",34.009757473687,-118.49735655689,land,inland,2026-02-28,"east los angeles",7,,7,10.89,0.03,0.00,,,,,,,,,,,,,,,,,,,,,,,1,1,,,1,,,1,2,,,2,1,1,,,,,,,,,,10
393472,"San Mateo County, CA, USA","California, USA","United States",37.5027185,-122.4694214,land,saltwater,2026-03-01,,1,,1,0.91,0.00,0.00,1,,,,,,,,,,,,,,,,,,,,,,,,,,,,,,,,,,,,,,,,,,,,,
393477,"Ventura County, CA, USA","California, USA","United States",34.183536001771,-119.2267384947,land,saltwater,2026-03-01,"Alexa Villanova hours",1,,1,3.75,0.07,0.00,,19,5,3,6,1,1,5,4,2,2,3,,2,1,5,2,2,4,,,,,,1,3,6,,,,,,,,2,4,2,10,,1,,2,,,12,110
393484,"San Diego County, CA, USA","California, USA","United States",32.752654149694,-117.25208927003,land,saltwater,2026-03-01,,2,,2,2.23,13.11,0.00,,,3,1,3,,,1,4,1,1,1,1,,,10,,,,,,,,,,,,,,6,,,,,,,13,2,,,,,,,,47
393522,"Greater Bridgeport Planning Region, CT, USA","Connecticut, USA","United States",41.2633462215,-73.203503617881,land,inland,2026-03-01,"Trumbull cleanup",1,,1,1.18,0.07,0.00,,,4,1,2,4,,,,,,6,,,,3,4,1,,,,,,,,,,,1,,,,,,2,,5,6,,,,1,,,5,45
393524,"Williamson County, TX, USA","Texas, USA","United States",30.6332618,-97.6779842,land,inland,2026-03-01,"Me, myself and I",1,,1,0.12,0.00,0.00,,,,,2,,,,,,,,,,,1,,1,,,,,,,,,,,,,,,,,,,,1,,,,,,,3,8
393525,"Miami-Dade County, FL, USA","Florida, USA","United States",25.738151725316,-80.308493734468,land,inland,2026-03-01,,3,,3,1.69,0.19,0.00,,,,,1,,,25,36,,,1,,,,,,6,1,,,,,,,,1,1,19,,,,,,2,,16,7,,,,,,,9,125
393527,"Ventura County, CA, USA","California, USA","United States",34.40995583,-118.79429112,land,inland,2026-01-10,"Hill People",1,,1,1.81,0.00,0.00,2,,,,,,,,,,,,,,,,,,,,,,,,,,,,,,,,,,,,,,,,,,,,,
393528,"Ventura County, CA, USA","California, USA","United States",34.40991513,-118.79398108,land,inland,2026-03-01,"Hill People",1,,1,4.46,0.02,0.00,,2,18,,6,3,1,2,5,16,1,2,5,1,2,61,5,11,4,,,,,,,10,,2,2,,1,,,4,3,,11,28,1,,,3,,,38,248
393529,"San Mateo County, CA, USA","California, USA","United States",37.699768593847,-122.49554184048,land,saltwater,2026-03-01,"Aapi group",5,,5,2.19,1.09,0.00,,,2,2,,,,2,2,11,,,,,,,1,1,,,,,,,,,,,,,,,,,,,30,1,,,,,,,1,53
393530,"San Mateo County, CA, USA","California, USA","United States",37.699631103028,-122.49683989094,land,saltwater,2026-03-01,AAPI,5,,5,4.08,8.05,0.00,,,15,2,1,,3,,8,,3,,,1,,,5,3,,3,1,,1,,,,,,,1,,,,,,,,1,,,,1,,,,49
393531,"San Mateo County, CA, USA","California, USA","United States",37.698066868237,-122.49616424683,land,saltwater,2026-03-01,,1,,1,5.10,0.13,0.00,,,1,1,,4,,,3,,,2,4,1,,1,,,1,1,,,2,,,,,2,,,,,,,,4,,14,,,,,,,4,45
393532,"San Mateo County, CA, USA","California, USA","United States",37.700095111552,-122.49597874303,land,saltwater,2026-03-01,AAPI,5,,5,4.86,2.23,0.00,,4,5,,,5,7,1,15,,,,7,,1,4,3,1,2,,2,,2,,,4,,1,,,,,,2,,,12,,,,,,,,43,121
393533,"San Mateo County, CA, USA","California, USA","United States",37.700261176035,-122.4960241807,land,saltwater,2026-03-01,"AAPI group",5,,5,5.13,4.83,0.00,,4,,4,,6,2,3,2,10,6,4,3,,,5,4,2,,,6,,,,1,3,,4,,,,,1,4,,,,,,,,,,,,74
393534,"San Mateo County, CA, USA","California, USA","United States",37.698085461843,-122.49612969589,land,saltwater,2026-03-01,"Asian American Pacific Islander Club",6,,6,4.04,3.54,0.00,,,1,1,2,3,,1,15,,,,1,,4,27,3,1,,2,,,,,,,,,2,,,,,1,,,40,1,,,,1,,,2,108
393535,"San Francisco County, San Francisco, CA, USA","California, USA","United States",37.804722814395,-122.46730352796,land,inland,2026-03-01,"C Squad",2,,2,2.27,0.80,0.00,,,,,2,1,,,9,30,,1,,,,1,1,11,1,4,11,,,,,,,,,1,,,,,6,,11,,,,,,2,,200,292
393536,"Scott County, IA, USA","Iowa, USA","United States",41.526955344757,-90.51656690275,land,freshwater,2026-03-01,"Dwayne Tank",1,,1,34.02,0.00,0.00,5,,,,,,,,,,,,,,,,,,,,,,,,,,,,,,,,,,,,,,,,,,,,,
393538,"Orange County, CA, USA","California, USA","United States",33.73906153,-118.10819491,land,saltwater,2026-03-01,"Tree Huggers",18,,18,372.58,16.09,0.00,,52,52,19,52,19,8,49,64,21,35,18,23,24,22,23,28,28,12,4,13,5,12,3,3,43,10,12,14,12,10,4,15,19,12,27,48,30,4,1,8,11,12,1,38,920
393539,"Pinellas County, FL, USA","Florida, USA","United States",27.684179732494,-82.737828753989,land,saltwater,2026-02-26,,1,,1,3.66,3.16,0.00,,,2,,3,6,,,2,10,,,1,,,5,2,2,2,,,,,,,,,3,,1,,,,,,5,8,26,,1,,,,,,79
393540,"San Mateo County, CA, USA","California, USA","United States",37.47984808,-122.45003837,land,inland,2026-03-02,"The pierres",2,,2,0.79,0.01,0.00,,3,3,,3,1,,2,3,26,,,,1,1,,2,,1,,,,,,,,,1,,,,,,,1,2,2,,,,,,,,30,82
393541,"Mendocino County, CA, USA","California, USA","United States",39.4884502,-123.7878557,land,inland,2026-03-02,"Noyo Center for Marine Science",2,,2,0.91,0.00,0.00,1,,,,,,,,,,,,,,,,,,,,,,,,,,,,,,,,,,,,,,,,,,,,,
393543,"San Francisco County, San Francisco, CA, USA","California, USA","United States",37.712208861145,-122.43404634336,land,inland,2026-03-02,"pasific beach coalation",1,,1,0.64,0.00,0.00,,2,2,,,,,,,,2,2,,,,,,,,,1,,,,,,,,,,,,,,,,,,,,,,,,,9
393544,"Brazoria County, TX, USA","Texas, USA","United States",28.926598128983,-95.313294872836,land,saltwater,2026-03-02,"Team Q",20,,20,116.48,3.70,0.00,,148,24,46,191,129,2,7,164,18,20,7,5,18,12,86,34,26,6,83,1,,7,1,5,,2,3,26,13,,,9,,10,15,169,351,,2,2,1,1,,5,1649
393948,"San Diego County, CA, USA","California, USA","United States",32.7494988,-117.2470353,land,saltwater,2026-03-02,,1,,1,2.69,0.00,0.00,,5,2,,6,2,,2,,,,,1,1,3,4,6,,,,,,,,,2,,,,,,,7,,,,3,9,,,,,,,,53
393949,"Erie County, NY, USA","New York, USA","United States",42.717617802926,-78.842183891561,land,inland,2026-03-02,"BNW Kat cleans",1,,1,0.86,0.32,0.00,,1,,,4,9,,2,2,,,,,,5,1,1,1,,,,,,,2,,,,,,,1,,,2,,2,4,,,,,,,,37
393951,"Hillsborough County, FL, USA","Florida, USA","United States",27.849622367455,-82.553657720981,land,saltwater,2026-02-21,"The Florida Aquarium",5,13,18,8.62,1.61,0.00,3,26,13,,19,6,,10,29,21,10,18,8,4,10,48,7,23,13,,,,1,,,4,1,,11,1,,,,3,6,6,78,66,,11,,,,,42,495
393952,"San Mateo County, CA, USA","California, USA","United States",37.49738418,-122.36060893,land,inland,2026-03-02,"The pierres",2,,2,3.90,8.20,0.00,,,5,2,2,7,2,2,5,33,,,,1,,11,,1,3,1,,,1,,,,,3,,6,,,,,,2,,,,3,,,,,62,152
393953,"San Diego County, CA, USA","California, USA","United States",32.640862210529,-117.06055924642,land,saltwater,2026-03-02,"Laudato si",1,,1,0.23,0.00,0.00,,,,,,,,,,,,,,,,,,,,,,,,,,,,,,,,,,,,,,,,,,,,,,
393954,"San Diego County, CA, USA","California, USA","United States",32.682452807045,-117.23875599551,land,saltwater,2026-03-02,"Laudato si",1,,1,3.63,0.16,0.00,,,,,,,,,,,,,,,,,,,,,,,2,,,1,5,1,,,,,,,,,1,,,,,,,,,10
393962,"Erie County, NY, USA","New York, USA","United States",42.865690807812,-78.691986585036,land,inland,2026-03-03,,2,,2,0.22,0.15,0.00,,,2,,2,1,,,,40,,1,,,,6,1,4,4,,,,,,,,,,,,,,,,,,,,,,,6,,,,67
393963,"Williamson County, TX, USA","Texas, USA","United States",30.6332618,-97.6779842,land,inland,2026-03-03,"Me, myself and I",1,,1,0.06,0.00,0.00,,,,,2,,,,,,,,1,,,,,,,,,,,,,,,,,,,,,,,,,,,,,,,,,3
393966,"Honolulu County, HI, USA","Hawaii, USA","United States",21.44547270754,-157.73721153074,land,saltwater,2026-03-03,,1,,1,6.79,0.89,0.00,,1,3,,2,,,,15,,,1,1,1,2,4,,,,11,,,,,,1,,,,,,,,,,1,21,2,,,,,,,235,301
393972,"St. Johns County, FL, USA","Florida, USA","United States",30.075234291335,-81.334963845828,land,saltwater,2026-02-28,,25,,25,9.07,1.61,0.00,2,8,3,,17,3,,8,22,14,,,10,3,6,27,3,8,2,3,12,,,,1,,,3,3,14,,,7,,,12,,,,,,,,,22,211
393988,"Alameda County, CA, USA","California, USA","United States",37.665929440409,-121.78169175982,land,freshwater,2026-03-01,FOTA,1,,1,5.44,1.61,0.00,,4,2,2,1,1,,4,,,,,1,,2,,,,1,,,,,,,,3,,,2,,,2,,,,4,,,,,,,,,29
394028,"Alameda County, CA, USA","California, USA","United States",37.677191742696,-121.78689683788,land,freshwater,2026-03-03,"FOTA  6",1,,1,3.76,0.32,0.00,,4,3,,1,4,,,,,,1,2,,4,,,1,,,,,,,,,3,,,3,,4,1,,,,,,,,,,,,,31
394115,"Honolulu County, HI, USA","Hawaii, USA","United States",21.4389123,-158.0000565,underwater,saltwater,2026-01-10,CMDR,2,,2,54.88,0.00,0.00,4,,,,,,,,,,,,,,,,,,,,,,,,,,,,,,,,,,,,,,,,,,,,,
394116,"Honolulu County, HI, USA","Hawaii, USA","United States",21.4389123,-158.0000565,underwater,saltwater,2026-01-10,CMDR,2,,2,36.74,0.00,0.00,8,,,,,,,,,,,,,,,,,,,,,,,,,,,,,,,,,,,,,,,,,,,,,
394118,"Honolulu County, HI, USA","Hawaii, USA","United States",21.4389123,-158.0000565,land,saltwater,2026-01-12,CMDR,1,,1,27.22,0.00,0.00,4,,,,,,,,,,,,,,,,,,,,,,,,,,,,,,,,,,,,,,,,,,,,,
394119,"Honolulu County, HI, USA","Hawaii, USA","United States",21.4389123,-158.0000565,land,saltwater,2026-01-12,CMDR,1,,1,184.16,0.00,0.00,4,,,,,,,,,,,,,,,,,,,,,,,,,,,,,,,,,,,,,,,,,,,,,
394120,"Honolulu County, HI, USA","Hawaii, USA","United States",21.4389123,-158.0000565,land,saltwater,2026-01-17,CMDR,2,,2,128.82,0.00,0.00,4,,,,,,,,,,,,,,,,,,,,,,,,,,,,,,,,,,,,,,,,,,,,,
394123,"Monterey County, CA, USA","California, USA","United States",36.611484892828,-121.85776025641,land,saltwater,2026-03-03,"Snowy Plover Guardians",1,,1,0.18,0.80,0.00,,,,,1,1,,,2,5,,,,,,3,2,,,,,,,,,,,,,,,,,,,,2,,,,,,,,6,22
394124,"Yolo County, CA, USA","California, USA","United States",38.5449065,-121.7405167,land,inland,2026-03-03,"putah creek council",1,,1,1.89,0.00,0.00,,,2,,,,,,,3,,,,,,2,,,,,,,,,,,,,,,,,,,,,21,11,,,,,,,9,48
394129,"Pinellas County, FL, USA","Florida, USA","United States",27.73031114,-82.74709456,land,saltwater,2026-03-03,"Coral Reef pickup",2,,2,4.79,0.15,0.00,,2,10,12,6,6,4,4,7,3,,,,,,5,4,5,3,,,,,,5,2,,13,,,,,2,,,3,,5,,,,,,,27,128
394130,"Honolulu County, HI, USA","Hawaii, USA","United States",21.4389123,-158.0000565,land,saltwater,2026-02-26,CMDR,1,,1,138.80,0.00,0.00,23,,,,,,,,,,,,,,,,,,,,,,,,,,,,,,,,,,,,,,,,,,,,,
394131,"Honolulu County, HI, USA","Hawaii, USA","United States",21.4389123,-158.0000565,watercraft,saltwater,2026-02-09,CMDR,6,,6,76.61,0.40,0.00,1,,,,,,,,,,,,,,,,,,,,,,,,,,,,,,,,,,,,,,,,,,,,,
394132,"Honolulu County, HI, USA","Hawaii, USA","United States",21.4389123,-158.0000565,watercraft,saltwater,2026-02-06,CMDR,6,,6,288.03,0.40,0.00,4,,,,,,,,,,,,,,,,,,,,,,,,,,,,,,,,,,,,,,,,,,,,,
394141,"Pinellas County, FL, USA","Florida, USA","United States",27.684064259261,-82.737698626207,land,saltwater,2026-03-04,,1,,1,7.52,0.49,0.00,,,2,,1,7,1,1,11,25,,2,,,,8,1,9,2,6,,,1,,,,2,6,,,,,,,,1,6,39,,1,,,,,1,133
394142,"Loudoun County, VA, USA","Virginia, USA","United States",38.903542398917,-77.502493905394,land,freshwater,2026-03-04,perry,2,,2,0.29,0.00,0.00,,1,1,1,1,1,1,,1,1,,,,,,,,,,,,,,,,,,,,,,,,,,,,,,,,,,,,8
394143,"Loudoun County, VA, USA","Virginia, USA","United States",38.9035424178,-77.502494034695,land,freshwater,2026-03-04,test,2,,2,0.31,0.00,0.00,,1,1,1,1,2,1,,,,,,,,,,,,,,,,,,,,,,,,,,,,,,,,,,,,,,,7
394144,"San Diego County, CA, USA","California, USA","United States",32.683244945454,-117.23701710803,land,saltwater,2026-03-04,"Laudato si",1,,1,3.18,0.16,0.00,,,,,,,,,,,,,,,,,,,,,,,,,,,,,,,,,,,,,,1,,,,,,,,1
394146,"Charleston County, SC, USA","South Carolina, USA","United States",32.685793752093,-79.886650426155,land,saltwater,2026-03-04,,1,,1,0.57,8.34,0.00,,,1,,2,1,,,2,,,1,1,,,3,,,,,,,,,,,,,,,,,,,3,1,3,,,,,,,,14,32
394261,"Middlesex County, MA, USA","Massachusetts, USA","United States",42.51557194,-71.07852814,land,saltwater,2026-01-09,CZM-,1,,1,6.80,0.40,0.00,1,,,,,,,,,,,,,,,,,,,,,,,,,,,,,,,,,,,,,,,,,,,,,
394262,"Erie County, NY, USA","New York, USA","United States",42.682700333045,-78.85652514934,land,inland,2026-03-04,"BNW Kat cleans",1,,1,2.22,0.00,0.00,,,2,2,3,7,2,3,3,16,5,6,2,1,1,1,1,2,2,,1,,,,,,,,,,,,,,2,,,11,1,1,,1,,,6,82
394263,"San Mateo County, CA, USA","California, USA","United States",37.644256311469,-122.49146109447,land,inland,2026-03-04,"Pacific Beach Coalition - Terri Brown",1,,1,4.33,1.40,0.00,,1,2,1,2,2,,,,32,,,1,,3,5,7,5,1,,,,,,,,,1,,1,,2,,1,3,1,,51,,3,,1,,,7,133
394264,"Palm Beach County, FL, USA","Florida, USA","United States",26.371860912482,-80.093077662423,land,inland,2026-03-04,"Bocasob- Dmoon",1,,1,1.49,3.82,0.00,,2,2,2,7,3,2,2,1,2,,11,2,1,3,16,2,3,,,,,,,,,,,,2,1,,,,1,,,,,,,1,,,1,67
394493,"Honolulu County, HI, USA","Hawaii, USA","United States",21.444920664669,-157.73835885876,land,saltwater,2026-03-05,,1,,1,9.84,1.05,0.00,,,1,,,,,,11,,1,,,,2,3,,,1,13,,,1,,,,,,,,,,,,,3,35,,,,,,,,204,275
394504,"Fairfax County, VA, USA","Virginia, USA","United States",38.885334054883,-77.278588373445,land,inland,2026-03-05,RBH,1,,1,0.64,3.22,0.00,,1,,,4,4,3,,12,2,,,,,,29,3,6,,,,,,,,,,1,,2,,,,,,2,18,14,,,,,,,,101
394505,"Miami-Dade County, FL, USA","Florida, USA","United States",25.75084928,-80.14605067,land,saltwater,2026-03-05,MUVE,1,,1,5.42,0.14,0.00,,5,9,2,3,,,2,31,,1,,6,2,,31,2,3,1,4,,,1,,,,2,1,1,,,,,,,1,12,,,,,,,,57,177
394506,"Miami-Dade County, FL, USA","Florida, USA","United States",25.755620685733,-80.141856565321,land,saltwater,2026-03-05,MUVE,4,,4,0.45,0.97,0.00,,2,15,,5,2,,,55,,,,5,,,17,,1,2,5,1,,,,,16,1,1,1,,2,,,,,,13,9,,,,,,,88,241
394507,"Erie County, NY, USA","New York, USA","United States",42.729884474527,-78.845992850003,land,inland,2026-03-05,"BNW Kat cleans",1,,1,1.22,0.00,0.00,,,,1,4,3,,1,,,,,,1,,,2,1,,,,,,,,,,,,,,,,,1,,3,10,,,,,,,,27
394508,"Volusia County, FL, USA","Florida, USA","United States",28.936196666667,-80.829266666667,land,inland,2026-03-05,"Canaveral national seashore",1,,1,5.79,0.02,0.00,,,4,2,5,2,,1,14,4,4,,2,,2,6,2,8,1,,3,,1,,,6,1,,22,,,,,5,2,2,15,1,,,,,,,10,125
394509,"Hennepin County, MN, USA","Minnesota, USA","United States",44.900552720761,-93.207855030667,land,inland,2026-03-05,"GSS Em Soejoto",1,,1,3.04,3.70,0.00,,1,2,,2,7,,,1,19,,,,2,,17,,,,,,,2,,,1,,,,,,,,1,,,,1,,,,,,,13,69
394510,"San Luis Obispo County, CA, USA","California, USA","United States",35.286770341861,-120.65731522498,land,inland,2026-02-28,ECOSLO,15,1,16,40.82,1.61,0.00,8,9,6,17,10,13,2,6,12,23,,7,10,,25,64,8,2,10,2,,1,12,1,,,4,,,18,1,10,,4,1,,17,64,,1,,,10,5,5,380
394511,"Erie County, NY, USA","New York, USA","United States",42.729884474527,-78.845992850003,land,inland,2026-03-05,"BNW Kat cleans",1,,1,1.41,0.00,0.00,,1,,3,,20,,,,,,2,2,,1,,2,1,,,,,,,,,,,,,,,,,,,,5,,,,,,,,37
394513,"Yolo County, CA, USA","California, USA","United States",38.5449065,-121.7405167,land,inland,2026-03-05,"putah creek council",1,,1,0.74,0.00,0.00,,,2,,,,,,,,,,,,,,1,1,,,,,,,,,,,,,,,,,,,6,6,,,,,,,7,23
394514,"Hennepin County, MN, USA","Minnesota, USA","United States",44.900547278366,-93.207855487731,land,inland,2026-03-05,"GSS Em Soejoto",1,,1,3.04,3.70,0.00,,1,2,,2,7,,,1,19,,,,,,18,,,,,,,2,,,2,,,,,,,,1,,,,1,,,,,,,13,69
394515,"Westchester County, NY, USA","New York, USA","United States",41.15736395372,-73.868717343341,land,freshwater,2026-03-05,,2,,2,0.90,0.00,0.00,,1,1,,1,1,,,,,,,,,,,,,,,,,,,,,,,1,,,,1,,,1,,,3,1,1,,,1,,13
394516,"Westchester County, NY, USA","New York, USA","United States",41.157345389517,-73.868699961229,land,freshwater,2026-03-05,,1,,1,0.41,0.00,0.00,,1,,1,7,,,,,2,,1,1,,,,1,,,,,,,,,,,,,,,,,,,,,,,,,,,,,14
394518,"San Mateo County, CA, USA","California, USA","United States",37.595040214204,-122.50694775905,land,saltwater,2026-03-05,,1,,1,0.73,1.29,0.00,,3,,,,,,,3,4,,,1,,,3,,,,,,,,,,,,1,,,,,1,,,1,4,,,,,,,,1,22
394519,"Santa Barbara County, CA, USA","California, USA","United States",34.944029450449,-120.41950268013,land,saltwater,2026-03-02,"AHC College Corps",20,,20,0.05,0.00,0.00,,,1,,1,1,,,,,,,,,,,,,,,,,,,,,,,,,,,,,,,,,,,,,,,,3
394520,"Palm Beach County, FL, USA","Florida, USA","United States",26.371869042587,-80.092652831642,land,inland,2026-03-06,"Bocasob- Dmoon",1,,1,2.49,5.15,0.00,,3,5,4,15,11,2,3,2,11,3,14,3,1,2,12,,4,1,,,,,,,2,,,,1,,1,,,5,,,3,,,,,,,13,121
394522,"Alameda County, CA, USA","California, USA","United States",37.494258,-121.91795732,land,inland,2026-03-06,Monkeys,2,,2,6.46,0.02,0.00,,2,,4,,,,3,2,42,2,4,,5,6,12,5,7,2,,,,4,,,3,,6,,,,,,,,,,,,,,,,,4,113
394523,"Honolulu County, HI, USA","Hawaii, USA","United States",21.444342271046,-157.7375723085,land,saltwater,2026-03-06,,1,,1,3.45,1.96,0.00,,,,,2,1,,,7,,,,,1,2,6,,1,,5,,,,,,,,,,,,,,,,1,13,,,,,,,,193,232
394526,"Greater Bridgeport Planning Region, CT, USA","Connecticut, USA","United States",41.247043121425,-73.200692747692,land,inland,2026-03-06,"Trumbull cleanup",1,,1,0.41,0.05,0.00,,,,,,8,,,,,,,2,,,,1,1,,,,,,,,,,,,,,,,,,,,4,,,,,,,,16
394527,"Charleston County, SC, USA","South Carolina, USA","United States",32.680282814999,-79.891743006448,land,saltwater,2026-03-06,,1,,1,2.44,0.10,0.00,,,4,,,,,,1,11,1,,1,,,2,,1,,1,,,1,,,,,,,2,,,,,,,7,,,,,,,,20,52
394529,"Palm Beach County, FL, USA","Florida, USA","United States",26.884530673688,-80.056065009012,land,saltwater,2026-02-04,"Loggerhead Marinelife Center",15,,15,2.72,0.80,0.00,,19,,,,1,,,18,10,,,10,,3,5,15,3,8,15,,,,,,,,,,,1,,,,,,95,,,,,,,,227,430
394530,"Palm Beach County, FL, USA","Florida, USA","United States",26.884530673688,-80.056065009012,land,saltwater,2026-02-04,"Loggerhead Marinelife Center",1,,1,0.00,0.80,0.00,,,,,,,,,,,,,,,,,,,,,,,,,,,,,,,,,,,,,,,,,,,,,,
394531,"Palm Beach County, FL, USA","Florida, USA","United States",26.884530673688,-80.056065009012,land,saltwater,2026-02-06,"Loggerhead Marinelife Center",1,,1,8.30,0.80,0.00,,,,,,,,,,,,,,,,,,,,,,,,,,,,,,,,,,,,,,,,,,,,,,
394532,"Palm Beach County, FL, USA","Florida, USA","United States",26.884530673688,-80.056065009012,land,saltwater,2026-01-18,"Loggerhead Marinelife Center",3,,3,0.91,0.80,0.00,,,,,,1,,,6,5,,,,,,,,1,,7,,,,,,,,,1,,,,,,,,4,2,,,,,,,68,95
394533,"Erie County, NY, USA","New York, USA","United States",42.913649625077,-78.890751770149,land,inland,2026-03-06,"BNW-Believe in Black Rock -BNWaterkeeper",1,,1,6.28,0.03,0.00,,,1,2,6,5,1,2,6,14,,,1,,,5,2,1,,,1,,4,,,,,,,,,,,,,,,1,,1,,,,,7,60
394534,"Miami-Dade County, FL, USA","Florida, USA","United States",25.90808213387,-80.134501948586,land,saltwater,2026-03-06,SchmittyLey,10,,10,0.53,0.62,0.00,,,1,2,,2,,6,2,13,,,,,,,,,1,,,,,,,,,,,,,,,,,,,,,,,,1,,,28
394535,"Miami-Dade County, FL, USA","Florida, USA","United States",25.907931157282,-80.134611760447,land,saltwater,2026-03-06,,10,,10,13.82,0.13,0.00,,83,46,18,11,8,4,42,46,18,,,2,,,3,,,4,2,,,5,,,,,,,,,,,,,2,,8,,,,,,,3,305
394536,"Miami-Dade County, FL, USA","Florida, USA","United States",25.909099402284,-80.135570926071,land,saltwater,2026-03-06,"group 4",1,,1,6.83,0.23,0.00,,2,2,1,2,2,,13,15,23,3,1,2,,,,,,,12,,,,,,,1,,,3,,,,,,,,6,,,,,,2,,90
394537,"Miami-Dade County, FL, USA","Florida, USA","United States",25.908139927958,-80.135172427253,land,saltwater,2026-03-06,,10,,10,0.48,0.17,0.00,,4,5,1,1,8,2,1,1,,,,,,,,,,,,,,,,,,,,,,,,,,,,,,,,,,,,,23
394538,"Miami-Dade County, FL, USA","Florida, USA","United States",25.909256890478,-80.136971360809,land,saltwater,2026-03-06,,10,,10,0.59,0.41,0.00,,1,1,1,1,1,,1,1,1,2,1,1,3,6,1,2,2,,,,,,,,,,,,,,,,,,,,,,,,,,,,26
394539,"Miami-Dade County, FL, USA","Florida, USA","United States",25.907184636239,-80.135803329245,land,saltwater,2026-03-06,Schmitte,10,,10,4.28,0.65,0.00,,10,,7,,4,,50,19,13,1,,,,,14,,,2,,,,1,,,,,2,,4,,1,1,,,,1,1,,,,1,,,3,135
394540,"Miami-Dade County, FL, USA","Florida, USA","United States",25.90888180746,-80.136669918545,land,saltwater,2026-03-06,,1,,1,1.55,0.35,0.00,,2,2,3,6,4,1,113,78,8,1,,4,,,,1,,,,,,,,,,,,,,,,1,,,,,,,,,,,,,224
394542,"Palm Beach County, FL, USA","Florida, USA","United States",26.88449933108,-80.056011279364,land,saltwater,2026-01-27,"Loggerhead Marinelife Center",16,,16,1.50,0.80,0.00,,,,,1,1,,37,,3,,,2,,1,9,6,4,1,4,,,,,,,,,3,1,3,,,,,,73,15,,,,,,,115,279
394543,"San Mateo County, CA, USA","California, USA","United States",37.5027185,-122.4694214,land,saltwater,2026-03-06,,1,,1,0.91,0.00,0.00,1,,,,,,,,,,,,,,,,,,,,,,,,,,,,,,,,,,,,,,,,,,,,,
394544,"Palm Beach County, FL, USA","Florida, USA","United States",26.88449933108,-80.056011279364,land,saltwater,2026-02-16,"Loggerhead Marinelife Center",1,,1,6.80,0.80,0.00,,,,,,,,,,,,,,,,,,,,,,,,,,,,,,,,,,,,,,,,,,,,,,
394545,"Palm Beach County, FL, USA","Florida, USA","United States",26.88449933108,-80.056011279364,land,saltwater,2026-02-12,"Loggerhead Marinelife Center",1,,1,9.98,0.80,0.00,,,,,,,,,,,,,,,,,,,,,,,,,,,,,,,,,,,,,,,,,,,,,,
394546,"Palm Beach County, FL, USA","Florida, USA","United States",26.88449933108,-80.056011279364,land,saltwater,2026-02-19,"Loggerhead Marinelife Center",1,,1,8.53,0.80,0.00,,,,,,,,,,,,,,,,,,,,,,,,,,,,,,,,,,,,,,,,,,,,,,
394547,"Palm Beach County, FL, USA","Florida, USA","United States",26.88449933108,-80.056011279364,land,saltwater,2026-02-19,"Loggerhead Marinelife Center",1,,1,8.03,0.80,0.00,,,,,,,,,,,,,,,,,,,,,,,,,,,,,,,,,,,,,,,,,,,,,,
394548,"Palm Beach County, FL, USA","Florida, USA","United States",26.88449933108,-80.056011279364,land,saltwater,2026-02-08,"Loggerhead Marinelife Center",1,,1,5.67,0.80,0.00,,,,,,,,,,,,,,,,,,,,,,,,,,,,,,,,,,,,,,,,,,,,,,
394549,"Palm Beach County, FL, USA","Florida, USA","United States",26.88449933108,-80.056011279364,land,saltwater,2026-02-09,"Loggerhead Marinelife Center",1,,1,7.62,0.80,0.00,,,,,,,,,,,,,,,,,,,,,,,,,,,,,,,,,,,,,,,,,,,,,,
394550,"San Mateo County, CA, USA","California, USA","United States",37.571227974293,-122.26260026928,land,inland,2026-03-06,,2,,2,0.68,0.30,0.00,,3,,2,,1,,,,,,,2,,,,,,,,,,,,,,,1,,,,,,2,1,,,1,,,,,,,1,14
394552,"Palm Beach County, FL, USA","Florida, USA","United States",26.884560027985,-80.055925038395,land,saltwater,2026-02-15,"Loggerhead Marinelife Center",3,,3,2.65,0.80,0.00,,2,,,,3,,,11,1,,,,,1,3,2,,2,7,131,,,,,,,,,1,,,2,,,2,10,25,,,,,,,108,311
394553,"Erie County, NY, USA","New York, USA","United States",43.014308333333,-78.7764,land,freshwater,2026-03-06,"BNW_Connie at Walton Woods",1,,1,0.06,0.05,0.00,,,,,,,,,,,,,,,,,,,,,,,,,,,,,,,,,,,,,,1,,,,,,,,1
394554,"Palm Beach County, FL, USA","Florida, USA","United States",26.884560027985,-80.055925038395,land,saltwater,2026-02-07,,64,,64,12.47,0.00,0.00,,83,,2,5,9,,,215,40,,,16,,65,66,48,6,10,46,,,,1,,85,,,7,5,13,,1,,,7,282,124,,,,3,,,560,1699
394555,"Mendocino County, CA, USA","California, USA","United States",39.43808845,-123.81551718,land,saltwater,2026-03-06,"Noyo Center for Marine Science",1,,1,1.36,0.00,0.00,,2,1,,,,,,1,1,,,,,,,,,,,1,,,,,,5,,,,,,,,,,,,,,,,,,8,19
394557,"Palm Beach County, FL, USA","Florida, USA","United States",26.884560027985,-80.055925038395,land,saltwater,2026-02-14,"Loggerhead Marinelife Center",104,,104,16.59,0.00,0.00,,25,,1,6,3,,,67,44,,,4,,1,77,,17,7,16,51,,,,,,,,,5,,,1,,,,166,245,,,,,,,259,995
394558,"Los Angeles County, CA, USA","California, USA","United States",33.995732339131,-118.48198022704,land,saltwater,2026-03-06,"Pacific Beach Coalition (Isabella Bringas and Claire Koerber- ADPIxACHIO UCLA)",15,,15,4.76,0.80,0.00,,1,1,3,1,,,3,,2,,2,,,,6,2,3,3,,5,,,,,4,1,1,,,,,,1,,3,,1,,,,,,,3,46
394559,"Okaloosa County, FL, USA","Florida, USA","United States",30.380604603102,-86.409569022403,land,saltwater,2026-03-06,"Keep Okaloosa Beautiful (DHS)",15,,15,6.80,0.16,0.00,,6,,,11,13,4,6,10,64,2,5,17,1,1,18,9,58,5,1,,,10,,2,2,,,,3,,,,1,6,2,,,,,1,,,,12,270
394560,"Los Angeles County, CA, USA","California, USA","United States",33.99970832992,-118.48563415887,land,saltwater,2026-03-06,"Pacific Beach Coalition (Isabella Bringas and Claire Koerber- ADPIxACHIO UCLA)",15,,15,1.31,0.06,0.00,,1,6,,5,3,1,5,4,6,2,,5,1,2,20,10,9,2,,,,,,,,,4,,2,,,1,2,,,,,,,,,,,35,126
394562,"Miami-Dade County, FL, USA","Florida, USA","United States",25.611091853462,-80.308496822907,land,saltwater,2026-03-06,,1,,1,0.19,0.03,0.00,,1,1,,,,,,5,,,,,1,2,1,1,,1,,,,,,,,,,1,,,,,,,,1,,,,,,,,7,22
394563,"Orange County, FL, USA","Florida, USA","United States",28.582288516357,-81.407322684755,land,freshwater,2026-03-06,"Hans Solo The Egret",1,,1,3.54,0.11,0.00,,,,,3,1,,,,,,,,,,2,1,,,1,3,,1,,,,,,,,,,,,,,1,,,,,,,,,13
394564,"Monterey County, CA, USA","California, USA","United States",36.611597767809,-121.85765666287,land,saltwater,2026-03-06,"Snowy Plover Guardians",1,,1,0.54,0.80,0.00,,,,,2,,,,2,5,,,,,,3,2,3,,,,,,,,,,1,,,,,,,,1,2,2,,,,,,,5,28
394565,"Brunswick County, NC, USA","North Carolina, USA","United States",33.868035930209,-78.506897734478,land,saltwater,2026-03-06,"GSS Terry",1,,1,0.10,0.82,0.00,,,,,3,,,,3,,,,,,,2,,,,,,,,,,,,,,,,,,,,,,,,,,,,,,8
394572,"Los Angeles County, CA, USA","California, USA","United States",34.433301688238,-118.40160749906,land,saltwater,2026-03-03,"protect where we play",1,,1,1.10,0.00,0.00,,8,2,3,2,5,4,2,2,2,1,12,5,,,,,,,,,,,,,,,,,,,,,,,,,,,,,,,,,48
394573,"Pinellas County, FL, USA","Florida, USA","United States",27.684076731552,-82.737704972905,land,saltwater,2026-03-06,,1,,1,4.25,1.29,0.00,,,2,,2,,6,,5,16,,,,1,1,7,,14,1,,,,,,,,1,10,,,,,1,,1,4,7,37,,1,,,,,3,120
394815,"Honolulu County, HI, USA","Hawaii, USA","United States",21.444950880178,-157.73698107811,land,saltwater,2026-03-07,,1,,1,1.03,1.69,0.00,,,1,,,,,,6,,,,,,2,,,1,,1,,,,,,,,,,,,,,,,1,5,,,,,,,,21,38
394816,"Williamson County, TX, USA","Texas, USA","United States",30.6332618,-97.6779842,land,inland,2026-03-07,"Me, myself and I",1,,1,0.29,0.00,0.00,,,,,,,,,1,,,,,,,,,1,,,,,,,,,,,,,,,,,,,3,2,,,,,,,,7
394846,"Pinellas County, FL, USA","Florida, USA","United States",27.683722198255,-82.737717291847,land,saltwater,2026-03-07,,1,,1,6.13,2.63,0.00,,,1,1,9,2,,1,9,13,1,,,,1,10,4,7,1,2,,,,,,,1,5,,1,,,1,,1,10,6,23,,4,,,,,2,116
394848,"Greater Bridgeport Planning Region, CT, USA","Connecticut, USA","United States",41.264178208061,-73.202104539485,land,inland,2026-03-07,"Trumbull cleanup",1,,1,4.28,2.34,0.00,,,,2,6,6,,,1,,2,4,10,,,6,5,2,1,,,,2,,,1,,,,,1,,,,,,5,9,,,,,,,5,68
394861,"Hillsborough County, FL, USA","Florida, USA","United States",28.076737776741,-82.356019501826,land,inland,2026-03-07,"Mom & Daughter",2,,2,8.17,1.25,0.00,,1,,16,3,6,2,,3,,2,,,,,13,,,1,,,,3,,,1,,,1,,1,,,1,1,,2,3,1,,,,,,8,69
394863,"Pasco County, FL, USA","Florida, USA","United States",28.193463512385,-82.78608190591,land,saltwater,2026-03-07,"River Ridge Middle School",11,,11,33.72,0.08,0.00,,9,12,17,16,20,,3,5,1,2,14,5,3,1,20,11,17,3,5,1,,10,1,,2,1,1,5,6,,2,4,2,4,4,13,7,,1,,,,,,228
394865,"Broward County, FL, USA","Florida, USA","United States",26.087324140682,-80.111190789654,land,saltwater,2026-03-07,"South Plantation SnailKites",4,,4,1.45,4.67,0.00,,3,4,1,2,2,,2,11,,,,3,,1,8,3,5,1,,,,,,,1,,,2,1,,,,,3,,8,3,,,,,,,25,89
394866,"Galveston County, TX, USA","Texas, USA","United States",29.226695137775,-94.897077321276,land,saltwater,2026-03-07,"Scout Troop 300",1,,1,12.58,0.00,0.00,,16,4,3,16,5,16,1,28,13,7,,3,,1,1,1,,7,20,,,,,,,7,2,,1,,,,,,1,8,1,,,1,1,,,25,189
394867,"Galveston County, TX, USA","Texas, USA","United States",29.226694363138,-94.897079450355,land,saltwater,2026-03-07,"Scout Troop 300",4,,4,2.05,1.04,0.00,,4,4,2,7,7,,4,7,1,2,3,2,,1,6,4,1,,,,,,,1,1,,,,1,,,,,,,4,6,,3,1,,2,,11,85
394868,"San Diego County, CA, USA","California, USA","United States",33.204274836989,-117.39068564247,land,saltwater,2026-03-07,Project3R,4,,4,2.72,0.00,0.00,3,,,,,,,,,,,,,,,,,,,,,,,,,,,,,,,,,,,,,,,,,,,,,
394870,"Fairfax County, VA, USA","Virginia, USA","United States",38.887133236135,-77.276246937393,land,inland,2026-03-07,RBH,1,,1,0.09,3.86,0.00,,,,,,,,,,,,,,,,3,1,,,,,,,,,,,,2,,,,,,,,1,,,,,,,,,7
394872,"Maricopa County, AZ, USA","Arizona, USA","United States",33.555274462341,-111.57317996408,land,freshwater,2026-03-07,"OdySea Aquarium",40,,40,13.61,1.61,0.00,,,,,,,,,,,,,,,,,,,,,,,,,,,,,,,,,,,,,,,,,,,,,,
394874,"San Mateo County, CA, USA","California, USA","United States",37.502652988315,-122.4938207539,land,saltwater,2026-03-07,ff,1,,1,0.00,1.93,0.00,,,,,,,,,,,,,,,,,,4,,,,,,,,,,,,,,,,,,,,,,,,,,,1,5
394876,"Isle of Wight County, VA, USA","Virginia, USA","United States",36.734248720408,-76.872076698951,watercraft,inland,2026-03-04,"Blackwater Nottoway Riverguard",1,,1,6.80,0.00,0.00,1,,,,,,,,,,,,,,,,,,,,,,,,,,,,,,,,,,,,,,,,,,,,,
394877,"Isle of Wight County, VA, USA","Virginia, USA","United States",36.734248720408,-76.872076698951,watercraft,inland,2026-03-04,"Blackwater Nottoway Riverguard",1,,1,7.71,0.00,0.00,1,,,,,,,,,,,,,,,,,,,,,,,,,,,,,,,,,,,,,,,,,,,,,
394880,"Greater Bridgeport Planning Region, CT, USA","Connecticut, USA","United States",41.246456937602,-73.181986571173,land,inland,2026-03-08,"Trumbull cleanup",1,,1,1.34,1.58,0.00,,,,3,4,6,,,,,,,2,,1,,2,,,,,,,,,,,,,,,,,,,,5,2,,,,,,,,25
394881,"Greater Bridgeport Planning Region, CT, USA","Connecticut, USA","United States",41.262046850325,-73.201201233812,land,inland,2026-03-08,"Trumbull cleanup",1,,1,0.06,0.00,0.00,,,,,1,1,,,,,,1,,,,,1,,,,,,,,,,,,,,1,,,,,,,,,,,,,,,5
394882,"Broward County, FL, USA","Florida, USA","United States",26.311353821568,-80.07609255908,land,saltwater,2026-03-08,Broward,1,,1,9.66,0.81,0.00,,,4,1,2,3,1,2,9,6,,2,6,,2,7,,2,,1,2,,3,,,2,,,,7,,,,,,2,,35,,,,,,,23,122
394883,"Volusia County, FL, USA","Florida, USA","United States",28.885275,-80.794358333333,land,inland,2026-03-08,"Canaveral national seashore",1,,1,4.87,11.88,0.00,,3,17,,2,4,,,6,4,,,2,,,7,,3,1,,2,,1,,,3,1,2,4,,,,,,2,4,13,3,,,,,,,30,114
394886,"Yolo County, CA, USA","California, USA","United States",38.5449065,-121.7405167,land,inland,2026-03-07,"putah creek council",1,,1,1.44,0.00,0.00,,,2,,,,,,,,,,,,,,1,,1,,,,,,,,1,,,,,,,,,,11,11,,,,,,,18,45
394887,"Yolo County, CA, USA","California, USA","United States",38.5449065,-121.7405167,land,inland,2026-03-08,"putah creek council",1,,1,0.87,0.00,0.00,,,3,,,,1,,,,,,,,,1,,,,,,,,,,,,,,,,,,,,,7,7,,,,,,,6,25
394888,"Erie County, NY, USA","New York, USA","United States",42.729872025282,-78.845990641353,land,inland,2026-03-08,"BNW Kat cleans",1,,1,2.00,0.00,0.00,,,,4,14,13,3,2,2,,,,,1,1,1,3,1,,,,,,,,,,,,,1,,,,1,,,7,,,,,,,,54
394890,"San Diego County, CA, USA","California, USA","United States",32.7447861,-117.2476146,land,inland,2026-03-08,JP,1,,1,3.51,0.00,0.00,,,3,,,1,,2,2,37,,,,,,2,,,,,,,,,,,,,,1,,1,,,5,,2,48,,,,,,,4,108
394891,"Charleston County, SC, USA","South Carolina, USA","United States",32.64291589993,-79.963186411752,land,saltwater,2026-03-08,,1,,1,1.09,0.28,0.00,,2,1,,1,,,,1,1,,,,,,2,,2,,1,,,,,,,,,,3,,,,,,,2,,,,,,,,9,25
394892,"Miami-Dade County, FL, USA","Florida, USA","United States",25.715354257152,-80.151418166489,land,saltwater,2026-03-08,,1,,1,3.37,0.56,0.00,,,3,2,3,3,2,12,5,,3,,45,1,1,10,5,1,2,,,,1,,,1,,,,1,,,,,1,1,4,1,,,,,,,8,116
394893,"Wake County, NC, USA","North Carolina, USA","United States",35.9028274,-78.6038787,land,freshwater,2026-03-08,Wake,1,,1,21.11,0.00,0.00,,18,12,39,47,45,20,10,5,,8,4,10,10,9,10,8,,8,2,,,1,,,9,10,1,,22,3,2,4,,,1,4,7,,,1,4,,,4,338
394894,"Hillsborough County, FL, USA","Florida, USA","United States",27.849720346732,-82.55369539196,land,saltwater,2026-03-08,"The Florida Aquarium",2,14,16,29.48,1.61,0.00,3,,3,5,18,8,,20,26,51,,,,,3,8,,7,3,2,,,,,,,,,2,3,,,,,,3,15,21,,,,,,,18,216
394895,"Sacramento County, CA, USA","California, USA","United States",38.632033918299,-121.27438962144,land,inland,2026-03-08,ham,2,,2,0.50,0.09,0.00,,,1,1,2,1,,2,,1,,,1,,1,,1,1,,,,,,,,,,,,1,,,,,,,,,,,,,,,,13
394896,"Hawaii County, HI, USA","Hawaii, USA","United States",19.71483947073,-156.04823038307,land,saltwater,2026-03-08,"Spencer Ohana",6,,6,38.71,0.60,0.00,,6,14,42,8,33,2,48,124,71,1,36,4,1,8,67,7,1,4,3,3,,16,,,2,,1,,8,,1,7,2,3,3,1,2,,,,,,,65,594
394897,"Williamson County, TX, USA","Texas, USA","United States",30.6332618,-97.6779842,land,inland,2026-03-08,"Me, myself and I",1,,1,0.07,0.00,0.00,,1,,,,,,,1,,,,,,,,,,,,,,,,,,,,,,,,,,,,,1,,,,,,,21,24
394898,"Palm Beach County, FL, USA","Florida, USA","United States",26.383982988311,-80.068808292525,land,saltwater,2026-02-15,bocasob,4,,4,0.16,0.02,0.00,,,6,,1,1,,,,,,1,,,,,,,,,,,,,2,1,,,1,,,,,,,,,,,,,,,,18,31
394899,"Niagara County, NY, USA","New York, USA","United States",43.10578846,-79.03062017,land,inland,2026-03-08,,1,,1,4.54,3.22,0.00,,1,1,4,12,7,2,1,4,1,3,8,7,1,1,5,3,5,1,,,,,,,,1,,1,2,,1,,,6,,6,6,1,,,1,,,10,102
394900,"Fairfax County, VA, USA","Virginia, USA","United States",38.88529037591,-77.270951032133,land,inland,2026-03-08,RBH,1,,1,0.50,3.22,0.00,,,,,1,1,2,,4,1,,,,,,4,2,1,,,,,,,,,,1,,1,1,,,,,,2,2,,,,,,,,23
394901,"San Francisco County, San Francisco, CA, USA","California, USA","United States",37.805948389327,-122.46794743928,land,saltwater,2026-03-08,"3/8 uc naturalist",5,,5,11.86,0.30,0.00,,,,,4,,,,10,15,,,,,,4,,6,1,,17,,1,,,5,,,,,,,,,,,6,5,,,,,1,,35,110
394902,"Bay County, FL, USA","Florida, USA","United States",30.17925752,-85.69434049,land,inland,2026-03-08,Brett,1,,1,7.57,0.12,0.00,,3,2,25,16,28,,2,3,9,4,,8,4,2,9,2,3,1,,,,,,,,2,,,,,,,,,,3,2,,,,,,,3,131
394903,"Hawaii County, HI, USA","Hawaii, USA","United States",19.714752064433,-156.04836432409,land,inland,2026-03-08,"Clean Rewards",1,,1,95.61,0.05,0.00,,3,33,66,55,125,3,209,340,1334,,19,12,,36,351,19,29,48,7,,,,,1,18,,2,4,45,,20,28,10,25,23,403,372,,12,2,6,,,,3660
394904,"Martin County, FL, USA","Florida, USA","United States",27.207973291051,-80.226100532691,watercraft,saltwater,2026-03-08,,4,,4,0.63,0.18,0.00,,3,3,2,3,2,,,,,,,,,,,,,,,,,,,,,,,3,,,,,,,,,,,,,,,,,16
394905,"Chester County, PA, USA","Pennsylvania, USA","United States",40.035887652809,-75.494870391964,land,inland,2026-03-05,,1,,1,0.07,0.02,0.00,,10,,,,,,,,,,,,,,,,,,,,,,,,,,,,,,,,,,,,,,,,,,,,10
394908,"Santa Clara County, CA, USA","California, USA","United States",37.452881674923,-122.09460278067,land,saltwater,2026-03-09,ff,1,,1,0.45,0.16,0.00,,,,,,,,,1,,,,1,,,6,,,,,,,1,,,,,33,,,,,,,,,,,,,,,,,5,47
394909,"Hawaii County, HI, USA","Hawaii, USA","United States",19.718133130743,-156.01437482335,land,saltwater,2026-03-08,"Clean Rewards",1,,1,6.92,3.66,0.00,,,10,,,19,2,,,,,,,,15,56,16,7,9,,,,,,3,2,,4,14,2,,,,,,1,54,26,,18,,,,,,258
396004,"Greater Bridgeport Planning Region, CT, USA","Connecticut, USA","United States",41.247163207667,-73.200769275507,land,inland,2026-03-09,"Trumbull cleanup",1,,1,0.43,0.15,0.00,,,,,1,,,,2,,,,,,,,,,,,,,,,,,,,,,,,,,,,5,2,,,,,,,,10
396054,"Miami-Dade County, FL, USA","Florida, USA","United States",25.611280050498,-80.307295142108,land,saltwater,2026-03-09,,1,,1,1.22,0.46,0.00,,3,3,,2,,3,2,2,,1,,,3,1,2,2,,8,2,,,,,,,,,1,,,,,,,,,,,,,,,,,35
396055,"Yolo County, CA, USA","California, USA","United States",38.5449065,-121.7405167,land,inland,2026-03-09,"putah creek council",1,,1,0.53,0.00,0.00,,,3,,,,,,,,,,,,,1,,,,,,,,,,,,,,,,,,,,,2,6,,,,,,,3,15
396057,"Oxford County, ME, USA","Maine, USA","United States",43.9653889,-70.8226541,land,saltwater,2026-03-09,kdkdk,1,,1,0.23,0.00,0.00,,1,1,,,,,,,,,,,,,,,,,,,,,,,,,,,1,,,,,,,,1,,,,,,,,4
396058,"Linn County, OR, USA","Oregon, USA","United States",44.270138333333,-123.15837166667,land,saltwater,2026-03-09,SOLVE,2,,2,0.91,2.41,0.00,,,,1,1,2,1,3,,7,,,,,,,,1,,2,1,,1,,,4,,,,,,,,,,1,2,,,,,,,,10,37
396059,"Erie County, NY, USA","New York, USA","United States",42.938178817259,-78.892940870618,land,inland,2026-03-09,"BNW-Believe in Black Rock -BNWaterkeeper",1,,1,2.45,0.07,0.00,,,3,1,7,5,1,2,5,12,,3,2,,,7,2,5,1,,,,1,,,,,,,1,1,,,,,,3,2,2,,,2,,,10,78
396060,"Alameda County, CA, USA","California, USA","United States",37.673856206238,-121.77871995606,land,freshwater,2026-03-09,"FOTA  5",1,,1,1.50,0.32,0.00,,3,,2,2,,,,,2,,,4,,,4,,1,1,,,,,,,,2,,,2,,1,,,,1,1,,,,,,,,,26
396061,"Niagara County, NY, USA","New York, USA","United States",43.073891666667,-78.987266666667,land,freshwater,2026-03-09,lonesweeper,1,,1,0.05,0.01,0.00,,1,,,2,,,,,,,,,,,,,,,,,,,,,,,,,,,,,,,,,,,,,,,,,3
396064,"Patrick County, VA, USA","Virginia, USA","United States",36.6363992,-80.2693963,land,freshwater,2026-03-09,,1,,1,0.91,0.00,0.00,1,,,,,,,,,,,,,,,,,,,,,,,,,,,,,,,,,,,,,,,,,,,,,
396065,"Fairfax County, VA, USA","Virginia, USA","United States",38.870301573365,-77.22791062911,land,inland,2026-03-09,RBH,1,,1,0.23,4.02,0.00,,,,,3,3,,,3,1,,,,,,6,1,1,1,,,,,,,,,,,1,,,,,,,2,2,,,,,,,,24
396072,"San Mateo County, CA, USA","California, USA","United States",37.597424389683,-122.50311205331,land,saltwater,2026-03-09,,1,,1,0.22,0.17,0.00,,,,,,,5,1,7,3,,,,,,4,,1,,,,,,,,,,,1,,,,,,1,,2,,,,,,,,2,27
396074,"Miami-Dade County, FL, USA","Florida, USA","United States",25.9087545,-80.1329731,land,saltwater,2026-03-06,"Cushman School Turtles",12,,12,3.51,0.00,0.00,,240,,1,11,,3,124,119,27,,,,,,2,,,,,,,,,,,,,,2,1,,,,15,1,1,,,,,,2,,1,550
396075,"Miami-Dade County, FL, USA","Florida, USA","United States",25.909059153593,-80.134326029309,land,saltwater,2026-03-06,"Cushman School Turtles",12,,12,0.20,0.43,0.00,,,,,,,,110,,,,,,,,,,,,,,,,,,,,,,,,,,,,,,,,,,,,,,110
396076,"Los Angeles County, CA, USA","California, USA","United States",33.99926252239,-118.48598481387,land,saltwater,2026-03-06,"Isabella Bringas and Claire Koerber- ADPIxACHIO UCLA",15,,15,0.44,0.15,0.00,,2,2,1,2,3,,4,2,6,,,,,,3,4,3,2,,,,,,,,,,,,,,,,,,,,,3,,1,,,18,56
396079,"Los Angeles County, CA, USA","California, USA","United States",34.0995745,-118.096256,land,inland,2026-03-10,,1,,1,1.18,0.00,0.00,,2,3,,2,3,1,2,3,2,,,,1,,5,,,,,,,,,,6,,1,1,,,,,2,1,,3,7,,,,,,,5,50
396082,"Broward County, FL, USA","Florida, USA","United States",25.993478489547,-80.128113224664,land,saltwater,2026-03-10,"Little Earth Hero",1,,1,0.31,0.12,0.00,,1,5,,3,1,,3,4,5,1,3,,,,7,,,,,,,,,,,,,3,,,,,,1,,,,,,,,,,28,65
396089,"Pinellas County, FL, USA","Florida, USA","United States",27.684311430915,-82.737712266842,land,saltwater,2026-03-10,,1,,1,7.47,2.89,0.00,,,1,2,2,6,1,2,12,14,,4,3,,1,8,6,20,5,,,,,,,,,9,,2,1,,2,1,,6,16,56,,,,,,,,180
396090,"Greater Bridgeport Planning Region, CT, USA","Connecticut, USA","United States",41.264524039743,-73.202596136094,land,inland,2026-03-10,"Trumbull cleanup",1,,1,1.26,0.08,0.00,,,1,,7,4,,,2,,,2,6,,1,4,2,2,,,,,,,,1,,,,,,,,,,,2,11,,,,,,,3,48
398779,"Newport County, RI, USA","Rhode Island, USA","United States",41.50515955,-71.32778848,land,saltwater,2026-03-10,"Save The Bay",2,,2,7.52,0.32,0.00,,3,6,14,5,7,,,,,,17,6,,,22,2,16,4,,,,,,,7,17,7,5,,,,,2,,,11,8,,,,5,,,29,193
398780,"Yolo County, CA, USA","California, USA","United States",38.5449065,-121.7405167,land,inland,2026-03-09,"putah creek council",1,,1,0.15,0.00,0.00,,,1,,,,,,,,,,,,,1,,,,,,,,,,,,,,,,,,,,,1,1,,,,1,,,1,6
398782,"King County, WA, USA","Washington, USA","United States",47.645723320818,-122.33442186481,land,freshwater,2026-03-10,"Seattle Country Day School/Puget Soundkeeper",4,42,46,31.75,2.41,0.00,5,7,42,20,48,31,,42,313,297,13,22,4,1,24,277,22,73,5,17,,,,,,87,9,13,6,6,1,1,1,27,9,9,300,72,2,,1,1,1,2,118,1924
398783,"Fairfax County, VA, USA","Virginia, USA","United States",38.88507990069,-77.273907341906,land,inland,2026-03-10,RBH,1,,1,0.82,2.25,0.00,,,,2,6,2,6,1,9,6,1,,7,2,,14,4,1,2,,,,2,,,2,,1,1,1,,,,,,1,5,11,,,,,,,,87
398786,"Niagara County, NY, USA","New York, USA","United States",43.116212369986,-79.050162290428,land,freshwater,2026-03-10,"BNW Doris Jones",22,,22,5.31,0.16,0.00,,4,4,2,14,5,1,3,5,5,2,3,6,1,3,18,4,4,,,,,2,,,5,,2,,,,,,4,,3,3,4,,,,,,,9,116
398787,"San Luis Obispo County, CA, USA","California, USA","United States",35.262636380424,-120.68423013507,land,freshwater,2026-03-07,ECOSLO,33,,33,27.22,1.61,0.00,18,9,19,20,16,15,,28,51,121,1,1,2,,5,122,27,10,12,22,,,3,,,5,1,1,3,14,2,8,1,12,10,9,71,109,1,2,1,,,,71,805
398788,"San Mateo County, CA, USA","California, USA","United States",37.649174830602,-122.49024292124,land,inland,2026-03-10,"Pacific Beach Coalition - Terri Brown",1,,1,13.09,0.37,0.00,,2,3,,1,1,,2,5,390,,5,2,2,5,2,6,4,2,,,,1,,,,,9,,14,2,2,,2,7,1,,134,,18,1,11,,,31,665
398789,"Wake County, NC, USA","North Carolina, USA","United States",35.973545546939,-78.523676434135,land,inland,2026-03-10,"Wake_Pack 511",9,,9,0.43,1.18,0.00,,1,1,,,1,,,,2,,3,,1,,7,,2,,,,,,,,,,,,,,,,,,,,,,,1,,,,,19
398790,"Del Norte County, CA, USA","California, USA","United States",41.74505637,-124.17924385,land,saltwater,2026-03-10,"Beach Coalition cleanup",1,,1,1.32,1.59,0.00,,2,,3,6,8,,,4,,,,,2,,4,,,,,,,,,,,,,,,,,,1,,,,3,,,,,,,14,47
398792,"Palm Beach County, FL, USA","Florida, USA","United States",26.384211016169,-80.066550957817,land,saltwater,2026-03-07,KPBCB,3,,3,0.02,0.06,0.00,,,2,,,,,1,,3,,,,,,,,1,,,,,,,,,,,,,,,,,,,,,,,,,,,,7
398793,"Orange County, CA, USA","California, USA","United States",33.6041944,-117.8738554,land,saltwater,2026-02-25,"The Krugers",2,,2,3.40,0.00,0.00,1,,,,,,,,,,,,,,,,,,,,,,,,,,,,,,,,,,,,,,,,,,,,,
398794,"Williamson County, TX, USA","Texas, USA","United States",30.6332618,-97.6779842,land,inland,2026-03-11,"Me, myself and I",1,,1,0.44,0.00,0.00,,,1,,,,1,,1,,,,,,,1,,,,,,,,,,,,,,,,,,,,1,1,2,,,,,,,,8
398797,"Pinellas County, FL, USA","Florida, USA","United States",27.683584433522,-82.737755884521,land,saltwater,2026-03-11,,1,,1,7.49,2.87,0.00,,,3,,4,1,2,,11,17,,1,2,,2,13,4,17,2,1,,,,,,,2,14,1,,,,,,1,5,17,63,,,1,,,,2,186
398798,"Greater Bridgeport Planning Region, CT, USA","Connecticut, USA","United States",41.247069302562,-73.200424726035,land,inland,2026-03-11,"Trumbull cleanup",1,,1,1.53,0.09,0.00,,,1,,1,1,,,1,,,,3,,,4,3,2,,,,,,,,,,,,1,,,,,1,,6,14,,,,1,,,8,47
398799,"Yolo County, CA, USA","California, USA","United States",38.5449065,-121.7405167,land,inland,2026-03-09,"putah creek council",1,,1,0.15,0.00,0.00,,,1,,,,,,,,,,,,,1,,,,,,,,,,,,,,,,,,,,,1,1,,,,1,,,1,6
398801,"Brazoria County, TX, USA","Texas, USA","United States",28.928289276523,-95.315994381377,land,saltwater,2026-03-11,"Team Therian",19,,19,75.80,0.00,0.00,,3,7,,21,9,,1,21,5,,,3,4,,5,3,5,1,7,,1,1,,2,,8,2,6,2,,,4,,5,4,36,116,,1,,,,,,283
398803,"Santa Barbara County, CA, USA","California, USA","United States",34.403423173952,-119.74341488979,land,saltwater,2026-03-11,"McKinley, 2, 3/11",66,,66,2.27,0.00,0.00,,,20,1,,2,,,,3,,,3,,,12,,,,,,,,,,,,,,,,,,3,,,,5,,,,,,,21,70
398805,"Fairfax County, VA, USA","Virginia, USA","United States",38.885078374155,-77.274881699977,land,inland,2026-03-11,RBH,1,,1,1.50,4.02,0.00,,1,1,,5,,3,,5,1,,,,,,22,,3,6,,,,,,,1,,,1,1,,,,,,1,3,7,,,,,,,,61
398806,"Palm Beach County, FL, USA","Florida, USA","United States",26.37193590216,-80.092557049338,land,inland,2026-03-12,"Bocasob- Dmoon",1,,1,4.37,2.95,0.00,,,2,11,12,4,,,5,2,1,17,6,,3,19,,10,2,,,,,,2,2,,1,,,,1,,1,1,,,11,,,,1,,,3,117
398807,"Williamson County, TX, USA","Texas, USA","United States",30.6332618,-97.6779842,land,inland,2026-03-12,"Me, myself and I",1,,1,0.10,0.00,0.00,,,,,1,,1,,,,,,,,,1,,,,,,,,,,,,,,,,,,,,,1,,,,,,,,,4
398816,"Greater Bridgeport Planning Region, CT, USA","Connecticut, USA","United States",41.280008107462,-73.221734119647,land,inland,2026-03-12,"Trumbull cleanup",1,,1,2.93,3.97,0.00,,1,2,3,13,4,,2,1,6,1,1,1,,,4,3,1,,1,,,,,,,,,,3,1,,,,,1,2,8,,,,,,,9,68
398817,"Miami-Dade County, FL, USA","Florida, USA","United States",25.75092048,-80.14601069,land,saltwater,2026-03-12,MUVE,1,,1,3.86,0.18,0.00,,2,7,2,2,,,,29,,,1,5,1,,18,4,7,2,1,,,1,,,,1,1,1,,,,1,,2,1,11,,,,,,,,47,147
398819,"Orange County, CA, USA","California, USA","United States",33.67018325,-117.92748254,watercraft,saltwater,2026-03-12,"me and sweetpea",1,,1,1.60,0.00,0.00,,,2,,2,,3,,4,,,2,2,1,,4,3,2,,,,,1,,,,1,,1,,,,,,,,1,,,,,,,,5,34
398821,"Yolo County, CA, USA","California, USA","United States",38.5449065,-121.7405167,land,inland,2026-03-12,"putah creek council",1,,1,0.50,0.00,0.00,,,1,,,,,,,,,,,,,1,,,,,,,,,,,,,,,,,,,,,4,4,,,,,,,4,14
398822,"Volusia County, FL, USA","Florida, USA","United States",29.0060666,-80.88237166,watercraft,saltwater,2026-03-12,"IRL DETRITUS SURVEY/REMOVAL",1,,1,1.59,0.80,0.00,,1,1,,1,,,,,,,,1,1,1,,,,,3,,,,,,,,,,,,,,,,,1,1,,,,,,,,11
398823,"Orange County, CA, USA","California, USA","United States",33.468660159575,-117.59311223232,land,saltwater,2026-03-12,"Frank Meinhold",1,,1,3.40,8.64,0.00,,,,2,1,2,1,,11,1,,1,5,,2,10,3,5,,,,,,,,2,4,,,,,,,,,4,20,1,,2,,,,,9,86
399209,"Los Angeles County, CA, USA","California, USA","United States",34.229435162159,-118.24614464378,land,inland,2026-03-12,,1,,1,0.00,0.00,0.00,,,,,,,,,,,,,,,,,,,,,,,,,,,,,,,,,,,,,,,,,,1,,,,1
399210,"Los Angeles County, CA, USA","California, USA","United States",34.3916641,-118.542586,land,freshwater,2026-03-12,,1,,1,0.05,1.69,0.00,,3,,,,,,2,5,1,,,,,,,,,,,,,,,,,,,,,,,,,,,,,,,,,,,,11
399211,"Fairfax County, VA, USA","Virginia, USA","United States",38.883564233717,-77.276411574613,land,inland,2026-03-12,RBH,1,,1,1.09,3.22,0.00,,,,,4,,4,,1,17,,,,,,5,,1,,,,,,,,,,1,,,,,,,,1,1,10,,,,,,,,45
399213,"Williamson County, TX, USA","Texas, USA","United States",30.6332618,-97.6779842,land,inland,2026-03-13,"Me, myself and I",1,,1,0.04,0.00,0.00,,,,,1,,1,,,,,1,,,,,,,,,,,,,,,,,,,,,,,,,,,,,,,,,5,8
399225,"Greater Bridgeport Planning Region, CT, USA","Connecticut, USA","United States",41.253772464591,-73.206894156795,land,inland,2026-03-13,"Trumbull cleanup",1,,1,0.44,4.01,0.00,,,1,,1,,,,,,,,,,,3,,,,,,,,,,,,,,1,,,,,,,4,,,,,,,,9,19
399226,"Orange County, CA, USA","California, USA","United States",33.4624921,-117.6804973,land,saltwater,2026-03-12,Project3R,2,,2,3.18,0.00,0.00,2,,,,,,,,,,,,,,,,,,,,,,,,,,,,,,,,,,,,,,,,,,,,,
399228,"Yolo County, CA, USA","California, USA","United States",38.5449065,-121.7405167,land,inland,2026-03-13,"putah creek council",1,,1,0.28,0.00,0.00,,,,,,,,,,,,,,,,,,,,,,,,,,,,,,,,,,,,,4,1,,,,,,,6,11
399229,"Palm Beach County, FL, USA","Florida, USA","United States",26.50482475661,-80.051933695454,land,saltwater,2026-03-13,bocasob,3,,3,0.11,0.45,0.00,,,,,,1,,,,,,,,,,1,,1,,,,,,,,,,,,,1,,,,1,,1,,,,,,,,22,28
399231,"Yolo County, CA, USA","California, USA","United States",38.5449065,-121.7405167,land,inland,2026-03-13,"putah creek council",1,,1,0.12,0.00,0.00,,,,,,,,,,4,,,,,,,,,,,,,,,,,,,,,,,,,,,1,1,,,,,,,2,8
399241,"San Mateo County, CA, USA","California, USA","United States",37.4635519,-122.4285862,land,saltwater,2026-03-14,Seahugger,1,,1,0.15,2.41,0.00,,,,,,,,4,1,11,,,1,,,4,2,1,1,,,,,,,,,,1,,,,,,1,1,1,5,,1,,,,,30,65
399243,"Tillamook County, OR, USA","Oregon, USA","United States",45.453470241876,-123.82453649265,land,inland,2026-03-14,SOLVE,2,,2,0.02,0.00,0.00,,,,,,,,,,,,,,,,1,,,,,,,,,,,,,1,,,,,,,,,,,,,,,,,2
399246,"Greater Bridgeport Planning Region, CT, USA","Connecticut, USA","United States",41.259525837415,-73.204875849256,land,inland,2026-03-14,"Trumbull cleanup",1,,1,2.71,0.04,0.00,,,3,1,9,6,,,2,1,,1,,,,7,1,3,,,,,,,,,,,1,7,2,,,,2,,8,8,,,,,,,1,63
399247,"Miami-Dade County, FL, USA","Florida, USA","United States",25.693713,-80.1628248,land,saltwater,2026-03-12,,1,,1,3.40,0.00,0.00,1,,,,,,,,,,,,,,,,,,,,,,,,,,,,,,,,,,,,,,,,,,,,,
399257,"Erie County, NY, USA","New York, USA","United States",42.938160950337,-78.892935108356,land,inland,2026-03-14,"BNW-Believe in Black Rock -BNWaterkeeper",1,,1,3.74,0.01,0.00,,,1,2,13,12,3,2,10,30,,,3,,,6,3,2,1,,1,,1,,,,,,,1,,1,,,,,6,4,1,1,,1,,,9,114
399264,"Miami-Dade County, FL, USA","Florida, USA","United States",25.67118622,-80.15463738,land,saltwater,2026-03-14,"true north",2,,2,2.27,0.00,0.00,1,,,,,,,,,,,,,,,,,,,,,,,,,,,,,,,,,,,,,,,,,,,,,
399270,"Volusia County, FL, USA","Florida, USA","United States",29.0183118,-81.3005974,land,inland,2026-03-14,"Ivy Hawn Leadership League",29,,29,41.96,0.00,0.00,12,,,,,,,,,,,,,,,,,,,,,,,,,,,,,,,,,,,,,,,,,,,,,
399275,"Miami-Dade County, FL, USA","Florida, USA","United States",25.715452682505,-80.151287829434,land,inland,2026-03-14,barbon,3,,3,5.92,0.02,0.00,,1,5,,,1,7,6,8,4,2,8,,1,1,2,2,4,2,4,,,3,,,,,,,1,,,,,,,,,,,,,,,2,64
399276,"Orange County, CA, USA","California, USA","United States",33.640063553068,-117.9759488405,land,inland,2026-03-14,"Sheridan and Leah",1,,1,1.81,0.00,0.00,2,,,,,,,,,,,,,,,,,,,,,,,,,,,,,,,,,,,,,,,,,,,,,
399277,"San Mateo County, CA, USA","California, USA","United States",37.631556714952,-122.49404601052,land,saltwater,2026-03-14,PBC,1,,1,3.12,0.82,0.00,,,,2,4,1,3,3,12,47,,,1,,,3,1,2,2,3,,,,,,,2,3,,3,,,,1,,,3,3,,1,,2,,,12,114
399293,"Sevier County, TN, USA","Tennessee, USA","United States",35.803620230002,-83.572818988747,land,freshwater,2026-03-07,"Ocean Connections",24,,24,278.96,0.00,0.00,41,,,,,,,,,,,,,,,,,,,,,,,,,,,,,,,,,,,,,,,,,,,,,
399295,"Yolo County, CA, USA","California, USA","United States",38.5449065,-121.7405167,land,inland,2026-03-14,DPIUil,1,,1,14.72,0.00,0.00,,,5,,,3,1,,6,16,2,11,5,2,,14,6,3,2,,,,4,,,,,,1,1,,,,1,1,,77,77,,,,5,,,41,284
399296,"Scott County, IA, USA","Iowa, USA","United States",41.540905507518,-90.499848880656,land,inland,2026-03-14,"Dwayne Tank",1,,1,6.80,0.00,0.00,1,,,,,,,,,,,,,,,,,,,,,,,,,,,,,,,,,,,,,,,,,,,,,
399297,"Yolo County, CA, USA","California, USA","United States",38.5449065,-121.7405167,land,inland,2026-03-14,DPIU,1,,1,34.02,0.00,0.00,10,,,,,,,,,,,,,,,,,,,,,,,,,,,,,,,,,,,,,,,,,,,,,
399301,"Miami-Dade County, FL, USA","Florida, USA","United States",25.739975677173,-80.309330849382,land,inland,2026-03-14,,1,,1,5.87,0.29,0.00,,12,22,2,14,4,2,24,26,2,1,17,3,1,6,28,12,7,10,,,,1,,4,,1,6,17,1,,,,2,2,1,4,26,,,,,,,5,263
399304,"Monterey County, CA, USA","California, USA","United States",36.611575916147,-121.85788734397,land,saltwater,2026-03-14,"Snowy Plover Guardians",1,,1,1.45,0.80,0.00,,,,1,1,2,,,,1,1,,,,,1,1,,,,,,,,,,,1,,,,,,1,,1,,10,,,1,,,,5,27
399305,"Alameda County, CA, USA","California, USA","United States",37.675675833598,-121.7859288957,land,freshwater,2026-03-09,"Friends of the arroyos 6",1,,1,3.49,0.16,0.00,,4,,2,,6,,,,,,,,,,,,,,,,,2,,,,3,,,,,,,2,,,1,,,,,,,,,20
399306,"Alameda County, CA, USA","California, USA","United States",37.675869204104,-121.78606342524,land,freshwater,2026-03-14,"Friends of the arroyos 6",1,,1,6.21,0.97,0.00,,3,2,,,5,,,,,,,,,1,9,,,1,,,,2,,,1,4,5,2,14,,9,,3,,,6,,,,,4,,,,71
399307,"New York County, New York, NY, USA","New York, USA","United States",40.763235392752,-73.970714476232,land,inland,2026-03-14,,1,,1,0.45,1.38,0.00,,2,1,,1,,2,,,,,3,,,,3,2,,1,,,,,,,,,,,,,,,,,,,5,,,,,,,,20
399308,"Fairfax County, VA, USA","Virginia, USA","United States",38.885124224245,-77.275028937815,land,inland,2026-03-14,RBH,1,,1,0.45,4.02,0.00,,,1,,4,2,2,1,4,4,,1,,,,23,1,,1,,,,,,,,,1,1,1,,,,,1,4,12,12,,,,,,,,76
399310,"Alameda County, CA, USA","California, USA","United States",37.764126959958,-122.27334517544,land,saltwater,2026-03-14,"HRS cleanup",5,,5,2.07,9.09,0.00,,,2,,,1,,,5,1,3,,,,,5,,2,,,,,1,,,,,,,,,,,,1,2,,,,,1,,,,16,40
399311,"King County, WA, USA","Washington, USA","United States",47.53098665358,-122.39280625347,land,saltwater,2026-03-14,,2,,2,6.81,0.82,0.00,,,1,1,1,,2,2,7,,,,2,,1,8,,1,,6,,,2,,,2,,1,,,,,2,,,,5,7,,,,,1,,56,108
399312,"Palm Beach County, FL, USA","Florida, USA","United States",26.371791271323,-80.092550892045,land,inland,2026-03-14,"Bocasob- Dmoon",1,,1,2.28,4.42,0.00,,6,4,1,9,9,1,4,5,18,5,10,9,4,3,42,4,5,2,,,,,,,4,,,,,2,1,,2,3,,,4,,,,,,1,14,172
399314,"Miami-Dade County, FL, USA","Florida, USA","United States",25.671197250374,-80.154618389904,land,saltwater,2026-03-14,"True North",2,,2,1.46,1.43,0.00,,1,2,1,,,,17,,8,1,,,,,3,,,3,1,,,,,,,,1,1,,,,2,1,,,,3,,1,,,,,149,195
399315,"Hancock County, MS, USA","Mississippi, USA","United States",30.282678132994,-89.369363935361,land,saltwater,2026-03-14,"NHS Ocean Science Club",11,,11,28.57,0.13,0.00,,15,5,6,21,5,,46,62,390,6,1,4,,,150,12,29,9,3,2,,5,,,,4,26,2,9,2,,,29,32,13,80,75,,1,,1,1,1,501,1548
399316,"Broward County, FL, USA","Florida, USA","United States",26.24638797,-80.08946796,land,saltwater,2026-03-15,Broward,1,,1,0.91,0.00,0.00,1,,,,,,,,,,,,,,,,,,,,,,,,,,,,,,,,,,,,,,,,,,,,,
399317,"San Mateo County, CA, USA","California, USA","United States",37.5027185,-122.4694214,land,saltwater,2026-03-13,,1,,1,0.91,0.00,0.00,1,,,,,,,,,,,,,,,,,,,,,,,,,,,,,,,,,,,,,,,,,,,,,
399325,"Greater Bridgeport Planning Region, CT, USA","Connecticut, USA","United States",41.253241494695,-73.206586279562,land,inland,2026-03-15,"Trumbull cleanup",1,,1,0.96,3.44,0.00,,,,,,,,,,,,,1,,,1,,,,,,,,,,1,,,,,,,,,,,6,9,,,,,,,10,28
399326,"San Diego County, CA, USA","California, USA","United States",32.75181045672,-117.2678519721,land,inland,2026-03-15,JP,1,,1,3.93,2.05,0.00,,,4,,1,3,1,3,1,26,,2,2,,,11,5,4,,,,,,,,,,,,,,1,,,5,,22,36,,,,,,1,,128
399327,"Alameda County, CA, USA","California, USA","United States",37.49428802,-121.91795817,land,inland,2026-03-15,Monkeys,3,,3,5.02,0.01,0.00,,2,2,,2,5,2,3,3,6,2,,,,4,2,4,1,1,,1,,1,,,53,,3,,5,,,,,,,1,1,,,,1,,,40,145
399328,"Fairfax, VA, USA","Virginia, USA","United States",38.849459167329,-77.306318460232,land,inland,2026-02-28,"ENV 121",1,,1,0.91,0.00,0.00,1,,,,,,,,,,,,,,,,,,,,,,,,,,,,,,,,,,,,,,,,,,,,,
399329,"Washington, DC, USA","Washington, DC, USA","United States",38.9096936,-77.043339,land,inland,2026-03-05,"ENV 121",1,,1,0.91,0.00,0.00,1,,,,,,,,,,,,,,,,,,,,,,,,,,,,,,,,,,,,,,,,,,,,,
399330,"Fairfax, VA, USA","Virginia, USA","United States",38.849459167329,-77.306318460232,land,inland,2026-03-06,"ENV 121",1,,1,0.91,0.00,0.00,1,,,,,,,,,,,,,,,,,,,,,,,,,,,,,,,,,,,,,,,,,,,,,
399331,"Fairfax, VA, USA","Virginia, USA","United States",38.849459167329,-77.306318460232,land,inland,2026-03-09,"ENV 121",1,,1,0.91,0.00,0.00,1,,,,,,,,,,,,,,,,,,,,,,,,,,,,,,,,,,,,,,,,,,,,,
399332,"Yolo County, CA, USA","California, USA","United States",38.5449065,-121.7405167,land,inland,2026-03-15,"putah creek council",1,,1,0.14,0.00,0.00,,,2,,,,,,1,1,,,,,,,,,,,,,,,,,,,,,,,,,,,1,1,,,,,,,4,10
399333,"Los Angeles County, CA, USA","California, USA","United States",34.0091764,-118.4976285,land,saltwater,2026-03-15,,2,,2,2.09,0.40,0.00,,,6,3,20,11,,6,20,30,,,10,,,11,20,10,3,,,,,,,,,,,,,,,,1,1,1,,,,,5,,,,158
399336,"Los Angeles County, CA, USA","California, USA","United States",33.755863587036,-118.11354131779,land,saltwater,2026-03-15,"Little ship yacht Club",1,,1,8.37,1.31,0.00,,,6,2,7,1,,,14,5,2,,2,1,,8,3,5,6,,10,,1,,,3,2,,,,,,,,,,4,,,,,,,,49,131
399339,"Ventura County, CA, USA","California, USA","United States",34.220232640318,-118.90047155546,land,inland,2026-03-15,,2,,2,0.60,0.27,0.00,,2,,1,6,,,,,1,1,,2,,,3,,,,,,,,,,,,,,1,,,,,,,,,,,,,,,,17
399341,"Suffolk County, NY, USA","New York, USA","United States",40.74429990916,-73.1422925836,land,inland,2026-03-15,STGSB,65,,65,340.19,8.05,0.00,,6,8,,,,,,,,,,,,,,,,,,,,,,,,,,,,,,,,,,,,,,,,,,,14
399342,"Suffolk County, NY, USA","New York, USA","United States",40.7574672,-73.067196,land,inland,2026-03-15,STGSB,65,,65,340.65,0.00,0.00,98,,,,,,,,,,,,,,,,,,,,,,,,,,,,,,,,,,,,,,,,,,,,,
399343,"Lorain County, OH, USA","Ohio, USA","United States",41.08611375,-82.26011013,land,,2026-03-15,,2,,2,6.80,0.00,0.00,1,,,,,,,,,,,,,,,,,,,,,,,,,,,,,,,,,,,,,,,,,,,,,
399344,"Los Angeles County, CA, USA","California, USA","United States",34.105955257291,-118.0323917468,land,inland,2026-03-15,"Maribel Muro",1,,1,0.59,8.27,0.00,,,1,,2,,,,1,,,,,,,,,,,,,,,,,,,,,,,,,,,,,,,,,,,,,4
399345,"Ventura County, CA, USA","California, USA","United States",34.2469106,-119.2678716,land,saltwater,2026-03-15,"team maddy & Auggie",4,,4,1.81,0.00,0.00,2,,,,,,,,,,,,,,,,,,,,,,,,,,,,,,,,,,,,,,,,,,,,,
399346,"Palm Beach County, FL, USA","Florida, USA","United States",26.386386117728,-80.077936983416,land,inland,2026-03-15,"Bocasob- Dmoon",1,,1,2.44,0.09,0.00,,2,1,6,15,5,,4,3,7,,3,4,2,,7,4,5,1,,,,,,,,1,,,,,,,2,2,,,2,,,,1,,,2,79
399347,"Santa Clara County, CA, USA","California, USA","United States",37.43980277,-122.15132304,land,inland,2026-03-15,"The pierres",2,,2,3.95,4.74,0.00,,5,2,10,3,15,11,9,2,252,,,2,,1,42,4,2,5,,,,,,,,,,,,,1,,,,,,,,1,2,1,,,156,526
399348,"Alameda County, CA, USA","California, USA","United States",37.673981809057,-121.77869690582,land,freshwater,2026-03-16,"Friends of the arroyos 5",1,,1,2.32,2.98,0.00,,4,3,1,,,,,,,,,1,1,3,1,,,,,,,,,,,5,,,6,,,,1,,1,3,,,,,,,,,30
399349,"Santa Cruz County, CA, USA","California, USA","United States",36.957945847427,-121.88694090037,land,saltwater,2026-03-16,"sheri and steve",2,,2,0.91,0.00,0.00,1,,,,,,,,,,,,,,,,,,,,,,,,,,,,,,,,,,,,,,,,,,,,,
399354,"Wake County, NC, USA","North Carolina, USA","United States",35.647638470492,-78.703675780229,land,inland,2026-03-06,Wake_BigSweep_WakeTechSouth,32,,32,34.02,3.22,0.00,3,7,47,5,63,25,,2,21,40,21,20,39,11,35,118,22,16,12,7,,1,15,2,1,5,,4,1,4,2,2,,16,15,4,51,31,2,,,,,,214,881
399482,"Yolo County, CA, USA","California, USA","United States",38.5449065,-121.7405167,land,inland,2026-03-16,"putah creek council",1,,1,0.46,0.00,0.00,,,2,,,,,,,,,,,,,,,,,,,,,,,,,,,,,,,,,,1,6,,,,,,,,9
399484,"Santa Barbara County, CA, USA","California, USA","United States",34.402707347969,-119.69786339942,land,saltwater,2026-03-16,,1,,1,3.80,1.34,0.00,,,,2,4,,,2,1,,,,,2,,4,,1,1,,,,1,,,1,,,,4,,1,,,,1,8,9,,,,,,,14,56
399485,"San Diego County, CA, USA","California, USA","United States",32.683026477453,-117.23731432742,land,saltwater,2026-03-16,"Laudato si",1,,1,1.25,0.00,0.00,,,,,,,,,,,,,,,,,,,,,,,1,,,1,,,,,,,,,,,,,,,,,,,,2
399486,"Westchester County, NY, USA","New York, USA","United States",41.241992959089,-73.684604564986,land,freshwater,2026-03-16,"Louis Engel Waterfront",20,,20,0.72,0.01,0.00,,,,3,,1,,1,2,3,,,,,,,,,,,,,,,,,,,,,,,,,,,,,,,,,,,,10
399487,"Los Angeles County, CA, USA","California, USA","United States",34.0091764,-118.4976285,land,saltwater,2026-03-16,,2,,2,7.62,0.80,0.00,,,6,2,16,12,2,,23,7,6,11,8,4,7,13,4,8,6,,6,,,,,3,1,3,,4,2,,,1,3,,17,4,,2,1,,,,6,188
399489,"Kleberg County, TX, USA","Texas, USA","United States",27.54652250836,-97.245471905482,land,saltwater,2026-02-28,"Friends of Padre - Big Shell Cleanup",1100,,1100,"22,679.62",48.28,0.00,,,,,,,,,,,,,,,,,,,,,,,,,,,,,,,,,,,,,,,,,,,,,,
399490,"Ventura County, CA, USA","California, USA","United States",34.220232640318,-118.90047155546,land,inland,2026-03-15,,1,,1,0.36,4.83,0.00,,1,,1,4,,,,,1,1,,2,,,,,,,,,,,,,,,,,,,,,,,,,,,,,,,,,10
399491,"Ventura County, CA, USA","California, USA","United States",34.1761133,-118.8487793,land,inland,2026-03-15,,1,,1,3.40,0.00,0.00,1,,,,,,,,,,,,,,,,,,,,,,,,,,,,,,,,,,,,,,,,,,,,,
399493,"Tillamook County, OR, USA","Oregon, USA","United States",45.570547906818,-123.95642125354,land,saltwater,2026-03-16,SOLVE,4,,4,0.01,0.36,0.00,,,,,,,,,1,,1,,,,,,1,,,,,,,,,,,,,,,,,,,,,,,,,,,,2,5
399495,"Greater Bridgeport Planning Region, CT, USA","Connecticut, USA","United States",41.260437059526,-73.213253378749,land,inland,2026-03-17,"Trumbull cleanup",1,,1,0.36,0.19,0.00,,,7,,,,,,,,,,1,,,1,,,,,,,,,,,,,,,,,,,,,,4,,,,1,,,2,16
399497,"Cuyahoga County, OH, USA","Ohio, USA","United States",41.37908713,-81.87274918,land,inland,2026-03-17,,1,,1,0.46,0.00,0.00,,,,,3,6,,,,,,,,2,,,,,6,,,,,,,,,2,,,,,1,,,,,,,,,,,,,20
399498,"Yolo County, CA, USA","California, USA","United States",38.5449065,-121.7405167,land,inland,2026-03-17,"putah creek council",1,,1,0.87,0.00,0.00,,,3,,,,,,,,,,,,,1,,,,,,,,,,,,,,,,,,,,,7,7,,,,,,,6,24
399499,"Barnstable County, MA, USA","Massachusetts, USA","United States",41.70483077,-70.37752203,land,freshwater,2026-03-17,"Save The Bay",3,,3,4.30,0.08,0.00,,2,6,2,3,25,3,4,5,16,,,,5,2,10,3,4,2,,,,,,,,,,,4,,,,3,3,,7,4,,,6,,,,13,132
399500,"Contra Costa County, CA, USA","California, USA","United States",37.915738462641,-122.32509343268,land,inland,2026-03-14,"The Watershed Project",26,6,32,25.85,0.80,0.00,6,5,5,5,8,9,,4,2,41,2,3,1,,3,90,4,2,2,,,,1,,,8,1,3,,11,,2,,,13,1,58,30,,2,,5,,,,321
399501,"Orange County, FL, USA","Florida, USA","United States",28.586692829496,-81.319923437137,land,inland,2026-03-17,KWPB,1,,1,2.82,1.15,0.00,,,,,,,1,,3,,,2,1,1,,4,,,,1,,,1,,,1,,,,2,,,,,,,7,5,,,,,,,7,36
399502,"Humboldt County, CA, USA","California, USA","United States",40.9953151,-124.11394643,land,saltwater,2026-03-17,"Beach Coalition cleanup",1,,1,11.29,2.09,0.00,,2,4,2,3,6,2,1,7,17,7,5,2,3,2,7,,5,3,,,,,1,,,2,3,,,,,2,1,,,2,6,,,,1,,,10,106
399503,"Fairfax County, VA, USA","Virginia, USA","United States",38.885100536248,-77.27384676326,land,inland,2026-03-17,RBH,1,,1,0.82,4.18,0.00,,4,3,,2,3,8,1,3,7,,,,,,8,4,1,1,,,,,,,1,,,1,,1,,,,,1,15,12,,,,,,,,76
399511,"Los Angeles County, CA, USA","California, USA","United States",34.16164039,-118.09761539,land,inland,2026-03-18,,1,,1,6.80,0.00,0.00,1,,,,,,,,,,,,,,,,,,,,,,,,,,,,,,,,,,,,,,,,,,,,,
399517,"Greater Bridgeport Planning Region, CT, USA","Connecticut, USA","United States",41.257954588956,-73.21118142044,land,inland,2026-03-18,"Trumbull cleanup",1,,1,0.24,0.13,0.00,,,2,,,1,,,,,,,,,,3,,,,,,,,,,1,,,,,,,,,,,,2,,,,,,,16,25
399518,"Williamson County, TX, USA","Texas, USA","United States",30.6332618,-97.6779842,land,inland,2026-03-18,"Me, myself and I",1,,1,0.05,0.00,0.00,,,1,,1,,,,,,,,,,,1,1,,,,,,,,,,,1,,,,,,,,,,,,,,,,,3,8
399519,"Yolo County, CA, USA","California, USA","United States",38.5449065,-121.7405167,land,inland,2026-03-18,"putah creek council",1,,1,0.56,0.00,0.00,,,3,,,,,1,1,,,,,,,,,,,,,,,,,,,,,,,,,,,,5,4,,,,,,,4,18
399520,"Baltimore, MD, USA","Maryland, USA","United States",39.285163762087,-76.6077168903,land,saltwater,2026-02-21,"National Aquarium Weekly Harbor Wetland Cleanup- February 21",4,,4,36.29,0.40,0.00,4,22,16,1,45,5,,5,65,55,,,17,,2,80,28,42,5,,,,,,2,89,,,1,,,,,,61,,72,31,,,,12,,1,900,1557
399521,"Baltimore, MD, USA","Maryland, USA","United States",39.285263418256,-76.607684744976,land,saltwater,2026-02-28,"National Aquarium Weekly Harbor Wetland Cleanup- February 28",4,,4,45.36,0.40,0.00,5,35,26,4,95,18,,23,170,125,3,8,70,20,21,120,50,42,17,1,,,2,,3,92,11,,3,,,,2,,160,,78,114,5,,,9,1,,1660,2988
399522,"Erie County, NY, USA","New York, USA","United States",42.971725393845,-78.632738573204,land,inland,2026-03-18,lol,1,,1,0.26,0.00,0.00,,,,1,1,,,1,,,,,,,,,,,,,,,,,,,,,,,,,,,,,,,,,,,,,,3
399523,"Baltimore, MD, USA","Maryland, USA","United States",39.243027350229,-76.594384468428,land,inland,2026-03-18,"Community shoreline cleanup",3,,3,7.71,0.00,0.00,,5,5,,10,3,,,5,,,,,,,30,,3,,,,,,,,,,,,,,,,,8,,,50,,,,,,,100,219
399525,"Broward County, FL, USA","Florida, USA","United States",26.241229702123,-80.174327536948,land,saltwater,2026-03-10,Broward,5,,5,0.44,0.00,0.00,,2,2,1,1,,,,,,,,,,,,,,,,,,,,,,,,1,1,,,,,,,,,,,,,,,,8
399526,"Fairfax County, VA, USA","Virginia, USA","United States",38.885180060788,-77.275170525608,land,inland,2026-03-18,RBH,1,,1,0.18,2.09,0.00,,,1,1,,,,,3,3,,,,,,9,,,,,,,,,,,1,5,,,,,,,,,1,3,,,,,,,,27
399527,"Palm Beach County, FL, USA","Florida, USA","United States",26.384894741146,-80.068151209744,land,saltwater,2026-03-18,"Green dat",4,,4,0.77,0.26,0.00,,1,7,2,1,1,1,,4,,2,2,2,2,1,2,,7,2,,,,,,,,,,,,,,,,,,,,,,,,,,25,62
399542,"Palm Beach County, FL, USA","Florida, USA","United States",26.385183614756,-80.068077781129,land,saltwater,2026-03-18,"green day",4,,4,6.67,0.04,0.00,,4,9,8,7,8,6,4,7,8,8,10,7,2,3,3,2,3,2,4,3,,,,4,2,3,4,,,,,,,,,,,,,,,,,,121
399543,"Palm Beach County, FL, USA","Florida, USA","United States",26.385226995251,-80.067871436498,land,saltwater,2026-03-18,Broward,4,,4,1.41,3.38,0.00,,1,,,,,,,3,4,,,,,,,,,,,,,,,,1,,,,,,,,,,,1,1,,,,,,,7,18
399547,"Palm Beach County, FL, USA","Florida, USA","United States",26.383474549912,-80.06667905912,land,saltwater,2026-03-18,"Green Day",4,,4,1.45,0.00,0.00,,5,9,2,10,5,,27,3,,1,,1,2,4,,1,,1,,,,,,1,,1,,1,1,,,,1,,,,,,,,,,,1,77
399551,"Greater Bridgeport Planning Region, CT, USA","Connecticut, USA","United States",41.260019391629,-73.213393694743,land,inland,2026-03-19,"Trumbull cleanup",1,,1,0.22,1.98,0.00,,,1,,,1,,,,,,,,,,1,,,,,,,,,,,,,,,,,,,,,1,2,,,,,,,13,19
399552,"Miami-Dade County, FL, USA","Florida, USA","United States",25.75077065,-80.14596223,land,saltwater,2026-03-19,MUVE,1,,1,4.17,0.05,0.00,,,13,,,,,,58,,,2,2,,1,21,3,2,1,4,,,,,,,,,,1,,,1,,1,2,17,,,,,1,,,28,158
399553,"Miami-Dade County, FL, USA","Florida, USA","United States",25.785371157286,-80.187715930423,land,saltwater,2026-03-18,MUVE,2,,2,6.21,0.00,0.00,,,4,,,,1,1,19,,,,1,1,,2,,3,4,3,,,3,,,,,,1,,,,,,1,1,15,,,,,,,,28,88
399554,"New Castle County, DE, USA","Delaware, USA","United States",39.758476837542,-75.549088569959,land,inland,2026-03-15,"Brandywine Zoo Monthly Litter Getters- March",7,,7,11.34,0.40,0.13,1,,12,4,26,1,,3,37,229,,7,7,,16,81,4,36,7,1,,,22,,,,,4,3,2,3,,3,3,26,9,79,50,,,,2,,,93,770
399557,"Miami-Dade County, FL, USA","Florida, USA","United States",25.610633995931,-80.308928881641,land,saltwater,2026-03-19,,2,,2,58.63,0.24,0.00,,3,4,1,2,,4,3,,,,1,2,,,2,,,2,,,1,,,,,,1,,,,,,,,,,2,,,,2,,,2,32
399558,"Yolo County, CA, USA","California, USA","United States",38.5449065,-121.7405167,land,inland,2026-03-19,"putah creek council",1,,1,0.44,0.00,0.00,,,2,,,,,,,,,,,,,1,,,,,,,,,,,,,,,,,,,,,4,3,,,,,,,,10
399560,"Baltimore, MD, USA","Maryland, USA","United States",39.285412892838,-76.607749117992,land,saltwater,2026-03-07,"National Aquarium Weekly Harbor Wetland Cleanup- March 7",1,,1,36.29,0.40,0.00,4,18,14,,22,7,,4,45,25,,,20,11,15,50,13,19,,,,,,,1,65,,,,,,,,,31,,35,28,,,,8,,,440,871
399561,"Baltimore, MD, USA","Maryland, USA","United States",39.285412892838,-76.607749117992,land,saltwater,2026-03-14,"National Aquarium Weekly Harbor Wetland Cleanup- March 14",1,,1,54.43,0.40,0.00,6,73,90,4,115,33,,22,275,100,12,12,60,1,15,225,78,128,26,1,,,,,4,53,19,,3,5,,,1,,380,,24,12,7,,,22,3,1,1800,3604
399562,"Whatcom County, WA, USA","Washington, USA","United States",48.756472094941,-122.49148173531,land,saltwater,2026-03-19,"Dots on a Pale Blue",1,,1,18.78,0.21,0.00,,8,8,3,5,3,1,6,,20,3,2,2,,,26,,,2,,28,,,,,,,1,,,,2,,,4,,16,7,,,,,1,,36,184
399563,"Los Angeles County, CA, USA","California, USA","United States",34.060651981304,-118.12457646254,land,inland,2026-03-19,"Clean swell",1,,1,0.02,0.00,0.00,,,,,1,,,,,,,,,,,,,,,,,,,,,,,,,,,,,,,,,,,,,,,,,1
399564,"San Diego County, CA, USA","California, USA","United States",32.683487990852,-117.23668976317,land,saltwater,2026-03-19,"Laudato si",1,,1,4.54,0.16,0.00,,,,,1,,,,,,,1,,,,,1,,,,,,1,,,,,,,,,,1,,,,,,,,,,,,2,7
399565,"Los Angeles County, CA, USA","California, USA","United States",34.05978612251,-118.14192109955,land,inland,2026-03-19,"Haofeng’s Cleanup",1,,1,0.11,0.80,0.00,,5,,,,,2,,,10,,1,2,1,,,1,2,,,,,,,,,,,,,,,,,,,,,,,,,,,,24
399566,"Los Angeles County, CA, USA","California, USA","United States",34.145230911063,-118.11690961972,land,inland,2026-03-19,,1,,1,2.40,2.41,0.00,,4,6,5,1,2,3,2,2,3,2,2,1,7,2,2,2,1,3,1,,,,,,,,,4,,1,,,,,,,,,1,1,,,,,58
399569,"Williamson County, TX, USA","Texas, USA","United States",30.6332618,-97.6779842,land,inland,2026-03-20,"Me, myself and I",1,,1,0.30,0.00,0.00,,,,,2,,,,,,,,,,1,,,,,,,,,,,,,,,,,,,,,1,,,,,,,,,3,7
399570,"San Mateo County, CA, USA","California, USA","United States",37.471124157897,-122.44583481544,land,saltwater,2026-03-19,ff,1,,1,0.56,3.29,0.00,,,,,,1,,,1,,,,,,,2,1,2,,1,,,,,,,,,,,,,,,,,,1,,,,,,,6,15
399572,"Galveston County, TX, USA","Texas, USA","United States",29.290969704071,-94.798385624011,land,inland,2026-03-20,,1,,1,2.49,0.00,0.00,,1,,1,6,6,,,2,20,,,,1,,5,1,2,3,,,,1,,,1,,4,,1,1,,,,,,4,4,,,,1,,,,65
399575,"San Mateo County, CA, USA","California, USA","United States",37.5027185,-122.4694214,land,saltwater,2026-03-20,,1,,1,0.91,0.00,0.00,1,,,,,,,,,,,,,,,,,,,,,,,,,,,,,,,,,,,,,,,,,,,,,
399580,"Middlesex County, NJ, USA","New Jersey, USA","United States",40.4917725,-74.2732014,land,freshwater,2026-03-20,"Joshua from Hatikvah Eco Youth's Raritan River Cleanup",1,,1,7.12,0.80,0.00,,2,5,2,18,8,6,12,1,2,5,5,6,5,11,11,,3,,3,,,,,2,1,1,2,,,,3,1,,,2,,,,,,,,,5,122
399581,"Greater Bridgeport Planning Region, CT, USA","Connecticut, USA","United States",41.263253116901,-73.206441756096,land,inland,2026-03-20,"Trumbull cleanup",1,,1,1.18,0.05,0.00,,,3,1,,2,,,,2,,,1,,,,,,,,,,,,,,,,1,1,,,,,,,5,7,,,,,,,7,30
399583,"Santa Rosa County, FL, USA","Florida, USA","United States",30.380960983035,-86.86152327591,land,saltwater,2026-02-07,"Navarre Beach Sea Turtle Conservation Center with Audubon Florida Coastal Team",20,,20,7.32,3.22,0.00,10,12,,1,5,5,,,69,500,,,4,,9,35,6,5,,6,,,1,,,,,,1,,,,,,,7,,135,,,,,,,181,982
399584,"Santa Rosa County, FL, USA","Florida, USA","United States",30.380960983035,-86.86152327591,land,saltwater,2026-02-21,"Navarre Beach Sea Turtle Conservation Center with Hurlburt Med Group",14,,14,11.25,1.61,0.00,9,5,,1,20,12,,,31,150,,,16,2,15,56,18,16,5,5,,,,,,,,,5,,,,,,,6,,73,,,,,,,39,475
399585,"Santa Rosa County, FL, USA","Florida, USA","United States",30.380960983035,-86.86152327591,land,saltwater,2026-02-28,"Navarre Beach Sea Turtle Conservation Center monthly Trash Bash",20,,20,18.18,3.22,0.00,10,20,,3,14,16,,,46,500,,,23,10,13,150,18,34,8,11,,,,,,,,,4,,,,,,,12,,148,,,1,,,,215,1246
399587,"Volusia County, FL, USA","Florida, USA","United States",28.885483333333,-80.794231666667,land,inland,2026-03-20,"Canaveral national seashore",1,,1,7.74,10.92,0.00,,,6,,3,5,3,5,26,1,2,,2,,,3,,13,6,2,2,,2,,1,4,3,2,3,,,,3,,3,4,11,3,,1,,,1,,,120
399588,"Los Angeles County, CA, USA","California, USA","United States",34.160884330049,-118.14805073664,land,inland,2026-03-20,,1,,1,0.26,0.09,0.00,,2,,1,,,,3,,3,,1,,,,,,,,,,,,,,,,,,,,,,,,,,,,,,,,,,10
399589,"San Mateo County, CA, USA","California, USA","United States",37.5027185,-122.4694214,land,saltwater,2026-03-20,,1,,1,0.91,0.00,0.00,1,,,,,,,,,,,,,,,,,,,,,,,,,,,,,,,,,,,,,,,,,,,,,
399590,"Fairfax County, VA, USA","Virginia, USA","United States",38.885182954618,-77.27385151583,land,inland,2026-03-20,RBH,1,,1,0.23,4.02,0.00,,,,,,2,2,,6,13,,1,1,,,7,,1,1,,,,,,,,,,,,,,,,,,15,55,,,,,,,,104
399591,"Los Angeles County, CA, USA","California, USA","United States",34.101566642557,-118.0470925464,land,inland,2026-03-20,"Nicoles clean up",1,,1,0.45,1.22,0.00,,2,8,,2,,3,2,2,7,1,1,,,3,13,1,8,3,,,,,,,,,,,,,,,,,,,,,,,,,,,56
399593,"Orange County, CA, USA","California, USA","United States",33.741918170508,-118.11396170878,land,saltwater,2026-03-20,,1,,1,6.29,0.01,0.00,,1,8,9,8,6,6,2,40,3,,7,13,,15,1,9,22,1,,,,,,2,,1,,,,,,,,5,,7,39,,,,,,,7,212
399594,"Hawaii County, HI, USA","Hawaii, USA","United States",19.94773082129,-155.86649204016,land,saltwater,2026-03-15,ihs,2,,2,2.50,0.14,0.00,,,,1,,1,,,2,,,,,,,,,,1,,,,1,,,,,,,1,,,1,,,2,4,,,,,,,,51,65
399595,"Miami-Dade County, FL, USA","Florida, USA","United States",25.747531649209,-80.360698011654,land,inland,2026-03-20,rms,10,,10,3.38,0.05,0.00,,50,70,2,,,,,,,,,40,,,100,,,,,,,,,,,,,,,,,,,,,,,,,,,,,,262
399596,"Los Angeles County, CA, USA","California, USA","United States",34.188124258071,-118.13135088421,land,inland,2026-03-20,,1,,1,5.86,12.05,0.00,,3,4,6,6,3,,5,,5,3,2,3,6,6,1,5,,4,,,,3,,1,,1,,,,,,,,1,,,,,,,1,,,,69
399597,"Los Angeles County, CA, USA","California, USA","United States",34.103714330308,-118.23690086458,land,inland,2026-03-20,,1,,1,9.67,0.06,0.00,,,7,1,2,1,,9,28,,4,17,5,1,5,102,2,5,7,,,,2,,,2,1,7,28,2,,1,,3,3,6,17,30,,,,1,,,,299
399599,"Williamson County, TX, USA","Texas, USA","United States",30.688586766467,-97.683567949658,land,inland,2026-03-20,"GSS TRISHIA HYDEN",1,,1,3.72,0.06,0.00,,5,3,8,7,7,,4,3,6,3,3,,3,,5,6,8,,,,,1,,1,,,2,,,,,,2,1,,,,,,,,,,,78
399600,"Del Norte County, CA, USA","California, USA","United States",41.74529195,-124.17900851,land,saltwater,2026-03-20,"Beach Coalition cleanup",1,,1,3.61,0.31,0.00,,2,2,7,4,5,3,2,9,19,1,9,1,3,1,6,,7,2,,,,,,,,3,,,2,,,2,,,,,2,,,1,3,,1,9,106
399601,"Broward County, FL, USA","Florida, USA","United States",25.995176197253,-80.125799652844,land,inland,2026-03-20,"Little Earth Hero",1,,1,1.67,0.04,0.00,,3,13,,3,2,,,3,5,7,,3,,,14,1,1,1,,,,,,1,,,,7,,1,,,,1,,,17,,,,,,,16,99
399602,"Yolo County, CA, USA","California, USA","United States",38.5449065,-121.7405167,land,inland,2026-03-20,"putah creek council",1,,1,0.82,0.00,0.00,,,2,,,1,,1,1,,,,,,,1,,,,,,,,,,,,,,,,,,,,,6,7,,,,,,,9,28
399604,"San Diego County, CA, USA","California, USA","United States",32.68703148669,-117.2336136843,land,saltwater,2026-03-20,"Laudato si",1,,1,11.34,0.16,0.00,,1,,,3,6,,,3,,,2,,,,,5,1,,1,,,4,,,2,1,,,1,,,2,,,,,3,,,,,,,4,39
399606,"Los Angeles County, CA, USA","California, USA","United States",34.163716000334,-118.30851786114,land,saltwater,2026-03-20,,1,,1,77.30,0.00,0.00,,12,4,,4,,,3,,,,1,,,,,3,,,,,1,,2,1,1,1,1,1,1,,2,1,,1,1,,,,,,,,,,41
399607,"San Mateo County, CA, USA","California, USA","United States",37.57889523927,-122.33959926641,land,saltwater,2026-03-18,ngc_testing,1,,1,0.25,0.05,0.00,,2,,,,2,,,2,6,,,1,,,,1,1,,,,,,,,,,,,,,,,,,,1,2,,,,,,,,18
399608,"Santa Cruz County, CA, USA","California, USA","United States",36.957944657815,-121.8869414356,land,saltwater,2026-03-21,"sheri and steve",2,,2,0.91,0.00,0.00,1,,,,,,,,,,,,,,,,,,,,,,,,,,,,,,,,,,,,,,,,,,,,,
399609,"Los Angeles County, CA, USA","California, USA","United States",34.060695902476,-118.12455726798,land,inland,2026-03-21,"Clean swell",1,,1,0.16,0.00,0.00,,1,3,,1,,,3,5,1,,2,1,,,3,1,2,1,,,,,,,,,,,,,,,,,,,,,,,1,,,1,26
399610,"Los Angeles County, CA, USA","California, USA","United States",34.06060730576,-118.12468785804,land,inland,2026-03-21,"Clean swell",1,,1,0.40,0.00,0.00,,1,1,1,1,1,2,1,1,3,1,1,1,,,1,1,3,3,,,,,,,,,,,,,,,,,,,,,,,,,,,23
399611,"Los Angeles County, CA, USA","California, USA","United States",34.067779,-118.13195412,land,inland,2026-03-21,,1,,1,1.72,1.47,0.00,,2,1,,1,,,3,9,51,,,6,,,18,,4,1,,,,,,,,,,,,,1,,,,,6,15,,,,,,1,19,138
399612,"Los Angeles County, CA, USA","California, USA","United States",34.265131862176,-118.50938641909,land,inland,2026-03-21,,1,,1,1.27,2.87,0.00,,,1,4,2,,,3,,,,,,,,,,,,,,,,,1,1,2,,,,2,,,,,,,,,,,,,,,16
399613,"Los Angeles County, CA, USA","California, USA","United States",34.017133422765,-118.50308166456,land,saltwater,2026-03-21,speed,1,,1,16.24,2.41,0.00,,,75,5,16,6,10,3,10,16,4,9,5,,,23,10,10,16,,6,,,,,,,,,20,,,1,,1,,,,,,1,,,,20,267
399615,"Los Angeles County, CA, USA","California, USA","United States",34.052262512672,-118.10122058387,land,inland,2026-03-21,,1,,1,0.27,0.00,0.00,,1,2,,2,2,,,,10,,4,3,,1,6,,,1,,,,,,,,,,,,,,,,,,,,,,,,,,,32
399616,"Los Angeles County, CA, USA","California, USA","United States",34.052262512672,-118.10122058387,land,inland,2026-03-21,,1,,1,0.09,2.64,0.00,,,,,,,,,,,,,,,,,,,,,,,,,,,,,1,,1,1,,1,,,,,,,,,,,,4
399618,"Los Angeles County, CA, USA","California, USA","United States",34.219208991049,-118.23981649105,land,saltwater,2026-03-21,Jordyn,1,,1,15.34,2.07,0.00,,1,,2,3,5,,,15,11,,,,1,1,1,,5,4,,,,2,1,,,,,8,,,,,1,2,13,1,,,,,,,,,77
399623,"Greater Bridgeport Planning Region, CT, USA","Connecticut, USA","United States",41.255758621477,-73.209486905346,land,inland,2026-03-21,"Trumbull cleanup",1,,1,0.50,0.06,0.00,,,,1,,,,,1,2,,,1,,,1,1,,,,,,,,,,,,,,,,,,,,2,2,,,,,,,20,31
399624,"Dare County, NC, USA","North Carolina, USA","United States",36.207847878026,-75.762025558074,land,saltwater,2026-03-21,,1,,1,0.08,0.27,0.00,,,,,,,,,,,,,,,,1,,,,,,,,,,,,,,,,,,,1,,1,,,,,,,,1,4
399625,"Brevard County, FL, USA","Florida, USA","United States",28.31384192648,-80.610730771072,land,saltwater,2026-03-21,KWPB,2,,2,4.37,1.65,0.00,,,3,2,,1,,2,8,17,1,2,1,,,3,1,1,,,,,1,,,3,,,,4,,,,,1,,2,27,,,,,,,46,126
399626,"Monroe County, NY, USA","New York, USA","United States",43.22763313,-77.61750409,land,inland,2026-03-21,SPZ,4,,4,6.15,0.00,0.00,,1,5,3,5,,2,,7,5,,1,4,,2,10,2,4,,,,,3,,,,,,,1,,,,2,8,2,7,3,,,,,,,3,80
399633,"Monroe County, NY, USA","New York, USA","United States",43.22763313,-77.61750409,land,inland,2026-03-21,"SPZ 032126 2",2,,2,66.36,0.00,0.00,,3,6,1,2,2,1,,,10,1,2,,,1,5,1,,1,,,1,1,,,3,,,,5,,,,,1,17,13,17,1,,,,,,,95
399634,"Baltimore, MD, USA","Maryland, USA","United States",39.243026531607,-76.59437580343,land,freshwater,2026-03-21,"Reimagone Middle Branch shoreline cleanup",7,,7,5.44,0.00,0.00,,,,1,3,,,,,,,5,,,7,,2,3,2,,,,,,,,,,,1,,,,,,,,,,,,,,,,24
399635,"Bristol County, MA, USA","Massachusetts, USA","United States",41.94917629,-71.28834377,land,freshwater,2026-03-21,"Friends of the Ten Mile River Watershed",15,,15,64.27,0.01,0.00,,6,5,,3,4,,1,,,3,,2,2,,5,5,2,2,,,,,7,,,,,,,,,,3,1,,4,,,,,,,,,55
399637,"Monroe County, NY, USA","New York, USA","United States",43.22763313,-77.61750409,land,inland,2026-03-21,"SPZ 032126",4,,4,3.23,0.00,0.00,,,12,2,2,3,,,,2,,,1,,8,,,,,,,,,,,3,,,,1,,,,2,3,1,7,20,1,,,1,,,,69
399638,"Monroe County, NY, USA","New York, USA","United States",43.22763313,-77.61750409,land,inland,2026-03-21,"SPZ 032126 4",2,,2,3.67,0.00,0.00,,,6,,8,9,2,,,,,,,,2,1,,,,,,,1,,,8,,,,2,,,1,2,4,,4,13,,,,1,,,,64
399639,"Monroe County, NY, USA","New York, USA","United States",43.22763313,-77.61750409,land,inland,2026-03-21,"SPZ 032126 5",2,,2,2.13,0.00,0.00,,,6,2,10,1,,,5,,,3,1,,,,1,1,,1,,,,,,4,,,,1,,,,,,,2,7,,,,,,,,45
399642,"Monroe County, NY, USA","New York, USA","United States",43.22763313,-77.61750409,land,inland,2026-03-21,"SPZ 032126 5A",2,,2,1.54,0.00,0.00,,,4,,4,7,,,,,,,2,,,1,2,1,,1,,,,,,,,,1,,,,,,2,2,1,4,,,,,,,,32
399643,"Monroe County, NY, USA","New York, USA","United States",43.22763313,-77.61750409,land,inland,2026-03-21,"SPZ 032126 6",2,,2,3.09,0.00,0.00,,,14,,5,6,,,,1,,,1,,,7,2,,,,,,1,,,6,,,1,,,,,,3,2,,10,1,,,,,,,60
399644,"Monroe County, NY, USA","New York, USA","United States",43.22763313,-77.61750409,land,inland,2026-03-21,"SPZ 032126 8",1,,1,2.58,0.00,0.00,,,2,2,4,7,,2,3,1,,,,,2,3,,,,,,,1,,,,,,,,,,,,1,,5,,,6,1,8,,,,48
399645,"Monroe County, NY, USA","New York, USA","United States",43.22763313,-77.61750409,land,inland,2026-03-21,"SPZ 032126 7",2,,2,2.06,0.00,0.00,,,6,,9,3,,3,,2,,,2,,2,14,2,1,,,,,,,,,,,,,,,,,5,1,2,12,1,,1,,,,,66
399647,"Monroe County, NY, USA","New York, USA","United States",43.22763313,-77.61750409,land,inland,2026-03-21,"SPZ 032126 9",2,,2,9.48,0.00,0.00,,,4,,,1,,,,,,,,,,,,,,,,,,1,,,,,,,,,,,,,3,3,,,,,,,,12
399648,"Anne Arundel County, MD, USA","Maryland, USA","United States",38.740209389056,-76.557777182929,land,saltwater,2026-01-09,,2,,2,0.59,0.00,0.00,,,,,1,,,,,,,,,,,,,1,,,1,,,,,,,,1,,,,,,,,,,,,,,,,1,5
399649,"Monroe County, NY, USA","New York, USA","United States",43.22768114,-77.61747234,land,inland,2026-03-21,"SPZ 032126 7A",2,,2,4.38,0.00,0.00,,,4,1,9,6,,,,,,,1,,1,4,,1,,1,,,,,,2,,,,2,,,1,1,5,1,11,21,3,,1,,,,,76
399650,"Monroe County, NY, USA","New York, USA","United States",43.22757732,-77.6175094,land,inland,2026-03-21,"SPZ 032126 11",2,,2,23.79,0.00,0.00,,,3,,25,16,,,5,,1,1,5,,2,3,5,3,6,3,,,9,1,,2,,,,,,,1,1,,,5,12,,,,,,1,,110
399652,"Monroe County, NY, USA","New York, USA","United States",43.22757656,-77.6175086,land,inland,2026-03-21,"SPZ 032126 10",10,,10,4.16,0.00,0.00,,,12,5,2,23,,,,13,,,4,,4,15,3,2,,,,,,,,4,,,,1,,,,,3,5,1,9,,,,,,,,106
399653,"Yolo County, CA, USA","California, USA","United States",38.5449065,-121.7405167,land,inland,2026-03-21,"putah creek council",1,,1,2.76,0.00,0.00,,,7,,,,4,,,1,,,2,,,3,1,1,,,,,,,,,,,,,,,,,,,22,22,,,,,,,8,71
399654,"Miami-Dade County, FL, USA","Florida, USA","United States",25.735924869852,-80.310981347282,land,inland,2026-03-21,,1,,1,2.22,5.55,0.00,,2,2,3,6,3,1,29,20,24,,6,3,1,4,12,2,9,5,,,,,,,,,,9,,,,,,,,1,11,,,,,,,11,164
399655,"Scott County, IA, USA","Iowa, USA","United States",41.52699483207,-90.516670956034,land,freshwater,2026-03-21,"Xtream CleanUp @ Leach Park",1,,1,47.63,0.00,0.00,7,,,,,,,,,,,,,,,,,,,,,,,,,,,,,,,,,,,,,,,,,,,,,
399659,"Suffolk County, NY, USA","New York, USA","United States",40.763477612489,-72.851147034515,land,freshwater,2026-03-21,STGSB,20,2,22,498.95,1.61,0.00,55,,,,,,,,,,,,,,,,,,,,,,,,,,,,,,,,,,,,,,,,,,,,,
399661,"Galveston County, TX, USA","Texas, USA","United States",29.3012309,-94.7950151,land,saltwater,2026-03-21,"The Blue Herron",17,,17,244.94,0.00,0.00,36,,,,,,,,,,,,,,,,,,,,,,,,,,,,,,,,,,,,,,,,,,,,,
399662,"Kent County, RI, USA","Rhode Island, USA","United States",41.754354811675,-71.385347276353,land,saltwater,2026-03-21,,1,,1,4.79,0.28,0.00,,,,,3,,,1,5,54,,,,,1,6,1,,,1,,,3,,,,,,,,,,,,,,,8,,,,,,,7,90
399663,"Los Angeles County, CA, USA","California, USA","United States",34.14485147893,-118.10784913401,land,inland,2026-03-21,,1,,1,0.86,2.74,0.00,,1,2,2,4,1,1,6,3,13,,,,,,1,2,3,1,,,,,,1,,,,,1,,,,,2,,,,,,,3,,3,,50
399664,"San Diego County, CA, USA","California, USA","United States",32.7447861,-117.2476146,land,inland,2026-03-21,JP,1,,1,4.72,0.00,0.00,,,4,1,1,1,,,1,10,,1,,,,5,,,,,,,,,,,,,,,,,,2,2,,24,46,,1,,,,,2,101
399667,"Los Angeles County, CA, USA","California, USA","United States",34.103226990951,-118.10871028941,land,inland,2026-03-21,clean,1,,1,2.95,1.29,0.00,,1,1,,2,1,,,1,,,1,,,,,,,,1,,,2,,,,,,,,,,,,,,,,,,,,,,,10
399668,"Los Angeles County, CA, USA","California, USA","United States",34.095674164268,-118.12587319427,land,inland,2026-03-21,clean,1,,1,2.54,1.93,0.00,,7,3,1,11,1,1,1,1,,1,1,1,1,2,1,6,1,1,,,,,,,,14,,,,,,,10,,2,1,1,,,,,,,6,75
399669,"Los Angeles County, CA, USA","California, USA","United States",34.093083845471,-118.12739484461,land,inland,2026-03-21,geog,1,,1,2.04,1.93,0.00,,6,1,,2,1,1,2,1,3,4,3,3,5,3,4,3,2,1,,,,,,,,,,,,,,,,,,,,,,,,,,,45
399670,"Los Angeles County, CA, USA","California, USA","United States",34.093083858592,-118.12739487861,land,inland,2026-03-21,geog,1,,1,1.59,2.41,0.00,,2,1,1,4,1,2,10,8,5,7,4,4,,1,1,,,,,,,,,,,,,,,,,,,,,,,,,,,,,,51
399671,"San Mateo County, CA, USA","California, USA","United States",37.6327914,-122.4900652,land,saltwater,2026-03-21,"yay family",3,,3,10.21,0.00,0.00,3,,,,,,,,,,,,,,,,,,,,,,,,,,,,,,,,,,,,,,,,,,,,,
399672,"Fairfax County, VA, USA","Virginia, USA","United States",38.885097458352,-77.273911438951,land,inland,2026-03-21,RBH,1,,1,0.18,3.22,0.00,,,1,,1,6,1,,2,13,,,,,,9,,1,,,,,,,,,,1,,,,,,,,1,2,2,,,,,,,,40
399673,"Los Angeles County, CA, USA","California, USA","United States",34.1123551,-118.1789444,land,inland,2026-03-21,,1,,1,0.52,0.00,0.00,,,3,,5,,,,1,3,,1,,1,,,,,,,,,,,,2,1,1,,1,,,,,,,,,,,,,,,9,28
399674,"Los Angeles County, CA, USA","California, USA","United States",34.060660530911,-118.12464807734,land,inland,2026-03-21,"Clean swell",1,,1,1.38,7.06,0.00,,4,2,2,5,3,,7,6,2,2,3,3,,,5,2,3,3,,,,,,,,,,,,,,,2,,,,7,,,,,,,3,64
399675,"Los Angeles County, CA, USA","California, USA","United States",34.06747187491,-118.13473491009,land,inland,2026-03-22,"Clean swell",1,,1,1.40,6.70,0.00,,3,,3,2,1,,5,6,2,2,2,2,,,4,2,3,2,,,,,,,,,,,,,,,,,,,7,,,,,,,2,48
399679,"Los Angeles County, CA, USA","California, USA","United States",34.052262627171,-118.1012207475,land,inland,2026-03-22,,1,,1,1.41,2.20,0.00,,2,2,,3,3,,,,5,4,6,3,,,10,4,2,4,,,,7,,,3,,,,,2,,,6,,,4,,,,,9,,,3,82
399680,"Los Angeles County, CA, USA","California, USA","United States",34.052279156926,-118.10123973517,land,inland,2026-03-22,,1,,1,1.23,2.20,0.00,,5,,5,3,2,,,,3,1,2,,,,,,,,,,,,,,,3,,,,,,,,,,3,2,,,,,,,4,33
399681,"Los Angeles County, CA, USA","California, USA","United States",34.064030189806,-118.10491968517,land,inland,2026-03-22,qiyuan,1,,1,0.04,0.13,0.00,,2,,,1,,,,1,2,,,,,,,1,,,,,,,,,,,,,,,,,,,,,,,,,,,,,7
399686,"Los Angeles County, CA, USA","California, USA","United States",34.1397292,-118.0353449,land,inland,2026-03-18,,1,,1,0.91,0.00,0.00,1,,,,,,,,,,,,,,,,,,,,,,,,,,,,,,,,,,,,,,,,,,,,,
399687,"Los Angeles County, CA, USA","California, USA","United States",34.088139420366,-118.12027607844,land,saltwater,2026-03-22,,1,,1,0.01,0.00,0.00,,1,,,,,,,,,,,,,,,,,,,,,,,,,,,,,,,,,,,,,,,,,,,,1
399688,"Los Angeles County, CA, USA","California, USA","United States",34.067778308153,-118.26996984972,land,inland,2026-03-22,,1,,1,0.01,0.13,0.00,,2,,,,,,,,,,,,,,,,,,,,,,,,,,,,,,,,,,,,,,,,,,,,2
399691,"Miami-Dade County, FL, USA","Florida, USA","United States",25.85813001,-80.12059048,land,saltwater,2026-03-22,"Art by the Sea_clo",5,,5,0.25,0.04,0.00,,,,1,1,,,,,,,,,,,,,,,,,,,,,,,,,,,,,,,,,,,,,,,,6,8
399692,"Yolo County, CA, USA","California, USA","United States",38.5449065,-121.7405167,land,inland,2026-03-22,"putah creek council",1,,1,1.15,0.00,0.00,,,6,,,,,,,1,,,,,,3,,,,,,,,,,,,,,,,,,,,,11,7,,,,,,,5,33
399693,"Los Angeles County, CA, USA","California, USA","United States",34.0633583,-118.26829528,land,inland,2026-03-22,,1,,1,0.23,0.00,0.00,,,1,1,,,,,,,,,,,,,,,,,,,,,,,,,,,,,,,,,,,,,,,,,,2
399694,"Los Angeles County, CA, USA","California, USA","United States",34.0633583,-118.26829528,land,inland,2026-03-22,,1,,1,0.95,3.86,0.00,,,,2,5,3,,3,2,,3,,,,,4,,,,,,,,,,,,,,,,,,,2,,3,1,,,,,,,5,33
399697,"Anne Arundel County, MD, USA","Maryland, USA","United States",38.747657777043,-76.556480741346,land,saltwater,2026-03-22,,1,,1,0.24,1.25,0.00,,,,,,,,,,1,,,,,,,,,,,,,,,,5,,,,,,,,,,,1,,,,,,,,11,18
399698,"San Mateo County, CA, USA","California, USA","United States",37.64842605684,-122.48713209294,land,inland,2026-03-22,"Pacific Beach Coalition - Terri Brown",1,,1,2.68,0.01,0.00,,2,3,,2,,,2,,31,,,,,,,,,,,,,,,,,,3,,,,,,1,,,,40,,1,,,,,14,99
399699,"Los Angeles County, CA, USA","California, USA","United States",34.193218946457,-118.32043781877,land,inland,2026-03-22,"GEOG 001 CLEAN-UP ASSIGNMENT (MAPC)",1,,1,5.36,1.95,0.00,,7,6,7,8,6,12,1,21,45,,10,12,4,12,23,6,6,9,,,,,,1,6,,9,,2,,,,1,,4,12,1,,,,1,,,23,255
399700,"Los Angeles County, CA, USA","California, USA","United States",34.204344317764,-118.36595621657,land,inland,2026-03-22,,1,,1,0.82,2.09,0.00,,,3,,4,,,1,3,10,,2,,,1,6,2,1,2,,,,,,,,,,,1,1,,,,,,,6,,,,,,,1,44
399701,"Los Angeles County, CA, USA","California, USA","United States",34.144877737643,-118.10787448565,land,inland,2026-03-22,,1,,1,1.42,2.09,0.00,,,,2,1,,,1,,3,,,,,,,,,,,,,,,,,,,,1,,,,,,,,,,,,,,,,8
399702,"Miami-Dade County, FL, USA","Florida, USA","United States",25.71369281716,-80.154343290176,land,saltwater,2026-03-22,,1,,1,3.31,0.67,0.00,,5,7,1,1,10,1,16,20,2,,1,,,3,16,3,2,21,,,,,,,,,1,,1,,,,1,2,2,1,25,,,,,,,6,148
399703,"Los Angeles County, CA, USA","California, USA","United States",34.173071480565,-118.16399063131,land,inland,2026-03-22,,1,,1,0.23,2.74,0.00,,1,1,,,,,,,,,,,,1,,1,1,1,,,,,,,,,,,,,,,1,,,1,1,,,,,,,,9
399704,"Broward County, FL, USA","Florida, USA","United States",26.260117432886,-80.154197444492,land,saltwater,2026-03-18,"Green day",4,,4,6.80,0.00,0.00,2,,,,,,,,,,,,,,,,,,,,,,,,,,,,,,,,,,,,,,,,,,,,,
399705,"Orange County, FL, USA","Florida, USA","United States",28.58651233506,-81.321357507528,land,inland,2026-03-22,KWPB,2,,2,0.22,0.22,0.00,,,5,,,,,,,1,1,1,1,,,8,,,,,,,,,,1,,,,,,,,,,,,,,,,,,,,18
399706,"Orange County, FL, USA","Florida, USA","United States",28.586771160943,-81.322522643285,land,inland,2026-03-22,KWPB,1,,1,0.26,0.41,0.00,,1,,,,,,,,1,,,1,,,5,,,1,,,,,,,1,,,,,,,,,,,,2,,,,,,,3,15
399707,"Los Angeles County, CA, USA","California, USA","United States",34.168517042194,-118.1055965627,land,inland,2026-03-22,,1,,1,0.37,4.14,0.00,,7,,,4,1,2,,,14,1,2,3,,,4,,4,10,,,,,,3,,,,7,,,,,,,,,,,,,,,,,62
399708,"Los Angeles County, CA, USA","California, USA","United States",33.943117325896,-118.24847282047,land,inland,2026-03-22,Alex,1,,1,5.72,1.13,0.00,,22,1,15,28,18,4,,,16,17,27,15,18,,10,,6,,,,,,,,,,,,,,,,,,,,,,,,,,,,197
399709,"Los Angeles County, CA, USA","California, USA","United States",34.100350947146,-118.01184510889,land,freshwater,2026-03-22,,1,,1,3.18,2.09,0.00,,1,3,3,5,2,5,1,,2,1,3,1,1,,11,6,1,3,1,,,,,,1,2,1,,2,,1,,1,,2,3,1,,,1,,,,1,66
399710,"Broward County, FL, USA","Florida, USA","United States",25.986383257971,-80.117516422401,land,saltwater,2026-03-22,"Little Earth Hero",1,,1,0.93,0.18,0.00,,8,8,1,2,,1,,16,8,1,1,1,,,7,,,4,,,,,,,,1,,,,,,,,,1,,,,,,1,,,24,85
399711,"Alameda County, CA, USA","California, USA","United States",37.494528,-121.91813502,land,inland,2026-03-22,Monkeys,3,,3,1.83,0.00,0.00,,10,25,1,3,8,38,,,,1,11,,,,,,10,2,,,,,,,,,,,,,,,,,,13,1,,,,,,,,123
399712,"San Mateo County, CA, USA","California, USA","United States",37.592011015164,-122.35158439711,land,saltwater,2026-03-22,"the trail group",2,,2,3.90,0.02,0.00,,8,21,5,15,8,1,3,8,103,2,10,5,2,3,23,4,,3,,,,,,,11,,,,1,,,1,3,1,,,7,,,,,,,6,254
399713,"San Mateo County, CA, USA","California, USA","United States",37.674023404905,-122.38298121574,land,inland,2026-03-22,"Brisbane Marina Clean up",1,,1,0.97,0.32,0.00,,2,2,2,3,1,,,,,,2,2,2,,,2,2,2,,,,,,,,,,,,,,,1,,,3,1,,,,2,,,,29
399714,"Los Angeles County, CA, USA","California, USA","United States",34.048543509448,-118.10860270197,land,saltwater,2026-03-22,z,1,,1,0.34,0.00,0.00,,3,1,,2,,3,,1,1,1,,,,,1,,,1,,,,,,,,,,,,,,,,,1,,,,,,,,,,15
399716,"Los Angeles County, CA, USA","California, USA","United States",34.065692578714,-118.11365681058,land,inland,2026-03-22,,1,,1,0.36,0.41,0.00,,4,3,1,2,,1,2,,79,,,,,,1,,,,,,,,,,,,,,,,,,,,,,,,,,,,,,93
399717,"Fresno County, CA, USA","California, USA","United States",36.778261,-119.4179324,land,saltwater,2026-03-22,,2,,2,0.91,2.19,0.00,,7,,1,5,1,,,,,,,,1,,,,3,,,,,,,,,,,,,,,,,,2,,,,,,,,,,20
399718,"Broward County, FL, USA","Florida, USA","United States",25.986151136728,-80.117477530959,land,saltwater,2026-03-22,"Little Earth Hero",1,,1,1.52,0.00,0.00,,7,6,4,9,5,,,2,4,2,3,5,,,7,,,,,,,,,,,,,,,,,,,,,,,,,,,,,11,65
399719,"Honolulu County, HI, USA","Hawaii, USA","United States",21.45356824934,-157.77566917598,land,saltwater,2026-03-22,,1,,1,1.04,0.44,0.00,,,,,,,,,4,,,,,,,1,,,,2,,,,,,,,,,,,,,,,,2,,,,,,,,16,25
399720,"Los Angeles County, CA, USA","California, USA","United States",33.343914232565,-118.32710986525,land,saltwater,2026-03-22,,1,,1,0.27,1.93,0.00,,3,,,4,1,,,,,,,,4,,1,,6,1,,,,,,,,,,,,,,,,,,,,,,,,,,,20
399721,"Los Angeles County, CA, USA","California, USA","United States",34.135023821592,-118.05148162238,land,inland,2026-03-22,,1,,1,0.54,1.93,0.00,,7,,2,2,,,1,,,,,,,,,,,,,,,,,1,,,,,,,,,,,,,,,,,,,,6,19
399722,"Los Angeles County, CA, USA","California, USA","United States",34.203269791668,-118.23601631666,land,inland,2026-03-23,,1,,1,0.01,0.00,0.00,,1,,,,,,,,,,,,,,,,,,,,,,,,,,,,,,,,,,,,,,,,,,,9,10
399724,"Honolulu County, HI, USA","Hawaii, USA","United States",21.444698633414,-157.73656637038,land,saltwater,2026-03-23,,1,,1,2.25,2.15,0.00,,,,,2,1,,,,,,,,1,,1,,,,2,,,,,,,,,,1,,,2,1,,2,1,2,,,,,,,6,22
399725,"Los Angeles County, CA, USA","California, USA","United States",34.19002216923,-118.29752133716,land,inland,2026-03-22,,3,,3,1.81,0.00,0.00,2,,,,,,,,,,,,,,,,,,,,,,,,,,,,,,,,,,,,,,,,,,,,,
399726,"Los Angeles County, CA, USA","California, USA","United States",34.10657304844,-118.06692238125,land,inland,2026-03-23,,1,,1,1.86,2.09,0.00,,1,2,,1,1,,1,5,1,,,,,2,13,,1,2,,,,,,,,,,,,,,,1,,,1,23,,,,,,,,55
399727,"Los Angeles County, CA, USA","California, USA","United States",34.1091352,-117.91255023333,land,inland,2026-03-23,,1,,1,1.46,0.00,0.00,,3,5,1,,1,,4,4,1,2,2,5,,1,21,,4,3,,,,,,,,,,11,2,2,,,2,3,,4,,,,,1,1,,,83
399728,"Los Angeles County, CA, USA","California, USA","United States",34.061546743786,-118.11192516468,land,inland,2026-03-23,,1,,1,0.41,3.70,0.00,,,3,,6,4,,2,5,15,1,,,5,,,8,7,,,,,,,,,,,,,,,,,,,,,,,,,,,2,58
399729,"Los Angeles County, CA, USA","California, USA","United States",34.057074060426,-118.11312278451,land,inland,2026-03-23,"Yannie C!",1,,1,0.41,3.70,0.00,,1,2,,5,,,3,3,19,5,5,1,6,,,6,7,,,,,,,,,,,,,,,,,,,,,,,,,,,,63
399731,"Los Angeles County, CA, USA","California, USA","United States",34.222080129774,-118.25315073723,land,inland,2026-03-23,,1,,1,1.04,1.29,0.00,,2,,,3,,1,,,4,2,5,5,,2,3,,,1,,,,,,,,,,14,,1,,,,,3,,,,,,,,,3,49
399732,"Los Angeles County, CA, USA","California, USA","United States",34.067094290099,-118.13776441651,land,inland,2026-03-23,,1,,1,0.86,1.93,0.00,,1,2,1,2,,3,,1,1,,2,1,,,3,1,2,2,,,,,,,,1,,,,1,,,,,,4,2,,,,,,,18,48
399733,"St. Johns County, FL, USA","Florida, USA","United States",29.693444430275,-81.22838586218,watercraft,saltwater,2026-01-22,"Matanzas Riverkeeper",9,,9,35.29,0.40,0.00,,10,15,12,11,11,,1,47,3,3,,6,9,14,9,1,6,6,20,3,,12,,2,7,1,1,2,2,,,3,,2,3,4,11,,,,3,,,42,282
399734,"St. Johns County, FL, USA","Florida, USA","United States",29.721623473636,-81.246725406642,watercraft,saltwater,2026-01-31,"Matanzas Riverkeeper",9,,9,10.84,0.40,0.00,,12,5,8,15,19,5,4,5,,4,2,4,,2,,4,,,9,,,16,,,3,1,,2,4,,,2,2,1,5,23,21,,,,,,,20,198
399735,"Los Angeles County, CA, USA","California, USA","United States",34.012562628791,-118.81929821607,land,saltwater,2026-03-23,,1,,1,2.61,0.00,0.00,,6,9,3,7,5,1,4,6,2,,2,2,3,3,8,4,3,2,,,,,,,,,,,4,,,,2,,,,,,,2,,,,,78
399736,"Los Angeles County, CA, USA","California, USA","United States",34.213578761193,-118.2348269977,land,saltwater,2026-03-23,Jordyn,1,,1,1.48,2.41,0.00,,2,,1,3,6,,7,9,3,,,1,1,2,,1,,,,,,,,,,,,6,,1,,,,,4,,,,,,,,,,47
399737,"St. Johns County, FL, USA","Florida, USA","United States",29.860674828063,-81.289343847396,land,saltwater,2026-02-07,"Matanzas Riverkeeper",54,,54,"1,859.73",1.21,0.00,,40,27,42,29,47,3,6,15,23,22,20,28,23,21,37,15,25,3,4,,1,17,9,,10,7,,,24,,,10,18,5,19,44,13,,5,,4,,,28,644
399738,"Hawaii County, HI, USA","Hawaii, USA","United States",19.943495058602,-155.86695635261,land,saltwater,2026-03-23,ihs,2,,2,0.19,0.01,0.00,,,,,,1,,,1,,,,,,,1,1,,,,,,,,1,,,,,1,,,,,,,,,,,,,,,46,52
399739,"Los Angeles County, CA, USA","California, USA","United States",34.108343257628,-117.93439465712,land,inland,2026-03-23,zxcvb,1,,1,0.85,3.42,0.00,,2,3,2,3,2,2,1,1,2,,,,,,2,,,,,,,,,1,,,,,,1,,,2,4,,1,,,,,,,,,29
399740,"St. Johns County, FL, USA","Florida, USA","United States",29.909828879687,-81.312430725029,watercraft,saltwater,2026-02-18,"Matanzas Riverkeeper",9,,9,2.59,0.40,0.00,,13,5,,,3,,,,,1,,,,,,1,1,,5,,,1,,,1,,,,,,,,,,,3,,,,,,,,,34
399741,"St. Johns County, FL, USA","Florida, USA","United States",29.85902247199,-81.312358536713,watercraft,saltwater,2026-02-19,"Matanzas Riverkeeper",8,,8,24.95,0.40,0.00,,5,,2,14,12,1,,11,,2,,,8,2,2,,,,2,4,1,3,,,3,3,2,,3,,,3,,,,,1,,,,,,,40,124
399742,"Los Angeles County, CA, USA","California, USA","United States",34.066915763919,-118.13022135783,land,inland,2026-03-23,,1,,1,0.27,1.29,0.00,,,4,,,1,2,,,1,,2,,1,,6,1,,,,,,,,,,,,,,,,,,,,,1,,,,,,,1,20
399744,"Los Angeles County, CA, USA","California, USA","United States",34.079333308761,-118.10393245936,land,inland,2026-03-23,,1,,1,1.75,0.00,0.00,,2,2,2,2,2,2,2,1,2,1,2,1,2,1,1,1,,1,1,1,,,,,,,,,,,,,,,,,,,,,,,,,29
399745,"Los Angeles County, CA, USA","California, USA","United States",34.0118828,-118.4915504,land,saltwater,2026-03-23,,2,,2,1.22,2.57,0.00,,5,,1,3,,,,,,,,,2,,1,,2,,,,,,,,,,,,1,,,,,,3,,,,,,,,,,18
399754,"Pinellas County, FL, USA","Florida, USA","United States",27.683408006659,-82.737683051919,land,saltwater,2026-03-23,,1,,1,5.59,2.21,0.00,,,5,,2,3,4,,3,13,,,,,1,6,1,11,1,2,,,,,,1,5,12,,2,,,,,,3,7,38,,1,,,,,,121
399757,"St. Johns County, FL, USA","Florida, USA","United States",29.691692252505,-81.227608021565,watercraft,saltwater,2026-03-05,"Matanzas Riverkeeper",8,,8,68.13,0.40,0.00,,15,5,25,28,15,1,5,20,4,5,,5,,23,20,10,8,5,11,3,,519,,,11,3,5,4,1,,,4,1,2,4,15,,,1,,3,,1,105,887
399758,"St. Johns County, FL, USA","Florida, USA","United States",29.716909773537,-81.24241275284,watercraft,saltwater,2026-03-08,"Matanzas Riverkeeper",8,,8,25.27,0.40,0.00,,22,10,8,22,11,6,1,13,2,2,,2,5,10,6,138,5,5,56,2,,22,,,1,2,2,5,7,,,7,,1,1,1,10,,,,1,,,400,786
399760,"Erie County, NY, USA","New York, USA","United States",42.983527392279,-78.654955412776,land,inland,2026-03-23,Asher,1,,1,4.49,0.00,0.00,,,1,10,13,16,1,,1,2,,1,,,1,,1,1,,,,,1,,1,,,,,1,1,,,,1,,,3,,,,,,,,56
399761,"St. Johns County, FL, USA","Florida, USA","United States",29.851487083653,-81.266913288484,land,saltwater,2026-03-07,"Matanzas Riverkeeper",51,,51,20.18,1.61,0.00,,19,27,5,17,18,,8,38,299,6,5,2,4,3,60,12,40,3,10,2,,22,,,3,1,31,2,8,,1,,1,27,3,84,89,,1,1,,,,138,990
399768,"Los Angeles County, CA, USA","California, USA","United States",34.059703153827,-117.87750346644,land,inland,2026-03-23,,1,,1,0.11,0.05,0.00,,3,,,2,,,,,,,,,1,,1,,,,,,,,,,,,,,,,,,,,,,,,,,,,,,7
399769,"Los Angeles County, CA, USA","California, USA","United States",34.158232,-118.492677,land,saltwater,2026-03-23,"test group name",1,,1,0.32,1.21,0.00,,1,1,1,1,1,1,1,1,1,,,,,,,,,,,,,,,,,,,,,,,,,,,,,,,,,,,,9
399772,"Alexandria, VA, USA","Virginia, USA","United States",38.828666186922,-77.080236538356,land,freshwater,2026-03-23,"test djs",1,,1,0.29,0.00,0.00,,1,1,1,1,1,1,,,,,,,,,,,,,,,,,,,,,,,,,,,,,,,,,,,,,,,6
399774,"Fairfax County, VA, USA","Virginia, USA","United States",38.885108138403,-77.273911666578,land,inland,2026-03-23,RBH,1,,1,0.14,3.70,0.00,,1,,,,,,,1,7,,,,,,9,,2,2,,,,,,,,,1,,,,1,,,,2,4,3,,,,,,,1,34
399775,"Los Angeles County, CA, USA","California, USA","United States",34.0686208,-117.9389526,land,inland,2026-03-23,,1,,1,0.91,0.00,0.00,1,,,,,,,,,,,,,,,,,,,,,,,,,,,,,,,,,,,,,,,,,,,,,
399776,"Los Angeles County, CA, USA","California, USA","United States",34.138422872296,-118.35316133853,land,inland,2026-03-23,,2,,2,0.27,6.44,0.00,,1,9,,,,,,,,,,,,,,,,,,,,,,,,,,,,,,,,,,,,,,,,,,,10
399777,"Palm Beach County, FL, USA","Florida, USA","United States",26.893566122965,-80.120648324765,land,saltwater,2026-03-23,KPBCB,1,,1,0.91,0.00,0.00,1,,,,,,,,,,,,,,,,,,,,,,,,,,,,,,,,,,,,,,,,,,,,,
399778,"Los Angeles County, CA, USA","California, USA","United States",34.137752422583,-118.35393753152,land,inland,2026-03-23,,1,,1,0.10,1.37,0.00,,1,2,,1,1,,,,,,,,1,,,1,,,,,,,,,,,,,,,,,,,,,,,,,,,,,7
399779,"Miami-Dade County, FL, USA","Florida, USA","United States",25.81404915,-80.27198358,land,inland,2026-03-23,,1,,1,7.71,2.41,0.00,,3,6,15,6,10,,4,,,6,,,,,10,2,,,,,,2,,,6,5,,,,1,,,,5,,7,,,,,,,,7,95
399780,"Miami-Dade County, FL, USA","Florida, USA","United States",25.8125395,-80.272204,land,inland,2026-03-21,,1,,1,2.72,0.00,0.00,3,,,,,,,,,,,,,,,,,,,,,,,,,,,,,,,,,,,,,,,,,,,,,
399781,"Los Angeles County, CA, USA","California, USA","United States",34.062114390059,-117.97918543939,land,inland,2026-03-24,,2,,2,3.34,1.40,0.00,,2,1,5,6,8,,6,,,2,1,1,1,,1,2,4,3,,,,1,,,1,1,1,1,1,,,,1,,1,,,,,,,,,,51
399782,"San Mateo County, CA, USA","California, USA","United States",37.5027185,-122.4694214,land,saltwater,2026-03-24,,1,,1,1.81,0.00,0.00,2,,,,,,,,,,,,,,,,,,,,,,,,,,,,,,,,,,,,,,,,,,,,,
399783,"Williamson County, TX, USA","Texas, USA","United States",30.6332618,-97.6779842,land,inland,2026-03-24,"Me, myself and I",1,,1,0.07,0.00,0.00,,,,,,,,,,,,,,,,1,1,,,,,,,,,,,,,,,,,,,,1,,,,,,,,4,7
399784,"Los Angeles County, CA, USA","California, USA","United States",34.21739,-118.2312924,land,inland,2026-03-24,,1,,1,0.97,0.00,0.00,,2,,3,1,6,,,,12,,,,1,1,7,,,,,,,,,,,,,,,,,,,,,,,,,,,,,,33
399785,"Los Angeles County, CA, USA","California, USA","United States",34.152208912863,-118.14142433023,land,inland,2026-03-24,,1,,1,2.12,1.58,0.00,,7,4,5,6,2,2,,6,3,,,,,3,3,3,4,3,,,,,,2,,2,,1,2,,,,,,,,,,,,,,,5,63
399789,"Kings County, Brooklyn, NY, USA","New York, USA","United States",40.649619435546,-73.974184942298,land,freshwater,2026-03-24,test,1,,1,0.03,0.00,0.00,,2,,,,1,,,1,,,,,,,,,,,,,,,,,,,,,,,,,,,,,,,,,,,,,4
399790,"Kings County, Brooklyn, NY, USA","New York, USA","United States",40.649619458805,-73.974184953525,land,freshwater,2026-03-24,test,1,,1,0.05,0.00,0.00,,,,,1,1,1,,1,,,,,,,,,,,,,,,,,,,,,,,,,,,,,,,,,,,,,4
399793,"Fairfax County, VA, USA","Virginia, USA","United States",38.88487868946,-77.273843167422,land,inland,2026-03-24,RBH,1,,1,2.49,0.00,0.00,,,3,,4,,3,,8,9,,,,,,14,2,2,2,,,,,,,,,,,,,,,,1,2,12,16,,,,,,,2,80
399794,"Los Angeles County, CA, USA","California, USA","United States",34.153864849727,-118.33083170597,land,inland,2026-03-24,,1,,1,0.08,0.00,0.00,,1,,,2,1,,4,,,,,,,,,2,,,,,,,,,,,,,,,,,,,,,,,,,,,,,10
399795,"Miami-Dade County, FL, USA","Florida, USA","United States",25.696821154939,-80.160632461678,land,saltwater,2026-03-20,,1,,1,13.61,0.00,0.00,4,,,,,,,,,,,,,,,,,,,,,,,,,,,,,,,,,,,,,,,,,,,,,
399796,"Washington County, RI, USA","Rhode Island, USA","United States",41.433332138274,-71.456678787786,land,saltwater,2026-03-24,,2,,2,3.36,4.02,0.00,,1,,,2,,,,,2,4,3,1,,,4,,1,,2,1,,,,1,1,12,9,,,,,,3,,,,3,,,,,,,14,64
399797,"Los Angeles County, CA, USA","California, USA","United States",34.153864849727,-118.33083170597,land,inland,2026-03-24,,1,,1,0.86,1.93,0.00,,1,2,,2,2,1,,,1,,,2,,,4,2,,,,,,,,,,,,2,1,3,,,1,,2,,,,,,,,,8,34
399798,"Los Angeles County, CA, USA","California, USA","United States",34.153816471886,-118.33110854896,land,inland,2026-03-24,,1,,1,0.41,1.93,0.00,,1,1,1,2,2,,,2,,2,,,,2,,,,2,,,,,,,2,,,2,,4,,,,,1,,,,,,,,,,24
399799,"Broward County, FL, USA","Florida, USA","United States",25.986393802294,-80.118054957272,land,saltwater,2026-03-24,"Little Earth Hero",2,,2,0.55,3.35,0.00,,2,2,,,,,,6,5,,1,,,,3,,,,,,,,,,,,,,,,,,,,2,,,,,,,,,13,34
399805,"Monroe County, NY, USA","New York, USA","United States",43.227545070954,-77.617467316289,land,inland,2026-03-21,"SPZ 032126 12",11,,11,89.46,0.16,0.00,,,50,20,66,33,1,,4,29,3,4,18,,15,62,12,6,,11,,1,8,,,42,,,,6,2,1,1,3,18,7,13,37,3,,,8,1,,,485
399806,"San Francisco County, San Francisco, CA, USA","California, USA","United States",37.772804011911,-122.44859305843,land,inland,2026-03-08,"C Squad",1,,1,3.40,0.00,0.00,1,,,,,,,,,,,,,,,,,,,,,,,,,,,,,,,,,,,,,,,,,,,,,
399807,"San Francisco County, San Francisco, CA, USA","California, USA","United States",37.8056245,-122.4653907,land,inland,2026-03-08,"C Squad",1,,1,3.40,0.00,0.00,1,,,,,,,,,,,,,,,,,,,,,,,,,,,,,,,,,,,,,,,,,,,,,
399809,"Baltimore, MD, USA","Maryland, USA","United States",39.243032152652,-76.594370974197,land,freshwater,2026-03-25,"CCBC shoreline cleanup",15,,15,28.35,0.00,0.00,,12,27,10,37,13,1,,37,2,16,,32,18,10,60,10,40,1,1,,,,1,,,10,,,4,,,,,28,3,28,5,1,,,38,,,75,520
399810,"Galveston County, TX, USA","Texas, USA","United States",29.222056230118,-94.904343494158,land,saltwater,2026-03-25,,5,,5,16.50,0.31,0.00,,,19,,2,,,7,32,14,,1,,,,9,1,3,,2,,,10,,,1,,2,,3,,,,,,,44,2,,,,,,,21,173
399811,"Galveston County, TX, USA","Texas, USA","United States",29.2207212104,-94.905267866851,land,saltwater,2026-03-25,,5,,5,11.64,0.77,0.00,,27,9,,2,3,,3,17,17,2,,1,9,9,1,6,2,,7,1,,2,,,5,2,12,,7,,,3,8,4,,29,7,,,,,,1,6,202
399812,"Galveston County, TX, USA","Texas, USA","United States",29.221863248635,-94.90405553131,land,saltwater,2026-03-25,ikea,4,,4,124.06,0.00,0.00,,,8,1,1,2,,9,31,25,1,,2,1,,14,1,4,,1,,2,,,,,,,,,,1,,,,4,5,87,,,,8,,,231,439
399813,"Galveston County, TX, USA","Texas, USA","United States",29.221720113685,-94.904530966361,land,saltwater,2026-03-25,"Carnegie Vanguard HS",4,,4,9.96,0.29,0.00,,,2,,1,,2,5,15,11,,2,,3,,4,3,2,,2,1,,6,,,1,,5,,,4,,1,1,1,2,2,,,,,9,,,106,191
399814,"Galveston County, TX, USA","Texas, USA","United States",29.22196286,-94.90370254,land,saltwater,2026-03-25,viggy,5,,5,21.91,2.25,0.00,,,1,,,1,1,9,15,24,,,1,,,5,1,7,2,8,4,,6,,,2,,1,2,2,,,,1,,1,90,46,1,1,,10,,1,12,255
399815,"Galveston County, TX, USA","Texas, USA","United States",29.221937552731,-94.904984108101,land,saltwater,2026-03-25,"Carnegie Vanguard NHS",4,,4,8.63,0.52,0.00,,1,,4,1,,,5,6,3,,,,1,,8,1,,,,1,,3,,,2,,,,,,,1,2,1,11,1,6,,,,,,,28,86
399816,"Galveston County, TX, USA","Texas, USA","United States",29.221678684771,-94.904444894297,land,saltwater,2026-03-25,"The Sharks",5,,5,9.58,0.00,0.00,,,7,1,1,1,16,10,14,34,5,2,,,1,7,1,7,3,1,,,4,,1,1,,5,,4,,,,,2,8,9,10,,,,1,,,9,165
399818,"Galveston County, TX, USA","Texas, USA","United States",29.222398336207,-94.903367795571,land,saltwater,2026-03-25,,5,,5,1.25,0.24,0.00,,,2,,,,1,3,2,108,,,,,,,,1,1,,,,1,,,,,,,,,,,,,,,,,,,,,,,119
399819,"Washington, DC, USA","Washington, DC, USA","United States",38.90732225,-77.04656523,land,saltwater,2026-03-25,testing,2,,2,19.07,0.00,0.00,,2,,,,,,,,,,,,,,,,,,2,,,,2,,,,,,,,,,,,,,,,,,,,,,6
399820,"Alameda County, CA, USA","California, USA","United States",37.674677339382,-121.78140434437,land,freshwater,2026-03-25,"sir amblers",6,,6,4.08,5.31,0.00,,6,1,5,9,24,,,3,4,,,5,,11,22,9,,,,,,,,,,,,1,,,4,,5,,3,7,2,,,,,,,,121
399821,"Santa Barbara County, CA, USA","California, USA","United States",34.40357246117,-119.74339412507,land,saltwater,2026-03-25,"La Patera, 2",59,,59,2.72,0.16,0.00,,,11,,1,2,,1,2,20,,,,,,15,1,1,,,,,,,,,,,,,,,,,,,50,,,,,,,,42,146
399824,"Sarasota County, FL, USA","Florida, USA","United States",27.087225835919,-82.126631484788,land,saltwater,2026-03-25,,1,,1,0.58,0.02,0.00,,,,,,,,,,,,,,,,,,2,,,,,,,,,,,,,,,,,,1,3,3,,,,,,,,9
399826,"Galveston County, TX, USA","Texas, USA","United States",29.22139,-94.904621666667,land,saltwater,2026-03-25,dolphins,4,,4,4.13,0.13,0.00,,5,6,,2,,1,3,11,35,,,,1,1,,3,2,,,1,,2,,3,2,1,,,,,,1,,,,2,6,,,,1,,,,89
399833,"Miami-Dade County, FL, USA","Florida, USA","United States",25.81440218,-80.27226527,land,inland,2026-03-25,,1,,1,6.67,3.22,0.00,,4,1,,3,5,5,7,6,,10,,,1,,21,2,1,,,4,,3,,1,3,,1,,,2,,,,1,,,,,,,,,,19,100
399834,"Palm Beach County, FL, USA","Florida, USA","United States",26.371876571157,-80.092575717555,land,inland,2026-03-25,"Bocasob- Dmoon",1,,1,4.02,0.17,0.00,,11,9,2,20,10,1,3,3,11,4,14,4,4,6,35,8,14,3,1,,,,,3,9,1,2,,2,4,,,1,2,,,7,,,,2,,,7,203
399835,"Pinellas County, FL, USA","Florida, USA","United States",27.684319120998,-82.737731046957,land,saltwater,2026-03-25,,1,,1,6.94,2.87,0.00,,,5,,1,,3,,11,37,2,1,,,2,4,4,16,1,1,,,,,,,2,11,,2,,,1,,,5,10,59,1,,,,,,1,180
399836,"Galveston County, TX, USA","Texas, USA","United States",29.221682278141,-94.904940396329,land,saltwater,2026-03-25,NHS,4,,4,2.75,0.07,0.00,,3,,,1,1,,,3,,4,,,,,3,2,,,3,1,,,,,2,,1,,1,,,2,,,,,,,,,8,,,5,40
399837,"Galveston County, TX, USA","Texas, USA","United States",29.222041103191,-94.904925479849,land,saltwater,2026-03-25,pcrn,4,,4,0.68,0.48,0.00,,2,13,,,2,2,2,13,24,1,10,1,,,11,,1,1,2,,,,,,,,,,1,,,,1,,,2,8,,,,7,,,40,144
399840,"Honolulu County, HI, USA","Hawaii, USA","United States",21.444456149211,-157.73712938025,land,saltwater,2026-03-26,,1,,1,1.86,1.93,0.00,,,,,2,1,,,4,,,,,,,1,,,1,2,,,,,,1,4,,,,,,,,,,6,1,,,,,,,34,57
399843,"Miami-Dade County, FL, USA","Florida, USA","United States",25.75085617041,-80.145975585817,land,saltwater,2026-03-26,MUVE,3,,3,13.36,0.04,0.00,,,12,1,4,,1,,39,,1,4,6,1,2,17,2,1,3,1,,,6,,1,1,4,,2,1,,,1,,,,69,,1,,,,,,57,238
399844,"Miami-Dade County, FL, USA","Florida, USA","United States",25.757655958076,-80.142420290199,land,saltwater,2026-03-26,MUVE,6,,6,4.41,1.07,0.00,,3,22,,7,,,,38,,4,1,15,2,,19,,2,2,2,,,,,,1,1,,,,,,2,,2,2,23,3,,,,,,,25,176
399906,"Fairfax County, VA, USA","Virginia, USA","United States",38.884856519203,-77.273849779717,land,inland,2026-03-26,RBH,1,,1,1.32,4.83,0.00,,1,7,,9,,2,,24,17,,,1,,,24,,7,,3,,,,,,,,,,2,,,,,1,2,6,36,,,,,,,,142
399920,"Volusia County, FL, USA","Florida, USA","United States",28.885281666667,-80.7944,land,inland,2026-03-26,"Canaveral national seashore",1,,1,5.44,8.05,0.00,,1,2,1,1,2,,1,76,,,,5,,,19,,11,7,1,3,,,,,2,3,,3,1,,,1,,3,1,23,3,,,,,,,,170
399921,"Yolo County, CA, USA","California, USA","United States",38.5449065,-121.7405167,land,inland,2026-03-25,"putah creek council",1,,1,1.26,0.00,0.00,,,1,,1,,,,1,1,,,,,,2,,,,,,,,,,,,,,,,,,,,,8,12,,,,,,,8,34
399922,"Del Norte County, CA, USA","California, USA","United States",41.52087,-123.988415,land,freshwater,2026-03-26,,1,,1,0.55,0.03,0.00,,2,1,1,3,2,,1,3,3,1,,,1,,2,,4,,,,,,,,,,,,,,,,,,,,2,,,,,,,,26
399923,"Nassau County, NY, USA","New York, USA","United States",40.58363921203,-73.658131176286,land,saltwater,2026-03-26,,1,,1,0.09,0.86,0.00,,,,,,,,,21,,,,,,,,,1,,,,,,,,,,,,,,,,,,,1,,,,,,,,,23
399924,"Del Norte County, CA, USA","California, USA","United States",41.52096,-123.98834,land,inland,2026-03-26,,1,,1,1.12,0.04,0.00,,2,2,3,2,1,,2,1,3,1,,,2,1,1,,1,,,,,,,,,,,,,,,,1,,,1,2,,,,,,,6,32
399925,"Del Norte County, CA, USA","California, USA","United States",41.521005,-123.98843666667,land,inland,2026-03-26,,1,,1,3.40,0.00,0.00,1,,,,,,,,,,,,,,,,,,,,,,,,,,,,,,,,,,,,,,,,,,,,,
399927,"Los Angeles County, CA, USA","California, USA","United States",34.190530661302,-118.52733794061,land,saltwater,2026-03-23,"test group name",1,,1,0.07,0.00,0.00,,10,,,,,,,,,,,,,,,,,,,,,,,,,,,,,,,,,,,,,,,,,,,,10
399930,"Del Norte County, CA, USA","California, USA","United States",41.52099086,-123.98850163,land,inland,2026-03-27,"Beach Coalition cleanup",1,,1,1.17,0.02,0.00,,2,2,3,2,4,,2,1,3,1,,,2,1,1,,1,,,,,,,,,,,,,,,,1,,,1,2,,,,,,,6,35
399931,"Honolulu County, HI, USA","Hawaii, USA","United States",21.444386983333,-157.73706201667,land,saltwater,2026-03-27,,1,,1,2.77,2.02,0.00,,,,,2,1,,,,,,,,,,,1,,1,3,,,,,,,,,,,,,,,,4,8,,,,,,,,29,49
399939,"Jackson County, MS, USA","Mississippi, USA","United States",30.409559589662,-88.840099114078,land,saltwater,2026-03-21,"Kelsey Fleming",124,,124,148.78,1.61,0.00,,11,32,8,26,36,3,56,75,553,14,25,19,4,15,119,26,75,14,14,1,1,19,1,,,,,14,32,3,3,5,,172,20,198,243,,,,8,1,,220,2066
399940,"Jackson County, MS, USA","Mississippi, USA","United States",30.412930037989,-88.550669683053,land,saltwater,2026-03-18,"Amanda Romano",2,17,19,28.82,1.21,0.00,7,9,17,7,40,17,21,12,72,71,9,,4,6,45,271,7,28,2,13,,,124,,,43,3,26,,10,,8,,1,19,4,102,217,,4,,2,,,255,1469
399941,"Harrison County, MS, USA","Mississippi, USA","United States",30.378296734343,-89.042520584271,land,saltwater,2026-02-25,"Lola Saucler",25,,25,3.72,2.01,0.00,12,5,,,,3,,13,23,13,,,,,2,6,,5,7,5,,,,,,,,,2,,2,,,,,3,,4,,,,,,,36,129
399942,"San Mateo County, CA, USA","California, USA","United States",37.5027185,-122.4694214,land,saltwater,2026-03-27,,1,,1,0.91,0.00,0.00,1,,,,,,,,,,,,,,,,,,,,,,,,,,,,,,,,,,,,,,,,,,,,,
399943,"Harrison County, MS, USA","Mississippi, USA","United States",30.367036695611,-89.084862258416,land,saltwater,2026-02-14,"Kathleen Chinevert",15,6,21,51.72,4.83,0.00,15,23,83,8,31,14,3,11,117,170,8,3,8,5,3,183,8,41,16,1,,,10,,,35,1,,,12,2,6,3,22,72,1,138,73,4,,1,3,1,6,396,1522
399945,"Isle of Wight County, VA, USA","Virginia, USA","United States",36.734248720408,-76.872076698951,watercraft,inland,2026-03-24,"Blackwater Nottoway Riverguard",1,,1,40.82,0.00,0.00,1,,,,,,,,,,,,,,,,,,,,,,,,,,,,,,,,,,,,,,,,,,,,,
399946,"Harrison County, MS, USA","Mississippi, USA","United States",30.394037939614,-88.90267978634,land,saltwater,2026-03-27,"SSgt Cristina Eck",16,2,18,12.33,1.21,0.00,7,3,1,,7,9,4,9,16,339,7,,,3,,19,15,11,5,5,,,4,,,,,,,2,,,,7,,,71,62,,,,,,,18,617
399947,"Indian River County, FL, USA","Florida, USA","United States",27.64887834,-80.36690194,land,saltwater,2026-03-27,mb,1,,1,3.40,0.00,0.00,1,,,,,,,,,,,,,,,,,,,,,,,,,,,,,,,,,,,,,,,,,,,,,
400225,"Broward County, FL, USA","Florida, USA","United States",26.24640725,-80.08534928,land,saltwater,2026-03-27,"Broward MLM",1,,1,23.50,0.48,0.00,,,,,1,1,18,,13,5,1,,,,,2,,5,,,,,2,2,,,,2,1,3,,,,,2,3,,25,,2,,,,,10,98
400230,"Miami-Dade County, FL, USA","Florida, USA","United States",25.611146253278,-80.307303819433,land,saltwater,2026-03-27,,1,,1,0.65,0.07,0.00,,4,1,,1,,,1,8,1,1,2,,1,,3,,,,,,,,,,1,,,,,,,,,,1,4,,,,,,,,11,40
400231,"Fairfax County, VA, USA","Virginia, USA","United States",38.895720839608,-77.283944390606,land,inland,2026-03-27,RBH,1,,1,2.04,1.93,0.00,,1,1,,,,3,,2,1,,,,,,24,,,,,,,,,,1,,1,,3,,,,,,1,13,24,,,,,,,1,76
400235,"San Mateo County, CA, USA","California, USA","United States",37.6043476914,-122.49984883372,land,saltwater,2026-03-28,,1,,1,0.84,0.73,0.00,,,,,1,1,,,1,3,,2,,,,1,,1,,,,,,,,,,,,,,,,,,,6,7,,,,,,,,23
400236,"Honolulu County, HI, USA","Hawaii, USA","United States",21.444366686066,-157.73697869867,land,saltwater,2026-03-28,,1,,1,0.97,2.70,0.00,,,,,3,,,,1,,,,,,,2,,,,,,,,,,1,,,,,,,,,,1,10,1,,,,,,,38,57
400241,"San Bernardino County, CA, USA","California, USA","United States",34.053951921622,-117.29229053687,land,inland,2026-03-28,,2,,2,0.68,4.83,0.00,,,,2,,2,,,,,,,,,,3,1,,1,,,,,,,,,,,,,,,2,,,1,,,1,,,,,,13
400242,"Escambia County, FL, USA","Florida, USA","United States",30.687875391136,-87.367037535735,land,freshwater,2026-03-28,,1,,1,0.19,0.27,0.00,,,,,1,1,,,2,,,,,,,3,,2,,,,,,,,,,,,,,,,1,,,,1,,,,,,,5,16
400243,"Greater Bridgeport Planning Region, CT, USA","Connecticut, USA","United States",41.256803119932,-73.210418012048,land,inland,2026-03-28,"Trumbull cleanup",1,,1,1.22,1.59,0.00,,,,1,,1,,,,1,,,1,,1,5,,,,,,,,,,,,,,1,1,,,1,,,3,8,,1,,,,1,,26
400244,"Volusia County, FL, USA","Florida, USA","United States",29.03819723794,-80.895266013324,land,saltwater,2026-03-28,"Oviedo BETA - Reagan O, Mia P, Carsyn S",3,,3,13.02,0.16,0.00,,10,1,,4,3,,,2,19,2,1,1,,,11,4,6,4,,,,6,,1,3,,,1,4,,,,2,,2,23,44,,,,,,1,12,167
400245,"Volusia County, FL, USA","Florida, USA","United States",29.037615731372,-80.894375957648,land,saltwater,2026-03-28,"Beach queens",5,,5,6.28,1.92,0.00,,1,1,1,1,1,1,,3,29,,4,,2,2,11,,4,1,4,,,,,,2,,2,,5,,,1,,,3,,34,,,,,,,,113
400246,"Volusia County, FL, USA","Florida, USA","United States",29.0433616,-80.8974982,land,saltwater,2026-03-28,"oviedo beta",3,,3,8.18,0.00,0.00,,5,13,3,,1,1,3,5,5,3,,7,,,37,2,2,5,1,,,,,,2,11,,1,12,,,1,2,2,8,6,10,,,,,,,3,151
400247,"Volusia County, FL, USA","Florida, USA","United States",29.037766196007,-80.895208119672,land,saltwater,2026-03-28,"VOL -beta",2,,2,0.50,0.68,0.00,,,8,,2,1,,1,,4,,,1,,,,,1,,,,,,,,,,,,1,,,,,6,,2,,,,,,,,2,29
400248,"Volusia County, FL, USA","Florida, USA","United States",29.027016310157,-80.888867653464,land,saltwater,2026-03-28,"BETA CLUB OHS (alyson, sara, cody)",3,,3,11.00,0.03,0.00,,4,4,,3,,2,2,2,2,,1,3,,,5,1,,1,,1,,,1,,,,,1,1,,,,,1,3,2,2,,,,,,,2,44
400249,"Broward County, FL, USA","Florida, USA","United States",26.11384642,-80.17488081,land,inland,2026-03-28,Broward,1,,1,1.70,1.43,0.00,,7,13,3,28,3,2,4,1,4,,1,1,,2,1,7,3,2,,,,,,,,,,,,,,,,,,,,,,,,,,,82
400250,"Washington County, RI, USA","Rhode Island, USA","United States",41.463087653797,-71.536428504447,land,inland,2026-03-28,Pam,1,,1,58.07,0.00,0.00,,1,,,,,1,,,,,,,,,,,,,,,1,,,1,,,,,,,,,,,,,,,,,,,,,4
400251,"Howard County, MD, USA","Maryland, USA","United States",39.315226495915,-76.880200586686,land,freshwater,2026-03-28,yci,4,,4,5.53,0.61,0.00,,3,3,2,13,2,7,,,,,1,2,2,,6,1,1,1,,,,1,,2,2,1,,,,,,1,3,,10,4,4,,,,,,,3,75
400253,"Yolo County, CA, USA","California, USA","United States",38.5449065,-121.7405167,land,inland,2026-03-28,"putah creek council",1,,1,1.37,0.00,0.00,,,2,,1,,,,1,,,,,,,2,,,,,,,,,,,,,,,,,,,,,11,11,,,,,,,5,33
400255,"San Mateo County, CA, USA","California, USA","United States",37.649882705882,-122.4913493637,land,inland,2026-03-28,"Pacific Beach Coalition - Terri Brown",1,,1,7.03,0.28,0.00,,1,,,4,3,,6,5,,,4,5,1,2,4,7,3,3,,,,,,,,,3,,1,,,,,2,1,,97,,4,,5,,,11,172
400257,"San Mateo County, CA, USA","California, USA","United States",37.650576169947,-122.49108902022,land,inland,2026-03-28,"Pacific Beach Coalition - Terri Brown",1,,1,7.67,0.53,0.00,,,1,2,3,5,,4,3,,,2,1,,2,5,3,2,2,,,,1,,,,1,,,7,,,,,2,,,70,,4,,4,,,21,145
400258,"San Mateo County, CA, USA","California, USA","United States",37.482911918223,-122.45197956898,land,saltwater,2026-03-28,"Sea Hugger",2,,2,3.81,0.00,0.00,,1,4,2,2,,,2,,1,,,,,,,,,,,,,,,,,,,3,5,1,2,1,2,1,1,34,,,,,,,,43,105
400259,"San Mateo County, CA, USA","California, USA","United States",37.483145545665,-122.45205505371,land,saltwater,2026-03-28,"Sea Hugger",1,,1,0.69,0.01,0.00,,,2,1,,,,,,,,,,,,1,,2,,,,,,,,1,,,,,,,,,1,,1,5,,,,,,,2,16
400260,"San Mateo County, CA, USA","California, USA","United States",37.648616192049,-122.48714351693,land,inland,2026-03-28,"Pacific Beach Coalition - Terri Brown",1,,1,0.01,0.15,0.00,,,,,,,,,,539,,,,,,,,,,,,,,,,,,,,,,,,,,,,,,,,,,,,539
400261,"Escambia County, FL, USA","Florida, USA","United States",30.330760089429,-87.142290448636,land,inland,2026-03-28,"number 1",3,,3,7.31,0.06,0.00,,5,39,1,13,35,24,4,36,10,,,,,4,8,,12,,1,,,3,,1,10,,4,1,4,,,,4,,,,2,,1,,,,1,,223
400263,"Miami-Dade County, FL, USA","Florida, USA","United States",25.8900949,-80.1867138,land,inland,2026-03-23,,1,,1,10.21,0.00,0.00,2,,,,,,,,,,,,,,,,,,,,,,,,,,,,,,,,,,,,,,,,,,,,,
400264,"San Mateo County, CA, USA","California, USA","United States",37.483175810988,-122.45289167698,land,saltwater,2026-03-28,"sea hugger",1,,1,3.17,1.95,0.00,,1,,,,1,1,,,,,,,,,,,,,,,,2,,,,1,,,,,,,,,,11,,,,,,,,10,27
400265,"Honolulu County, HI, USA","Hawaii, USA","United States",21.445046564075,-157.73753303574,land,saltwater,2026-03-28,,1,,1,0.64,1.29,0.00,,,,,2,1,,,1,,,,,,,,,,,,,,,,,,,,,,,,,,1,2,1,1,,,,,,,33,42
400267,"Fairfax County, VA, USA","Virginia, USA","United States",38.884178762094,-77.273350324755,land,inland,2026-03-28,RBH,1,,1,0.54,3.22,0.00,,,2,,2,8,2,1,4,11,,,1,,,12,,,,,,,1,,,,,3,,,,,,,3,1,10,21,,,,,,,,82
400268,"Cattaraugus County, NY, USA","New York, USA","United States",42.086934698889,-78.310345588166,land,inland,2026-03-28,Asher,1,,1,35.24,0.02,0.00,,10,14,23,22,48,3,15,4,5,6,5,7,4,3,2,4,2,,2,,,5,2,5,1,5,2,,6,1,,,2,2,2,4,9,,,,,,,11,236
400269,"San Mateo County, CA, USA","California, USA","United States",37.621595176713,-122.45158890001,land,inland,2026-03-28,"Zombie Butts",1,,1,0.00,0.80,0.00,,,,,,,,,,6,,,,,,,,1,,,,,,,,,,,,,,,,,,,,,,,,,,,,7
400271,"Galveston County, TX, USA","Texas, USA","United States",29.221667785013,-94.90465037369,land,saltwater,2026-03-25,,4,,4,3.96,0.01,0.00,,1,7,1,1,,,10,32,54,1,,,,,7,2,5,2,1,,,2,,,1,1,2,2,1,,,,,,3,6,7,,,,,,,88,237
400272,"Galveston County, TX, USA","Texas, USA","United States",29.22237327028,-94.903292656972,land,saltwater,2026-03-25,"Carnegie Vanguard NHS",7,,7,1.41,0.77,0.00,,2,2,1,,2,2,,1,3,2,3,2,1,,,2,1,,1,,,,,,1,,,,1,,,,,1,1,1,1,,1,,1,,,7,40
400273,"Travis County, TX, USA","Texas, USA","United States",30.426584780368,-97.556461516026,land,inland,2026-03-28,PCS,2,,2,10.12,0.43,0.00,,8,14,2,9,4,,,,,1,1,3,,1,12,,2,3,,,,3,,,,6,,,5,,,,,,7,,36,,,,,,,1,118
400274,"Del Norte County, CA, USA","California, USA","United States",41.52095116,-123.98847039,land,inland,2026-03-28,"Beach Coalition cleanup",1,,1,0.84,0.03,0.00,,1,,2,1,4,1,2,2,6,,,,2,1,4,,2,1,,,,,,,,,,,,,,,,,,,2,,,,,,,4,35
400279,"Los Angeles County, CA, USA","California, USA","United States",34.017406002103,-118.50330963119,land,saltwater,2026-03-29,"Coastal Clean-up Assignment",1,,1,3.06,0.06,0.00,,11,2,2,21,5,2,,12,17,1,,1,5,2,4,,6,3,2,,,,,,4,,1,,2,,,,1,,1,,,,,,,,,7,112
400282,"Greater Bridgeport Planning Region, CT, USA","Connecticut, USA","United States",41.265927803614,-73.206912617292,land,inland,2026-03-29,"Trumbull cleanup",1,,1,1.70,1.64,0.00,,,,,1,1,,,1,,,1,1,,2,2,,,,,,,,,,,,,,2,,1,,1,1,,6,13,,,,,,,4,37
400284,"Hillsborough County, FL, USA","Florida, USA","United States",28.089225704677,-82.352390465352,land,inland,2026-03-29,"Mom & Daughter",2,,2,2.71,0.46,0.00,,,,,1,2,3,1,,14,,,1,,,11,,1,,4,,,,,,,,,,,,,,1,,,1,9,,,,,,,5,54
400286,"Newport County, RI, USA","Rhode Island, USA","United States",41.51868565,-71.32810749,land,saltwater,2026-03-29,"Save The Bay",2,,2,6.59,1.47,0.00,,4,4,,4,5,4,10,16,38,,3,,6,6,9,11,7,4,3,4,,,,4,12,3,4,,,,,,3,5,,7,11,,,,10,,,58,255
400287,"Monroe County, FL, USA","Florida, USA","United States",25.0115186,-80.5150608,land,saltwater,2026-02-14,"Pascal's Way",22,,22,74.84,0.00,0.00,11,,,,,,,,,,,,,,,,,,,,,,,,,,,,,,,,,,,,,,,,,,,,,
400288,"Monroe County, FL, USA","Florida, USA","United States",25.0115186,-80.5150608,land,saltwater,2026-03-14,"Pascal's Way",22,,22,68.04,0.00,0.00,10,,,,,,,,,,,,,,,,,,,,,,,,,,,,,,,,,,,,,,,,,,,,,
400289,"Yolo County, CA, USA","California, USA","United States",38.5449065,-121.7405167,land,inland,2026-03-29,"putah creek council",1,,1,0.51,0.00,0.00,,,1,,,,,,,,,,,,,2,,,,,,,,,,,,,,,,,,,,,4,4,,,,,,,3,14
400290,"San Mateo County, CA, USA","California, USA","United States",37.63315566199,-122.47376795566,land,inland,2026-03-29,,1,,1,1.24,0.00,0.00,,1,16,2,4,1,4,2,4,11,,4,2,1,2,8,3,3,,,,,,,,4,,,,,,,,1,1,,,,,,,,,,,74
400291,"York County, VA, USA","Virginia, USA","United States",37.168779,-76.4625065,land,inland,2026-03-29,"Willow Lakes Neighborhood Cleanup",5,,5,6.80,0.00,0.00,1,,,,,,,,,,,,,,,,,,,,,,,,,,,,,,,,,,,,,,,,,,,,,
400292,"Fairfax County, VA, USA","Virginia, USA","United States",38.884871231688,-77.273820573392,land,inland,2026-03-29,RBH,1,,1,5.22,4.35,0.00,,1,2,,5,6,2,,6,11,,1,,,1,17,2,,,,,,1,,,,,2,,5,,,,,5,,16,28,,,,,,,1,112
400293,"Brunswick County, NC, USA","North Carolina, USA","United States",33.93488948,-78.03186978,land,saltwater,2026-03-29,,1,,1,1.13,6.60,0.00,,,1,,,,,,,1,,,,1,,5,1,,,,,,,,,,,3,1,,,,,,,,7,10,,,,,,,,30
400294,"Santa Clara County, CA, USA","California, USA","United States",37.433925313377,-122.09982446035,land,saltwater,2026-03-29,ff,1,,1,0.45,16.09,0.00,,,,,,,,,,2,,,,,,,,,,,,,21,,,,,,,,,,,,,,1,,,1,,,,,11,36
400295,"Orange County, CA, USA","California, USA","United States",33.668125842654,-118.00787033489,land,saltwater,2026-03-30,kruz,1,,1,4.47,0.05,0.00,,6,,,12,,,,,,5,,,,,6,6,,5,,,,1,,,4,4,,,2,,,4,3,,,8,,,,2,,,,20,88
400296,"Miami-Dade County, FL, USA","Florida, USA","United States",25.8900949,-80.1867138,land,inland,2026-03-24,,1,,1,13.61,0.00,0.00,2,,,,,,,,,,,,,,,,,,,,,,,,,,,,,,,,,,,,,,,,,,,,,
400297,"Miami-Dade County, FL, USA","Florida, USA","United States",25.8900949,-80.1867138,land,inland,2026-03-25,,1,,1,20.41,0.00,0.00,3,,,,,,,,,,,,,,,,,,,,,,,,,,,,,,,,,,,,,,,,,,,,,
400304,"Cabarrus County, NC, USA","North Carolina, USA","United States",35.408487688934,-80.603134579764,land,freshwater,2026-03-29,"HE Winkler Middle School Project",4,,4,8.50,0.80,0.00,3,4,7,5,47,27,,,3,,3,,,10,5,34,,,2,,,,,,,,3,,,,,,,,1,,,,,,,,,,9,160
400305,"Erie County, NY, USA","New York, USA","United States",42.88387,-78.76367,land,inland,2026-03-30,"BNW Howells-KingstonPl",1,,1,22.45,0.10,0.00,,2,4,5,12,8,1,6,15,22,,2,8,1,3,18,16,12,4,,,,15,,,,6,3,,5,1,,,,7,,6,3,,,,,,4,20,209
400306,"Greater Bridgeport Planning Region, CT, USA","Connecticut, USA","United States",41.252388754099,-73.206351859791,land,inland,2026-03-30,"Trumbull cleanup",1,,1,0.56,4.19,0.00,,1,,,3,,,,,1,,,,,1,3,,,,,,,,,,,,,,,,,,,1,,5,2,,,,,,,21,38
400308,"Monroe County, NY, USA","New York, USA","United States",43.14576449,-77.57285507,land,inland,2026-03-30,,1,,1,0.20,0.00,0.00,,,,,,,,,,,,,,,,,,,,,,,,,1,,,,,1,,1,,,,,,,,,,,,,1,4
400309,"Hillsborough County, FL, USA","Florida, USA","United States",27.849880375837,-82.553763061548,land,saltwater,2026-03-28,"The Florida Aquarium",2,14,16,11.34,1.61,0.00,3,9,13,12,20,15,,22,54,28,13,12,31,15,12,109,25,12,14,16,1,,,,,3,1,,37,26,,,3,12,,10,131,122,,,,,,,155,933
400310,"King County, WA, USA","Washington, USA","United States",47.5894407,-122.3806401,underwater,saltwater,2026-03-27,SR3-SDT_Seacrest_2026,23,,23,111.40,0.00,0.00,,1,6,12,13,65,1,52,24,457,4,74,10,,2,114,10,25,5,92,2,,28,,,2,,40,,16,,16,5,,4,,,360,,,2,4,1,,4,1451
400311,"Erie County, NY, USA","New York, USA","United States",42.971926696813,-78.632995221869,land,inland,2026-03-30,lol,1,,1,0.01,0.01,0.00,,,1,,,,,1,,1,,,,,,,,,,,,,,,,,,,,,,,,,,,,,,,,,,,,3
400312,"Niagara County, NY, USA","New York, USA","United States",43.17751688,-78.70338963,land,inland,2026-03-29,"BNW Emily H.",1,,1,0.45,0.00,0.00,1,,,,,,,,,,,,,,,,,,,,,,,,,,,,,,,,,,,,,,,,,,,,,
400313,"Cameron County, TX, USA","Texas, USA","United States",26.1118401,-97.1681257,land,saltwater,2026-03-20,,2,,2,7.71,0.00,0.00,3,,,,,,,,,,,,,,,,,,,,,,,,,,,,,,,,,,,,,,,,,,,,,
400314,"Santa Barbara County, CA, USA","California, USA","United States",34.40355991788,-119.74339273245,land,saltwater,2026-03-30,"Patterson Road, 6",57,,57,2.27,0.00,0.00,,,,1,2,,,,10,20,,1,4,,,,2,3,,,,,,,,,,,,,,,,,,,5,5,,,,,,,51,104
400315,"Orange County, CA, USA","California, USA","United States",33.50017748536,-117.62283564112,land,saltwater,2026-03-29,Project3R,2,,2,7.26,0.00,0.00,2,,,,,,,,,,,,,,,,,,,,,,,,,,,,,,,,,,,,,,,,,,,,,
400316,"Erie County, NY, USA","New York, USA","United States",42.853376666667,-78.809995,land,inland,2026-03-30,"BNW Howells-KingstonPl",1,,1,31.22,10.03,0.00,,18,12,16,15,6,5,11,20,45,1,12,24,,4,57,24,17,14,,,,16,,,13,11,9,4,8,2,6,1,,26,1,4,17,,,2,5,1,4,24,455
400317,"San Mateo County, CA, USA","California, USA","United States",37.649946827441,-122.49126068316,land,inland,2026-03-30,"Pacific Beach Coalition - Terri Brown",1,,1,12.57,0.79,0.00,,,1,1,3,5,,4,4,,,4,4,,2,5,8,8,7,,,,1,,,,2,2,,3,,2,1,2,5,,,145,,8,1,18,,,31,277
400318,"San Mateo County, CA, USA","California, USA","United States",37.648379933328,-122.48714103813,land,inland,2026-03-30,"Pacific Beach Coalition - Terri Brown",1,,1,0.02,0.03,0.00,,,,,,,1,,,423,,,,,,,,,,,,,,,,,,,,,,,,,,,,,,,,,,,,424
400329,"Seminole County, FL, USA","Florida, USA","United States",28.660681929256,-81.245553758972,land,saltwater,2026-03-31,,1,,1,1.68,0.80,0.00,,,,3,,,,,2,,2,,,,1,1,1,1,1,1,,,,,,1,,,2,,,,2,,,,,,,,,,,,,18
400335,"Palm Beach County, FL, USA","Florida, USA","United States",26.762412129901,-80.036162389442,land,saltwater,2026-03-31,KPBCB,3,,3,25.40,0.16,0.00,,5,5,6,12,3,6,,95,6,6,3,11,6,7,18,12,7,12,4,,,2,,5,8,4,4,7,2,,,6,,2,3,7,3,,,,,,,466,743
400336,"Palm Beach County, FL, USA","Florida, USA","United States",26.762749459594,-80.03789735958,land,saltwater,2026-03-31,KPBCB,3,,3,17.18,0.02,0.00,,8,11,2,12,9,9,10,51,5,8,8,5,5,11,13,12,11,12,8,7,,2,,3,7,8,5,2,2,,,8,3,,5,5,6,,,,,,3,299,575
400337,"Palm Beach County, FL, USA","Florida, USA","United States",26.748764798976,-80.035915542394,land,saltwater,2026-03-31,KPBCB,3,,3,9.53,0.00,0.00,,3,6,3,7,,1,,31,4,4,5,5,5,4,5,9,7,7,4,4,,,,,3,3,1,2,,,1,2,,2,2,2,,,,,,,,262,394
400338,"Greater Bridgeport Planning Region, CT, USA","Connecticut, USA","United States",41.249359664447,-73.202056210152,land,inland,2026-03-31,"Trumbull cleanup",1,,1,0.64,0.94,0.00,,,2,1,,,,1,2,1,,,,,,,,,,,,,,,,,,,,1,,,,,,,2,2,,,,,,,24,36
400339,"Palm Beach County, FL, USA","Florida, USA","United States",26.721212309785,-80.034966878593,land,saltwater,2026-03-31,KPBCB,3,,3,14.06,0.00,0.00,,3,3,2,7,7,9,,47,5,,1,5,3,7,13,7,4,11,2,,,3,,,2,3,3,2,,,,4,,,1,5,3,,,,,,3,291,456
400340,"Fairfax County, VA, USA","Virginia, USA","United States",38.88603538416,-77.276958121889,land,inland,2026-03-31,RBH,1,,1,0.18,4.35,0.00,,,1,,2,1,1,2,1,7,,,,,,6,,,1,,,,,,,,,,,,,,,,,1,8,8,,,,,,,1,40
400341,"Talbot County, MD, USA","Maryland, USA","United States",38.678147980102,-76.172812717094,land,inland,2026-03-31,,1,,1,0.03,0.03,0.00,,,,,,,,,,1,,,,,,2,,,,,,,,,,,,1,,,,,,,,,,,,,,,,,,4
400342,"Larimer County, CO, USA","Colorado, USA","United States",40.5718653,-105.0269258,land,freshwater,2026-03-27,"Leapin Lizard Labels",8,,8,15.42,0.00,0.00,4,,,,,,,,,,,,,,,,,,,,,,,,,,,,,,,,,,,,,,,,,,,,,
400344,"Volusia County, FL, USA","Florida, USA","United States",28.936141666667,-80.829271666667,land,inland,2026-03-31,"Canaveral national seashore",1,,1,11.52,5.63,0.00,,,5,,27,3,2,,84,5,8,,4,,,4,3,26,9,2,2,,2,,,4,8,3,22,,,,11,,7,2,23,11,,2,,,,,44,323
400345,"South Central Connecticut Planning Region, CT, USA","Connecticut, USA","United States",41.324815327341,-72.958749157717,land,inland,2026-03-31,"Save the Sound",1,,1,1.72,0.39,0.00,,,,,1,,,8,8,16,,,,,1,26,,1,1,,,,,,,,,,,,,,,1,11,,5,13,,,,,,,3,95
400346,"Santa Rosa County, FL, USA","Florida, USA","United States",30.516785742366,-87.040022696054,land,freshwater,2026-03-31,,1,,1,1.99,5.80,0.00,,,,,,,,1,,3,,,,,,5,1,1,,,,,,,,,,2,,,,,2,,,,3,21,,,,,,,2,41
400347,"Palm Beach County, FL, USA","Florida, USA","United States",26.512848158796,-80.057267520005,land,saltwater,2026-03-31,Bocasob,1,,1,1.35,0.04,0.00,,2,13,2,3,,1,,,,5,2,,1,,,,1,3,,1,,,,1,,,3,1,,,,,,,,,,,1,,,,,30,70
400348,"San Francisco County, San Francisco, CA, USA","California, USA","United States",37.772801185871,-122.448620759,land,saltwater,2026-03-25,"3/8 uc naturalist",1,,1,0.12,0.00,0.00,,,,,,4,,,,,,,,,2,,,,,,,,,,,,,,,,,,,,,,,,,,,,,,,6
400371,"Williamson County, TX, USA","Texas, USA","United States",30.6332618,-97.6779842,land,inland,2026-04-01,"Me, myself and I",1,,1,0.18,0.00,0.00,,,1,,,2,1,,1,,,,,,,,,,,,,,,,,,,,,,,,,,,,,2,,,,,,,6,13
400372,"Broward County, FL, USA","Florida, USA","United States",25.993426423549,-80.128574313583,land,inland,2026-04-01,"Little Earth Hero",1,,1,0.23,0.18,0.00,,,,1,,,,,,,,,,,,,,,,,,,,,,,,,,,,,,,,,,,,,,,,,,1
400375,"Palm Beach County, FL, USA","Florida, USA","United States",26.693491260521,-80.033952249214,land,saltwater,2026-04-01,KPBCB,3,,3,26.31,0.00,0.00,,4,6,4,5,4,6,,63,6,5,5,5,6,3,5,6,4,12,3,,,4,,,,4,3,3,2,,,5,,,3,4,10,,,,,,,191,381
400376,"Greater Bridgeport Planning Region, CT, USA","Connecticut, USA","United States",41.259086699172,-73.204111704453,land,inland,2026-04-01,"Trumbull cleanup",1,,1,1.29,0.60,0.00,,,1,,9,1,,,,,,1,,,,3,3,,,,,,,,,,,,1,,2,,,,1,1,3,9,,,,,,,3,38
400377,"Pinellas County, FL, USA","Florida, USA","United States",27.684064370599,-82.737750094892,land,saltwater,2026-04-01,,1,,1,8.58,2.72,0.00,,,1,,6,2,,1,15,38,1,,4,,,16,3,38,1,1,,,1,,,,7,11,,3,1,3,3,1,,9,7,30,,1,,,,,1,205
400378,"Palm Beach County, FL, USA","Florida, USA","United States",26.709512262605,-80.034295655787,land,saltwater,2026-04-01,KPBCB,3,,3,11.79,0.00,0.00,,,4,3,13,3,7,5,64,5,4,6,3,6,8,5,8,8,8,,,,,,4,,4,4,4,,,,4,,,,5,3,,,,,,,216,404
400379,"Erie County, NY, USA","New York, USA","United States",42.966576465731,-78.744458084276,land,inland,2026-04-01,Ruggs,2,,2,0.41,0.64,0.00,,,1,,,,2,,2,20,2,3,,,,5,,1,,,,,,,,1,,,,,,,,,,1,,,,,,,,,5,43
400380,"Erie County, NY, USA","New York, USA","United States",42.93873749,-78.53299416,land,freshwater,2026-04-01,"BNW MOH",1,,1,0.07,0.00,0.00,,,,,2,1,,,,,,,,,,1,,,,,,,,,,,,,,,,,,,,,,,,,,,,,,4
400383,"Horry County, SC, USA","South Carolina, USA","United States",33.6060031,-78.9730887,land,saltwater,2026-03-29,,1,,1,0.91,0.00,0.00,1,,,,,,,,,,,,,,,,,,,,,,,,,,,,,,,,,,,,,,,,,,,,,
400391,"Fairfax County, VA, USA","Virginia, USA","United States",38.885,-77.273916666667,land,inland,2026-04-01,RBH,1,,1,0.54,3.38,0.00,,,3,,25,5,1,2,16,12,,,1,,,26,1,1,,1,,,,,,,,1,,1,,,,,,1,5,6,,,,,,,,108
400392,"Yolo County, CA, USA","California, USA","United States",38.5449065,-121.7405167,land,inland,2026-04-01,"putah creek council",1,,1,0.41,0.00,0.00,,,3,,,,,,1,,,,,,,2,,,,,,,,,,,,,,,,,,,,,3,3,,,,,,,3,15
400393,"Suffolk County, NY, USA","New York, USA","United States",40.697547363391,-73.31698778482,land,freshwater,2026-03-28,STGSB,60,10,70,453.59,1.61,0.00,50,,,,,,,,,,,,,,,,,,,,,,,,,,,,,,,,,,,,,,,,,,,,,
400394,"Nassau County, NY, USA","New York, USA","United States",40.677059700847,-73.468808846064,land,freshwater,2026-03-28,STGSB,40,,40,272.16,1.61,0.00,30,,,,,,,,,,,,,,,,,,,,,,,,,,,,,,,,,,,,,,,,,,,,,
400395,"Miami-Dade County, FL, USA","Florida, USA","United States",25.893625303249,-80.176740743467,land,inland,2026-04-01,Alex,1,,1,3.40,0.00,0.00,1,,,,,,,,,,,,,,,,,,,,,,,,,,,,,,,,,,,,,,,,,,,,,
400397,"Palm Beach County, FL, USA","Florida, USA","United States",26.371793976088,-80.092582201084,land,inland,2026-04-01,"Bocasob- Dmoon",1,,1,5.72,0.80,0.00,,5,1,7,27,24,4,13,14,13,2,16,5,1,2,36,9,4,6,1,,,,,,2,,1,1,,4,1,,5,7,1,,15,1,1,,4,,,10,243
400400,"Pinellas County, FL, USA","Florida, USA","United States",27.684332788124,-82.73776881872,land,saltwater,2026-04-02,,1,,1,9.61,0.21,0.00,,,1,,7,2,,,12,27,,,6,,,6,2,18,8,4,,,1,,,,4,9,,,,2,,1,2,11,16,34,,2,,,,,,175
400403,"Miami-Dade County, FL, USA","Florida, USA","United States",25.75085126,-80.14603853,land,saltwater,2026-04-02,MUVE,1,,1,6.77,0.10,0.00,,1,7,1,5,,,,76,,1,2,3,,1,12,2,,5,2,,,3,,,,1,,,,,,,,,2,15,,,1,,,,,46,186
400404,"Miami-Dade County, FL, USA","Florida, USA","United States",25.751785836149,-80.148619933089,land,saltwater,2026-04-02,muve,3,,3,4.08,0.00,0.00,,,32,,6,,,,83,,2,,3,,2,21,2,4,1,1,,,4,,,,1,,,,,,2,,,4,10,,,,,,,,31,209
400410,"Shasta County, CA, USA","California, USA","United States",40.59428514,-122.39838735,land,inland,2026-04-02,"Beach Coalition cleanup",1,,1,2.00,0.05,0.00,,1,,2,4,5,,2,1,5,1,,,1,,,,2,1,,,,1,,,,,,,,,,,1,,,,1,,,,,,,1,29
400411,"Fairfax County, VA, USA","Virginia, USA","United States",38.884864208799,-77.272817551998,land,inland,2026-04-02,RBH,1,,1,0.14,3.22,0.00,,,,,,,2,1,4,12,,,,,,18,,,1,,,,,,,,,1,,,,,,,,,8,11,,,,,,,11,69
400412,"Palm Beach County, FL, USA","Florida, USA","United States",26.371786276975,-80.092551815289,land,inland,2026-04-02,"Bocasob- Dmoon",1,,1,4.20,1.48,0.00,,1,1,3,29,25,2,8,16,50,2,5,3,,2,16,10,16,1,1,,,,,2,2,,2,,1,14,2,,,9,1,2,9,,1,,4,,,5,245
400413,"Williamson County, TX, USA","Texas, USA","United States",30.6332618,-97.6779842,land,inland,2026-04-03,"Me, myself and I",1,,1,0.09,0.00,0.00,,,,,,1,,,,,,,,,,,,,,,,,,,,,,,,,,,,,1,,,1,,,,,,,4,7
400414,"Nueces County, TX, USA","Texas, USA","United States",27.6728474,-97.1765566,land,saltwater,2026-04-02,"Senneff family",2,,2,4.54,0.00,0.00,2,,,,,,,,,,,,,,,,,,,,,,,,,,,,,,,,,,,,,,,,,,,,,
400415,"San Mateo County, CA, USA","California, USA","United States",37.463817365001,-122.15557848288,land,inland,2026-04-03,"Pacifica Beach Coalation",1,,1,0.32,7.24,0.00,,1,,,2,,,6,,1,2,1,,,,6,1,,,,,,,,,,,,,,,,,1,,,1,1,,,,,,,6,29
400421,"Palm Beach County, FL, USA","Florida, USA","United States",26.647154507227,-80.037048691884,land,saltwater,2026-04-02,KPBCB,3,,3,17.24,0.00,0.00,,2,13,2,12,4,7,6,99,3,6,10,12,6,8,7,17,12,13,,5,,7,,,3,11,3,4,,,,5,,4,3,8,4,,,,,,4,219,519
400422,"Greater Bridgeport Planning Region, CT, USA","Connecticut, USA","United States",41.278268853505,-73.221008916119,land,inland,2026-04-02,"Trumbull cleanup",1,,1,2.03,0.07,0.00,,,3,,2,1,1,,1,7,,3,2,,,2,2,1,1,,,,1,,,,,,,1,,,,,,,3,5,,,,,,,18,54
400423,"Palm Beach County, FL, USA","Florida, USA","United States",26.748777749017,-80.035843122751,land,saltwater,2026-04-03,KPBCB,2,,2,5.90,0.00,0.00,,2,5,3,3,6,10,,45,9,7,8,6,1,4,8,3,5,8,,,,,,,,3,2,,,,,3,,2,1,3,3,,,,,1,,361,512
400424,"Miami-Dade County, FL, USA","Florida, USA","United States",25.78374967268,-80.156078868253,land,saltwater,2026-04-03,"clean miami beach",8,,8,17.66,0.37,0.00,,5,4,4,19,9,2,11,18,26,3,,1,2,2,20,6,2,8,17,4,,1,,,1,,2,,,,,,1,2,1,46,20,,1,1,1,1,4,65,310
400425,"Orange County, FL, USA","Florida, USA","United States",28.582179030309,-81.406885943564,land,freshwater,2026-04-03,"Hans Solo The Egret",5,,5,4.67,0.25,0.00,,1,,1,4,9,,2,,,,,,,,4,,,,,,,3,,,,,1,,,,1,,,,2,,,,,,,,,5,33
400426,"Del Norte County, CA, USA","California, USA","United States",41.7452835,-124.17900187,land,saltwater,2026-04-03,"Beach Coalition cleanup",1,,1,1.73,0.00,0.00,,2,1,2,1,4,,4,,1,1,,,2,,5,,2,,,,,,,,,2,,,2,,,1,,,1,,1,,,,,,,1,33
400427,"Palm Beach County, FL, USA","Florida, USA","United States",26.734254173934,-80.037093451247,land,saltwater,2026-04-03,KPBCB,2,,2,17.24,0.00,0.00,,3,6,3,12,6,6,,123,6,3,6,15,,3,8,8,5,14,4,,,3,,,5,8,3,2,2,,,5,,3,7,7,3,,,,,1,,316,596
400435,"Gloucester County, NJ, USA","New Jersey, USA","United States",39.810413607487,-75.148860693674,land,inland,2026-04-03,"GSS Marc Bay",1,,1,3.97,0.00,0.00,,,1,1,4,,,,,,,,,,,,,,,,,,3,,,,,,,,,,,,,,,,,,,,,,,9
400440,"Fairfax County, VA, USA","Virginia, USA","United States",38.885216666667,-77.275416666667,land,inland,2026-04-03,RBH,1,,1,0.23,3.22,0.00,,,,1,3,1,1,1,10,2,,,,,,15,,,3,,,,,,,,,1,,,,,,1,,3,5,19,,,,,,,4,70
400444,"San Diego County, CA, USA","California, USA","United States",32.7447861,-117.2476146,land,inland,2026-04-03,JP,1,,1,0.45,0.00,0.00,,,,,1,,,,4,23,,,,,,8,1,2,,,,,,,,,1,,,1,,,,,1,,7,62,,,,,,,6,117
400445,"Santa Barbara County, CA, USA","California, USA","United States",34.420285,-119.698935,land,inland,2026-03-20,,2,,2,10.21,0.00,0.00,2,,,,,,,,,,,,,,,,,,,,,,,,,,,,,,,,,,,,,,,,,,,,,
400446,"Mendocino County, CA, USA","California, USA","United States",39.4884502,-123.7878557,land,inland,2026-04-03,"Noyo Center for Marine Science",2,,2,0.91,0.00,0.00,1,,,,,,,,,,,,,,,,,,,,,,,,,,,,,,,,,,,,,,,,,,,,,
400447,"Broward County, FL, USA","Florida, USA","United States",25.993471008719,-80.127839171441,watercraft,inland,2026-04-03,"Little Earth Hero",1,,1,1.92,0.01,0.00,,3,3,6,8,7,1,2,17,10,,,2,,2,5,,3,,,,,,,,,,,,,,,,,,,,,,,,,,,10,79
400448,"Santa Rosa County, FL, USA","Florida, USA","United States",30.380590759482,-86.860664969025,land,saltwater,2026-03-11,"Navarre Beach Sea Turtle Conservation Center with Clinton High School ROTC",4,21,25,5.56,1.61,0.00,5,30,,4,6,4,,,8,250,,,,,1,6,2,10,4,1,,,,,,,,,1,1,,,,,,1,19,103,,,,,,,42,493
400449,"Santa Rosa County, FL, USA","Florida, USA","United States",30.380590759482,-86.860664969025,land,saltwater,2026-03-28,"Navarre Beach Sea Turtle Conservation Center monthly Trash Bash",49,,49,30.87,3.22,0.00,,53,,24,50,85,,,92,1500,,,32,13,31,156,48,64,36,29,,,,,,,,,5,,,,,,,23,56,202,,,,,,,179,2678
400450,"Horry County, SC, USA","South Carolina, USA","United States",33.748569076568,-78.974980071128,land,inland,2026-04-03,,1,,1,1.87,1.47,0.00,,4,5,1,15,5,1,2,3,6,2,3,2,6,4,5,5,1,3,,,,,,,,,,,,,,,2,4,,1,8,,,,,,,,88
400451,"Honolulu County, HI, USA","Hawaii, USA","United States",21.444308488378,-157.73698093504,land,saltwater,2026-04-04,,1,,1,3.62,1.10,0.00,,,,,4,2,,2,3,1,,,1,,,,,,,5,,,,,,1,1,,,,,,,,,,17,2,,,,,,,18,57
400459,"Southeastern Connecticut Planning Region, CT, USA","Connecticut, USA","United States",41.314710961704,-72.093338078699,land,saltwater,2026-04-04,"Save the Sound",1,,1,0.01,0.71,0.00,,,,,,,,,1,,,1,,,,,,,1,,,,,,,,,,,,,,,,,,,,,,,,,,,3
400460,"Greater Bridgeport Planning Region, CT, USA","Connecticut, USA","United States",41.264008373782,-73.201981126391,land,inland,2026-04-04,"Trumbull cleanup",1,,1,3.38,1.00,0.00,,,2,,21,7,1,,2,1,,1,2,,,4,1,,1,,,,,,,,8,,,3,1,,,5,2,,6,12,,,,,,,9,89
400461,"San Mateo County, CA, USA","California, USA","United States",37.647206316013,-122.4897577729,land,inland,2026-04-04,"Pacific Beach Coalition - Terri Brown",1,,1,7.58,1.26,0.00,,2,7,1,5,2,,,2,49,,3,2,,,3,1,2,2,,,,2,,,,,1,,,,,,,4,2,,64,,2,,,,1,6,163
400462,"Alameda County, CA, USA","California, USA","United States",37.839636731207,-122.2929595697,land,saltwater,2026-04-04,ung,1,,1,0.01,0.01,0.00,,1,,,,,,,,,,,,,,,,,,,,,,,,,,,,,,,,,,,,,,,,,,,,1
400463,"Yolo County, CA, USA","California, USA","United States",38.5449065,-121.7405167,land,inland,2026-04-04,"putah creek council",1,,1,1.48,0.00,0.00,,,2,,,,,,1,,,,,,,12,,,,,,,,,,,,,,,,,,,,,11,11,,,,,,,22,59
400464,"Orange County, CA, USA","California, USA","United States",33.60825076059,-117.92856212503,land,saltwater,2026-04-04,concorde,16,,16,11.10,0.09,0.00,,17,14,,8,4,9,2,16,27,,3,13,,3,10,14,25,11,3,,,1,,,1,,15,4,12,1,,8,4,6,12,3,1,,,2,36,,,122,407
400465,"Volusia County, FL, USA","Florida, USA","United States",28.90619842453,-80.831067977525,land,saltwater,2026-04-04,"VOL -",1,,1,2.49,2.59,0.00,,,2,,1,,,,1,,,,,,,,,,1,,,,2,,,,,,2,,,,,,,,,,,,,,,,,9
400466,"Broward County, FL, USA","Florida, USA","United States",25.993418844806,-80.127738575819,watercraft,inland,2026-04-04,"Little Earth Hero",2,,2,10.89,0.08,0.00,,,,,,,,,,,,,,,,,,,,,,,,,,,,,,,,,,,,,200,,,,,,,,,200
400467,"San Mateo County, CA, USA","California, USA","United States",37.460065851441,-122.44556322262,land,saltwater,2026-04-04,ff,1,,1,0.10,6.07,0.00,,,1,,,1,,,,,,1,,,,5,,1,,,,,,,,,,,,,,,,,,,,,,,,,,,5,14
400468,"Palm Beach County, FL, USA","Florida, USA","United States",26.371796557156,-80.092562296981,land,inland,2026-04-04,"Bocasob- Dmoon",1,,1,11.15,0.02,0.00,,13,3,19,41,16,8,13,26,139,1,33,5,1,2,76,18,24,5,,,,,,2,6,1,4,4,1,4,5,,2,14,,,39,,2,1,,,,19,547
400469,"Jefferson County, WV, USA","West Virginia, USA","United States",39.3234341,-77.752771,land,inland,2026-03-14,"bolivar and harpers ferry town and trail alliance",25,,25,210.92,0.00,0.00,31,,,,,,,,,,,,,,,,,,,,,,,,,,,,,,,,,,,,,,,,,,,,,
400470,"Jefferson County, WV, USA","West Virginia, USA","United States",39.3234341,-77.752771,land,inland,2026-03-28,"bolivar and harpers ferry town and trail alliance",17,,17,91.85,0.00,0.00,16,,,,,,,,,,,,,,,,,,,,,,,,,,,,,,,,,,,,,,,,,,,,,
400471,"Santa Cruz County, CA, USA","California, USA","United States",36.957947883667,-121.88694372792,land,saltwater,2026-04-04,"sheri and steve",2,,2,0.91,0.00,0.00,1,,,,,,,,,,,,,,,,,,,,,,,,,,,,,,,,,,,,,,,,,,,,,
400474,"Pinellas County, FL, USA","Florida, USA","United States",27.684457120107,-82.73783402901,land,saltwater,2026-04-05,,1,,1,11.82,2.87,0.00,,,4,1,11,7,,,9,7,2,2,9,,1,20,6,14,4,2,,,1,,,1,3,5,,4,1,,1,1,,17,15,42,,,,,,,,190
400475,"Yolo County, CA, USA","California, USA","United States",38.5449065,-121.7405167,land,inland,2026-04-05,"putah creek council",1,,1,0.50,0.00,0.00,,,2,,,,1,1,,,,,,,,1,,,,,,,,,,,,,,,,,,,,,5,3,,,,,,,4,17
400476,"Contra Costa County, CA, USA","California, USA","United States",37.997441987598,-122.02742688046,land,saltwater,2026-04-05,"Shark Stewards",11,,11,190.96,1.61,0.00,,9,24,20,50,22,,4,42,413,2,75,48,1,86,232,49,42,13,4,,1,9,1,1,15,9,3,,74,,,,,20,4,401,936,45,5,1,14,1,,102,2778
400477,"Palm Beach County, FL, USA","Florida, USA","United States",26.371784683789,-80.092579785296,land,inland,2026-04-05,"Bocasob- Dmoon",1,,1,9.95,0.01,0.00,,24,4,8,46,30,3,24,15,43,5,22,9,6,7,38,25,27,2,,3,,,,,3,1,6,,3,3,2,,9,7,,,31,1,1,,2,,,8,418
400478,"Broward County, FL, USA","Florida, USA","United States",26.08692742925,-80.109505127059,land,saltwater,2026-04-05,"Little Earth Hero",2,,2,2.42,1.69,0.00,,5,3,2,2,1,,,31,5,,,1,,,2,,6,6,,,,,,,,1,,,,,,,,,1,25,,,,,,,,15,106
400479,"Humboldt County, CA, USA","California, USA","United States",40.86626387,-123.99629077,land,inland,2026-04-05,"Beach Coalition cleanup",1,,1,1.08,0.00,0.00,,2,1,2,1,4,,2,1,10,1,,,3,,1,,1,,,,,,,,,,,,,,,,2,,,,5,,,,,,,3,39
400480,"Alameda County, CA, USA","California, USA","United States",37.49143656,-121.92445581,land,inland,2026-04-06,Monkeys,3,,3,3.97,14.11,0.00,,,,7,3,6,,3,,93,,,,,,20,7,4,2,,,,1,,,,6,,,,,,,,,,,,,,,,,,,152
400486,"Greater Bridgeport Planning Region, CT, USA","Connecticut, USA","United States",41.246837706265,-73.200311820308,land,inland,2026-04-06,"Trumbull cleanup",1,,1,1.01,2.13,0.00,,,1,,1,2,,,,,,3,,,,3,2,,1,,,,,,,,,,,1,,,,,,,5,7,,,,,,,9,35
400487,"Palm Beach County, FL, USA","Florida, USA","United States",26.669498733245,-80.036395322531,land,saltwater,2026-04-06,KPBCB,3,,3,9.55,0.03,0.00,,5,5,3,20,4,16,,216,6,7,6,12,8,8,12,13,9,26,4,,,,,,5,11,9,3,3,2,5,3,,4,7,5,4,,,,,,,395,836
400488,"Volusia County, FL, USA","Florida, USA","United States",28.930348066667,-80.8255808,land,saltwater,2026-04-06,"Ranger and guest",2,,2,3.08,3.22,0.00,,1,,,1,,,1,1,7,,,,,,,1,,,,1,,2,,,,,,,,,,,,,,,1,,,,,,,,16
400490,"Brazoria County, TX, USA","Texas, USA","United States",28.937834001797,-95.295895254259,land,saltwater,2026-04-06,"Team Q",18,,18,84.05,0.00,0.00,,58,8,20,194,121,,16,210,46,35,4,20,10,7,29,11,7,2,119,,,1,,4,,6,27,1,16,,3,1,,7,10,25,131,1,1,,4,,,,1155
400491,"Fairfax County, VA, USA","Virginia, USA","United States",38.884965981259,-77.273745417179,land,inland,2026-04-06,RBH,2,,2,0.09,0.64,0.00,,,,,2,1,,,2,1,,,,,,13,,2,,1,,,,1,,,,,,,,,,,,,1,2,,,,,,,,26
400492,"Volusia County, FL, USA","Florida, USA","United States",29.33134404,-81.05805678,land,saltwater,2026-04-06,"VOL -judi",1,,1,4.37,0.02,0.00,,1,3,,,,,,15,,,1,,,,3,2,2,1,,3,,1,,,1,,1,,,,,,,1,1,10,8,,,,,,,13,67
400493,"Niagara County, NY, USA","New York, USA","United States",43.18022328,-78.70360397,land,inland,2026-04-06,"BNW (Emily H.)",1,,1,0.40,0.43,0.00,,,7,,1,5,,,,,2,3,1,,,8,3,1,2,,,,,,,,,,12,,,,,,,,,,,,,,,,1,46
400495,"Santa Barbara County, CA, USA","California, USA","United States",34.431957872055,-119.79379146486,land,inland,2026-04-06,"Hollister, 1",43,,43,0.45,0.00,0.00,,,,,,,,,,,,,,,,30,2,,,,,,,,,,,,,,,,,,,,,15,,,,2,,,15,64
400496,"Suffolk County, NY, USA","New York, USA","United States",40.722927406481,-73.149988851251,land,saltwater,2026-04-04,STGSB,32,,32,272.16,1.61,0.00,,,,,,,,,,,,,,,,,,,,,,,40,,,,,,,,,,,,,,,,,,,,,,,40
400497,"Santa Clara County, CA, USA","California, USA","United States",37.289170020104,-121.89295800267,land,inland,2026-04-01,Oracle,1,,1,3.40,0.00,0.00,1,,,,,,,,,,,,,,,,,,,,,,,,,,,,,,,,,,,,,,,,,,,,,
400498,"Santa Clara County, CA, USA","California, USA","United States",37.289170020104,-121.89295800267,land,inland,2026-04-06,Oracle,1,,1,3.40,0.00,0.00,1,,,,,,,,,,,,,,,,,,,,,,,,,,,,,,,,,,,,,,,,,,,,,
400499,"Palm Beach County, FL, USA","Florida, USA","United States",26.512860712895,-80.057267367707,land,saltwater,2026-04-06,Bocasob,1,,1,1.98,6.95,0.00,,3,3,,2,1,2,,3,1,,1,3,,,,1,4,2,,2,,,,2,5,,,1,,,,,,,2,,,,,,,,,17,55
400500,"San Diego County, CA, USA","California, USA","United States",32.926495578462,-117.0599579866,land,saltwater,2026-04-06,test,1,,1,0.12,0.00,0.00,,,,,2,,2,2,,8,1,1,4,,,,,,,,,,,,,,,,,,,,,,,,,,,,,,,,,20
400501,"Broward County, FL, USA","Florida, USA","United States",26.090653080774,-80.108894532775,land,saltwater,2026-03-21,"American Express Sunrise March 21 2026",76,,76,29.48,1.61,0.00,12,,,,,,,,,,,,,,,,,,,,,,,,,,,,,,,,,,,,,,,,,,,,,
400503,"Loudoun County, VA, USA","Virginia, USA","United States",38.917474233945,-77.5511924894,land,,2026-04-06,"ymsl loudoun south",2,,2,2.12,0.16,0.00,,1,6,,8,2,2,1,1,2,1,5,,1,3,14,2,,,1,,,,,,3,,1,,,,,,,,4,,,,,,,,,3,61
400504,"Del Norte County, CA, USA","California, USA","United States",41.5208491,-123.9884162,land,inland,2026-04-06,"Beach Coalition cleanup",1,,1,1.53,0.00,0.00,,2,1,2,2,1,1,3,2,5,1,,,2,,2,,2,2,,,,,,1,,2,,,2,,,1,2,,,1,,,,,,,,,37
400506,"Williamson County, TX, USA","Texas, USA","United States",30.6332618,-97.6779842,land,inland,2026-04-07,"Me, myself and I",1,,1,0.29,0.00,0.00,,,,,,,,,1,,,,1,,,,,,,,,,,,,,,,,,,,,,,,5,,,,,,,,,7
400507,"Lucas County, OH, USA","Ohio, USA","United States",41.637780303626,-83.467174807192,land,freshwater,2026-03-08,"CYS 365 - Amolsch Ditch",7,,7,104.78,0.40,0.00,13,21,,18,38,40,,1,5,45,5,8,12,6,3,41,,10,,,,,,,,3,1,3,2,13,,,,,,,38,8,,,,1,,,25,347
400508,"Lucas County, OH, USA","Ohio, USA","United States",41.648874413063,-83.527104595957,land,freshwater,2026-03-15,"CYS 365 - YLT",10,,10,19.50,0.40,0.00,4,26,24,11,35,22,,,2,5,93,10,44,11,5,69,10,6,,6,,,,1,,1,,,2,3,1,1,,2,3,2,,6,,,,2,,,60,463
400515,"Greater Bridgeport Planning Region, CT, USA","Connecticut, USA","United States",41.256082975307,-73.209735007902,land,inland,2026-04-07,"Trumbull cleanup",1,,1,0.65,0.07,0.00,,,1,,2,,,1,1,1,,1,,,,1,1,,,,,,,,,,,,,,,,,,,,1,8,,,,,,,10,28
400518,"Volusia County, FL, USA","Florida, USA","United States",28.92855387653,-80.823241174301,land,saltwater,2026-04-07,Ranger,1,,1,22.68,0.32,0.00,,,1,1,1,,1,1,,1,,,,,,,,,1,1,,,,,,,,,1,,,,,,,,,,,,,,,,,9
400519,"Harris County, TX, USA","Texas, USA","United States",29.781627608342,-95.631209414617,land,saltwater,2026-04-07,,1,,1,0.01,0.00,0.00,,,,,,,,1,,,,,,,,,,,1,,,,,,,,,,,,,,,,,,,,,,,,,,,2
400520,"Erie County, NY, USA","New York, USA","United States",42.8393151,-78.6369078,land,freshwater,2026-04-07,Ruggs,4,,4,2.55,0.00,0.00,,,,8,1,10,1,,2,,,2,,,,,,1,,,,,,,,,,,,,1,,,,16,,,,,,1,1,,,,44
400522,"Miami-Dade County, FL, USA","Florida, USA","United States",25.90927421,-80.13826751,land,saltwater,2026-04-07,,1,,1,0.28,0.00,0.00,,1,2,1,,1,,,1,,,,,,,,,,,,,,,,,,,,,,,,,,,,,,,,,,,,,6
400526,"Monterey County, CA, USA","California, USA","United States",36.619150410626,-121.91575218669,land,saltwater,2026-04-07,"GSS + Ian Cook",1,,1,3.40,0.00,0.00,1,,,,,,,,,,,,,,,,,,,,,,,,,,,,,,,,,,,,,,,,,,,,,
400527,"Erie County, NY, USA","New York, USA","United States",42.836304250513,-78.806814254756,land,inland,2026-04-07,,2,,2,0.18,0.04,0.00,,,,,,,,,,,,,,,,,,,,,,,,,,,,,,,,,,,,,1,2,,,,,,,,3
400528,"Erie County, NY, USA","New York, USA","United States",42.836199185656,-78.807015763391,land,inland,2026-04-07,"H  and L",2,,2,0.18,0.02,0.00,,,,,,,,,,,,,,,,,,,,,,,,,,,,,,,,,,,,,1,2,,,,,,,,3
400530,"Indian River County, FL, USA","Florida, USA","United States",27.66392915,-80.35860505,land,saltwater,2026-04-07,mb,1,,1,1.45,0.80,0.00,,,3,,,1,,,5,,,,,,,1,,3,1,,,,,,,1,,,,2,,,,,,3,3,3,,,,,,,3,29
400531,"Western Connecticut Planning Region, CT, USA","Connecticut, USA","United States",41.098693630608,-73.406756325623,land,saltwater,2026-04-07,"Save the Sound",1,,1,0.32,0.49,0.00,,,,,5,,7,2,,101,5,1,,,1,6,3,8,2,,,,,,3,,,,,,,,,,,,,,,,,,,,3,147
400532,"Miami-Dade County, FL, USA","Florida, USA","United States",25.909204124339,-80.138475991652,land,saltwater,2026-04-07,"OCB 3043L Spring 22",3,,3,5.44,0.00,0.00,,,,,3,1,,1,2,,,3,5,,10,,,2,4,,,,2,,,,1,1,,,,1,,,,,2,,,,,,,,20,58
400533,"Miami-Dade County, FL, USA","Florida, USA","United States",25.909184365475,-80.138429095567,land,saltwater,2026-04-07,"OCB 3043L Spring 22",6,,6,9.60,0.01,0.00,,20,13,4,7,2,8,6,5,,3,5,2,2,1,9,3,2,,2,1,,4,,,,,3,1,,1,,,,1,5,6,,,,,6,,,15,137
400534,"Western Connecticut Planning Region, CT, USA","Connecticut, USA","United States",41.099522631344,-73.407901293042,land,saltwater,2026-04-07,"Tauck X Save the Sound",13,,13,5.70,0.26,0.00,,,3,14,49,3,,40,15,181,5,7,7,5,2,35,,15,6,,,,,,1,2,,19,,,,,,,1,,1,2,,,,,,,5,418
400535,"Honolulu County, HI, USA","Hawaii, USA","United States",21.488951424177,-158.22995268575,land,saltwater,2026-04-07,Mariah,1,,1,5.03,0.00,0.00,,,1,4,,1,,,1,1,1,,,,1,1,1,,,1,,,2,,,,1,,,5,2,,,,2,,4,,,,,1,,,23,53
400536,"Colleton County, SC, USA","South Carolina, USA","United States",32.5068602,-80.291318,land,saltwater,2026-04-07,"EBSP Turtle Team",1,,1,0.07,0.00,0.00,,,,,,,,,,,,,,,1,3,,,,,,,,,,,,,,,,,,,,,,,,,,,,,,4
400537,"San Mateo County, CA, USA","California, USA","United States",37.647232056919,-122.49054024408,land,inland,2026-04-07,"Pacific Beach Coalition - Terri Brown",1,,1,7.38,0.60,0.00,,1,1,,6,1,,3,31,399,,3,3,,2,7,6,7,5,,,,2,,,,,,,1,,,,,8,,,66,,10,,,3,,10,575
400538,"Fairfax County, VA, USA","Virginia, USA","United States",38.884738058874,-77.272659975308,land,inland,2026-04-07,RBH,1,,1,1.04,3.54,0.00,,,15,,3,,1,3,6,10,,,1,,,2,1,35,1,1,,,,,,,,,,5,1,,,,1,3,8,8,,,,,,1,1,107
400539,"Western Connecticut Planning Region, CT, USA","Connecticut, USA","United States",41.099397702492,-73.40832287665,land,saltwater,2026-04-07,"Tauck Tours",15,,15,0.18,0.77,0.00,,1,5,,2,,,,1,6,,,,1,1,1,1,,1,,,,,,,,,,,,,,,,,,,,,,,,,,,20
400540,"Honolulu County, HI, USA","Hawaii, USA","United States",21.360082,-158.1314691,land,saltwater,2026-04-07,Mariah,1,,1,0.91,0.00,0.00,1,,,,,,,,,,,,,,,,,,,,,,,,,,,,,,,,,,,,,,,,,,,,,
400541,"Honolulu County, HI, USA","Hawaii, USA","United States",21.359857683333,-158.13173368333,land,saltwater,2026-04-07,Mariah,1,,1,1.16,0.00,0.00,,,,,,,,,,1,,,,,,7,,,,2,,,,,,,,,,1,,,,,1,,,,,,,,,,2,14
400543,"Miami-Dade County, FL, USA","Florida, USA","United States",25.90913375531,-80.138420952113,land,saltwater,2026-04-07,"group 2",5,,5,17.11,0.09,0.00,,28,12,2,7,1,,1,10,,6,7,7,1,4,43,,1,,6,,,9,,,6,2,,,1,1,,2,,,2,1,1,,,,,,,22,183
400544,"Alameda County, CA, USA","California, USA","United States",37.834901024666,-122.22192792314,land,inland,2026-04-07,,1,,1,13.61,3.86,0.00,,1,1,1,3,,,2,4,1,2,1,,,,6,,3,1,,,11,,,,2,,,,,,,,3,7,,,,,,1,2,1,3,1,57
400545,"Marin County, CA, USA","California, USA","United States",37.910203910555,-122.47391259184,land,inland,2026-04-07,"dom divita and nicholas a",2,,2,1.81,0.32,0.00,,7,4,,6,3,,,7,,4,,,3,,21,2,1,6,,,,,,,,,,,,,,,4,,,,15,,,,,,,3,86
400546,"Marin County, CA, USA","California, USA","United States",37.91019314195,-122.47385220388,land,inland,2026-04-07,"dom divita and nicholas a",2,,2,2.97,0.93,0.00,,6,7,5,14,2,,3,4,,1,,,3,,6,4,1,1,,,,,,,,,,,,,,,5,,,,15,,,,,,,7,84
400547,"Southeastern Connecticut Planning Region, CT, USA","Connecticut, USA","United States",41.49957479,-72.09344736,land,saltwater,2026-04-08,"Save The Bay, Rhode Island",1,,1,3.72,0.00,0.00,,3,4,4,6,10,3,9,8,15,,,,6,,4,4,19,8,,,,,,2,3,4,3,11,,,,,2,2,1,10,10,,,,,,,21,172
400548,"Butler County, OH, USA","Ohio, USA","United States",39.49137426,-84.71579862,land,inland,2026-04-08,,1,,1,0.91,0.00,0.00,1,,,,,,,,,,,,,,,,,,,,,,,,,,,,,,,,,,,,,,,,,,,,,
400550,"Erie County, NY, USA","New York, USA","United States",42.817678524204,-78.715149171229,land,inland,2026-04-01,,1,,1,0.91,0.00,0.00,1,,,,,,,,,,,,,,,,,,,,,,,,,,,,,,,,,,,,,,,,,,,,,
400554,"Greater Bridgeport Planning Region, CT, USA","Connecticut, USA","United States",41.255635180447,-73.20897461158,land,inland,2026-04-08,"Trumbull cleanup",1,,1,0.50,3.44,0.00,,,,,,1,,,1,,,,,,,2,,,,,,,,,,,,,,1,,,,,,,1,4,,,,,,,4,14
400555,"Erie County, NY, USA","New York, USA","United States",42.7149612,-78.5972554,land,inland,2026-04-08,,2,,2,11.11,0.00,0.00,3,,,,,,,,,,,,,,,,,,,,,,,,,,,,,,,,,,,,,,,,,,,,,
400556,"El Paso County, TX, USA","Texas, USA","United States",31.767131346278,-106.49753088132,land,inland,2026-04-08,"Elev8 5280 LLC",1,,1,2.89,0.01,0.00,,7,4,4,3,,5,,,,,,3,2,2,4,,,,,,,1,,,,1,1,,1,,,,1,,,,1,,,,,,,,40
400561,"San Mateo County, CA, USA","California, USA","United States",37.650259849615,-122.4912194442,land,inland,2026-04-08,"Pacific Beach Coalition - Terri Brown",1,,1,10.67,0.69,0.00,,,3,2,7,1,,2,7,366,,3,5,,2,8,5,6,3,,,,2,,,,1,1,,1,1,2,,3,6,,,101,,6,1,5,,,19,569
400562,"Harrison County, MS, USA","Mississippi, USA","United States",30.392210783602,-88.871921801463,land,saltwater,2026-03-19,"Environmental Justice STEMM Leadership Academy",2,9,11,2.27,0.14,0.00,1,,,,1,,,,1,1,,,,,,,,,,,,,,,,1,,,,,,,,,,,,,,,,,,,2,6
400563,"Santa Barbara County, CA, USA","California, USA","United States",34.403458614495,-119.74341775227,land,saltwater,2026-04-08,"Vieja Valley, 3",60,,60,1.13,0.00,0.00,,,,,8,,,,,5,,6,,,,6,11,,,,,,,,,,,,,7,,,,,,,,21,,,,,,,51,115
400564,"Palm Beach County, FL, USA","Florida, USA","United States",26.825681082943,-80.042909480593,land,saltwater,2026-02-08,"Citizen Science Marine Debris Program",3,5,8,14.97,0.80,0.00,,,,,,,,,,,,,,,,,,,,,,,,,,,,,,,,,,,,,,,,,,,,,,
400565,"Palm Beach County, FL, USA","Florida, USA","United States",26.822380015332,-80.037893247544,land,saltwater,2026-03-31,"Citizen Science Marine Debris Program",76,80,156,24.90,2.57,0.00,,,,,,,,,,,,,,,,,,,,,,,,,,,,,,,,,,,,,,,,,,,,,,
400566,"Erie County, NY, USA","New York, USA","United States",42.8552789,-78.807115,land,freshwater,2026-04-04,adiwalker,1,,1,0.91,0.00,0.00,1,,,,,,,,,,,,,,,,,,,,,,,,,,,,,,,,,,,,,,,,,,,,,
400567,"Fairfax County, VA, USA","Virginia, USA","United States",38.88803708723,-77.274666349614,land,inland,2026-04-08,RBH,1,,1,0.23,2.70,0.00,,1,1,,,,1,,1,5,,,2,,,9,,2,1,,,,,,,,,,,,,,,,,,5,4,,,,,,,3,35
400568,"Sitka City and Borough, Sitka, AK, USA","Alaska, USA","United States",57.05389679,-135.35476944,land,saltwater,2026-04-08,"MEHS P5",15,,15,62.15,1.52,0.00,,2,6,1,3,4,1,,4,11,,6,13,2,,17,10,5,3,,1,1,,,,,1,,,,1,,1,1,1,1,18,14,1,,,,,,27,156
400569,"Santa Cruz County, CA, USA","California, USA","United States",36.957947298071,-121.88694459628,land,saltwater,2026-04-07,"sheri and steve",2,,2,0.91,0.00,0.00,1,,,,,,,,,,,,,,,,,,,,,,,,,,,,,,,,,,,,,,,,,,,,,
400571,"Sitka City and Borough, Sitka, AK, USA","Alaska, USA","United States",57.050492549606,-135.34139070667,land,saltwater,2026-04-08,"MEHS P7",3,,3,8.85,0.97,0.00,,2,,3,7,11,,,,,,5,,,,14,4,12,,3,4,,2,,,5,,,,3,,,,2,,,6,7,,,,,,,23,113
400572,"Sitka City and Borough, Sitka, AK, USA","Alaska, USA","United States",57.053904551302,-135.35485904287,land,saltwater,2026-04-08,"MEHS P7",5,,5,45.34,1.21,0.00,,2,,2,2,4,1,,,,2,1,,,,2,1,1,6,,,,36,,,3,,1,,3,,,,1,1,,6,,1,,,,,,1,77
400573,"Sitka City and Borough, Sitka, AK, USA","Alaska, USA","United States",57.05396472,-135.35485632,land,saltwater,2026-04-08,"MEHS P7",10,,10,19.46,1.12,0.00,,8,9,11,7,36,3,,2,6,,6,18,,1,9,16,10,6,2,,,10,,,2,2,,,8,1,1,,,5,,4,9,1,,,,,,25,218
400574,"Honolulu County, HI, USA","Hawaii, USA","United States",21.444744016667,-157.73671601667,land,saltwater,2026-04-08,,1,,1,4.26,1.93,0.00,,,,,,1,,,6,1,,,,,,2,,1,,6,,,,,,1,,,,1,,,,,,,24,,,,,1,,,32,76
400575,"San Francisco County, San Francisco, CA, USA","California, USA","United States",37.754226681086,-122.48155598897,land,saltwater,2026-04-08,,1,,1,0.71,0.06,0.00,,1,,,1,,,,1,2,,2,,,1,2,,,1,1,,,,,,,,,,1,,,,,,,,,,,,,,,5,18
400576,"Cook County, IL, USA","Illinois, USA","United States",41.893319412442,-87.687710649018,land,freshwater,2026-04-05,,1,,1,2.72,0.00,0.00,,,,5,,,,,7,,3,2,,,,,,,,3,,,,,1,1,1,,,,,,,,,,,,,,,,,,21,44
400579,"Sitka City and Borough, Sitka, AK, USA","Alaska, USA","United States",57.06658561,-135.34973277,land,saltwater,2026-04-09,"MEHS P7",1,,1,0.01,0.02,0.00,,1,,,,,,,,,,,,,,,,,,,,,,,,,,,,,,,,,,,,,,,,,,,,1
400580,"Sitka City and Borough, Sitka, AK, USA","Alaska, USA","United States",57.06678536,-135.34994225,land,saltwater,2026-04-09,"MEHS P5",1,,1,0.23,0.00,0.00,,,,1,,,,,,,,,,,,,,,,,,,,,,,,,,,,,,,,,,,,,,,,,1,2
400586,"Palm Beach County, FL, USA","Florida, USA","United States",26.768067441881,-80.038748709485,land,saltwater,2026-04-09,KPBCB,3,,3,23.13,0.00,0.00,,4,6,,8,3,12,,61,,6,6,8,6,12,5,8,8,6,3,,,,,,4,5,3,2,,,,4,,5,1,7,4,,,,,,,211,408
400587,"Palm Beach County, FL, USA","Florida, USA","United States",26.762084942311,-80.036294739693,land,saltwater,2026-04-09,KPBCB,3,,3,5.44,0.00,0.00,,2,5,2,11,4,8,,46,,,3,8,2,2,6,4,7,9,,,,,,,,2,5,2,3,,,3,,2,2,6,3,,,,,,,216,363
400588,"Greater Bridgeport Planning Region, CT, USA","Connecticut, USA","United States",41.26573838685,-73.20487510925,land,inland,2026-04-09,"Trumbull cleanup",1,,1,2.12,0.06,0.00,,,2,,1,5,,,,,,1,1,,1,8,1,1,2,,,,,,,,,1,1,4,,,,2,,,14,6,,,,,,,3,54
400589,"Suffolk County, NY, USA","New York, USA","United States",40.7212097,-73.1576139,land,saltwater,2026-04-04,STGSB,30,,30,153.09,0.00,0.00,30,,,,,,,,,,,,,,,,,,,,,,,,,,,,,,,,,,,,,,,,,,,,,
400590,"San Mateo County, CA, USA","California, USA","United States",37.46376997003,-122.15564955626,land,saltwater,2026-04-09,"Pacifica Beach Coalation",1,,1,2.04,6.44,0.00,,,,,,,,,,,,,,,,,,,,,,,,,,,,,,,,,,,1,1,2,1,,1,,,,,,6
400591,"Newport County, RI, USA","Rhode Island, USA","United States",41.50440726,-71.32772982,land,saltwater,2026-04-09,"Save The Bay, Rhode Island",2,,2,11.04,1.56,0.00,,1,9,,15,21,,4,5,15,,,,,,4,6,33,,,9,,2,,,8,,4,,,,,,,2,5,5,14,,,,,,,37,199
400592,"Miami-Dade County, FL, USA","Florida, USA","United States",25.915446253493,-80.148960091174,land,saltwater,2026-04-09,"group 2",6,,6,1.70,0.00,0.00,,,,,,,,,,,,,,,,,,,,,3,,,,,,,,,,,,,,,,,,,,,,,,,3
400593,"Kings County, Brooklyn, NY, USA","New York, USA","United States",40.696630567838,-73.999348938408,land,saltwater,2026-04-03,"Brooklyn Bridge Park Volunteers",21,7,28,31.80,0.12,0.00,14,30,121,7,109,9,2,5,5,31,1,8,52,,34,178,13,117,7,11,50,,10,,3,352,5,8,3,,2,1,1,1,23,7,292,28,1,,,4,1,14,366,1912
400594,"Erie County, NY, USA","New York, USA","United States",43.01478263904,-78.675490199631,land,inland,2026-04-09,,2,,2,1.80,0.35,0.00,,1,,,4,1,,,5,1,,1,,,2,3,,,,,,,1,,,,,2,,1,,,,1,,,2,1,,,,,,,3,29
400595,"Miami-Dade County, FL, USA","Florida, USA","United States",25.90903417,-80.13792987,land,saltwater,2026-04-09,"group 3",6,,6,11.31,1.25,0.00,,11,5,3,22,,,,23,,2,,6,2,3,10,1,2,,5,3,,3,,,,1,,,2,1,1,,,,6,2,,,,,7,,,38,159
400596,"Miami-Dade County, FL, USA","Florida, USA","United States",25.909095691328,-80.138626286526,land,saltwater,2026-04-09,"Bio lab group 1",6,,6,7.36,0.17,0.00,,7,24,3,12,4,2,1,5,,1,2,2,,8,18,1,,,1,,,,,,12,,1,1,1,,,1,,,6,34,16,,,,,,,,163
400597,"Miami-Dade County, FL, USA","Florida, USA","United States",25.909325855657,-80.138053167447,land,saltwater,2026-04-09,"group 4",5,,5,4.83,1.01,0.00,,4,29,1,7,2,2,2,6,,2,1,2,,2,18,2,2,2,1,,,1,,,,1,,,3,,,1,,,,15,7,,,,,1,,,114
400598,"Miami-Dade County, FL, USA","Florida, USA","United States",25.90907711792,-80.136649699524,land,saltwater,2026-04-09,"Bio lab group 1",6,,6,6.32,0.18,0.00,,,2,7,3,2,,,,,,,1,,1,,,,,1,,,,,,,3,,,6,,,5,,1,2,13,10,,,,,,,,57
400599,"Flagler County, FL, USA","Florida, USA","United States",29.483196628874,-81.135089103183,land,saltwater,2026-04-09,"sea hugger",2,,2,2.38,0.00,0.00,,,,,1,,,,42,,,,,,,,,2,3,5,,,,,1,,,,,,,,,,,,,,,,,,,,32,86
400600,"Fairfax County, VA, USA","Virginia, USA","United States",38.88513933798,-77.275257624236,land,inland,2026-04-09,RBH,1,,1,0.14,2.41,0.00,,1,,,1,,,,2,3,,,1,,,6,1,2,1,,,,,,,,,,,,,,,,,,1,5,,,,,,,,24
400601,"Sitka City and Borough, Sitka, AK, USA","Alaska, USA","United States",57.053961231107,-135.35471295377,land,saltwater,2026-04-08,"mehs p.5",2,,2,17.60,2.25,0.00,,4,101,,6,17,3,,5,1,7,25,7,,6,9,4,18,1,6,,,9,,3,31,2,1,,,2,,,,,,1,5,,,,1,,,,275
400602,"Palm Beach County, FL, USA","Florida, USA","United States",26.512863220586,-80.057266851918,land,saltwater,2026-04-09,Bocasob,1,,1,4.55,2.54,0.00,,5,1,3,7,1,,,17,,,3,5,,1,2,6,3,4,,2,,1,,,1,9,4,2,,,,,,1,,,,,,,,,1,4,83
400603,"Miami-Dade County, FL, USA","Florida, USA","United States",25.852525014742,-80.121160547837,land,inland,2026-04-07,"North beach (solo clean)",1,,1,0.68,2.41,0.00,,,1,1,2,1,,,46,,,,2,,,,,1,7,,,,,,,,2,,,,,,,,,,,,,,,,,,,63
400604,"Alameda County, CA, USA","California, USA","United States",37.87174973871,-122.27182572043,land,inland,2026-04-09,,1,,1,8.16,0.97,0.00,,2,10,2,3,2,,9,5,12,,,,1,4,5,1,,8,,,,,,1,,,,1,3,3,5,,1,3,1,7,8,,,,4,,,9,110
400605,"King County, WA, USA","Washington, USA","United States",47.6917517,-122.4030912,land,saltwater,2026-04-09,"The Perkins School",80,,80,11.34,3.22,0.00,,3,4,21,3,3,,16,5,36,3,,,,1,26,4,5,,11,3,,10,,2,8,2,8,1,4,,,1,4,11,3,27,55,1,,1,,,,163,445
400606,"San Mateo County, CA, USA","California, USA","United States",37.4760761,-122.4489731,land,saltwater,2026-04-09,Seahugger,1,,1,0.62,2.41,0.00,,,,1,,2,,1,3,,,1,,,,3,,,,,,,,,,,,,,3,,,,,,1,4,9,,,,,,,15,43
400607,"Orange County, CA, USA","California, USA","United States",33.668126326121,-118.00786946959,land,saltwater,2026-04-10,kruz,1,,1,4.35,1.17,0.00,,6,2,4,10,4,,3,3,4,,,,,,,,,8,,,,2,,,,2,,,,3,5,,,1,,,1,,,,2,2,,,62
400610,"Erie County, NY, USA","New York, USA","United States",42.9381983086,-78.892900600591,land,inland,2026-03-30,"BNW-Believe in Black Rock",1,,1,3.40,0.00,0.00,1,,,,,,,,,,,,,,,,,,,,,,,,,,,,,,,,,,,,,,,,,,,,,
400805,"Greater Bridgeport Planning Region, CT, USA","Connecticut, USA","United States",41.252605419615,-73.206366271965,land,inland,2026-04-10,"Trumbull cleanup",1,,1,0.62,2.82,0.00,,,1,,1,1,,,,,,,,,,1,,,,,,,,,,,,,,,,,,,,,1,8,,,,,,,6,19
400808,"Dauphin County, PA, USA","Pennsylvania, USA","United States",40.2859239,-76.6502468,land,freshwater,2026-01-08,"Ocean Connections",4,,4,7.71,0.00,0.00,2,,,,,,,,,,,,,,,,,,,,,,,,,,,,,,,,,,,,,,,,,,,,,
400809,"Sitka City and Borough, Sitka, AK, USA","Alaska, USA","United States",57.053837261438,-135.35486544524,land,saltwater,2026-04-08,"MEHS P5",2,,2,2.99,0.04,0.00,,4,12,1,5,2,5,3,2,6,1,1,2,,,13,1,7,2,,,,1,,2,5,,10,,,,1,,2,1,,1,9,,,,,,,21,120
400810,"Loudoun County, VA, USA","Virginia, USA","United States",38.90868163585,-77.594165163654,land,inland,2026-04-10,YMSL,1,,1,0.36,1.61,0.00,,,3,,2,1,1,1,1,1,,,1,,,,,,1,,,,,,,3,,,,,,,,,,,2,,,,,,,1,,18
400811,"Yolo County, CA, USA","California, USA","United States",38.5449065,-121.7405167,land,inland,2026-04-09,"putah creek council",1,,1,0.50,0.00,0.00,,,1,,,,,,1,1,,,,,,2,,,,,,,,,,,,,,,,,,,,,5,3,,,,,,,3,16
400812,"Yolo County, CA, USA","California, USA","United States",38.5449065,-121.7405167,land,inland,2026-04-10,"putah creek council",1,,1,1.22,0.00,0.00,,,2,,4,,,,1,,,,2,,,2,1,,,,,,,,,,,,1,,,,,,,,11,7,,,,,,,12,43
400814,"Allegheny County, PA, USA","Pennsylvania, USA","United States",40.34941732,-79.81541863,land,inland,2026-04-10,,1,,1,2.72,0.00,0.00,3,,,,,,,,,,,,,,,,,,,,,,,,,,,,,,,,,,,,,,,,,,,,,
400815,"Volusia County, FL, USA","Florida, USA","United States",29.33126375,-81.05795476,land,saltwater,2026-04-10,"VOL -judi",1,,1,0.98,0.01,0.00,,,,,,,,,2,,2,,5,,1,2,1,1,,,,,,,,2,,1,,,,,1,,,1,5,1,,,,,,,9,34
400816,"New Castle County, DE, USA","Delaware, USA","United States",39.658285994569,-75.563343669449,land,freshwater,2026-04-10,,3,,3,2.43,0.43,0.00,,1,,,1,,,1,19,,,3,2,,4,2,,1,,,,,1,,,,,,,1,,,,1,1,,,12,,,,,,1,24,75
400817,"New Castle County, DE, USA","Delaware, USA","United States",39.65801951,-75.56259064,land,freshwater,2026-04-10,"BofA CAAPs Kidz Table",4,,4,13.47,0.24,0.00,,1,2,4,4,,1,1,37,10,,1,24,,1,21,12,32,1,,,,8,,,4,1,3,,2,,,1,,,5,,1,,,,,2,,158,337
400818,"New Castle County, DE, USA","Delaware, USA","United States",39.658036732131,-75.56235515419,land,freshwater,2026-04-10,"Bank of America Battery Park",3,,3,14.36,0.00,0.00,,1,3,30,10,,,,11,4,,,4,,1,1,4,3,,4,2,,3,,,1,1,,,,,,,1,,,1,3,,,,,1,2,1,92
400819,"Volusia County, FL, USA","Florida, USA","United States",28.928453515555,-80.823570665084,land,saltwater,2026-04-10,Ranger,1,,1,1.48,0.02,0.00,,,,3,1,,,1,3,,,,,,,,1,1,3,1,,,,,,,2,,,,,,,,,,,1,,,,,,,1,18
400820,"New Castle County, DE, USA","Delaware, USA","United States",39.657997427869,-75.562595002149,land,freshwater,2026-04-10,"BofA battery park",1,,1,1.09,0.01,0.00,,3,,,3,,2,5,10,20,,,2,,,15,2,3,2,,,,,,,1,3,2,1,,,,,,5,,5,,,,,,1,,5,90
400821,"New Castle County, DE, USA","Delaware, USA","United States",39.46115818,-75.73182502,land,inland,2026-04-10,"Bank of America - Delaware",6,,6,0.29,0.01,0.00,,,,1,,,,,,,,,,,,,,,,,,,,,,,,,1,,,,,,,,1,,,,,,1,1,12,17
400822,"Los Angeles County, CA, USA","California, USA","United States",33.852442152712,-118.39724194027,land,saltwater,2026-04-10,metrohm,3,,3,13.02,2.41,0.00,,1,7,1,,2,3,13,4,3,1,1,2,,,,,,5,27,,,,,,3,2,,,,,,,,,,,,,,,,,,19,94
400823,"Fairfax County, VA, USA","Virginia, USA","United States",38.887820870587,-77.274953908558,land,inland,2026-04-10,RBH,1,,1,0.50,4.18,0.00,,1,,,1,1,,,3,12,,3,,,,16,1,,,,,,,,,,,1,,,,,,,1,,5,20,,,,,,,,65
400828,"Harris County, TX, USA","Texas, USA","United States",29.781910303936,-95.631218327104,land,saltwater,2026-04-07,,1,,1,68.17,0.12,0.00,,4,2,3,4,5,,1,2,1,,,,,4,,,,3,,,1,,1,,,,,,,,,,,,,,,,,,,,,,31
400846,"Volusia County, FL, USA","Florida, USA","United States",28.928376051749,-80.823283903611,land,saltwater,2026-04-11,Ranger,1,,1,2.19,0.38,0.00,,,,1,,,1,,10,,1,,,,,1,2,2,2,1,,,1,,,,2,,1,,,,,,,,,,,,,,,,,25
400847,"Greater Bridgeport Planning Region, CT, USA","Connecticut, USA","United States",41.255371742291,-73.208836599618,land,inland,2026-04-11,"Trumbull cleanup",1,,1,0.71,2.20,0.00,,,1,1,5,4,,,1,1,,1,,,,3,1,,,,,,,,,,,,,,,,,,,,2,2,,,,,,,4,26
400849,"Franklin County, MA, USA","Massachusetts, USA","United States",42.44895145,-72.46981292,land,inland,2026-04-11,"Leverett earth day",2,,2,9.79,0.00,0.00,,,,4,23,24,,,1,16,,1,1,7,8,6,5,3,2,,,,3,,,,9,,,,,,1,2,3,,17,24,,,,,,,3,163
400854,"Erie County, NY, USA","New York, USA","United States",42.608508250137,-78.739749340867,land,freshwater,2026-04-11,"adiwalker - BNW",1,,1,10.17,0.00,0.00,,1,2,12,8,,1,,,,,,,,,,,,,,,,5,,,6,,,,,,,,,,1,12,,,,,1,,,12,61
400855,"Okaloosa County, FL, USA","Florida, USA","United States",30.396199285082,-86.578715429731,land,saltwater,2026-04-11,"Ravine FWB",2,,2,11.29,2.25,0.00,,5,11,1,8,9,4,,29,94,3,1,6,1,3,33,2,4,2,7,,,,,,3,,1,,3,,,9,,11,3,49,11,1,,,,,,35,349
400856,"Okaloosa County, FL, USA","Florida, USA","United States",30.385319895502,-86.458199161853,land,saltwater,2026-04-11,"Earth Day Cleanup - JWD",1,,1,6.93,0.23,0.00,,4,11,1,10,5,2,,13,9,1,1,3,,1,7,1,13,,,,,,,,1,,,1,6,1,,,2,5,9,32,18,,,,2,,,1,160
400857,"Williamson County, TX, USA","Texas, USA","United States",30.65973948,-97.65274034,land,inland,2026-04-11,"Me, myself and I",1,,1,0.13,0.00,0.00,,,,,,,,,1,,,,,,,,,1,,,,,,,,,,,,,,,,,,,,2,,,,,,,8,12
400858,"Virginia Beach, VA, USA","Virginia, USA","United States",36.822366734194,-75.976920783912,land,saltwater,2026-04-11,"Groves family",5,,5,27.39,0.02,0.00,,4,,7,25,6,,10,45,50,5,,,3,,35,20,9,6,15,3,,8,,,4,,6,,2,4,,,,10,12,50,,,,,5,,,55,399
400859,"Miami-Dade County, FL, USA","Florida, USA","United States",25.539566504086,-80.328474321743,land,inland,2026-04-11,"COAST middle",12,,12,39.44,0.63,0.00,,16,13,29,23,9,1,12,54,12,14,5,5,8,7,21,3,13,6,34,1,,7,,2,15,8,12,12,7,3,2,5,,,2,25,7,,,1,2,,,205,601
400860,"Southeastern Connecticut Planning Region, CT, USA","Connecticut, USA","United States",41.5337093,-72.0900774,land,freshwater,2026-04-11,"Save The Bay, Rhode Island",1,,1,1.81,0.00,0.00,2,,,,,,,,,,,,,,,,,,,,,,,,,,,,,,,,,,,,,,,,,,,,,
400861,"Orange County, CA, USA","California, USA","United States",33.641180089802,-117.97679062045,land,saltwater,2026-04-11,,1,,1,0.41,0.16,0.00,,1,2,,,,,,5,,,,,,,2,1,3,1,,,,,,,6,,,,,,,,2,2,,,,,,,,,,8,33
400865,"Galveston County, TX, USA","Texas, USA","United States",29.255873688256,-94.845895339464,land,saltwater,2026-04-11,"Krewe of Les Minous",20,,20,9.16,3.22,0.00,,,,,5,1,1,,201,98,26,,5,,,29,,,25,,5,,,,,,,6,1,1,,,2,,10,,6,,,,,,,4,,426
400866,"Volusia County, FL, USA","Florida, USA","United States",28.928312254989,-80.823768943874,land,saltwater,2026-04-11,Ranger,1,,1,3.18,0.10,0.00,,,1,,,,,1,7,,,,,,,,2,,4,,,,2,,,1,2,,1,,,,1,,,1,,,,,,,,,,23
400868,"Clackamas County, OR, USA","Oregon, USA","United States",45.442723175092,-122.64217885731,land,freshwater,2026-04-11,SOLVE,1,,1,1.81,0.00,0.00,2,,,,,,,,,,,,,,,,,,,,,,,,,,,,,,,,,,,,,,,,,,,,,
400869,"Clackamas County, OR, USA","Oregon, USA","United States",45.442239113862,-122.64195446785,land,freshwater,2026-04-11,SOLVE,1,,1,2.93,0.15,0.00,,,9,1,,1,,1,1,16,1,,1,,,,1,1,,5,,,,,,,,,,,,,,,21,,,,,,,,,,26,85
400870,"Essex County, MA, USA","Massachusetts, USA","United States",42.641215899588,-70.694195274855,land,saltwater,2026-04-11,"SUNY Cobleskill",28,,28,14.51,0.00,0.00,5,,,,,,,,,,,,,,,,,,,,,,,,,,,,,,,,,,,,,,,,,,,,,
400871,"San Mateo County, CA, USA","California, USA","United States",37.463753559973,-122.15565535611,land,saltwater,2026-04-11,"Pacifica Beach Coalation",1,,1,4.54,4.83,0.00,,,,,,,,1,4,2,1,1,,1,1,,,1,,,,,,,1,,,,,,,,,,,,,,,24,,,,,18,55
400872,"Erie County, NY, USA","New York, USA","United States",42.997550831137,-78.698780486245,land,inland,2026-04-11,,1,,1,0.91,0.00,0.00,1,,,,,,,,,,,,,,,,,,,,,,,,,,,,,,,,,,,,,,,,,,,,,
400873,"Broward County, FL, USA","Florida, USA","United States",25.992419320616,-80.126295387528,land,inland,2026-04-11,"Little Earth Hero",2,,2,1.07,0.16,0.00,,6,3,2,8,3,1,,1,4,1,,,1,,3,,1,,,,,,,,,2,,,,,,,,,,,,,,,,,,17,53
400874,"Honolulu County, HI, USA","Hawaii, USA","United States",21.444336,-157.736988,land,saltwater,2026-04-11,,1,,1,2.73,0.73,0.00,,,,,,,,,2,,,,,,,2,,1,,4,,,,,,,,,,,,,,,,2,8,,,,,,,,17,36
400875,"Erie County, NY, USA","New York, USA","United States",42.9806194,-78.5919067,land,inland,2026-04-11,"Jonathan Quinn",1,,1,0.91,0.00,0.00,1,,,,,,,,,,,,,,,,,,,,,,,,,,,,,,,,,,,,,,,,,,,,,
400876,"Santa Clara County, CA, USA","California, USA","United States",37.451639356928,-122.10225087343,land,saltwater,2026-04-11,ff,1,,1,0.03,0.11,0.00,,,,,,1,,,2,5,,,,,,1,,,,,,,,,,,,,,,,,,,,,,,,,,,,,3,12
400877,"Erie County, NY, USA","New York, USA","United States",42.7181144,-78.9692034,land,freshwater,2026-04-11,BNWDrewsSweep,1,,1,0.91,0.00,0.00,1,,,,,,,,,,,,,,,,,,,,,,,,,,,,,,,,,,,,,,,,,,,,,
400879,"Sitka City and Borough, Sitka, AK, USA","Alaska, USA","United States",57.053424455524,-135.35381043475,land,saltwater,2026-04-08,"MEHS P5",3,,3,3.36,3.86,0.00,,2,9,3,5,23,1,,1,3,,3,5,1,1,11,2,1,1,1,,,,,,,,,,,1,,,,1,,12,10,,,,1,,,3,101
400880,"Erie County, NY, USA","New York, USA","United States",43.003397484164,-78.6279984928,land,inland,2026-04-12,"Jonathan Quinn",2,,2,5.68,0.00,0.00,,3,,,2,1,,,1,,,1,,,,2,2,2,,,2,1,,,,1,,,,,,,,2,,,5,7,,,,,,,2,34
400881,"Erie County, NY, USA","New York, USA","United States",42.945517441967,-78.767277906939,land,freshwater,2026-04-11,,1,,1,0.09,0.00,0.00,,,,,,2,,,,,,,2,,,2,1,1,,,,,,,,,,,,,,,,,,,,,,,,,,,,8
400882,"Los Angeles County, CA, USA","California, USA","United States",33.7621884,-118.1647487,land,saltwater,2026-04-11,"Healthy Footprints Adventure Community",38,,38,108.86,0.00,0.00,16,,,,,,,,,,,,,,,,,,,,,,,,,,,,,,,,,,,,,,,,,,,,,
400883,"San Mateo County, CA, USA","California, USA","United States",37.5027185,-122.4694214,land,saltwater,2026-04-12,,1,,1,0.91,0.00,0.00,1,,,,,,,,,,,,,,,,,,,,,,,,,,,,,,,,,,,,,,,,,,,,,
400888,"Sarasota County, FL, USA","Florida, USA","United States",27.087220698632,-82.126631365158,land,saltwater,2026-04-12,,1,,1,1.36,0.00,0.00,,,,,,1,,,,,,,,,,,,,,,,,1,,,,,,,,,,,,,,,2,,,,,,,,4
400890,"Volusia County, FL, USA","Florida, USA","United States",28.927852191953,-80.824005324496,land,saltwater,2026-04-12,Ranger,1,,1,4.10,0.23,0.00,,,,,2,,1,1,6,,,,,,,,2,,2,2,1,,2,,,,1,,1,,,,,,,,,,,,,,,,,21
400891,"Pinellas County, FL, USA","Florida, USA","United States",27.684073596869,-82.737781485714,land,saltwater,2026-04-12,,1,,1,9.99,2.74,0.00,,,4,,9,7,,4,11,10,,2,6,,3,7,4,20,7,4,,,,,,,8,9,,2,1,1,1,1,,17,14,21,,,,,,,,173
400892,"Walton County, FL, USA","Florida, USA","United States",30.272509052806,-86.002254347685,land,saltwater,2026-04-12,KP,1,,1,0.29,0.55,0.00,,1,1,,,,,,,,,,,,,,1,,,,,,,,,,,,,,,,,1,,1,,,,,,,,,,5
400893,"Greater Bridgeport Planning Region, CT, USA","Connecticut, USA","United States",41.257845336084,-73.201161403106,land,inland,2026-04-12,"Trumbull cleanup",1,,1,1.44,3.36,0.00,,,1,1,6,1,,1,,,,4,2,,,1,2,,,,,,,,,,,,,2,,,,,1,,5,6,,,,,,,4,37
400895,"Broward County, FL, USA","Florida, USA","United States",25.993425077578,-80.127766950797,land,saltwater,2026-04-12,"Little Earth Hero",2,,2,0.54,0.08,0.00,,3,3,,2,,,3,4,4,,,,,,5,,1,,,,,,,,,,,30,,,,,,,1,,,,,,,,,11,67
400896,"Williamson County, TX, USA","Texas, USA","United States",30.65970812,-97.65263121,land,inland,2026-04-12,"Me, myself and I",1,,1,0.29,0.01,0.00,,,,,,,,,,,,,,,1,1,,,,,,,,,,,,,,,,,,,,,,4,,,,,,,5,11
400897,"Lucas County, OH, USA","Ohio, USA","United States",41.6179211,-83.5802026,land,inland,2026-03-21,"Toledo ZooTeens",9,,9,14.51,0.00,0.00,3,,,,,,,,,,,,,,,,,,,,,,,,,,,,,,,,,,,,,,,,,,,,,
400898,"Lucas County, OH, USA","Ohio, USA","United States",41.6653992,-83.5954641,land,inland,2026-03-29,"Toledo ZooTeens",9,,9,12.93,0.00,0.00,5,,,,,,,,,,,,,,,,,,,,,,,,,,,,,,,,,,,,,,,,,,,,,
400900,"Erie County, NY, USA","New York, USA","United States",43.003392032029,-78.627993904888,land,inland,2026-04-12,"Jonathan Quinn",2,,2,14.14,2.32,0.00,,5,1,,12,6,3,,2,,,4,1,,3,5,1,1,1,,1,,1,1,,,4,,,2,,,,5,1,4,6,7,,1,,2,,,1,81
400901,"Erie County, NY, USA","New York, USA","United States",43.0151084,-78.6364571,land,inland,2026-04-12,"service learning",1,,1,4.08,0.00,0.00,,3,37,,15,11,,,1,,,1,,1,3,1,2,1,,,,,,,,,1,,,,,,,,,,2,44,,,,,,,,123
400902,"Essex County, MA, USA","Massachusetts, USA","United States",42.601857769536,-70.636128621897,land,saltwater,2026-04-12,"SUNY Cobleskill",23,,23,34.02,0.00,0.00,5,,,,,,,,,,,,,,,,,,,,,,,,,,,,,,,,,,,,,,,,,,,,,
400903,"Yolo County, CA, USA","California, USA","United States",38.5449065,-121.7405167,land,inland,2026-04-11,"putah creek council",1,,1,0.15,0.00,0.00,,,2,,,,,,,,,,1,,,,,,,,,,,,,,,,,,,,,,,,1,1,,,,,,,,5
400904,"Scott County, IA, USA","Iowa, USA","United States",41.527051770424,-90.516666750378,land,freshwater,2026-04-12,"52 week challenge",1,,1,20.41,0.00,0.00,3,,,,,,,,,,,,,,,,,,,,,,,,,,,,,,,,,,,,,,,,,,,,,
400905,"Palm Beach County, FL, USA","Florida, USA","United States",26.516208377924,-80.049367900498,land,saltwater,2026-04-12,Bocasob,1,,1,3.29,0.47,0.00,,3,4,2,4,,,1,12,,2,,6,1,1,,,,5,2,1,,,,1,2,4,3,,,,,2,,,,1,,,,,1,,,15,73
400907,"New York County, New York, NY, USA","New York, USA","United States",40.788854093236,-73.95508800825,land,inland,2026-04-12,"Hazel, Ruby, Becca",3,,3,1.32,2.57,0.00,,,2,3,,2,1,1,3,,,,,,,5,,1,1,,,,,,,,,2,1,2,1,,,,,,2,1,,,,1,,,6,35
400909,"Palm Beach County, FL, USA","Florida, USA","United States",26.759055554867,-80.036481739953,land,saltwater,2026-04-09,KPBCB,3,,3,7.23,0.22,0.00,,,,,5,2,,,115,4,5,7,11,2,3,10,15,5,12,3,,,2,,1,12,3,2,2,2,,,1,,4,2,1,7,,,,,,,319,557
400910,"Miami-Dade County, FL, USA","Florida, USA","United States",25.909042449288,-80.137977199663,land,saltwater,2026-04-09,"group 2",6,,6,5.87,1.38,0.00,,13,2,,6,2,,2,9,,2,,2,2,,9,,7,4,1,,,,,,,,1,,1,,,4,,,6,1,1,,,,,,1,29,105
400912,"Honolulu County, HI, USA","Hawaii, USA","United States",21.444620801965,-157.73703490753,land,saltwater,2026-04-12,,1,,1,4.13,1.93,0.00,,,,,,,,,,,,,,,,1,,,,5,,,,,,,5,,,1,,,,,,,20,1,,,,,,,8,41
400913,"San Mateo County, CA, USA","California, USA","United States",37.501140148534,-122.49662404905,land,saltwater,2026-04-12,ff,1,,1,0.03,0.12,0.00,,,,,,,,,,1,,,,,,2,,,,,,,,,,,,,,,,,,,,,,,,,,,,,1,4
400916,"Volusia County, FL, USA","Florida, USA","United States",28.928353344808,-80.823756725723,land,saltwater,2026-04-13,Ranger,1,,1,3.90,0.73,0.00,,,6,,1,,,,2,,,,,,,,,1,2,,2,,2,,,,1,,1,,,,,,,,,2,,,,,,,,20
400922,"Allegheny County, PA, USA","Pennsylvania, USA","United States",40.34935399,-79.8153581,land,inland,2026-04-13,,1,,1,0.46,0.01,0.00,,,,1,2,6,,,,2,,,,,2,2,,,2,,,,,,,,,,,,,,,,,,,,,,,,,,2,19
400923,"Greater Bridgeport Planning Region, CT, USA","Connecticut, USA","United States",41.247949107691,-73.200946321939,land,inland,2026-04-13,"Trumbull cleanup",1,,1,1.09,1.83,0.00,,2,,,3,1,,,,1,,1,,,,,1,,,,,,,,,,,,,1,,,,1,,,4,9,,,,,,,9,33
400924,"Baltimore, MD, USA","Maryland, USA","United States",39.285142711191,-76.607674001249,land,saltwater,2026-03-21,"National Aquarium Weekly Harbor Wetland Cleanup- March 21",4,,4,36.29,0.40,0.00,4,57,65,,82,36,,16,220,60,28,30,32,20,37,315,51,85,7,3,,,,,1,95,43,,2,1,,,1,,139,,30,40,3,,,27,,5,1200,2731
400925,"Baltimore, MD, USA","Maryland, USA","United States",39.285142711191,-76.607674001249,land,saltwater,2026-03-28,"National Aquarium Weekly Harbor Wetland Cleanup- March 28",4,,4,36.29,0.40,0.00,4,60,60,4,150,38,,5,180,180,20,5,75,,16,250,75,110,16,,,,,,3,74,19,,3,1,,,,,314,,42,48,3,,,40,2,,1875,3668
400926,"Baltimore, MD, USA","Maryland, USA","United States",39.285142711191,-76.607674001249,land,saltwater,2026-04-04,"National Aquarium Weekly Harbor Wetland Cleanup- April 4",4,,4,27.22,0.40,0.00,3,28,19,,80,21,,3,65,60,,15,34,1,2,135,35,50,2,2,,,,,,14,9,,,,,,,,111,,40,20,2,,,26,,1,400,1175
400928,"New Castle County, DE, USA","Delaware, USA","United States",39.757626878784,-75.561002054345,land,freshwater,2026-04-05,"Green Spoon River Clean Up",2,,2,14.51,0.00,0.00,5,,,,,,,,,,,,,,,,,,,,,,,,,,,,,,,,,,,,,,,,,,,,,
400929,"Queens County, NY, USA","New York, USA","United States",40.7640151,-73.7433727,land,saltwater,2026-04-12,Dan,1,,1,0.91,0.00,0.00,1,,,,,,,,,,,,,,,,,,,,,,,,,,,,,,,,,,,,,,,,,,,,,
400930,"Alameda County, CA, USA","California, USA","United States",37.714363255498,-121.94059525678,land,inland,2026-04-13,P.O.P-Test,1,,1,0.09,0.00,0.00,,6,,,,,1,,1,,,,,1,,,,,,,,,,,1,,,,,,1,,,,,,,,,,,,,,1,12
400931,"Erie County, NY, USA","New York, USA","United States",42.971921800213,-78.632362037478,land,inland,2026-04-13,lol,1,,1,0.04,0.04,0.00,,,,,1,1,,1,,1,,,,,,,,,,,,,,,,,,,,,,,,,,,,,,,,,,,,4
400932,"Rockingham County, NH, USA","New Hampshire, USA","United States",42.9375932,-70.8389219,land,saltwater,2026-03-11,"School Group",1,,1,0.31,0.00,0.00,,7,3,1,,,,,,,,,,,,,,,,,,,,,,,,,,,,,,,,,,,,,,,,,,11
400933,"Colleton County, SC, USA","South Carolina, USA","United States",32.5068602,-80.291318,land,saltwater,2026-04-13,"EBSP Turtle Team",1,,1,0.71,0.00,0.00,,,,,2,3,,,,,1,,,,1,,,,,,,,,,,,,,,,,,,,,2,,2,,,,,,,,11
400934,"Okaloosa County, FL, USA","Florida, USA","United States",30.394089124809,-86.585176008149,land,saltwater,2026-04-13,"Keep Okaloosa Beautiful (DHS)",20,,20,8.39,0.14,0.00,,8,7,1,4,8,5,1,15,1,3,1,1,,,6,,5,9,4,,,,,1,1,1,1,2,10,2,,4,1,5,12,8,,,,,,,,10,137
400935,"Fairfax County, VA, USA","Virginia, USA","United States",38.884833333333,-77.273233333333,land,inland,2026-04-13,RBH,1,,1,0.23,5.02,0.00,,2,2,,6,2,4,,2,19,,1,1,,,19,2,3,,,,,,,,,,1,,,,,,,1,,6,16,,,,,,,7,94
400936,"Erie County, NY, USA","New York, USA","United States",42.962038357235,-78.593912846779,land,inland,2026-04-13,scott,1,,1,3.49,9.66,0.00,,11,11,5,30,20,2,30,20,,3,3,3,,,4,,4,2,,,,,,11,5,6,5,,,,,,,,,,,,,,,,,5,180
400937,"Okaloosa County, FL, USA","Florida, USA","United States",30.394009088479,-86.584667299383,land,saltwater,2026-04-13,"Keep Okaloosa Beautiful (DHS)",2,,2,1.36,0.00,0.00,,6,1,,1,1,1,1,4,15,,,,,,,,5,,,,,,,1,1,,1,,8,,,,,,,,,,,,,,,,46
400939,"Palm Beach County, FL, USA","Florida, USA","United States",26.669891928323,-80.03742294386,land,saltwater,2026-04-13,KPBCB,3,,3,9.53,0.00,0.00,,6,6,1,10,5,10,3,51,6,5,6,7,5,11,14,6,7,19,2,,,3,,,7,4,4,4,3,,,4,,3,4,7,4,,,,,,,299,526
400940,"Greater Bridgeport Planning Region, CT, USA","Connecticut, USA","United States",41.263991356068,-73.198441969387,land,inland,2026-04-14,"Trumbull cleanup",1,,1,1.47,2.69,0.00,,,,1,9,2,1,,,,,1,1,,,1,1,,,,,,,,,,,,,,,,,1,2,,7,8,,,,,,,1,36
400941,"Volusia County, FL, USA","Florida, USA","United States",28.927595291884,-80.824476502263,land,saltwater,2026-04-14,Ranger,1,,1,1.72,3.22,0.00,,,,2,1,,,,3,1,,,,,,1,3,1,2,,,,1,,,,,1,1,,,,,,,,,,,,,,,,1,18
400942,"Palm Beach County, FL, USA","Florida, USA","United States",26.762700048275,-80.03651317209,land,saltwater,2026-04-14,KPBCB,3,,3,3.63,0.00,0.00,,5,8,2,7,6,11,,58,2,4,6,7,5,5,10,7,3,10,2,,,,,,3,4,7,2,3,,,4,,3,5,3,3,,,,,,,127,322
400943,"Palm Beach County, FL, USA","Florida, USA","United States",26.76269962918,-80.03647159785,land,saltwater,2026-04-14,KPBCB,3,,3,6.69,0.00,0.00,,3,2,5,3,4,11,,46,4,5,4,4,4,5,4,7,3,8,2,,,2,,2,8,5,4,2,2,,,,,3,,1,2,,,,,,,399,554
400944,"Erie County, NY, USA","New York, USA","United States",42.972009487481,-78.633010839093,land,inland,2026-04-14,lol,1,,1,0.03,0.02,0.00,,,,,1,,,,,1,,,,,,,,,1,,,,,,1,,,,,,,,,,,,,,,,,,,,,4
400949,"Palm Beach County, FL, USA","Florida, USA","United States",26.370640703679,-80.100825725132,land,saltwater,2026-03-14,KPBCB,1,,1,0.91,0.00,0.00,1,,,,,,,,,,,,,,,,,,,,,,,,,,,,,,,,,,,,,,,,,,,,,
400950,"Erie County, NY, USA","New York, USA","United States",42.971601441168,-78.63287386453,land,inland,2026-04-14,lol,1,,1,0.03,0.04,0.00,,,,,1,,,,,,,,,,,,,,,,,,,,1,,,,,,,,,,,,,,,,,,,,,2
400951,"Erie County, NY, USA","New York, USA","United States",42.971808439156,-78.632386532888,land,inland,2026-04-14,lol,1,,1,0.01,0.04,0.00,,1,,,,,,,,1,,,,,,,,,,,,,,,1,,,2,,,,,,,,,,,,,,,,,,5
400954,"San Diego County, CA, USA","California, USA","United States",32.747562728368,-117.25230546487,land,saltwater,2026-04-14,"Conrac Solutions",5,,5,13.80,0.05,0.00,,5,27,12,15,14,16,11,9,90,2,3,4,3,3,4,14,9,9,,,,7,,4,6,3,7,6,2,,,,,,,4,,,4,,2,,,27,322
400957,"Erie County, NY, USA","New York, USA","United States",42.995627464555,-78.552225184981,land,inland,2026-04-14,"Jana Naab",1,,1,0.21,0.23,0.00,,,,,1,2,,,,,1,,,,,,1,,,,,,,,,1,,,1,,,,,1,,,,1,,,,,,,,9
400960,"Broward County, FL, USA","Florida, USA","United States",25.974818207324,-80.142268398777,land,saltwater,2026-04-09,"group 2",5,,5,6.80,0.00,0.00,1,,,,,,,,,,,,,,,,,,,,,,,,,,,,,,,,,,,,,,,,,,,,,
400961,"Martin County, FL, USA","Florida, USA","United States",27.178767375473,-80.186364374852,land,inland,2026-03-18,freese,3,,3,0.01,1.34,0.00,,1,,,,,1,,,,,,,,,,,,,,,,,,,,,,,,,,,,,,,,,,,,,,,2
400962,"Erie County, NY, USA","New York, USA","United States",42.818279730732,-78.775645555055,land,inland,2026-04-14,,2,,2,0.26,0.05,0.00,,1,,,1,,,,,,,,,,,,,,,,,,,,,,,,,,,,,,,1,,,,,,,,,2,5
400965,"Orange County, CA, USA","California, USA","United States",33.64030490045,-117.97567056407,land,saltwater,2026-04-11,,1,,1,0.21,0.78,0.00,,,1,,,,2,3,,2,,,,,,1,2,2,1,,,,,,,1,,,,,,,,,,,1,1,,,,,,,4,21
400966,"Los Angeles County, CA, USA","California, USA","United States",33.955675379251,-118.45055020917,land,saltwater,2026-04-11,"community health",15,,15,1.39,0.32,0.00,,,15,3,1,,,,3,38,,,,3,2,,5,6,1,,,,,,,1,,,,,,,,,2,,3,2,,,,,,,54,139
400967,"Yolo County, CA, USA","California, USA","United States",38.5449065,-121.7405167,land,inland,2026-04-14,"putah creek council",1,,1,0.33,0.00,0.00,,,2,,,,,,,,,,,,,1,,,1,,,,,,,,,,,,,,,,,,3,2,,,,,,,5,14
400968,"Williamson County, TX, USA","Texas, USA","United States",30.65971967,-97.6527268,land,inland,2026-04-15,"Me, myself and I",1,,1,0.03,0.10,0.00,,,,,,,,,,,,,,,1,,,,,,,,,,,,,,,,,,,,,,,,,,,,,,4,5
400976,"Palm Beach County, FL, USA","Florida, USA","United States",26.69621986337,-80.03390841186,land,saltwater,2026-04-15,KPBCB,3,,3,39.92,0.00,0.00,,4,3,4,7,4,8,,61,,4,9,6,6,7,4,12,6,11,6,,,5,,,6,7,9,4,4,,,6,,7,3,5,9,,,,,,,319,546
400977,"Miami-Dade County, FL, USA","Florida, USA","United States",25.742134783983,-80.211146904312,land,saltwater,2026-04-15,,4,,4,2.00,0.00,0.00,,3,1,,13,,,8,22,1,2,1,1,3,,1,2,2,,,,,,,,8,1,1,,,,,1,,,2,5,2,,,,,2,,16,98
400978,"Miami-Dade County, FL, USA","Florida, USA","United States",25.741737829564,-80.211535768932,land,saltwater,2026-04-15,"ils clean up",2,,2,5.44,0.80,0.00,,1,3,,17,,,,8,,6,,4,,,3,,,,,,,1,,,,,,,2,,,,,,2,,1,,,,,,,,48
400979,"Miami-Dade County, FL, USA","Florida, USA","United States",25.741647,-80.21176,land,saltwater,2026-04-15,,6,,6,2.28,0.00,0.00,,2,3,,4,1,,1,3,,,,1,,,,,,,,2,,,,,3,2,,,,,,3,,,,,,,,,,2,,10,37
400980,"Miami-Dade County, FL, USA","Florida, USA","United States",25.742188459277,-80.211050799191,land,saltwater,2026-04-15,goat,3,,3,0.99,0.35,0.00,,5,4,2,12,2,,7,,,7,,4,,,3,,,,,,,,,,,,,,,,,,,,,,,,,,,,,,46
400981,"Miami-Dade County, FL, USA","Florida, USA","United States",25.741680141658,-80.211444223415,land,saltwater,2026-04-15,"ivanna and vale",2,,2,4.52,0.17,0.00,,3,1,13,2,,1,3,1,,6,3,1,4,,,1,,,1,,,,,,5,,,1,1,,,,,,1,3,,1,,,,1,,16,69
400982,"Miami-Dade County, FL, USA","Florida, USA","United States",25.742288351128,-80.211020405292,land,saltwater,2026-04-15,noah,2,,2,0.97,0.25,0.00,,3,20,2,3,,3,15,12,,,,,,,10,5,,,,,,,,,,,,,,,,,,,,,,,,,,,,,73
400983,"Palm Beach County, FL, USA","Florida, USA","United States",26.739937816747,-80.03575142473,land,saltwater,2026-04-15,KPBCB,3,,3,13.15,0.00,0.00,,3,5,3,,,,,83,6,5,4,5,3,6,9,14,6,11,2,3,,,,3,5,8,3,6,3,,,4,,,3,3,3,,,,,1,,412,622
400984,"Fairfax County, VA, USA","Virginia, USA","United States",38.884983333333,-77.273666666667,land,inland,2026-04-15,RBH,1,,1,0.18,2.64,0.00,,,1,,8,5,3,1,10,16,,,,,,17,,,5,3,,,1,,,,1,1,,1,,,,,3,,6,18,,,,1,,,1,102
400985,"Dutchess County, NY, USA","New York, USA","United States",41.5620381,-73.6026271,watercraft,inland,2026-04-14,Paddlers,2,,2,0.91,0.00,0.00,1,,,,,,,,,,,,,,,,,,,,,,,,,,,,,,,,,,,,,,,,,,,,,
400987,"Yolo County, CA, USA","California, USA","United States",38.5449065,-121.7405167,land,inland,2026-04-15,"putah creek council",1,,1,0.78,0.00,0.00,,,,,1,2,,,1,1,,,,,,1,,1,,,,,,,,,,,,,,,,,,,6,6,,,,,,,2,21
400988,"Palm Beach County, FL, USA","Florida, USA","United States",26.441097221234,-80.062553506035,land,saltwater,2026-04-15,KPBCB,1,,1,0.11,2.79,0.00,,,4,,,,,1,6,,,,1,1,,,,,4,,,,,,,,,,,,,,,,,,,,,,,,,,,17
400989,"Erie County, NY, USA","New York, USA","United States",43.014661666667,-78.777933333333,land,freshwater,2026-04-15,"BNW_Connie at Walton Woods",1,,1,4.78,0.01,0.00,,,,,,,,,,4,,,,,,2,,,,10,,,,,,,,,,,,,,,,,4,,,,,,,,,20
400990,"Erie County, NY, USA","New York, USA","United States",42.980359091443,-78.596766748508,land,inland,2026-04-15,,2,,2,1.25,0.16,0.00,,1,8,,,3,,,,5,,,,,,5,,,,,,,,,,,,,1,,,,,,3,,2,14,,,,1,,,2,45
400991,"Allegheny County, PA, USA","Pennsylvania, USA","United States",40.34956956,-79.81525751,land,inland,2026-04-15,,1,,1,0.14,0.00,0.00,,,,,2,3,3,2,2,3,,,,,,2,,,,,,,,,,,,,,,,,,,,,,,,,,,,,2,19
400992,"Allegheny County, PA, USA","Pennsylvania, USA","United States",40.34955419,-79.81528835,land,inland,2026-04-15,,1,,1,0.14,0.00,0.00,,,,,2,4,,2,2,3,,,,,,2,,,,,,,,,,,,,,,,,,,,,,,,,,,,,,15
400993,"Erie County, NY, USA","New York, USA","United States",42.977523883315,-78.600368596293,land,inland,2026-04-15,scott,1,,1,0.09,1.61,0.00,,,2,,2,,,,2,,,,,,,,,,,,,,,,,,,,,,,,,,,,,,,,,,,,,6
400994,"Erie County, NY, USA","New York, USA","United States",42.979545194103,-78.601253120982,land,inland,2026-04-15,scott,1,,1,0.05,1.61,0.00,,1,1,,,,,,2,,,,,,,,,,2,,,,,,,,,,,,,,,,,,,,,,,,,,,6
400995,"Erie County, NY, USA","New York, USA","United States",42.977518833043,-78.600383387289,land,inland,2026-04-15,scott,1,,1,0.54,1.61,0.00,,3,1,1,1,,,1,3,,,,,,,,,5,10,,,,,,2,2,1,1,,,,,,,,,,,,,,1,,,3,35
400996,"Erie County, NY, USA","New York, USA","United States",42.977551303195,-78.600377546498,land,inland,2026-04-15,scott,1,,1,0.41,1.61,0.00,,2,1,1,1,,,1,2,,,,,,,,,5,10,,,,,,1,2,,2,,,,,,,,,,,,,,1,,,6,35
400997,"Palm Beach County, FL, USA","Florida, USA","United States",26.371784272009,-80.092572330065,land,inland,2026-04-15,"Bocasob- Dmoon",1,,1,3.16,3.00,0.00,,9,5,5,19,11,2,4,12,30,2,11,5,,1,40,8,6,,,,,,,,3,,4,,,5,,,1,5,,,3,,6,,3,1,,13,214
400998,"Mendocino County, CA, USA","California, USA","United States",39.501106370333,-123.78612413675,land,saltwater,2026-04-15,"Noyo Center",2,,2,0.45,3.22,0.00,,,1,1,,1,,,,1,,,,,,3,1,1,,,,,,,,,,,,,,,,,,,3,4,,,,,,,,16
400999,"Brazoria County, TX, USA","Texas, USA","United States",29.038178467691,-95.56433685446,land,saltwater,2026-04-15,Hollenshead,1,,1,17.35,0.06,0.00,,2,6,5,1,4,3,13,15,7,,,,,1,5,,1,1,33,,,,,,,,,,,,1,1,,,1,4,3,,,,1,,,15,123
401000,"Honolulu County, HI, USA","Hawaii, USA","United States",21.444910947048,-157.73929753387,land,saltwater,2026-04-15,,1,,1,3.27,1.13,0.00,,,,,1,1,,,4,3,,,,,,,,,,5,,,,,,,,,,,,,,,,2,9,,,,,,,,7,32
401001,"Pasco County, FL, USA","Florida, USA","United States",28.29363575,-82.49879707,land,saltwater,2026-04-16,,4,,4,0.29,0.01,0.00,,1,1,1,1,1,1,,1,,,,,,,,,,,,,,,,,,,,,,,,,,,,,,,,,,,,,7
401003,"Lucas County, OH, USA","Ohio, USA","United States",41.6308809,-83.585275,land,inland,2026-04-12,"toledo zooteens",1,,1,0.25,0.00,0.00,,,,,,,,,,,,1,1,,,,,,,,,,,,,,,,,,,,,,,1,,,,,,,,,,3
401014,"Harrison County, MS, USA","Mississippi, USA","United States",30.389596666667,-88.993465,land,saltwater,2026-04-16,,1,,1,0.89,0.50,0.00,,5,5,,2,,,,,2,,,1,,,2,,1,1,1,,,,,1,,,1,2,,,,,,1,1,,,,,,1,,,2,29
401023,"Harris County, TX, USA","Texas, USA","United States",29.78170112514,-95.631257500499,land,saltwater,2026-04-16,"hanwha ocean",1,,1,0.09,0.00,0.00,,1,,,2,2,,,,,,,,,,,,1,1,,,,,,,,,,,,,,,,,,,,,,,,,,,7
401024,"Miami-Dade County, FL, USA","Florida, USA","United States",25.5808323,-80.3468593,land,inland,2026-04-16,,4,,4,1.77,0.00,0.00,,,2,,2,,1,,3,,,4,1,,,,,2,1,2,1,,,,,,,,,,,,,,,,3,,,,,1,,,49,72
401025,"Miami-Dade County, FL, USA","Florida, USA","United States",25.58730874,-80.34935228,land,inland,2026-04-16,"𝗍һᥱ ᥎іᥱ𝗍ᥲmᥱsᥱ ᥣ᥆rᥲ᥊",4,,4,0.58,1.42,0.00,,,12,,,3,,2,15,,,1,,,,8,,2,,,,,,,,1,,,,,3,,,,,,1,2,,,,2,1,,89,142
401026,"Miami-Dade County, FL, USA","Florida, USA","United States",25.587336945669,-80.348562102914,land,inland,2026-04-16,"Coast/trashy thursday",4,,4,2.79,1.62,0.00,,,1,,3,4,,1,7,,,,,,,14,,3,,,,,,,,,,2,,,,1,,,,,44,,,,,,,,32,112
401027,"Miami-Dade County, FL, USA","Florida, USA","United States",25.587206223028,-80.348577278555,land,inland,2026-04-16,"Trashy Thursday",4,,4,5.65,0.42,0.00,,1,8,,2,,,,6,,,,,,,105,,7,2,,,,1,,,,,,,1,,,1,9,1,1,17,16,,,,1,,,8,187
401028,"Miami-Dade County, FL, USA","Florida, USA","United States",25.589195573428,-80.350838702529,land,inland,2026-04-16,"CBMS Champs",4,,4,3.29,0.58,0.00,,2,9,3,3,2,6,7,15,1,5,6,7,2,1,10,20,10,5,,,,1,,1,,2,4,,1,,,,,,,,,,,1,,,,4,128
401029,"Miami-Dade County, FL, USA","Florida, USA","United States",25.58699447,-80.34889106,land,inland,2026-04-16,"trashy thursday",4,,4,3.03,1.15,0.00,,1,7,,2,,1,2,13,,,,1,1,1,14,,5,,,,,,,,,,1,,,,,,,,,5,37,,,,,,,134,225
401030,"Miami-Dade County, FL, USA","Florida, USA","United States",25.587300524628,-80.348576807933,land,inland,2026-04-16,"Trashy Thursday",50,,50,2.60,0.01,0.00,,1,3,1,16,6,6,1,5,,5,,2,,,15,,,,,,,,,,1,,,,1,,,1,5,1,,5,11,,,,,,,32,118
401031,"Miami-Dade County, FL, USA","Florida, USA","United States",25.75085116,-80.14602095,land,saltwater,2026-04-16,MUVE,1,,1,4.40,0.20,0.00,,3,16,,1,,,,21,,1,,1,,,14,4,2,,1,,,2,,,,1,,2,1,,,,,,2,6,,,,,,,,20,98
401032,"Miami-Dade County, FL, USA","Florida, USA","United States",25.750877595884,-80.145974430886,land,saltwater,2026-04-16,MUVE,3,,3,4.67,0.10,0.00,,,20,,2,,1,,36,,,,6,,,12,6,1,,4,,,,,,,2,3,,1,,,3,,2,,23,,,,,,,,10,132
401033,"Palm Beach County, FL, USA","Florida, USA","United States",26.675499966368,-80.052790073678,land,saltwater,2026-04-16,KPBCB,3,,3,34.47,0.32,0.00,,4,7,3,10,7,13,,,,4,7,5,11,12,13,12,12,12,2,,,3,,8,8,12,8,4,2,,,3,,5,5,11,4,,,,,1,,427,635
401034,"Fairfax County, VA, USA","Virginia, USA","United States",38.884833333333,-77.273733333333,land,inland,2026-04-16,RBH,1,,1,0.09,2.00,0.00,,1,1,,7,2,1,3,7,7,,,1,,,19,1,3,,2,,,,,,,,,,,,,,,2,1,3,10,,,,,,,,71
401035,"Palm Beach County, FL, USA","Florida, USA","United States",26.675987667404,-80.052764173597,land,saltwater,2026-04-16,KPBCB,3,,3,61.69,1.29,0.00,,5,5,,12,7,10,5,123,7,4,12,8,5,7,14,7,9,14,2,,,2,,,1,5,2,2,,,,3,,,,,,,,,2,1,,225,499
401036,"Queens County, NY, USA","New York, USA","United States",40.5997521,-73.791175,land,saltwater,2026-03-21,RISE,31,,31,102.06,0.00,0.00,15,,,,,,,,,,,,,,,,,,,,,,,,,,,,,,,,,,,,,,,,,,,,,
401037,"Newport County, RI, USA","Rhode Island, USA","United States",41.51567934,-71.3202226,land,saltwater,2026-04-16,"Save The Bay, Rhode Island",4,,4,20.80,0.67,0.00,,,7,11,16,13,,4,4,,,,,4,,,5,21,10,3,18,,4,,,,,10,,,,,,,14,2,,5,,,,3,,,54,208
401038,"Queens County, NY, USA","New York, USA","United States",40.5997521,-73.791175,land,freshwater,2026-04-16,RISE,31,,31,166.47,0.00,0.00,,258,,41,107,61,,,131,,,80,,25,113,344,86,58,41,,7,2,5,,,80,,,,,,,,,,,,202,,,,,,34,286,1961
401039,"Yolo County, CA, USA","California, USA","United States",38.5449065,-121.7405167,land,inland,2026-04-16,"putah creek council",1,,1,0.87,0.00,0.00,,,1,,,1,,,,,,,,,,1,,,,,,,,,,,,,,,,,,,,,7,7,,,,,,,9,26
401040,"Escambia County, FL, USA","Florida, USA","United States",30.551687745986,-87.215910817987,land,saltwater,2026-02-21,"beach clean 2026",1,,1,7.89,0.00,0.00,,55,,,289,4,,23,1,41,3,39,2,,,4,,,,,,,,,,,,,,,,,,,1,,,6,,1,,,,,,469
401041,"Washington County, RI, USA","Rhode Island, USA","United States",41.36147818,-71.48805513,land,saltwater,2026-04-16,"Save The Bay, Rhode Island",2,,2,5.44,0.71,0.00,,1,,16,2,9,,2,,,,,2,,2,,3,4,2,,2,,,,,,2,4,,,,,,,5,,,,,,,,,,21,77
401042,"Santa Barbara County, CA, USA","California, USA","United States",34.416562114732,-119.67065128253,land,saltwater,2026-04-16,"Award Ceremony",28,,28,0.45,0.16,0.00,,1,3,,,,,9,11,12,,,1,,,10,1,5,3,,,,,,,,,,,,,,,1,,,,2,,,,,,,27,86
401043,"Miami-Dade County, FL, USA","Florida, USA","United States",25.587126705376,-80.348565248933,land,inland,2026-04-16,"Coast/trashy thursday",1,,1,0.31,0.00,0.00,,2,2,1,,2,1,,3,,,,,,,,,,,,,,,,,,,,,,,,,,,,,,,,,,,,,11
401044,"Escambia County, FL, USA","Florida, USA","United States",30.552316862669,-87.216090395358,land,inland,2026-04-16,"pace clean",1,,1,2.45,0.80,0.00,,59,,,33,,1,33,,15,7,37,,3,,,,1,,,,,,,,,,,,,,,,,,,,12,,,,,,,,201
401045,"San Luis Obispo County, CA, USA","California, USA","United States",35.151121415085,-120.63798239754,land,inland,2026-04-04,"p and n",2,,2,1.81,0.00,0.00,2,,,,,,,,,,,,,,,,,,,,,,,,,,,,,,,,,,,,,,,,,,,,,
401046,"San Luis Obispo County, CA, USA","California, USA","United States",35.151121415085,-120.63798239754,land,inland,2026-04-11,"p and n",2,,2,4.31,0.00,0.00,2,,,,,,,,,,,,,,,,,,,,,,,,,,,,,,,,,,,,,,,,,,,,,
401047,"Los Angeles County, CA, USA","California, USA","United States",34.0082821,-118.4987585,land,saltwater,2026-04-15,"Wave Warriors🌊",2,,2,0.95,0.00,0.00,,,3,1,2,1,2,2,9,8,5,,2,2,,3,1,1,9,,,,,,,,,2,,,,,,,,,5,2,,1,,1,,,11,73
401048,"Worcester County, MD, USA","Maryland, USA","United States",38.0386387,-75.2654063,land,saltwater,2026-04-16,"Team Comanche",2,,2,0.91,0.00,0.00,1,,,,,,,,,,,,,,,,,,,,,,,,,,,,,,,,,,,,,,,,,,,,,
401049,"Worcester County, MD, USA","Maryland, USA","United States",38.0386387,-75.2654063,land,saltwater,2026-04-16,"Team Comanche",2,,2,0.91,0.00,0.00,1,,,,,,,,,,,,,,,,,,,,,,,,,,,,,,,,,,,,,,,,,,,,,
401050,"Erie County, NY, USA","New York, USA","United States",42.991393075551,-78.739604834274,land,inland,2026-04-16,,2,,2,1.56,0.87,0.00,,1,2,1,2,2,6,2,3,5,1,,,,3,4,2,2,1,,,,,,1,,1,,,,,,,3,,,3,10,,,,,,,,55
401051,"Washington County, RI, USA","Rhode Island, USA","United States",41.3750913,-71.549742,land,saltwater,2026-04-16,"Save The Bay, Rhode Island",2,,2,2.88,0.29,0.00,,,2,4,2,6,2,,,17,,,,1,,1,4,1,3,,2,,,,,,,,,2,,3,,,5,,,1,,,,1,,,7,64
401052,"Erie County, NY, USA","New York, USA","United States",42.983505344774,-78.65492946446,land,inland,2026-04-16,Asher,1,,1,19.09,6.09,0.00,,18,28,8,10,30,7,9,9,3,8,4,8,8,12,8,4,6,5,,,,2,1,3,10,3,9,1,3,3,2,3,,3,5,4,1,,,1,3,1,1,4,248
401074,"Broward County, FL, USA","Florida, USA","United States",25.993474155979,-80.127718099048,land,saltwater,2026-04-17,"Little Earth Hero",3,,3,1.05,0.02,0.00,,2,1,,2,2,,6,4,11,,,,,,7,1,1,,,,,,,,,,,1,,3,,,,1,3,2,,,,,,,,17,64
401079,"Pinellas County, FL, USA","Florida, USA","United States",27.684838379555,-82.737921863424,land,saltwater,2026-04-15,,1,,1,3.75,2.88,0.00,,,1,,4,2,,1,9,27,1,,6,,,7,4,15,3,1,,,,,,,2,12,,,,1,,1,,2,8,27,,1,,,,1,,136
401082,"Volusia County, FL, USA","Florida, USA","United States",28.928422878095,-80.823598375142,land,saltwater,2026-04-17,Ranger,1,,1,4.54,1.61,0.00,,,4,,1,,1,,3,,,,,,,,2,1,1,1,,,1,,,,2,,,,,,,,,,5,,,,,,,,,22
401084,"Hillsborough County, FL, USA","Florida, USA","United States",27.853549622943,-82.492103114914,land,inland,2026-04-17,"SPC Litterati",1,,1,0.35,0.01,0.00,,1,,1,1,,,,,2,1,3,,,,2,,2,7,,,,,,,,,,,,,,,,,,,,,,,,,,,20
401086,"Palm Beach County, FL, USA","Florida, USA","United States",26.739965686575,-80.035988045856,land,saltwater,2026-04-17,KPBCB,3,,3,14.06,0.00,0.00,,5,5,3,15,6,12,,62,4,5,6,13,5,18,17,9,8,20,2,,,,,,,6,7,4,1,,,3,2,,2,4,3,,,,,,,217,464
401087,"Palm Beach County, FL, USA","Florida, USA","United States",26.739986767061,-80.035951836035,land,saltwater,2026-04-17,KPBCB,3,,3,9.98,0.00,0.00,,3,2,3,11,4,6,,86,4,6,11,15,4,7,12,14,7,14,2,3,,,,,,4,5,2,2,,,4,,2,3,7,11,,,,,,,667,921
401088,"Erie County, NY, USA","New York, USA","United States",42.92838347113,-78.897455806297,land,freshwater,2026-04-17,"buffalo niagara waterkeeper",7,,7,11.97,0.48,0.00,,5,13,6,29,7,1,1,6,23,9,7,14,2,2,61,6,,,4,1,,,,,18,3,,1,1,1,,2,2,30,10,25,4,1,,,,,3,29,327
401095,"Lucas County, OH, USA","Ohio, USA","United States",41.667514249515,-83.671980765403,land,freshwater,2026-04-17,"clean your streams",4,,4,0.68,0.12,0.00,,4,1,1,10,,,,,5,2,2,4,1,1,4,,,,,,,,,,,,,,,,,,,,,,,,,,,,,,35
401096,"Lucas County, OH, USA","Ohio, USA","United States",41.667937105908,-83.673638345933,land,inland,2026-04-17,,6,,6,0.50,1.23,0.00,,,,1,,3,1,,,,,,,,,7,1,,,,,,,,,,,,,,,,,,,,1,1,,,,,,,,15
401097,"Lucas County, OH, USA","Ohio, USA","United States",41.668016207702,-83.673357307759,land,freshwater,2026-04-17,,6,,6,0.12,0.15,0.00,,,1,,1,4,,,,,,,,,,2,,,,,,,,,,,,,,,,,,,,,,,,,,,,,,8
401101,"Allegheny County, PA, USA","Pennsylvania, USA","United States",40.34948852,-79.8155314,land,inland,2026-04-17,,1,,1,2.74,0.04,0.00,,3,2,9,,3,,,7,3,,2,3,1,1,,,,,,,,,,,,,,,3,,,,,,,,,,,,,,,,37
401102,"Arlington County, Arlington, VA, USA","Virginia, USA","United States",38.828659217989,-77.080286404731,land,freshwater,2026-04-17,"test djs",1,,1,0.40,0.00,0.00,,1,2,1,1,7,1,,,,,,,,,,,,,,,,,,,,,,,,,,,,,,,,,,,,,,,13
401103,"Yolo County, CA, USA","California, USA","United States",38.5449065,-121.7405167,land,inland,2026-04-17,"putah creek council",1,,1,0.88,0.00,0.00,,,1,,,,,,,,,,,,,,,,,,,,,,,,6,6,,,,,,,,,1,2,,,,,,,4,20
401104,"Fairfax County, VA, USA","Virginia, USA","United States",38.88475,-77.2733,land,inland,2026-04-17,RBH,1,,1,0.18,3.22,0.00,,,1,,4,4,,1,2,16,,,1,,,25,4,1,1,,,,,,,,,,,,1,,,,5,,14,24,1,,,,,,8,113
401105,"Williamson County, TX, USA","Texas, USA","United States",30.688642312013,-97.683659218188,land,inland,2026-04-17,"GSS TRISHIA HYDEN",1,,1,2.58,4.78,0.00,,3,2,2,7,9,,2,1,9,5,,1,1,2,1,4,7,,,,,1,,,,,2,1,2,,,,2,1,,,,,3,,,,,6,74
401106,"Jackson County, MS, USA","Mississippi, USA","United States",30.406917412544,-88.832213076178,land,saltwater,2026-04-17,,1,,1,0.37,0.24,0.00,,1,1,,3,1,,,,,2,,,,,,,,,,,,,,,,,,,1,,,,,3,,,1,,,,,,,1,14
401107,"Sonoma County, CA, USA","California, USA","United States",38.334436509102,-122.6967877674,land,inland,2026-04-17,"the cleaners",1,,1,0.42,0.63,0.00,,,2,,,,,2,1,2,,6,,,1,7,,1,4,,,,,,,,,1,,1,,,,,,,1,,,,,,,,19,48
401108,"Erie County, NY, USA","New York, USA","United States",42.992609871666,-78.759484003874,land,inland,2026-04-17,,2,,2,1.76,0.41,0.00,,,3,,,1,2,2,3,,,,,,,4,,7,3,,,,,,,,,,,,,,,1,,,,25,,,,,,,2,53
401110,"Honolulu County, HI, USA","Hawaii, USA","United States",21.44436,-157.736999,land,saltwater,2026-04-17,,1,,1,2.77,1.13,0.00,,,,,,,1,,3,,,,,,,,,,,2,,,,,,,1,,,,,,,,,1,28,,,,,,,,10,46
401111,"Erie County, NY, USA","New York, USA","United States",42.971063076634,-78.631101106518,land,inland,2026-04-17,"Jonathan Quinn",2,,2,12.51,0.07,0.00,,5,6,,8,8,2,,4,5,,6,3,1,3,5,,2,,,,,9,,,1,1,,,,3,,,,,1,2,6,,,,,,,4,85
401112,"Erie County, NY, USA","New York, USA","United States",42.998807035989,-78.551507464269,land,inland,2026-04-17,"Jana Naab",1,,1,0.04,0.19,0.00,,,,,1,1,,,,,,,,,,,,,,,,,,,,,,,,,,,,,,,,,,,,,,,,2
401113,"Erie County, NY, USA","New York, USA","United States",42.773394753011,-78.620099325373,land,inland,2026-04-18,ACES,1,,1,0.01,0.03,0.00,,,1,,,,,,,,,,,,,,,,,,,,,,,,,,,,,,,,,,,,,,,,,,,1
401114,"Williamson County, TX, USA","Texas, USA","United States",30.65972712,-97.65262011,land,inland,2026-04-18,"Me, myself and I",1,,1,0.29,0.01,0.00,,,,,2,,,,,,,,,,,1,1,1,,,,,,,,,,,,,,,,,,,1,2,1,,,,,,3,12
401115,"Ventura County, CA, USA","California, USA","United States",34.40972758,-118.79445231,land,inland,2026-04-18,"Hill People",1,,1,2.02,0.39,0.00,,2,3,3,6,3,1,1,4,7,,1,9,2,,14,7,3,6,,,,,,,,,,1,,2,2,,,3,,2,6,,,,3,2,,24,117
401139,"Volusia County, FL, USA","Florida, USA","United States",28.927737298616,-80.824083794043,land,saltwater,2026-04-17,Ranger,1,,1,3.13,2.41,0.00,,,7,1,1,,1,,4,,,,,,,,,2,2,1,,,1,,,,2,,,,,,3,,,,5,,,,,,,,5,35
401140,"Pinellas County, FL, USA","Florida, USA","United States",27.686096819863,-82.737744256651,land,saltwater,2026-04-17,,1,,1,6.29,3.33,0.00,,,4,,3,3,7,1,5,14,,,1,,,7,3,17,3,3,,,1,,,,1,10,,2,1,,1,,1,1,6,34,,1,,,,,,130
401143,"Lucas County, OH, USA","Ohio, USA","United States",41.6308809,-83.585275,land,inland,2026-04-12,"Toledo ZooTeens",9,,9,19.05,0.00,0.00,8,,,,,,,,,,,,,,,,,,,,,,,,,,,,,,,,,,,,,,,,,,,,,
401144,"Pinellas County, FL, USA","Florida, USA","United States",27.684275231242,-82.737768890762,land,saltwater,2026-04-18,,1,,1,6.04,2.81,0.00,,,7,1,2,,,4,8,12,,,3,,1,7,2,9,1,2,,,,,,,1,1,,1,1,,,,,6,10,38,,1,,,,,,118
401151,"Hillsborough County, FL, USA","Florida, USA","United States",27.85783142,-82.55150201,land,saltwater,2026-04-18,pitcher/lebel,3,,3,43.79,1.20,0.00,,32,11,25,23,25,10,,6,12,4,5,33,6,31,32,23,10,10,2,,,24,,,4,2,,,3,3,,3,4,2,3,9,28,,,,3,,,65,453
401153,"Hillsborough County, FL, USA","Florida, USA","United States",27.857785599724,-82.551018439446,land,saltwater,2026-04-18,SNI,2,,2,5.69,3.54,0.00,,7,3,2,3,6,1,,4,3,1,2,1,2,3,40,1,4,1,,,,1,,,,,1,1,5,,1,,,,,12,21,,,1,,,,5,132
401154,"Galveston County, TX, USA","Texas, USA","United States",29.2800444,-94.8030941,land,saltwater,2026-04-18,oppe,3,,3,4.82,0.00,0.00,,,2,,,,2,,,4,,,,,,9,,7,,3,,,2,,,3,,1,,,,,,,,,7,6,,,,,,,35,81
401155,"Yolo County, CA, USA","California, USA","United States",38.5449065,-121.7405167,land,inland,2026-04-18,"putah creek council",1,,1,0.48,0.00,0.00,,,1,,1,1,,,,,,,,,,1,,,,,,,,,,,,,,,,,,,,,3,4,,,,,,,3,14
401157,"Galveston County, TX, USA","Texas, USA","United States",29.271189964302,-94.817710023982,land,saltwater,2026-04-18,,1,,1,0.60,0.64,0.00,,,4,,,,,6,10,3,3,,,,,3,,,1,1,,,,,,,,4,1,,,,,,,,,,,,,,,,,36
401160,"Matagorda County, TX, USA","Texas, USA","United States",28.944370844589,-96.067271149433,land,saltwater,2026-04-18,"Weathers Family",3,,3,27.62,0.00,0.00,,28,28,13,26,10,7,,19,10,9,,11,2,1,14,12,7,1,38,2,,2,,,2,,5,,1,8,,2,,,3,2,8,,,,,,,161,432
401161,"Sarasota County, FL, USA","Florida, USA","United States",26.961562181404,-82.380319232478,land,saltwater,2026-04-18,scubanauts,3,,3,28.08,0.97,0.00,,9,4,15,13,20,1,,7,,2,,,,,2,,,2,,1,,18,,,3,1,,,,,,4,,3,1,2,,,,,,,,4,112
401162,"Jackson County, MS, USA","Mississippi, USA","United States",30.405494989856,-88.829530002632,land,saltwater,2026-04-18,boohyah,2,,2,2.07,0.00,0.00,,,,,3,,8,,8,25,1,9,,,2,17,,5,3,,,,,,,3,,,,1,,,,1,,4,1,4,1,,,,,,2,98
401163,"Galveston County, TX, USA","Texas, USA","United States",29.208739222095,-94.927583223833,land,saltwater,2026-04-18,Diaz,4,,4,1.10,0.00,0.00,,1,,,,,1,6,16,11,,,2,,,,,,,,,,,,1,,,,,,,,,,2,1,,12,,,,,,,5,58
401164,"Bristol County, MA, USA","Massachusetts, USA","United States",41.93687036,-71.30550225,land,inland,2026-04-18,"Friends of the Ten Mile River Watershed",10,,10,164.07,0.21,0.00,,8,1,18,219,5,2,,102,1,50,,1,,,,4,3,,,,2,13,2,,,7,,2,6,1,1,2,2,,5,4,10,,,,2,,,501,974
401165,"Galveston County, TX, USA","Texas, USA","United States",29.286941718582,-94.793074070699,land,saltwater,2026-04-18,,2,,2,0.26,0.03,0.00,,1,,,,,,2,6,14,,,,,,2,,3,,,,,,,,1,,,1,,,,,,,,3,,,,,,,,5,38
401166,"Brazoria County, TX, USA","Texas, USA","United States",29.028875269317,-95.186012620414,land,saltwater,2026-04-18,slb,5,,5,31.98,0.47,0.00,,21,6,6,13,28,5,53,97,8,8,16,1,,,3,9,13,27,4,9,,14,,,,8,14,7,,2,1,11,,4,5,5,,,,1,2,1,,53,455
401167,"Cameron County, TX, USA","Texas, USA","United States",26.10553467,-97.16336377,land,saltwater,2026-04-18,"Verduzco Trinity",3,,3,11.70,3.38,0.00,,1,2,,3,,2,8,100,50,,5,7,,,27,3,11,4,1,,,4,,,,,32,,1,,,,,1,7,2,57,,,,8,,,54,390
401168,"Galveston County, TX, USA","Texas, USA","United States",29.287244733426,-94.793283346572,land,saltwater,2026-04-18,,4,,4,4.27,0.03,0.00,,,,,3,,1,5,45,35,,,,,,,1,1,1,,,,,,,,3,1,1,,,,,,42,,51,6,,,,1,,,43,240
401169,"South Central Connecticut Planning Region, CT, USA","Connecticut, USA","United States",41.29580784,-72.91555334,land,saltwater,2026-04-18,"Save the Sound",2,,2,2.27,0.64,0.00,,,,,,,,1,,1,,,,,,,,,,,,,,,,,,,,,,,,,,,,,,,,,,,,2
401170,"Brazoria County, TX, USA","Texas, USA","United States",28.9516604,-95.2875474,land,saltwater,2026-04-18,"tara team",1,,1,3.40,0.00,0.00,1,,,,,,,,,,,,,,,,,,,,,,,,,,,,,,,,,,,,,,,,,,,,,
401171,"South Central Connecticut Planning Region, CT, USA","Connecticut, USA","United States",41.295711681661,-72.916300945395,land,saltwater,2026-04-18,"Save the Sound",3,,3,16.36,0.54,0.00,,4,,17,10,3,1,20,28,111,4,1,5,1,4,28,7,5,,1,4,,5,,,18,1,1,,,,,,,4,1,6,15,,2,1,,,4,49,361
401172,"Galveston County, TX, USA","Texas, USA","United States",29.309765827732,-94.760657546555,land,saltwater,2026-04-18,Linde,3,,3,8.67,0.87,0.00,,2,1,1,6,3,,9,27,,4,6,,5,10,8,8,5,23,10,,,,,,,,,,7,,,8,,,,,,4,,,,,,,147
401173,"Galveston County, TX, USA","Texas, USA","United States",29.278058825981,-94.82148220874,land,saltwater,2026-04-18,D.I.D.U,1,,1,0.81,0.00,0.00,,2,,,2,,,6,11,,3,2,2,,,,,,,1,,,,,,,,,,,,,1,,,,,,,,,,,,,30
401174,"Matagorda County, TX, USA","Texas, USA","United States",28.698649427279,-96.218899996466,land,saltwater,2026-04-18,"Roberts Middle School Honor Guard",16,,16,75.30,0.00,0.00,,10,15,9,7,6,1,9,16,22,4,3,1,2,2,11,5,1,2,31,,1,,,,,,,,1,,,,,2,,,,1,,,,,,29,191
401175,"Cameron County, TX, USA","Texas, USA","United States",26.10549032865,-97.164629433835,land,saltwater,2026-04-18,"RGV Roller",15,,15,3.18,0.32,0.00,,1,2,,2,1,,2,5,5,2,4,,,,2,,,1,1,,,,,,2,1,4,,,,1,,,1,2,8,9,,,,,,,82,138
401176,"Suffolk County, NY, USA","New York, USA","United States",40.949619606634,-73.067596054971,land,saltwater,2026-04-18,"save the sound stop and shop",2,,2,10.35,0.18,0.00,,1,4,,4,,,3,5,8,1,,1,1,1,8,1,,,2,8,,2,,,16,5,,2,,,,,,22,1,1,5,1,,,,1,,46,150
401177,"Nueces County, TX, USA","Texas, USA","United States",27.631640923036,-97.208673054002,land,saltwater,2026-04-18,genevieve,1,,1,3.58,0.64,0.00,,12,6,3,4,21,3,4,7,,5,2,,,,3,6,,,1,2,,,,,,1,6,,3,1,,,,,,,,,,,,,,,90
401178,"Matagorda County, TX, USA","Texas, USA","United States",28.69850242,-96.21902673,land,saltwater,2026-04-18,"troop 4545",4,,4,6.79,0.85,0.00,,5,9,3,6,6,1,4,13,35,2,3,1,,,19,1,3,2,6,,,2,,,,,,,,1,,,,,,3,1,,,,,,,2,128
401179,"South Central Connecticut Planning Region, CT, USA","Connecticut, USA","United States",41.295892298013,-72.915964344347,land,saltwater,2026-04-18,"Save the Sound",1,,1,6.79,1.28,0.00,,3,7,2,10,1,2,18,8,12,1,2,3,3,4,19,11,4,1,1,4,,,,,7,,,,1,,,,2,,2,6,22,,,,,,,31,187
401180,"Baltimore County, MD, USA","Maryland, USA","United States",39.243018638504,-76.594374386811,land,inland,2026-04-18,"Community Cleanup",30,,30,18.14,0.00,0.00,,2,,3,13,1,,12,18,11,,,1,11,11,13,12,12,17,,,,,,,1,,,,,,,,1,,2,,3,,,,,,,,144
401181,"Sarasota County, FL, USA","Florida, USA","United States",26.950378274074,-82.373447325213,land,saltwater,2026-04-18,"SCUBAnauts Sarasota Chapter",14,,14,83.28,2.09,0.00,,,,84,7,76,,,,,,1,,,,,,,,,,,48,,,,,,,10,,,,,,,50,,,,,,,,239,515
401182,"Suffolk County, NY, USA","New York, USA","United States",40.949516845085,-73.06777696668,land,saltwater,2026-04-18,"Save the sound port jeff",2,,2,6.63,0.44,0.00,,2,5,6,,5,,1,6,8,1,,,,,10,1,3,,2,1,,,,,2,5,,,,,,,3,,2,25,14,,,,1,,,83,186
401183,"South Central Connecticut Planning Region, CT, USA","Connecticut, USA","United States",41.295549469759,-72.917471060392,land,inland,2026-04-18,"Save the Sound",2,,2,3.98,0.14,0.00,,,2,11,,,2,18,4,55,,6,,,,8,,1,1,,,,,,,,,,,1,,,,1,1,,16,2,,1,,,,,42,172
401184,"Capitol Planning Region, CT, USA","Connecticut, USA","United States",41.688171091656,-72.758797729488,land,freshwater,2026-04-18,"Save the Sound",1,,1,24.95,0.80,0.00,,14,16,4,8,4,17,2,29,2,7,6,13,5,7,50,10,15,9,23,,,35,,,7,3,17,,11,2,14,,3,3,,12,15,,,,2,1,,90,456
401185,"Cameron County, TX, USA","Texas, USA","United States",26.105045280913,-97.163046775991,land,saltwater,2026-04-18,turtles,2,,2,14.03,0.07,0.00,,4,21,,2,,2,7,64,52,3,2,1,,3,12,2,16,14,11,,,5,,,1,1,1,,2,,1,,1,3,1,25,,,,,,1,1,,259
401186,"Nueces County, TX, USA","Texas, USA","United States",27.83400202,-97.04656102,land,saltwater,2026-04-18,"Adopt a Beach",1,,1,2.42,0.02,0.00,,,,,,,,9,2,7,1,,,,,,,3,,2,,,1,,,,,,,,,,,,,,5,,,,,,,,10,40
401187,"Nueces County, TX, USA","Texas, USA","United States",27.814648361257,-97.392354397552,land,saltwater,2026-04-18,,1,,1,5.71,2.28,0.00,,1,1,,2,,,36,61,337,2,2,1,1,,19,1,38,3,9,,,,,,,2,4,,,,,,,2,,13,1,,,,,,,12,548
401188,"South Central Connecticut Planning Region, CT, USA","Connecticut, USA","United States",41.295875096039,-72.915627611892,land,saltwater,2026-04-18,"save the sound",1,,1,11.69,0.00,0.00,,7,6,7,3,1,1,2,4,1,6,2,2,1,,2,1,6,2,,,,,1,,,,,,1,,,1,,4,,2,1,1,,,1,,,7,73
401189,"Brazoria County, TX, USA","Texas, USA","United States",28.9516604,-95.2875474,land,saltwater,2026-04-18,slb,1,,1,2.27,0.00,0.00,,5,,3,2,,1,3,,1,2,,,,,,,,,3,,,,,,,1,1,,,,,,,,,,,,,,,,,,22
401191,"South Central Connecticut Planning Region, CT, USA","Connecticut, USA","United States",41.296209261357,-72.912777085219,land,saltwater,2026-04-18,"Save the Sound",3,,3,21.24,0.34,0.00,,13,11,10,5,2,4,3,28,15,11,,12,2,2,69,4,24,11,,5,,,,,,1,,,,1,,2,1,10,,109,116,1,,1,5,1,2,388,869
401192,"South Central Connecticut Planning Region, CT, USA","Connecticut, USA","United States",41.3062037,-72.9254074,land,saltwater,2026-04-18,dphie,4,,4,9.15,0.00,0.00,,10,7,3,15,3,4,1,5,,1,3,10,,4,19,4,11,4,1,,,1,,,3,3,2,,5,1,1,,,3,1,60,12,2,,,3,,1,79,282
401193,"Brazoria County, TX, USA","Texas, USA","United States",28.93397715,-95.30327787,land,saltwater,2026-04-18,,14,,14,4.19,0.85,0.00,,2,3,3,,2,,1,17,1,,,1,1,,2,2,3,1,5,,,,,,,,1,1,1,,,2,,1,1,4,,,,,1,,,18,74
401194,"Bryan County, GA, USA","Georgia, USA","United States",31.977746132515,-81.290369458657,land,saltwater,2026-04-18,"savanna scubanaut",10,,10,"1,496.77",0.99,0.00,,69,82,142,62,36,18,15,16,712,,,1,34,39,119,7,3,1,14,,23,23,9,,8,5,9,,1,,4,5,13,1,,15,6,1,,6,,,1,83,1583
401195,"Galveston County, TX, USA","Texas, USA","United States",29.285041773645,-94.795098820133,land,saltwater,2026-04-18,"Beach bods",2,,2,4.67,0.16,0.00,,5,8,2,17,27,1,,2,11,,4,2,,2,12,5,2,,2,,,,,,4,6,1,1,,,1,,,,3,2,6,,,,,,,11,137
401196,"San Mateo County, CA, USA","California, USA","United States",37.650020597794,-122.49160848738,land,inland,2026-04-18,"Pacific Beach Coalition - Terri Brown",1,,1,15.00,0.45,0.00,,1,,1,15,17,,3,3,251,,3,3,,,16,5,5,1,,,,5,,,,,,,,1,,,1,8,1,,116,,4,,3,,,15,478
401197,"South Central Connecticut Planning Region, CT, USA","Connecticut, USA","United States",41.295889010178,-72.915596558805,land,saltwater,2026-04-18,"Save the Sound",2,,2,18.23,0.28,0.00,,14,1,4,13,3,1,5,30,7,8,5,2,2,6,19,8,17,,6,3,,1,1,,6,,,1,,1,,,,3,,5,14,,2,,2,,2,13,205
401198,"South Central Connecticut Planning Region, CT, USA","Connecticut, USA","United States",41.295778298887,-72.915889728684,land,saltwater,2026-04-18,"Save the Sound",2,,2,3.21,1.52,0.00,,2,5,1,9,1,,17,6,42,4,2,8,1,,22,5,8,1,,,,1,,,7,,,,1,1,,,2,4,1,3,,,,,,,,21,175
401199,"South Central Connecticut Planning Region, CT, USA","Connecticut, USA","United States",41.295900912822,-72.915590201339,land,saltwater,2026-04-18,"Save the Sound",2,,2,11.50,0.06,0.00,,3,7,8,5,3,1,7,3,6,1,1,4,5,,13,4,9,,2,4,,4,,,5,2,3,,,2,,,1,,,5,3,,1,,1,3,,11,127
401200,"Suffolk County, NY, USA","New York, USA","United States",41.014154275379,-73.084968462102,land,saltwater,2026-04-18,"stop amd shop",3,,3,12.14,7.30,0.00,,1,,8,,,,2,7,46,1,19,1,,,9,,4,3,,,,8,,,,,,4,,,,,,,1,,,,1,,,,,39,154
401201,"Chatham County, GA, USA","Georgia, USA","United States",31.979349915375,-81.288144208254,land,freshwater,2026-04-18,"sav nauts",5,,5,410.01,0.14,0.00,,34,17,57,43,33,6,3,2,13,3,5,4,4,,4,3,4,1,,,2,6,26,,,,,,4,1,2,,2,1,,502,111,2,,,6,,,9,910
401202,"Suffolk County, NY, USA","New York, USA","United States",40.95067611,-73.0669794,land,saltwater,2026-04-18,"save the sound port jeff",2,,2,2.49,0.97,0.00,,,4,1,1,,,1,7,13,,,4,1,,13,,4,,1,,,1,,,,,,1,,1,,,,1,1,,,,,,,2,,132,189
401203,"South Central Connecticut Planning Region, CT, USA","Connecticut, USA","United States",41.295897241508,-72.915587907627,land,saltwater,2026-04-18,"Save the Sound",1,,1,10.29,0.70,0.00,,14,20,20,11,2,2,2,15,5,6,,,7,5,7,3,5,1,1,2,,2,,,,2,3,,1,,,,,3,,,2,,,,,,,174,315
401204,"South Central Connecticut Planning Region, CT, USA","Connecticut, USA","United States",41.295279467674,-72.916378044945,land,saltwater,2026-04-18,"Save the Sound",2,,2,12.44,0.59,0.00,,13,13,10,17,9,1,4,9,5,1,4,1,1,6,20,5,13,1,1,10,,,,,3,,3,,3,1,,2,17,5,,6,9,1,,,,,,43,237
401205,"Suffolk County, NY, USA","New York, USA","United States",40.950647712473,-73.066923636585,land,saltwater,2026-04-18,"J. Crew Factory",2,,2,11.33,1.04,0.00,,,7,5,3,3,,3,2,61,3,2,,,,10,1,,,2,,,6,,,,2,,1,1,,,,,1,1,2,10,,,1,,,,70,197
401206,"Galveston County, TX, USA","Texas, USA","United States",29.286492457511,-94.793106859755,land,saltwater,2026-04-18,"Butter Chicken Crusade",3,,3,2.66,0.10,0.00,,2,,1,1,,,3,21,20,2,1,5,,,1,,14,2,2,,,,,,,,,,,,,,,,,15,8,,,,,,,25,123
401207,"Nueces County, TX, USA","Texas, USA","United States",27.77298748,-97.38999822,land,inland,2026-04-18,,2,,2,5.76,0.00,0.00,,,,,,,,4,14,35,,,,,,11,1,1,3,1,,,4,,,,,1,,,,,,,,,,4,,1,,,,,,80
401208,"Galveston County, TX, USA","Texas, USA","United States",29.275607549729,-94.811275043792,land,saltwater,2026-04-18,,10,,10,5.26,1.35,0.00,,2,7,1,2,,,6,23,45,,1,1,,,1,,,3,,,,1,,,,,,1,2,1,,4,1,,7,9,5,,,,,,,62,185
401209,"Pasco County, FL, USA","Florida, USA","United States",28.29357385,-82.498871,land,saltwater,2026-04-16,,2,,2,18.10,0.00,0.00,,14,10,2,5,3,3,,4,1,2,,13,2,12,34,6,2,3,,,1,1,,,,1,1,,3,1,,,4,4,1,2,5,,,,,,,35,175
401210,"Brazoria County, TX, USA","Texas, USA","United States",29.03133570781,-95.18048318705,land,saltwater,2026-04-18,Arteaga,4,,4,2.55,0.00,0.00,,,,,,2,,,25,5,2,,,2,,,1,6,1,4,1,,,,,,,1,2,,,,,,,,,,,,,,,,50,102
401211,"South Central Connecticut Planning Region, CT, USA","Connecticut, USA","United States",41.2968149,-72.92134,land,saltwater,2026-04-18,"save the sound",1,,1,4.30,0.00,0.00,,14,,,29,5,7,1,7,8,4,8,12,4,3,15,17,5,7,1,2,,,,,1,2,,,1,,,,3,6,2,,,,,,8,,,17,189
401212,"South Central Connecticut Planning Region, CT, USA","Connecticut, USA","United States",41.29593439288,-72.915594590688,land,saltwater,2026-04-18,"Save the Sound",2,,2,11.66,0.06,0.00,,1,1,3,1,,,,2,7,3,,,1,5,2,6,1,2,2,,,,1,,3,,,,1,,,,4,,1,,,1,,,2,1,1,4,56
401213,"Suffolk County, NY, USA","New York, USA","United States",40.949382985938,-73.067846267835,land,saltwater,2026-04-18,"save the sound Port Jef.",2,,2,13.91,0.55,0.00,,3,,1,2,,,,2,8,,,1,,,7,1,,,3,,,10,,,,,3,,,,,,,,,,,,,,,,1,126,168
401214,"Suffolk County, NY, USA","New York, USA","United States",40.949701786622,-73.068339492342,land,saltwater,2026-04-18,"Save the Sound",2,,2,4.15,0.18,0.00,,4,2,7,3,6,,6,2,37,,,,1,1,17,,1,,,,,,,,1,,,1,3,1,,1,,3,,,16,,,1,1,,,18,133
401215,"Galveston County, TX, USA","Texas, USA","United States",29.273670217981,-94.829901550053,land,saltwater,2026-04-18,,2,,2,10.21,0.00,0.00,3,,,,,,,,,,,,,,,,,,,,,,,,,,,,,,,,,,,,,,,,,,,,,
401216,"Nueces County, TX, USA","Texas, USA","United States",27.81817598,-97.38965087,land,saltwater,2026-04-18,Adopt-A-Beach,100,,100,2.50,0.55,0.00,,,2,,1,,,,15,28,,,,,,,1,4,5,4,,,,,,2,,36,,,,,,,,1,4,,,,,,,,39,142
401217,"Hillsborough County, FL, USA","Florida, USA","United States",27.94373065,-82.44768116,land,saltwater,2026-04-18,,2,,2,17.92,0.00,0.00,4,,,,,,,,,,,,,,,,,,,,,,,,,,,,,,,,,,,,,,,,,,,,,
401218,"Baltimore County, MD, USA","Maryland, USA","United States",39.243018638504,-76.594374386811,land,freshwater,2026-04-18,"Life Straw Shoreline Cleanup",10,,10,35.83,0.00,0.00,,,1,1,4,3,,,35,1,4,,9,,20,30,45,40,10,1,,,3,,1,12,,,,,,,,,12,3,1,3,5,,,3,4,1,,252
401219,"Brazoria County, TX, USA","Texas, USA","United States",29.028260470998,-95.192180629154,land,saltwater,2026-04-18,SLB,1,,1,3.58,1.33,0.00,,1,,,4,,,1,35,,1,,5,5,5,24,3,,8,1,,,,,1,,,4,2,,,,2,,2,,33,,,,,,,,253,390
401220,"Galveston County, TX, USA","Texas, USA","United States",29.3012309,-94.7950151,land,saltwater,2026-04-16,"Hanwha Ocean",2,,2,3.03,0.00,0.00,,,,,1,3,3,2,6,6,1,3,,3,1,5,2,2,,,,,1,,,,3,1,1,,1,,1,,,1,13,,,,,2,,1,7,70
401221,"Suffolk County, NY, USA","New York, USA","United States",40.9434254,-73.06685869,land,saltwater,2026-04-18,"Save the Sound",2,,2,40.30,0.92,0.00,,10,3,26,7,6,,30,26,131,,5,4,2,2,28,7,6,,6,6,,13,,,3,3,7,1,3,2,,,4,4,5,147,12,,,1,5,,,12,527
401222,"Matagorda County, TX, USA","Texas, USA","United States",28.778625706771,-95.600026053065,land,inland,2026-04-18,"Royally Blended Family",5,,5,0.60,0.59,0.00,,,,,,,,,21,2,,,1,,,,,1,2,1,,,,,1,,,1,,,,,,2,,,,,,,,,1,,19,52
401223,"South Central Connecticut Planning Region, CT, USA","Connecticut, USA","United States",41.296551930757,-72.917614113607,land,saltwater,2026-04-18,"Save the Sound",1,,1,0.24,0.06,0.00,,,,,3,,,97,,133,,,,,,,,,,,,,,,,,,,,,,,,,,,,,,,,,,,,233
401224,"Brazoria County, TX, USA","Texas, USA","United States",29.03097092578,-95.194688842559,land,saltwater,2026-04-18,slb,2,,2,3.29,7.02,0.00,,,,,,,,,8,,,,,,,1,,,,3,2,,,,,,1,,2,,,,1,2,2,,6,,,,,,,,49,77
401225,"Brazoria County, TX, USA","Texas, USA","United States",28.968062062968,-95.267504299002,land,saltwater,2026-04-18,"bank of america",2,,2,0.95,0.48,0.00,,1,,1,1,1,,1,4,3,1,,,,,1,,4,2,1,,,,,,,1,2,,,,,,,,,1,,,,,,,,5,30
401226,"South Central Connecticut Planning Region, CT, USA","Connecticut, USA","United States",41.29606670088,-72.914049792176,land,saltwater,2026-04-18,"Save the Sound",2,,2,6.99,1.55,0.00,,5,2,3,1,6,,180,45,300,8,8,8,,4,4,5,14,6,,,,,,,,,1,,4,,,,,20,,4,65,1,15,,2,1,,100,812
401227,"Baltimore County, MD, USA","Maryland, USA","United States",39.243018638504,-76.594374386811,land,freshwater,2026-04-18,"CCBC Shoreline Cleanup",15,,15,9.98,0.00,0.00,,1,2,8,22,3,,4,30,16,1,4,6,,,51,4,14,3,,,1,,,1,,,2,,1,,,,1,31,,1,58,1,,,1,3,,104,374
401228,"Brazoria County, TX, USA","Texas, USA","United States",29.027080584402,-95.186799695962,land,saltwater,2026-04-18,"Bank of America",12,,12,0.18,0.74,0.00,,1,3,,4,,,2,12,6,,,,,,,,9,3,,,,,,,,,3,,,,,,,,,,,,,,,,1,7,51
401229,"South Central Connecticut Planning Region, CT, USA","Connecticut, USA","United States",41.295062607909,-72.917590051746,land,saltwater,2026-04-18,"Save the Sound",2,,2,18.24,0.10,0.00,,3,7,6,8,2,15,,30,11,6,,12,10,,56,22,50,19,,23,,,,,26,,2,,,1,,2,1,7,2,,,,,,,,2,65,388
401230,"Galveston County, TX, USA","Texas, USA","United States",29.28554062183,-94.79396493428,land,saltwater,2026-04-18,duvalin,3,,3,0.94,0.15,0.00,,3,,1,1,,,12,23,,,1,1,,,3,,2,,,,,,,,1,,,,,,,,,,,8,1,,,,,,,4,61
401231,"Brazoria County, TX, USA","Texas, USA","United States",28.9516604,-95.2875474,land,saltwater,2026-04-18,"tara team",1,,1,5.12,0.00,0.00,,1,2,4,2,5,1,22,43,22,2,4,8,1,,3,3,8,7,,,,,,1,4,1,,,1,,1,2,2,1,7,13,2,,3,1,1,,,50,228
401232,"Brazoria County, TX, USA","Texas, USA","United States",29.030699297342,-95.181297950957,land,saltwater,2026-04-18,slb,4,,4,6.38,0.81,0.00,,2,1,,1,5,8,4,26,11,5,2,2,,,6,1,2,2,11,1,,,,,,,3,,,,,,,,,7,,1,,,,1,,18,120
401233,"Baltimore County, MD, USA","Maryland, USA","United States",39.243018638504,-76.594374386811,land,freshwater,2026-04-18,"BCIT Shoreline Cleanup",15,,15,15.42,0.00,0.00,,4,15,3,17,3,,,50,5,2,2,33,,8,64,24,65,2,,,,,,1,,1,,1,,,,,2,14,,,,1,,,,,1,,318
401234,"Nueces County, TX, USA","Texas, USA","United States",27.814744547087,-97.391860923885,land,inland,2026-04-18,"savannah tsa",1,,1,0.08,0.04,0.00,,,,,,,,,,32,,,,,,2,,,,,,,,,,,,,,,,,,,,,1,,,,,,,,43,78
401235,"Baltimore County, MD, USA","Maryland, USA","United States",39.243018638504,-76.594374386811,land,freshwater,2026-04-18,"Community Shoreline Cleanup",10,,10,3.63,0.00,0.00,,,7,,30,,,,,,,,10,,,50,,,,,,,,,,,,,1,,,,,1,9,1,,,,,,,,,60,169
401236,"Galveston County, TX, USA","Texas, USA","United States",29.287071568756,-94.79200850104,land,saltwater,2026-04-18,ABSA,3,,3,2.88,0.99,0.00,,,,,,,1,11,10,13,,,,,,10,1,6,,5,,,,,,,,,,,,3,,,4,,3,1,,,,,1,,17,86
401237,"Harris County, TX, USA","Texas, USA","United States",29.54377855,-95.1346334,land,saltwater,2026-04-18,"Coleman Fam",2,,2,3.04,3.22,0.00,,1,,,2,,1,26,10,30,,1,1,,,4,11,2,1,5,,,,,,4,1,2,,,,,,,,,,,,,1,1,,,31,135
401238,"Galveston County, TX, USA","Texas, USA","United States",29.455466548005,-94.624948019602,land,saltwater,2026-04-18,"Kooky Callisons",3,,3,43.10,0.44,0.00,,12,6,6,32,35,3,34,115,38,10,7,13,2,3,35,10,27,46,9,1,,6,1,1,9,9,32,6,7,3,18,4,4,2,17,171,3,,10,,15,,1,115,878
401239,"Brazoria County, TX, USA","Texas, USA","United States",28.9507176,-95.2891076,land,saltwater,2026-04-18,pompa,3,,3,6.25,0.00,0.00,,,3,2,12,1,2,,32,1,5,1,1,2,2,1,1,1,12,4,1,,1,,,3,3,1,2,,,,2,,,,8,4,,,,,1,,19,128
401240,"Brazoria County, TX, USA","Texas, USA","United States",29.02764234,-95.18578593,land,inland,2026-04-18,SLB,2,,2,4.12,0.00,0.00,,,,,,,,,10,5,5,2,,1,,2,,6,5,7,,,,,,2,,5,,,,,2,,5,,2,2,,,,,,,12,73
401241,"Galveston County, TX, USA","Texas, USA","United States",29.226609108342,-94.897403651653,land,saltwater,2026-04-18,"The Trash-bandits",4,,4,27.20,0.70,0.00,,,7,4,1,2,6,5,20,12,1,1,3,,1,,,8,1,5,,,11,1,1,6,,2,2,3,,,,,,2,1,1,,1,,,,,132,240
401242,"Nueces County, TX, USA","Texas, USA","United States",27.834007076051,-97.04652087894,land,saltwater,2026-04-18,"adopt a beach",1,,1,3.11,0.11,0.00,,,,,,1,,6,32,8,,,,,,1,,,1,3,,,1,,,,,1,,1,,,,,,,5,,,,,2,,,2,64
401243,"Solano County, CA, USA","California, USA","United States",38.068149229956,-122.12889034757,land,inland,2026-04-18,"Benicia Litter Pickers",1,,1,1.65,0.59,0.00,,,,2,2,3,,4,5,,1,1,1,2,2,4,2,3,2,,,,,,,5,,4,,,,,2,,1,,2,2,,,,1,,,16,67
401244,"South Central Connecticut Planning Region, CT, USA","Connecticut, USA","United States",41.2959852266,-72.915608478343,land,saltwater,2026-04-18,"Save the Sound",2,,2,15.92,0.01,0.00,,2,11,17,12,5,7,16,14,3,4,6,17,4,10,14,3,27,7,,,,,1,1,1,,,,1,1,,1,1,,3,,,1,3,1,,,,15,209
401245,"Galveston County, TX, USA","Texas, USA","United States",29.287918014618,-94.793988827868,land,saltwater,2026-04-18,,1,,1,8.31,0.03,0.00,,,,,,,,26,56,50,,,,,,,22,10,3,8,3,,,,,7,5,2,,,,,1,,6,,17,11,,,,,,,100,327
401246,"Nueces County, TX, USA","Texas, USA","United States",27.83394242,-97.04658196,land,saltwater,2026-04-18,"LSR American Coots",3,,3,7.20,0.64,0.00,,1,,,,,2,2,27,4,,6,,,1,2,,5,,10,,,,,,,,1,1,,,,,,,4,1,19,1,,1,2,,,5,95
401247,"Brazoria County, TX, USA","Texas, USA","United States",29.031301963466,-95.180550080329,land,saltwater,2026-04-18,SLB,3,,3,0.58,0.00,0.00,,,,,2,3,,3,13,,,,,,,,1,,1,,,,,,,,,,,,,,1,,1,1,,,,,,,,,,26
401248,"Matagorda County, TX, USA","Texas, USA","United States",28.70851009,-96.20974082,land,saltwater,2026-04-18,,2,,2,24.01,0.02,0.00,,31,14,6,24,21,1,1,26,4,19,,,,,15,28,15,9,32,,,3,,,1,1,,,4,4,,5,1,,2,4,3,,,,1,,,63,338
401249,"Galveston County, TX, USA","Texas, USA","United States",29.268906563051,-94.837883426405,land,saltwater,2026-04-18,"Hanwha Ocean",28,,28,6.17,1.18,0.00,,,,,2,,,7,17,8,3,5,4,4,3,5,4,4,8,5,4,,,,1,3,1,4,1,,2,,1,3,3,1,1,3,,2,,3,3,3,17,135
401250,"Brazoria County, TX, USA","Texas, USA","United States",29.03092363,-95.181057021737,land,saltwater,2026-04-18,,4,,4,1.63,0.06,0.00,,6,4,,2,4,,,21,4,,,2,,,13,1,4,4,2,,,,,,,,4,2,,1,,,,1,1,,,,,,,1,1,143,221
401251,"Galveston County, TX, USA","Texas, USA","United States",29.25556555,-94.86947088,land,saltwater,2026-04-18,"Alpha Tau Zeta Chapter Youth",12,,12,0.40,0.00,0.00,,4,,,5,1,1,18,10,20,5,,5,,,4,,,10,,,,,,,,,,,,,,,,,,,,,,,,,,15,98
401252,"South Central Connecticut Planning Region, CT, USA","Connecticut, USA","United States",41.295890115689,-72.915554797894,land,saltwater,2026-04-18,"Save the Sound",3,,3,44.45,1.13,0.00,,14,11,6,5,6,8,8,4,,6,10,5,3,7,9,3,12,7,,1,1,,,1,4,2,3,,1,6,,,,,,,,,,1,1,,,,145
401253,"Nueces County, TX, USA","Texas, USA","United States",27.705631980478,-97.361974488512,land,saltwater,2026-04-18,,2,,2,6.80,0.00,0.00,2,,,,,,,,,,,,,,,,,,,,,,,,,,,,,,,,,,,,,,,,,,,,,
401254,"Pinellas County, FL, USA","Florida, USA","United States",27.89724832337,-82.848491491935,land,inland,2026-04-18,"keep pinellas beautiful/spc",5,,5,7.12,2.09,0.00,,7,5,,6,11,4,,18,41,4,,,,,14,,19,,,,,5,,4,8,,8,,,2,,,,6,,12,6,,,2,,,,17,199
401255,"Galveston County, TX, USA","Texas, USA","United States",29.286039863128,-94.793613306541,land,saltwater,2026-04-18,karens,6,,6,0.42,0.80,0.00,,1,8,,,,1,,12,12,1,1,1,,2,7,4,2,,,,,,,,,1,,,,,,,,,,,,,,,,,,,53
401256,"Nueces County, TX, USA","Texas, USA","United States",27.7731984,-97.3899019,land,saltwater,2026-04-18,"SST Highschool",2,,2,6.80,0.00,0.00,2,,,,,,,,,,,,,,,,,,,,,,,,,,,,,,,,,,,,,,,,,,,,,
401257,"Palm Beach County, FL, USA","Florida, USA","United States",26.5046094,-80.0522789,land,saltwater,2026-04-18,"Sea Turtle Adventures",9,,9,17.01,0.00,0.00,3,,,,,,,,,,,,,,,,,,,,,,,,,,,,,,,,,,,,,,,,,,,,,
401258,"Contra Costa County, CA, USA","California, USA","United States",37.96049687,-122.36671387,land,inland,2026-04-18,,2,,2,5.42,0.60,0.00,,5,1,,2,,,1,,1,,1,1,,2,25,,,,,,,3,,1,,,,,1,,,,,2,,10,8,1,,,,,,52,117
401259,"Nueces County, TX, USA","Texas, USA","United States",27.814333794286,-97.392560753056,land,saltwater,2026-04-18,Gokalbhai,3,,3,13.14,0.06,0.00,,,7,,,,17,3,40,25,7,,10,,,11,5,20,2,20,,,2,,,,,,,,,,,,11,4,,,,,,1,,,50,235
401260,"Sonoma County, CA, USA","California, USA","United States",38.323347133578,-122.70514726561,land,inland,2026-04-18,"The Pickers Uppers",2,,2,1.68,1.77,0.00,,,,3,6,4,8,1,,,,3,1,1,,4,1,3,,,,,,,,,2,,,,1,,,2,,1,,1,,,,1,,,13,56
401261,"Galveston County, TX, USA","Texas, USA","United States",29.28715209112,-94.793722583347,land,saltwater,2026-04-18,"odyssey academy",8,,8,20.16,1.44,0.00,,16,16,9,16,16,10,13,15,426,2,5,4,5,2,6,5,24,4,,,,13,,,,,,1,,2,,,,1,3,3,,,,,,1,,13,631
401262,"Sonoma County, CA, USA","California, USA","United States",38.323312904231,-122.70515469609,land,inland,2026-04-18,"the picker upers",2,,2,1.18,1.77,0.00,,2,3,3,1,1,,13,3,10,,6,1,,,8,3,4,3,,,,,,,,,1,,,1,,,1,,,,1,1,1,,1,,,26,94
401263,"Galveston County, TX, USA","Texas, USA","United States",29.22690978,-94.89606087,land,saltwater,2026-04-18,"wyatt Parker",2,,2,2.06,0.00,0.00,,1,,4,2,,,2,7,,2,,,,,,,4,5,2,,,,,,3,,2,1,,,,,,,,,,,,,,,,8,43
401264,"Galveston County, TX, USA","Texas, USA","United States",29.329537417963,-94.734315062073,land,saltwater,2026-04-18,Lukialine,2,,2,1.74,0.27,0.00,,,,,,,,7,22,18,,1,1,,,2,,,,,,,,,,,2,2,1,4,,,1,,,1,3,3,,,,3,,,,71
401265,"Brazoria County, TX, USA","Texas, USA","United States",28.996141749139,-95.23002283298,land,saltwater,2026-04-18,"tara trash pickers",3,,3,5.77,0.07,0.00,,,,,9,3,1,,101,36,,8,21,,,12,9,5,14,1,,,,,,17,5,,,1,,,7,,,2,,16,,,,,1,,355,624
401266,"Jackson County, TX, USA","Texas, USA","United States",28.830884950577,-96.398469317922,land,saltwater,2026-04-18,"Palacios Beach",50,,50,90.18,0.50,0.00,,22,19,9,28,17,8,35,67,133,26,16,,,11,182,45,19,19,16,,1,8,,3,2,,,,8,3,,7,,21,17,19,7,,,,,,,167,935
401267,"Pinellas County, FL, USA","Florida, USA","United States",28.09829798544,-82.715298681853,land,inland,2026-04-18,"The ladies",4,,4,54.40,0.62,0.00,,87,26,28,99,310,9,3,19,104,3,37,61,8,31,28,12,3,34,,,,,,7,36,15,1,15,3,,,,6,1,6,34,420,,,13,1,,,43,1503
401268,"Pinellas County, FL, USA","Florida, USA","United States",28.0956053,-82.71008172,land,inland,2026-04-18,Scubanauts,9,,9,6.60,1.47,0.00,,1,4,,142,86,,2,,22,,,,21,,81,2,3,12,,,,,,,,,,1,1,,,,,,,2,,,,,1,,,118,499
401269,"Pinellas County, FL, USA","Florida, USA","United States",28.12622425459,-82.734886774566,land,freshwater,2026-04-18,keups,3,,3,3.88,7.91,0.00,,1,6,1,2,2,,,3,,,10,2,,16,4,5,7,,,,,1,,,,,,2,3,11,,,,1,1,4,10,,,,,,,40,132
401270,"Suffolk County, NY, USA","New York, USA","United States",40.949687719899,-73.067225051329,land,saltwater,2026-04-18,,1,,1,1.91,0.80,0.00,,,,8,,,,,2,,1,,,,,,,,,,,,,,,,,,,,,,,,,,,1,,,,,,,,12
401271,"Fort Bend County, TX, USA","Texas, USA","United States",29.716938897118,-95.807746264243,land,saltwater,2026-04-18,"Hanwha Ocean",1,,1,1.36,0.05,0.00,,,,,,,,,2,1,,,,,,,,1,,3,,,,,,,,,,,,,,,,,,,,,,,,,10,17
401272,"Pinellas County, FL, USA","Florida, USA","United States",28.0967316,-82.70937036,land,inland,2026-04-18,"Tarpon Chapter Heckman, Saille, Krause",3,,3,19.41,1.50,0.00,,,38,,20,30,27,,5,70,,96,48,1,,54,10,,,,,,5,,1,,,,,,,,,,4,1,22,61,,,17,,,,1,511
401273,"Orange County, CA, USA","California, USA","United States",33.646985870178,-117.91367761818,land,saltwater,2026-04-18,"Meg’s 42nd Bday Beach Clean Up",8,,8,1.55,0.35,0.00,,,8,,1,1,,,14,15,2,1,2,1,,5,3,4,5,1,,,,,,1,,4,1,2,,,,,2,1,2,1,,,,,1,,10,88
401274,"Erie County, NY, USA","New York, USA","United States",42.8869004,-78.8788896,land,inland,2026-04-18,"urban run series",21,,21,74.84,0.00,0.00,22,,,,,,,,,,,,,,,,,,,,,,,,,,,,,,,,,,,,,,,,,,,,,
401275,"Matagorda County, TX, USA","Texas, USA","United States",28.698625116428,-96.217776509089,land,inland,2026-04-18,yes,1,,1,13.53,0.16,0.00,,2,13,,1,1,3,,4,2,,,5,,1,2,2,1,,2,3,,,1,,1,,1,,,,,,5,,1,18,1,,,,1,,,10,81
401276,"Matagorda County, TX, USA","Texas, USA","United States",28.726073610596,-96.207619803026,land,saltwater,2026-04-18,Adopt-A-Beach,2,,2,23.81,0.00,0.00,6,,,,,,,,,,,,,,,,,,,,,,,,,,,,,,,,,,,,,,,,,,,,,
401277,"Matagorda County, TX, USA","Texas, USA","United States",28.5961559,-95.9758343,land,saltwater,2026-04-12,Adopt-A-Beach,2,,2,21.32,0.00,0.00,6,,,,,,,,,,,,,,,,,,,,,,,,,,,,,,,,,,,,,,,,,,,,,
401278,"Los Angeles County, CA, USA","California, USA","United States",33.832275931336,-118.14030294657,land,inland,2026-04-18,,1,,1,37.65,0.00,0.00,11,,,,,,,,,,,,,,,,,,,,,,,,,,,,,,,,,,,,,,,,,,,,,
401279,"Yolo County, CA, USA","California, USA","United States",38.5249065,-121.9708017,land,inland,2026-04-18,"putah creek council",30,,30,64.72,0.00,0.00,,1,2,4,4,4,,2,3,16,1,4,4,1,3,14,7,5,,,,,18,3,,1,,3,,5,,2,1,1,2,,110,110,,,,1,,,184,516
401280,"San Mateo County, CA, USA","California, USA","United States",37.604419724084,-122.48952194117,land,saltwater,2026-04-18,"Pacific Beach Coalition -St Ihnatius",2,,2,0.57,1.97,0.00,,,2,1,,1,,,,28,,1,1,,,1,1,,,,,,,,,1,1,,,,,,,,,,1,1,,,,,,,4,44
401281,"Sonoma County, CA, USA","California, USA","United States",38.369007248591,-122.67701929652,land,inland,2026-04-18,"the picker upers",1,,1,2.55,1.07,0.00,,,1,,,3,1,,,,,1,,,,3,1,3,1,,,,2,,,,,1,,,,,,,,,,,,,,,,,4,21
401282,"Honolulu County, HI, USA","Hawaii, USA","United States",21.444547381519,-157.73718321672,land,saltwater,2026-04-18,,1,,1,3.58,1.93,0.00,,,,,,,,,4,2,,,,,,2,,,1,6,,,,,,,,,,,,,,,,1,10,1,,,,,,,31,58
401283,"Los Angeles County, CA, USA","California, USA","United States",33.832326639175,-118.11014345421,land,inland,2026-04-18,,2,,2,3.25,6.27,0.00,,3,3,1,1,3,1,4,17,5,3,3,6,6,2,3,6,3,5,,,,,,3,7,3,3,1,2,,4,1,3,1,3,3,2,,,,,,,2,113
401284,"Pinellas County, FL, USA","Florida, USA","United States",27.856676601983,-82.584458963795,land,saltwater,2026-04-18,"earth day ckean up",2,,2,6.30,4.35,0.00,,10,20,8,5,16,12,1,5,,2,1,10,,11,20,11,2,4,1,,,1,,,1,,3,,1,,,2,,,,1,2,,,2,,,,11,163
401285,"Santa Clara County, CA, USA","California, USA","United States",37.452159395255,-122.09258277604,land,saltwater,2026-04-18,ff,1,,1,0.23,0.00,0.00,,,,,,,,,1,1,,,,,,1,,,,,,,2,,,,,7,,,,,,,,,,,,,,,,,28,40
401286,"Miami-Dade County, FL, USA","Florida, USA","United States",25.741730534035,-80.210246032344,land,saltwater,2026-04-15,"Env science",2,,2,1.17,0.39,0.00,,6,5,1,12,2,1,2,3,63,6,2,,1,1,1,,,,,,,,,,,,,,,,,,,,,1,4,,,,,1,,20,132
401287,"Miami-Dade County, FL, USA","Florida, USA","United States",25.741749141969,-80.211412483705,land,saltwater,2026-04-15,"silly cats",2,,2,0.40,0.19,0.00,,2,1,,11,1,,,3,46,6,,,,,1,,,1,,,,,,,,,,,,,,,,,,1,,,,,,,,16,89
401288,"Miami-Dade County, FL, USA","Florida, USA","United States",25.74634361,-80.18422698,land,saltwater,2026-04-15,sajhar,3,,3,0.57,2.88,0.00,,,,,,,,4,1,,1,,2,1,,2,14,3,1,,,,,,,3,2,,,,,,,1,,,,,1,,,,1,,11,48
401289,"Okaloosa County, FL, USA","Florida, USA","United States",30.824810831181,-86.515277899504,land,saltwater,2026-04-15,,1,,1,3.03,0.10,0.00,,53,,,66,16,,,11,,6,1,,,,,,8,,,,,,,,,,,,,,,,,,,,13,,,,,,,,174
401291,"Matagorda County, TX, USA","Texas, USA","United States",28.698627529666,-96.218865886331,land,saltwater,2026-04-18,"3 musketeers",3,,3,2.40,0.64,0.00,,,1,,,,2,1,5,21,,,2,,,7,1,,1,3,,,,,,,,,,,,,,,,,16,,,,,,,,,60
401296,"Mendocino County, CA, USA","California, USA","United States",39.368419887451,-123.76345960386,land,saltwater,2026-04-19,"Noyo Center for Marine Science",1,,1,0.91,0.00,0.00,,,,,,,,,1,,,,,,,2,,,,,,,,,,,,,,,,,,,,,,5,,,,,,,,8
401337,"Brazoria County, TX, USA","Texas, USA","United States",29.0274429,-95.1872869,land,saltwater,2026-04-18,SLB,1,,1,2.27,4.83,0.00,,,,,,,,,,,,,,,,,,,,,,,,,,,,,,,,,,,,,,,,,,1,1,1,3,6
401338,"Galveston County, TX, USA","Texas, USA","United States",29.28698028,-94.7933896,land,saltwater,2026-04-18,Elsik,10,,10,2.21,0.01,0.00,,,7,,,,,13,1,3,,,3,,2,1,,3,2,,,,1,,,,3,1,1,,,,,,,,1,6,,,,,,1,1,50
401340,"Pinellas County, FL, USA","Florida, USA","United States",27.684269099193,-82.737805147466,land,saltwater,2026-04-19,,1,,1,12.79,0.21,0.00,,,5,,7,10,2,1,9,11,1,2,6,1,1,13,4,23,1,6,1,,,,,,3,11,,6,,,,,,10,11,73,,1,,,,,,219
401341,"Colonial Heights, VA 23834, USA","Virginia, USA","United States",37.245273907114,-77.401464156248,land,inland,2026-04-18,"USS Potomac",1,,1,0.59,0.05,0.00,,,,,2,,,2,2,17,1,,,,,1,,,,1,,,,,,,,,,,,,,,,,,1,,,,,,,,27
401347,"Orange County, FL, USA","Florida, USA","United States",28.586511614432,-81.321355626661,land,inland,2026-04-19,KWPB,1,,1,0.31,0.18,0.00,,,1,,2,,,,,,,,,,,,,,,,,,,,,,,,,,,,,,,,,4,,,,,,,4,11
401350,"Middlesex County, MA, USA","Massachusetts, USA","United States",42.5811425,-71.4395267,land,inland,2026-04-16,,3,,3,1.70,0.00,0.00,,1,,1,,,1,,,,,1,,1,,1,,1,1,,2,,,,1,,,1,,,1,,1,1,,,,,,,,,,1,7,23
401354,"Fauquier County, VA, USA","Virginia, USA","United States",38.7251427,-77.7337628,land,saltwater,2026-04-19,Langosta.com,11,,11,54.43,0.00,0.00,,4,,20,13,2,1,,1,1,,,,2,2,3,1,,,2,,1,10,1,,,3,,,2,,,,,1,,21,6,1,,,2,,,4,104
401361,"Jackson County, MS, USA","Mississippi, USA","United States",30.349777881056,-88.548549329862,land,saltwater,2026-04-19,Novascone,1,,1,2.52,2.59,0.00,,2,2,,9,2,,,4,3,,,,1,,19,,2,,,,,,,,,,,,6,,,,1,2,2,10,,,,,,,,,65
401362,"Williamson County, TX, USA","Texas, USA","United States",30.65963767,-97.65272839,land,inland,2026-04-19,"Me, myself and I",1,,1,0.06,0.01,0.00,,,,,,,,,,,,,,,,,1,,,,,,,,,,,,,,,,,,,,1,,,,,,,,5,7
401363,"Harrison County, MS, USA","Mississippi, USA","United States",30.408255417265,-89.018016335393,land,inland,2026-04-19,,2,,2,3.31,0.80,0.00,,5,3,,5,8,,4,7,5,1,1,,1,3,14,1,2,1,,,,,,,,,1,,2,,,,6,1,,33,5,,,,,,,,109
401367,"San Diego County, CA, USA","California, USA","United States",32.768327980101,-117.25228654411,land,saltwater,2026-04-19,"San Deigo Whale Watch",1,,1,1.62,3.22,0.00,,1,2,,5,,4,,13,21,,2,1,,1,15,6,8,,2,,,,,,2,,5,3,5,,,,,2,3,14,,,,,,,,94,209
401368,"San Diego County, CA, USA","California, USA","United States",32.768248732252,-117.25228888299,land,saltwater,2026-04-19,"San Diego Whale Watch",2,,2,3.04,1.77,0.00,,,1,4,,,,2,10,50,,,1,1,,40,2,4,,,,,5,,,5,2,,4,1,,,1,1,,1,14,34,,,,1,,,40,224
401369,"San Diego County, CA, USA","California, USA","United States",32.76831930139,-117.25196133565,land,saltwater,2026-04-19,"San Diego Whale Watch",3,,3,1.81,0.32,0.00,,,,3,4,,4,4,2,61,1,,4,,1,9,,1,3,,,,3,,,,,2,,,,,,,,1,,19,,,,,,,67,189
401370,"San Diego County, CA, USA","California, USA","United States",32.768261518609,-117.25183323261,land,saltwater,2026-04-19,"San Diego Whale Watch",12,,12,2.74,0.00,0.00,,1,,,3,10,3,3,22,101,1,6,2,,,47,7,4,5,5,,,7,,,4,,,1,4,,,,,,4,20,18,,,,,,,203,481
401371,"San Diego County, CA, USA","California, USA","United States",32.76835792,-117.2523107,land,saltwater,2026-04-19,"San Diego Whale watch",2,,2,2.00,1.45,0.00,,,1,1,2,1,2,2,7,40,,,,1,1,,,5,5,1,,,1,,,1,,4,,,2,1,,,4,,2,4,,,,,,,60,148
401372,"San Diego County, CA, USA","California, USA","United States",32.769315074458,-117.25166152731,land,saltwater,2026-04-19,SDwhalewatch,2,,2,22.75,2.62,0.00,,1,4,1,6,6,5,8,15,77,1,6,13,1,6,35,5,7,2,,,,,1,,1,,3,1,4,,,,1,1,,78,114,,,,2,,1,17,423
401373,"San Diego County, CA, USA","California, USA","United States",32.768349886501,-117.25230649338,land,inland,2026-04-19,"SD Whale Watch",4,,4,1.07,3.22,0.00,,1,,3,2,1,,6,2,61,2,,,,,,10,10,2,,,,,,,,,,1,,1,,,2,2,,10,10,,,,,,,,126
401374,"Sonoma County, CA, USA","California, USA","United States",38.459540069697,-122.62922069196,land,inland,2026-04-19,"trash forest demons",1,,1,0.91,3.12,0.00,,,2,1,,,,1,2,4,,4,,,2,3,,1,1,,,,,,,,,,,,,,,,,,,,,,2,2,,,23,48
401375,"Los Angeles County, CA, USA","California, USA","United States",34.0353391,-118.0570027,land,inland,2026-04-19,,1,,1,0.73,1.64,0.00,,1,3,,2,1,,,2,,,2,,,,,2,2,,,,,,,,,1,1,,1,,,,1,,1,,1,,,,1,,,2,24
401377,"Los Angeles County, CA, USA","California, USA","United States",33.8622366,-118.3995194,land,saltwater,2026-04-18,"Bell Family",4,,4,10.21,0.00,0.00,3,,,,,,,,,,,,,,,,,,,,,,,,,,,,,,,,,,,,,,,,,,,,,
401378,"Coconino County, AZ, USA","Arizona, USA","United States",35.857503333333,-111.42106333333,land,inland,2026-04-19,,1,,1,5.67,0.80,0.00,,5,6,6,21,24,,2,1,3,1,5,,5,1,2,,,,,,,,,,1,1,,,2,,,,,,,,3,,,,,,,19,108
401379,"Sacramento County, CA, USA","California, USA","United States",38.63109358,-121.28444193,land,freshwater,2026-04-19,SuperCleanRiver,2,,2,0.43,0.07,0.00,,,,1,1,1,,,,,,,1,,,7,,,,,,,,,,,,,,,,,,,,,1,,,,,,,,1,13
401380,"Pinellas County, FL, USA","Florida, USA","United States",27.853349947948,-82.657675008127,land,inland,2026-04-19,Shalyn,1,,1,0.51,0.61,0.00,,1,3,,5,1,1,,,4,1,1,,,5,13,4,1,1,,,,,,,,,,,,,,,,,,,,,,,,,,,41
401381,"Miami-Dade County, FL, USA","Florida, USA","United States",25.945092679987,-80.155853896259,land,inland,2026-04-19,"Little Earth Hero",3,,3,0.82,0.17,0.00,,4,3,1,7,6,1,14,12,9,1,1,2,1,1,8,1,5,,,,,,,1,,,,4,,,,,,,,,,,,,,,,37,119
401382,"Alameda County, CA, USA","California, USA","United States",37.755285453447,-122.25223007713,land,saltwater,2026-04-19,"CV Beach Clean Up",5,,5,6.45,2.40,0.00,,7,7,2,4,6,1,,14,4,3,8,6,,2,6,7,6,2,,2,,1,,1,2,1,1,1,5,,1,,9,1,2,6,6,3,,1,8,,,19,155
401383,"Whatcom County, WA, USA","Washington, USA","United States",48.766697424877,-122.46181807083,land,saltwater,2026-04-20,garden.salishsea@gmail.com,1,,1,0.03,2.68,0.00,,,,,,,,,1,,,1,,,,1,1,,,,,,,,,,,,,,,,,,,,,,,,,,,,,4
401384,"Sonoma County, CA, USA","California, USA","United States",38.346457670233,-122.67169618597,land,inland,2026-04-19,"trash forest demons",1,,1,1.27,1.77,0.00,,1,,1,,1,1,3,6,14,,2,,,1,17,2,4,3,1,,,,,,,,1,1,,1,2,,,,,2,,,1,,2,,,27,94
401388,"Contra Costa County, CA, USA","California, USA","United States",37.8541078,-122.2038942,land,inland,2026-04-19,"group awesome",2,,2,1.04,0.00,0.00,,,11,3,4,1,,1,9,1,5,2,2,,,,1,4,7,,,,,,1,,,,,,,,,,,,,,,,,,,,47,99
401391,"Los Angeles County, CA, USA","California, USA","United States",33.7970166746,-118.26366294601,land,inland,2026-04-19,,1,,1,6.76,0.20,0.00,,7,4,16,12,3,2,17,6,10,,6,,3,,9,,,6,,,,1,,,,5,,,,6,,,2,,1,3,,,3,,3,,,5,130
401400,"Santa Clara County, CA, USA","California, USA","United States",37.289173073069,-121.89295273802,land,inland,2026-04-07,Oracle,1,,1,3.40,0.00,0.00,1,,,,,,,,,,,,,,,,,,,,,,,,,,,,,,,,,,,,,,,,,,,,,
401401,"Santa Clara County, CA, USA","California, USA","United States",37.289173073069,-121.89295273802,land,inland,2026-04-16,Oracle,1,,1,10.21,0.00,0.00,2,,,,,,,,,,,,,,,,,,,,,,,,,,,,,,,,,,,,,,,,,,,,,
401402,"Santa Clara County, CA, USA","California, USA","United States",37.289173073069,-121.89295273802,land,inland,2026-04-19,Oracle,1,,1,4.31,0.00,0.00,2,,,,,,,,,,,,,,,,,,,,,,,,,,,,,,,,,,,,,,,,,,,,,
401403,"Essex County, MA, USA","Massachusetts, USA","United States",42.651396384924,-70.786699824458,land,saltwater,2026-04-20,MA-CZM-coastal-cleanup-crane-estate-Earth-Day,1,,1,4.52,16.09,0.00,,,4,,2,,,1,2,1,4,1,,1,1,5,1,2,3,5,,,,,,,,,,,,,1,,2,3,8,10,,,,,,,52,109
401404,"Washington, DC, USA","Washington, DC, USA","United States",38.955857086582,-77.021646338697,land,saltwater,2026-04-20,test,1,,1,0.30,0.00,0.00,,1,1,1,1,1,2,,1,,,,,,,,,,,,,,,,,,,,,,,,,,,,,,,,,,,,,8
401406,"Washington, DC, USA","Washington, DC, USA","United States",38.955904409226,-77.021595186881,land,saltwater,2026-04-20,test,1,,1,0.04,0.00,0.00,,1,1,,1,,,,,,,,,,,,,,,,,,,,,,,,,,,,,,,,,,,,,,,,,3
401407,"Washington, DC, USA","Washington, DC, USA","United States",38.9558050613,-77.021619833196,land,saltwater,2026-04-20,test,1,,1,0.27,0.01,0.00,,1,1,1,1,,,,,,,,,,,,,,,,,,,,,,,,,,,,,,,,,,,,,,,,,4
401408,"Honolulu County, HI, USA","Hawaii, USA","United States",21.44489060814,-157.73936053549,land,saltwater,2026-04-20,,1,,1,2.81,1.29,0.00,,1,,,,,,,5,1,,,,,,2,,,,,,,,,,,22,,,,,,,,,1,,,,,,,,,33,65
401411,"Suffolk County, NY, USA","New York, USA","United States",40.9253764,-73.0473284,land,saltwater,2026-04-18,"Save the Sound Stop & Shop",14,,14,2.88,0.00,0.00,,1,,1,,,1,4,8,17,,,1,,,4,,,2,,2,,1,,,,1,,,,,,,2,,,,,,,,,,,1,46
401412,"Los Angeles County, CA, USA","California, USA","United States",34.1072305,-118.0578456,land,inland,2026-04-20,,1,,1,0.23,1.90,0.00,,1,,,1,1,,1,1,,,1,,1,,1,,,1,,,,,,,,,1,,,,,,,,,1,1,,1,,,,,,13
401414,"Jackson County, MS, USA","Mississippi, USA","United States",30.475181374012,-88.420105070234,land,inland,2026-04-19,,1,,1,0.95,1.93,0.00,,1,1,,12,,,,2,,,4,,,,5,,,,,,,,,,,1,,,,,2,,1,,,2,3,,,,,,,,34
401415,"Harrison County, MS, USA","Mississippi, USA","United States",30.347229278762,-89.141677532624,land,saltwater,2026-04-20,,1,,1,3.49,1.89,0.00,,,4,,4,3,,1,3,,2,,2,1,1,9,,11,,1,,,,,,,,,,2,2,,1,4,2,2,,23,,,,1,,,,79
401416,"Los Angeles County, CA, USA","California, USA","United States",33.75209991,-118.11167025,watercraft,saltwater,2026-04-20,"me and sweetpea",1,,1,0.56,0.00,0.00,,1,3,,1,,,,2,,,,,,,3,1,1,,,,,,,,,,,,,,,,,,2,,,,,,,,,9,23
401417,"Middlesex County, MA, USA","Massachusetts, USA","United States",42.56914,-71.4051206,land,inland,2026-04-20,"8th grade rules",2,,2,4.41,0.00,0.00,,2,15,5,27,25,2,3,9,6,1,4,5,3,3,3,5,10,,1,1,,,,1,1,3,1,,,,,,,,,,5,,,,,,,12,153
401418,"Erie County, NY, USA","New York, USA","United States",42.85335,-78.810253333333,land,inland,2026-04-20,"BNW Howells-KingstonPl",1,,1,18.89,15.49,0.00,,22,12,8,13,7,8,6,17,33,8,16,9,3,7,43,8,22,8,,,,9,,,5,7,3,,4,5,1,1,1,9,,11,23,,,,5,1,1,14,350
401419,"Jackson County, MS, USA","Mississippi, USA","United States",30.410050743852,-88.840273561877,land,saltwater,2026-04-20,,2,,2,1.25,0.20,0.00,,,2,,2,3,1,,,,,,1,,,1,,,,,,,,,,,,,,,,,,,,3,2,5,,,,,,,,20
401420,"Alpena County, MI, USA","Michigan, USA","United States",44.921403367384,-83.426202275329,land,freshwater,2026-04-20,GLGR,1,,1,0.13,0.01,0.00,,1,,,4,1,,1,,10,2,,,,,,,,,,,,,,1,,,,,,,,,,,,,,,,,,,,,20
401421,"Harrison County, MS, USA","Mississippi, USA","United States",30.365026002201,-89.183335996595,land,saltwater,2026-04-20,,1,,1,4.81,1.93,0.00,,5,,12,11,4,,8,12,22,2,,,1,,2,2,4,7,1,,,,,,,,1,,2,1,,,13,1,1,,,,,,2,,,5,119
401423,"Western Connecticut Planning Region, CT, USA","Connecticut, USA","United States",41.054056525269,-73.54511428046,underwater,freshwater,2026-04-20,MRPC,1,,1,7.53,0.13,0.00,,19,6,15,7,13,7,1,2,5,1,2,1,1,3,12,1,,,,,,1,,2,,,,,2,3,,,,1,4,6,1,,,1,8,,,15,140
401424,"Jackson County, MS, USA","Mississippi, USA","United States",30.344479806898,-88.563231022793,land,saltwater,2026-04-20,Danielle,1,,1,2.43,0.07,0.00,,3,5,1,4,3,1,1,,4,,,,,,2,1,,,3,,,,,1,,,,,2,1,,1,,1,,1,,,,,,,,,35
401425,"Allegheny County, PA, USA","Pennsylvania, USA","United States",40.34941625,-79.81536947,land,inland,2026-04-20,,1,,1,0.05,0.00,0.00,,2,,,,2,,,1,4,,,,,,,,,,,,,,,,,,,,,,,,,,,,,,,,,,,,9
401426,"Santa Clara County, CA, USA","California, USA","United States",37.28918086316,-121.89290349998,land,inland,2026-04-20,Oracle,1,,1,2.09,3.70,0.00,,,,,5,3,5,1,26,4,,,11,2,2,40,4,10,5,,,,,,,,,2,,,1,,,2,,3,,4,,,,5,,,30,165
401427,"Fairfax County, VA, USA","Virginia, USA","United States",38.88487014192,-77.273765702451,land,inland,2026-04-20,RBH,1,,1,0.14,3.22,0.00,,,,,4,3,2,,5,6,,,1,,,12,,2,2,2,,,,,,,,,,1,,,,,,,1,8,,,,2,,,1,52
401441,"Harrison County, MS, USA","Mississippi, USA","United States",30.3674198,-89.0928155,land,inland,2026-04-18,,1,,1,4.31,0.00,0.00,2,,,,,,,,,,,,,,,,,,,,,,,,,,,,,,,,,,,,,,,,,,,,,
401442,"Williamson County, TX, USA","Texas, USA","United States",30.6596951,-97.65261729,land,inland,2026-04-21,"Me, myself and I",1,,1,0.13,0.01,0.00,,,,,,1,,1,,,,,,,,,,,,,,,,,,,,1,,,,,,,,,2,,,,,,,,7,12
401443,"St. Tammany Parish, LA, USA","Louisiana, USA","United States",30.329645279683,-89.735854923597,land,inland,2026-04-21,cinny,1,,1,0.04,1.58,0.00,,1,,,,,,,,,1,1,,,,1,2,1,,,,,,,,,,,,,,,,,,,,,,,,,,,,7
401444,"St. Tammany Parish, LA, USA","Louisiana, USA","United States",30.313045132096,-89.731145898163,land,inland,2026-04-21,cinny,1,,1,0.70,3.02,0.00,,14,2,1,4,2,,,,,,3,2,,,2,3,3,,,,,,,1,,,,,,,,,1,2,,,1,,,,,,,,41
401445,"Contra Costa County, CA, USA","California, USA","United States",37.997442055605,-122.02743012747,land,saltwater,2026-04-21,"Shark Stewards",34,,34,253.74,1.61,0.00,,53,75,65,68,26,4,25,88,289,4,20,25,1,38,162,34,79,17,8,,2,2,,,58,3,5,1,50,7,,,,43,7,528,1000,93,4,,16,3,,492,3395
401450,"Palm Beach County, FL, USA","Florida, USA","United States",26.767844860442,-80.036451481283,land,saltwater,2026-04-21,KPBCB,3,,3,14.06,0.00,0.00,,3,5,8,11,6,8,,81,7,8,9,9,6,6,6,7,4,12,3,,,,,,,8,4,4,,,,6,,4,4,4,,,,,,,,316,549
401451,"Galveston County, TX, USA","Texas, USA","United States",29.285834712217,-94.794643275798,land,saltwater,2026-04-18,"i Montes",2,,2,17.24,1.61,0.00,,,,,1,1,,4,41,45,4,,3,,,,1,6,12,7,15,,,,1,1,2,8,6,,1,,,,46,4,52,10,,7,,,,1,28,307
401452,"Palm Beach County, FL, USA","Florida, USA","United States",26.762702856213,-80.036505796015,land,saltwater,2026-04-21,KPBCB,3,,3,8.62,0.00,0.00,,5,5,2,11,6,6,,53,5,4,6,9,6,5,8,13,7,11,3,,,1,,,5,6,7,4,6,,,5,,1,6,3,4,,,,,,,312,525
401453,"Erie County, NY, USA","New York, USA","United States",42.483264117515,-78.699986014522,land,freshwater,2026-04-21,BNW,1,,1,0.02,0.02,0.00,,1,1,,,,,,,,,,,,,,,,,,,,,,,,,,,,,,,,,,,,,,,,,,1,3
401454,"Greater Bridgeport Planning Region, CT, USA","Connecticut, USA","United States",41.247595406818,-73.200704031193,land,inland,2026-04-21,"Trumbull cleanup",1,,1,1.37,4.64,0.00,,1,,,1,,,,2,,,2,,,,1,2,1,,,,,,,,,,,,,,,,1,,,8,13,,,,,,,14,46
401455,"Palm Beach County, FL, USA","Florida, USA","United States",26.739977714606,-80.035697948188,land,saltwater,2026-04-21,KPBCB,3,,3,6.35,0.00,0.00,,2,4,3,7,4,6,,68,5,5,6,9,6,8,5,8,7,11,2,,,,,3,3,4,3,3,2,,4,4,,3,4,4,4,,,,,,,399,606
401461,"Palm Beach County, FL, USA","Florida, USA","United States",26.335461010507,-80.072554324951,land,saltwater,2026-04-21,CHG-LIC,4,,4,7.76,0.09,0.00,,,,,,,,,10,2,,,,,1,2,,1,1,6,,,,,,18,,,,1,,,,1,,,75,,,,,,,,,118
401462,"Palm Beach County, FL, USA","Florida, USA","United States",26.335369623991,-80.072375291074,land,saltwater,2026-04-21,"Boca SOB",12,,12,122.00,0.03,0.00,,2,1,,41,,,,1,1,1,,,1,,,2,4,4,,,2,4,,,,,,,,1,,,,,,,,,,,,,,,65
401463,"Palm Beach County, FL, USA","Florida, USA","United States",26.335468359438,-80.072790187399,land,saltwater,2026-04-21,"Boca SOB",5,,5,2.51,0.15,0.00,,3,3,,,,,,13,4,,,1,1,,1,,5,1,1,,,1,,,1,,,1,,,,,,3,2,3,,,,,,,,,44
401464,"Palm Beach County, FL, USA","Florida, USA","United States",26.33542557,-80.07259842,land,saltwater,2026-04-21,"Boca SOB",4,,4,1.06,0.00,0.00,,,,,17,,,,3,3,,,,,,3,,,,,,,,,,,2,,,,,,,,,,4,3,,,,,,,127,162
401465,"Palm Beach County, FL, USA","Florida, USA","United States",26.336457786035,-80.07512339373,land,saltwater,2026-04-21,PHOnominal,5,,5,143.96,0.45,0.00,,1,11,,2,1,4,,12,2,1,2,1,,1,5,,8,,7,1,2,4,2,1,1,,6,,,2,,,,1,1,2,1,,1,1,,1,,31,116
401466,"Palm Beach County, FL, USA","Florida, USA","United States",26.335053354043,-80.072210097431,land,saltwater,2026-04-21,"weatherby ap",4,,4,3.34,0.03,0.00,,2,1,,1,1,,2,13,5,2,,,,,1,1,4,,3,,,1,,,,,1,1,1,,,,1,,2,,,,,,,,,16,59
401467,"Palm Beach County, FL, USA","Florida, USA","United States",26.33455102557,-80.072524331113,land,saltwater,2026-04-21,"Boca SOB",4,,4,5.32,0.85,0.00,,,7,1,,,1,1,54,1,,,2,,1,,,2,6,7,,,1,,,,,,1,,1,,,,,,2,5,,,,,,,120,213
401468,"Washington, DC, USA","Washington, DC, USA","United States",38.955792204007,-77.021619586026,land,saltwater,2026-04-21,test,1,,1,0.28,0.00,0.00,,1,,1,1,1,,1,1,2,,,,,,,,,,,,,,,,,,,,,,,,,,,,,,,,,,,,8
401469,"Fairfax County, VA, USA","Virginia, USA","United States",38.895156915499,-77.284236244099,land,inland,2026-04-21,RBH,1,,1,0.64,3.41,0.00,,,3,,6,,4,,8,1,,,2,,,33,,3,1,,,,,,,,,1,,5,,,,,3,,12,37,,,,1,,,6,126
401470,"Harris County, TX, USA","Texas, USA","United States",29.781842433541,-95.631231661419,land,saltwater,2026-04-21,"Hanwah Ocean",2,,2,0.45,3.22,0.00,,1,,,,,,,,,,,,,,,,,,,,,,,,,,,,,,,,,,1,1,,,,,,,,1,4
401471,"Los Angeles County, CA, USA","California, USA","United States",33.7700504,-118.1937395,land,saltwater,2026-04-18,"Disney VoluntEARS",1,,1,13.61,0.00,0.00,2,,,,,,,,,,,,,,,,,,,,,,,,,,,,,,,,,,,,,,,,,,,,,
401475,"Allegheny County, PA, USA","Pennsylvania, USA","United States",40.34955044,-79.81561637,land,inland,2026-04-21,,1,,1,0.92,0.02,0.00,,3,2,1,6,9,2,,4,4,,,,2,,3,,1,1,,,,,,,,,,,,,,,,,,,4,,,,,,,,42
401476,"Yolo County, CA, USA","California, USA","United States",38.5449065,-121.7405167,land,inland,2026-04-21,"putah creek council",1,,1,0.73,0.00,0.00,,,1,,,,,,1,1,,,1,,,,,,,,,,,,,,,,,,,,,,,,6,6,,,,,,,2,18
401477,"Cabarrus County, NC, USA","North Carolina, USA","United States",35.398112223343,-80.650098120933,land,inland,2026-04-17,"HE Winkler Middle School Campus Cleanup",2,30,32,5.25,0.80,0.00,8,36,,,16,7,,,20,1,3,,,5,5,76,,2,1,,,,,,,,,,,3,,,,,,3,,,,,,,,,,178
401478,"Palm Beach County, FL, USA","Florida, USA","United States",26.718527386169,-80.041911160803,land,saltwater,2026-04-21,"Madi and Elizabeth",2,,2,1.91,3.59,0.00,,2,8,1,15,4,4,3,30,8,2,2,3,1,1,6,5,1,2,1,,,,,,,,,5,1,,,1,1,,,,,,,,1,,,,108
401479,"Suffolk County, NY, USA","New York, USA","United States",40.7297786,-73.2105665,land,inland,2026-04-18,STGSB,35,,35,163.29,0.00,0.00,30,,,,,,,,,,,,,,,,,,,,,,,,,,,,,,,,,,,,,,,,,,,,,
401480,"Suffolk County, NY, USA","New York, USA","United States",40.7384317,-73.0506656,land,saltwater,2026-04-18,STGSB,20,,20,95.25,0.00,0.00,19,,,,,,,,,,,,,,,,,,,,,,,,,,,,,,,,,,,,,,,,,,,,,
401481,"Suffolk County, NY, USA","New York, USA","United States",40.718155,-73.354287,land,inland,2026-04-19,STGSB,30,,30,159.89,0.00,0.00,32,,,,,,,,,,,,,,,,,,,,,,,,,,,,,,,,,,,,,,,,,,,,,
401482,"Pinellas County, FL, USA","Florida, USA","United States",27.799124267503,-82.628847861604,land,inland,2026-04-21,,1,,1,0.77,5.15,0.00,,2,2,,2,,1,1,3,8,1,,1,,,5,,2,1,,,,,,,,,,,,,,,,,1,1,,,1,,,,,3,35
401483,"Suffolk County, NY, USA","New York, USA","United States",40.7659783,-73.019343,land,freshwater,2026-04-18,STGSB,30,,30,284.40,0.00,0.00,55,,,,,,,,,,,,,,,,,,,,,,,,,,,,,,,,,,,,,,,,,,,,,
401484,"Pinellas County, FL, USA","Florida, USA","United States",27.816064017721,-82.588551936517,land,inland,2026-04-21,,1,,1,5.34,0.41,0.00,,,,,,,,,,,,1,,,,,,,,1,,,4,,2,,,,,,,,,,1,,,,,,,,,,17,26
401485,"Hillsborough County, FL, USA","Florida, USA","United States",27.933317324688,-82.486950452592,land,inland,2026-04-21,,1,,1,1.47,1.23,0.00,,2,4,,2,3,,1,2,4,2,,1,,,5,1,2,2,,,,1,,,,,,,,,,,,,,,,,,,,,,,32
401487,"Pinellas County, FL, USA","Florida, USA","United States",27.852877749462,-82.659140133761,land,inland,2026-04-21,Shalyn,1,,1,0.43,0.76,0.00,,1,5,,1,3,1,,1,1,2,1,2,,,19,1,,,,,,,,,,,,,,,,,,,,,,,,,,,,,38
401488,"Suffolk County, MA, USA","Massachusetts, USA","United States",42.359230826642,-71.057867631428,land,inland,2026-04-21,"Westwood Earth Day Clean Up",15,,15,0.01,0.00,0.00,,1,,,,,,,,,,,,,,,,,,,,,,,,,,,,,,,,,,,,,,,,,,,,1
401489,"Suffolk County, MA, USA","Massachusetts, USA","United States",42.33629821732,-71.051813480159,land,inland,2026-04-21,"Westwood Earth Day Clean Up",1,,1,0.01,0.00,0.00,,,,,,,,,,,,1,,,,,,,,,,,,,,,,,,,,,,,,,,,,,,,,,,1
401490,"Pinellas County, FL, USA","Florida, USA","United States",27.816686911259,-82.589883000224,land,inland,2026-04-21,,1,,1,2.06,2.70,0.00,,,1,,1,,,,3,1,,2,,,3,10,,2,,,,,1,,,1,,,2,1,,,,,,,,6,,,,,,,,34
401491,"Palm Beach County, FL, USA","Florida, USA","United States",26.335451001119,-80.072491908006,land,saltwater,2026-04-21,Broward,1,,1,0.04,0.00,0.00,,1,,,,,,1,6,1,,,1,,,,,1,,,,,,,,,,3,,,,,,,,,,,,,,,,,3,17
401492,"Palm Beach County, FL, USA","Florida, USA","United States",26.335859188355,-80.072699971461,land,saltwater,2026-04-21,Bocasob,1,,1,34.02,0.16,0.00,,3,6,5,5,6,7,14,10,18,1,1,,,1,6,,8,2,10,,2,3,,,,,1,3,1,2,,,,,,3,8,,,,,,,69,195
401493,"Harris County, TX, USA","Texas, USA","United States",29.781622885357,-95.631151590555,land,saltwater,2026-04-17,"hanwha ocean",2,,2,2.49,16.09,0.00,,,,,,,,3,10,5,,,,,1,,3,5,2,,3,,,,,3,,2,,,,,,,,,11,,,,,,,,20,68
401518,"Western Connecticut Planning Region, CT, USA","Connecticut, USA","United States",41.278176991525,-73.401743053424,land,saltwater,2026-04-18,"Save the Sound",4,,4,1.52,0.00,0.00,,3,1,5,3,1,7,2,3,55,1,4,3,,2,4,,2,4,,,,,,,,,,,,,,,,,,,,,,,,,,,100
401519,"Nueces County, TX, USA","Texas, USA","United States",27.814868954153,-97.391997916463,land,inland,2026-04-18,"burbage bunch",5,,5,0.02,0.09,0.00,,,,,,,,,,2,,,,,,,1,1,,,,,,,,,,,,,,,,,1,,,,,1,,,,,,6
401520,"Matagorda County, TX, USA","Texas, USA","United States",28.69853176,-96.21889106,land,saltwater,2026-04-18,"Pack 4545 Cubscouts",7,,7,2.74,0.16,0.00,,7,8,2,11,16,6,,7,2,3,6,,2,,31,3,1,1,2,,,,,,,,,,1,,,,,,,,,,,,,,,,109
401521,"Matagorda County, TX, USA","Texas, USA","United States",28.69858896,-96.21894776,land,saltwater,2026-04-18,"Scouts 4545",2,,2,0.06,0.12,0.00,,,,,,,,2,2,3,,,,,,1,,1,,,,,,,,1,,,,,,,,,,,,,,,,,,,1,11
401522,"Hernando County, FL, USA","Florida, USA","United States",28.490956283895,-82.646035210694,land,inland,2026-04-18,"crystal River Chapter",8,,8,215.40,16.09,0.00,,42,,282,185,143,,,,,,,,,,,,,,,,1,38,3,,,24,3,,9,9,,5,6,,7,51,35,,,,,,,5,848
401523,"Niagara County, NY, USA","New York, USA","United States",43.098295760168,-79.021578915333,land,inland,2026-04-18,"miller construction",40,,40,1.91,3.84,0.00,,2,,1,4,2,,,,,3,,2,,1,11,3,,,2,,,,,,,,,,2,,,,,2,,,1,,,,,,,,36
401524,"Galveston County, TX, USA","Texas, USA","United States",29.271595015428,-94.818079502611,land,saltwater,2026-04-18,Oppe,2,,2,3.86,0.16,0.00,,,2,,1,4,,4,12,2,,3,,,,,2,,,2,1,,,,,1,1,1,,,,,,,1,,5,,,1,,,,,4,47
401525,"Galveston County, TX, USA","Texas, USA","United States",29.271622773017,-94.818412199708,land,saltwater,2026-04-18,,4,,4,2.80,0.50,0.00,,3,2,2,4,4,2,1,35,12,5,1,3,2,1,7,1,5,8,1,,,,,3,2,1,1,2,,1,,1,,4,2,7,,,,,,,,49,172
401526,"Nueces County, TX, USA","Texas, USA","United States",27.835483079319,-97.050594784973,land,saltwater,2026-04-18,,1,,1,30.48,2.48,0.00,,5,,1,,1,,5,135,14,,,1,,,,18,7,38,25,,,6,,,,,2,,1,1,,,2,,1,195,,,2,,,1,,46,507
401527,"Nueces County, TX, USA","Texas, USA","United States",27.83419622,-97.04652626,land,saltwater,2026-04-18,denham,2,,2,14.70,0.12,0.00,,,,,3,1,,8,20,8,,,3,,,1,,9,5,,,,11,,,,6,5,,,,,,,,,,,,,,,,,,80
401528,"South Central Connecticut Planning Region, CT, USA","Connecticut, USA","United States",41.295980772889,-72.914984006066,land,saltwater,2026-04-18,"Save the Sound",1,,1,16.35,0.80,0.00,,10,12,18,5,6,6,8,9,,,4,7,1,3,32,11,5,,,,,,1,1,,1,,,3,,,,12,14,1,3,,,,1,,,1,,175
401529,"Galveston County, TX, USA","Texas, USA","United States",29.286176666667,-94.792676666667,land,saltwater,2026-04-18,,2,,2,4.32,1.94,0.00,,2,1,1,2,,,,16,35,,3,3,,,4,1,7,,6,,,,,,,,,,,,,,,,,21,,,,,,,,,102
401530,"South Central Connecticut Planning Region, CT, USA","Connecticut, USA","United States",41.290111282007,-72.962020968211,land,saltwater,2026-04-18,,1,,1,0.25,0.00,0.00,,,,1,1,,,,,1,,,,,,,,,,,,,,,,,,,,,,,,,,,,,,,,,,,,3
401531,"Suffolk County, NY, USA","New York, USA","United States",40.950127556088,-73.067351655899,land,saltwater,2026-04-18,JCrew/JCF,6,,6,10.21,1.02,0.00,,2,5,5,,3,,,,5,,,,,,6,,,,,7,,1,,,,,,,,,,,,,,,,,,,,,,,34
401532,"Brazoria County, TX, USA","Texas, USA","United States",29.027286187481,-95.186895054251,land,saltwater,2026-04-18,SLB,3,,3,0.50,0.16,0.00,,,,2,,2,,,1,,,,,,,,,,,,,,,,,,,,,,,,,,,,,,,,,,,,,5
401533,"Suffolk County, NY, USA","New York, USA","United States",40.950560536858,-73.067017197456,land,saltwater,2026-04-18,"Save the Sound Port Jeff",2,,2,2.84,0.92,0.00,,,2,1,,,1,2,3,,4,,1,,,,,1,,3,2,,,,,1,,1,,,,,,,,,,,,,,,,,19,41
401534,"Galveston County, TX, USA","Texas, USA","United States",29.209341193191,-94.92722108729,land,saltwater,2026-04-18,TeamWPR,30,,30,0.26,0.28,0.00,,,,,,,,,,,,,,,,,,,1,,,,,,,,,,1,,,,,,,,,4,,,,,,,4,10
401535,"Brazoria County, TX, USA","Texas, USA","United States",29.03149404,-95.18033699,land,saltwater,2026-04-18,??,5,,5,6.14,1.58,0.00,,1,8,,5,1,,4,13,3,,2,6,,,,,1,1,3,,,2,,,2,1,7,,1,1,,1,,2,,14,10,,,,,,,1,90
401536,"Contra Costa County, CA, USA","California, USA","United States",37.9599759401,-122.36690840154,land,freshwater,2026-04-18,,1,,1,9.26,0.21,0.00,,1,3,,,,1,,,1,,,,,,2,,,,,,,,1,,,,,,,,,,,,,,1,,,,,,,3,13
401539,"Naugatuck Valley Planning Region, CT, USA","Connecticut, USA","United States",41.570101666667,-73.082138333333,watercraft,freshwater,2026-04-22,Paddlers,2,,2,0.45,3.22,0.00,,,,1,,2,,,,,,,,,,,,,,,,,,,,,,,1,,,,,,,,,,,,,,,,,4
401542,"Honolulu County, HI, USA","Hawaii, USA","United States",21.443562396064,-157.73891976294,land,saltwater,2026-04-22,,1,,1,3.81,1.45,0.00,,,,,,,,2,1,5,,,,1,,2,,,1,5,,,,,,,,,,,,,,,,3,15,,,,,,,,54,89
401543,"Alameda County, CA, USA","California, USA","United States",37.559802639721,-122.06168914353,land,inland,2026-04-11,C&Z,2,,2,3.40,0.00,0.00,1,,,,,,,,,,,,,,,,,,,,,,,,,,,,,,,,,,,,,,,,,,,,,
401544,"Alameda County, CA, USA","California, USA","United States",37.559802639721,-122.06168914353,land,saltwater,2026-04-04,C&Z,1,,1,3.40,0.00,0.00,1,,,,,,,,,,,,,,,,,,,,,,,,,,,,,,,,,,,,,,,,,,,,,
401547,"Pinellas County, FL, USA","Florida, USA","United States",27.683731530375,-82.73774339318,land,saltwater,2026-04-21,,1,,1,4.91,1.26,0.00,,,4,,1,1,1,1,8,63,,1,,,2,9,2,14,5,,,,,,,,2,7,,2,,,,,1,10,8,21,,,,,,,,163
401550,"Pinellas County, FL, USA","Florida, USA","United States",27.684066022938,-82.737871099247,land,saltwater,2026-04-22,,1,,1,4.43,2.82,0.00,,,5,,3,,5,6,13,55,1,1,,,3,14,2,11,2,1,,,,,,,3,15,,,2,,,2,2,5,11,20,,,,,,,1,183
401551,"Palm Beach County, FL, USA","Florida, USA","United States",26.69623545371,-80.033849403262,land,saltwater,2026-04-22,KPBCB,3,,3,13.15,1.13,0.00,,3,4,3,8,3,4,,73,6,4,7,9,4,5,7,8,,10,,,,,,,4,3,6,,3,,,5,,3,,5,3,,,,,4,,219,413
401552,"Palm Beach County, FL, USA","Florida, USA","United States",26.709598889574,-80.034344187006,land,saltwater,2026-04-22,KPBCB,3,,3,5.90,0.00,0.00,,5,1,4,12,4,12,,59,,3,8,7,6,9,8,6,5,9,3,,,,,,,6,6,3,,,,3,,6,3,4,3,,,,,,,319,514
401554,"Brazoria County, TX, USA","Texas, USA","United States",29.027559249656,-95.185666567531,land,saltwater,2026-04-18,"Sanchez crew",4,,4,2.28,0.62,0.00,,1,,,7,,,18,,5,3,,,,,,2,,2,3,,,,,1,,,,,,,,3,,,,,1,,,,,,,,46
401555,"Monterey County, CA, USA","California, USA","United States",36.705835733819,-121.61061328998,land,inland,2026-04-22,creekside3rdgrade,30,,30,0.67,0.00,0.00,,,2,,2,,,1,3,,,,,,,40,,9,,,,,,,,,,,,,,,,1,,,,,,,,5,,,,63
401556,"Fairfax County, VA, USA","Virginia, USA","United States",38.885296879831,-77.27230246308,land,inland,2026-04-22,RBH,1,,1,0.54,2.49,0.00,,1,22,,19,7,12,,16,7,,,1,,,25,,2,4,5,,,,,,,2,1,1,3,,,,,4,3,23,67,,,,,,,5,230
401557,"Lake County, FL, USA","Florida, USA","United States",28.807411862306,-81.661371638928,land,freshwater,2026-04-22,"Earth Day",2,,2,0.23,1.67,0.00,,3,1,,2,4,,2,1,2,,,2,,,3,1,,,,,,,,1,,,1,,,1,,,,,,,,,,,,,,,24
401560,"Norfolk County, MA, USA","Massachusetts, USA","United States",42.206222089982,-71.15638097879,land,inland,2026-04-22,"MA-CZM-Westwood cleanup",1,,1,4.55,0.49,0.00,,5,7,6,10,9,,,,,5,2,1,,4,7,8,4,,,2,,,,1,,1,2,,1,1,,,,1,1,9,4,,,,,,,6,97
401561,"Norfolk County, MA, USA","Massachusetts, USA","United States",42.206223,-71.15640144,land,inland,2026-04-22,"Westwood cleanup",1,,1,1.56,0.01,0.00,,1,1,5,5,3,,,,,2,1,1,1,1,2,1,,,,,,,,,1,,,1,,,,,,,,,1,,,,,,,1,28
401562,"Norfolk County, MA, USA","Massachusetts, USA","United States",42.206219744258,-71.156388971976,land,inland,2026-04-22,"Citizens volunteer event",1,,1,0.74,0.10,0.00,,1,1,2,2,2,2,,,1,2,2,,2,2,2,2,1,,,,,,,,,,,,,,,,,,,,,,,,,,,,24
401563,"Norfolk County, MA, USA","Massachusetts, USA","United States",42.206195538883,-71.156284917436,land,inland,2026-04-22,"westwood cleanup",1,,1,2.54,0.00,0.00,,2,3,3,2,,,,,12,5,,,1,,,2,2,,,2,,,,,,,,,,,,,,3,,3,3,3,3,,2,,,4,55
401564,"Hamilton County, TN, USA","Tennessee, USA","United States",35.035181383508,-85.306275830886,land,inland,2026-04-22,"RCGA 2026",1,,1,42.64,0.00,0.00,8,,,,,,,,,,,,,,,,,,,,,,,,,,,,,,,,,,,,,,,,,,,,,
401565,"Monterey County, CA, USA","California, USA","United States",36.705736941663,-121.61054303828,land,inland,2026-04-22,creekside3rdgrade,30,,30,0.97,0.00,0.00,,2,,1,3,,,,2,,,,1,1,2,38,,1,,,,,,,,,,,,,,,,1,,,,,,,,3,,,,55
401566,"Norfolk County, MA, USA","Massachusetts, USA","United States",42.202615226274,-71.154692480396,land,inland,2026-04-22,"citizens volunteer event",1,,1,1.06,0.56,0.00,,1,4,3,4,5,1,,,8,,,,,,7,,2,2,,,,,,,1,,,,,,,,,,,,,,,,,,,,38
401567,"Providence County, RI, USA","Rhode Island, USA","United States",41.81732267876,-71.4036192131,land,saltwater,2026-04-22,"Earth day",22,,22,0.07,0.84,0.00,,,,,,,,,,1,,,,,,,,1,1,,,,,,,,,,,,,,,,,,,1,,,,,,,,4
401569,"Worcester County, MA, USA","Massachusetts, USA","United States",42.092895852648,-71.945923205235,land,inland,2026-04-22,"GSS Todd MacGrath",1,,1,4.33,0.60,0.00,,4,10,4,16,19,1,1,,,2,,2,1,3,10,,3,,,2,,,,,14,,1,,2,,,,1,6,1,,,,,,,,,,103
401570,"Whatcom County, WA, USA","Washington, USA","United States",48.754115059459,-122.4921621109,land,saltwater,2026-04-22,"garden of the salish sea",1,,1,2.50,0.09,0.00,,,1,,,4,,,1,,,,,,,,1,,,1,1,,1,,,,,,,,,,,,9,,,1,,,,,,,65,85
401571,"Hamilton County, TN, USA","Tennessee, USA","United States",35.035895843481,-85.305193835853,land,inland,2026-04-22,RCGA2026,1,,1,326.59,0.00,0.00,48,,,,,,,,,,,,,,,,,,,,,,,,,,,,,,,,,,,,,,,,,,,,,
401572,"Norfolk County, MA, USA","Massachusetts, USA","United States",42.206228788163,-71.156459390447,land,inland,2026-04-22,"Westwood Earth Day Clean Up",1,,1,1.99,0.08,0.00,,2,2,5,5,15,3,,,2,2,,,1,1,10,,5,,,,,,,,,,5,,,4,,,2,,,,,2,,,,,,3,69
401573,"Yolo County, CA, USA","California, USA","United States",38.5449065,-121.7405167,land,inland,2026-04-22,"putah creek council",1,,1,20.35,0.00,0.00,,,,1,,4,,,4,6,,,4,,,3,1,3,,,,,5,,,2,,,1,2,,1,1,1,1,,111,111,2,1,,,,,40,305
401574,"Hillsborough County, FL, USA","Florida, USA","United States",27.933149113584,-82.486875172391,land,inland,2026-04-22,,1,,1,2.66,1.35,0.00,,1,4,,2,3,,,1,2,,1,2,,,4,1,2,,,,,2,,,,,2,,,,,,,,,,,,,,,,,2,29
401575,"Erie County, NY, USA","New York, USA","United States",42.853231666667,-78.810208333333,land,inland,2026-04-22,"BNW Howells-KingstonPl",1,,1,14.39,10.96,0.00,,15,3,12,4,9,11,5,17,42,,7,9,,1,14,7,16,4,,,,6,,,3,1,9,4,5,2,8,,7,12,1,2,15,,1,1,3,,,25,281
401576,"Sitka City and Borough, Sitka, AK, USA","Alaska, USA","United States",57.044636968385,-135.20171207413,land,saltwater,2026-04-22,"STA Earth Day 2026",12,,12,206.46,0.09,0.00,,2,,26,6,45,,7,2,,,2,6,,,9,2,2,,,,,164,,,,,1,,2,,1,,,,,,,,,,,,1,,278
401577,"Providence County, RI, USA","Rhode Island, USA","United States",41.817614319188,-71.404773209262,land,saltwater,2026-04-22,"Earth day clean up ri (3)",50,,50,22.80,1.75,0.00,,5,5,28,8,1,,,,375,,,,,,6,,1,,,1,,5,1,1,1,,,,1,,,,,,,,,1,,,,,,1,441
401578,"Providence County, RI, USA","Rhode Island, USA","United States",41.817614319188,-71.404773209262,land,saltwater,2026-04-22,"Earth day clean up ri (3)",50,,50,21.34,1.43,0.00,,1,6,18,22,6,3,23,8,416,,,,,2,8,1,4,2,11,2,,7,,,2,4,1,,,,,,7,,,6,7,1,,,1,2,,3,574
401579,"Palm Beach County, FL, USA","Florida, USA","United States",26.714363716667,-80.052517066667,land,saltwater,2026-04-22,"Madi and Elizabeth",2,,2,3.13,3.32,0.00,,3,1,,10,3,,,16,,,,1,,,10,,,,,,,2,,,,,,,,,,1,,,,,,,,,,,,,47
401580,"Erie County, NY, USA","New York, USA","United States",42.938184923996,-78.892913833569,land,inland,2026-04-22,"BNW-Believe in Black Rock",1,,1,0.97,0.00,0.00,,3,2,,6,4,,1,1,10,,,,,,7,,,1,,,,,,,,,,,,,,,1,,,5,5,,,,,,,9,55
401581,"Pinellas County, FL, USA","Florida, USA","United States",27.852999489036,-82.659202163132,land,inland,2026-04-22,Shalyn,1,,1,2.01,0.30,0.00,,1,,,,1,,1,,3,1,,1,,,5,,,,,,,,,,,,,,1,,,,2,,,5,22,,,,,,,,43
401582,"Erie County, NY, USA","New York, USA","United States",42.71567652437,-78.829040086737,land,inland,2026-04-22,"Hamburg Environmental Club",5,,5,9.79,0.02,0.00,,1,,1,1,,,1,4,5,,1,1,,1,1,,,1,,,,,1,1,1,1,1,1,,1,1,,1,,,1,1,,,,1,1,1,1,33
401583,"Los Angeles County, CA, USA","California, USA","United States",34.0805651,-118.072846,land,inland,2026-04-22,,1,,1,5.44,1.14,0.00,,1,15,,3,2,8,,,7,,,,1,2,6,2,1,,,,,,,,,,1,,1,,,,,,1,,72,,,,1,,,,124
401584,"Pinellas County, FL, USA","Florida, USA","United States",27.816218479894,-82.588900492789,land,inland,2026-04-22,Ameya,1,,1,2.61,0.00,0.00,,,,,,1,,,,,,,,,,,1,,,,,,2,,,1,1,,,,,,,,1,,,,,,,,,,5,12
401585,"Pinellas County, FL, USA","Florida, USA","United States",27.816687561637,-82.589880345282,land,inland,2026-04-22,,1,,1,3.21,1.51,0.00,,,,,1,,,,1,,,,,,,9,,,,,,,2,,,2,,,1,,,,,,,,1,8,,,,,,,,25
401586,"Douglas County, NE, USA","Nebraska, USA","United States",41.2213212,-96.1768971,land,freshwater,2026-04-22,"CSG & KOB",27,,27,142.88,0.00,0.00,21,,,,,,,,,,,,,,,,,,,,,,,,,,,,,,,,,,,,,,,,,,,,,
401587,"Erie County, NY, USA","New York, USA","United States",42.960057305378,-78.751596110477,land,inland,2026-04-22,BNWVesselChurch,3,,3,10.37,0.06,0.00,,,,1,5,4,1,1,8,48,,13,7,,1,18,,12,,2,,,5,,,1,8,2,,6,,1,,1,,,3,6,,,,4,,,5,163
401588,"Norfolk County, MA, USA","Massachusetts, USA","United States",42.206225707428,-71.156332584206,land,inland,2026-04-22,MA-CZM-CitizensWestoodCleanup,1,,1,18.83,0.00,0.00,,2,1,,2,,7,,,23,,2,1,,,12,3,1,,,,,,2,,6,,,,,,,,,,,2,,1,,,,,,4,69
401589,"Alameda County, CA, USA","California, USA","United States",37.665685066022,-121.78144566715,land,freshwater,2026-04-12,"Friends of the arroyos 6",1,,1,2.72,1.29,0.00,,5,,5,3,3,,,3,,,,3,,3,,2,3,,,,,,,,,,,,,,,,2,,3,10,,,,,,,,,45
401590,"Virginia Beach, VA, USA","Virginia, USA","United States",36.84501105077,-75.973290459314,land,saltwater,2026-04-22,"CVW Earth Day 2026",2,,2,2.37,0.73,0.00,,,2,,3,2,,2,2,33,,,3,,,63,2,3,,,1,,,,,,,,,,,,,,,,3,10,,,,,,,,129
401591,"Erie County, NY, USA","New York, USA","United States",42.959441289411,-78.751589224105,land,inland,2026-04-22,BNWVesselChurch,4,,4,7.52,1.57,0.00,,4,3,,7,4,2,3,,,,2,4,,,8,3,2,1,,,,5,,,2,,1,,,,,,3,,,7,6,,,,2,,,33,102
401592,"Erie County, NY, USA","New York, USA","United States",42.959526688785,-78.750884766984,land,inland,2026-04-22,"bnw vessel church",4,,4,13.30,1.76,0.00,,6,23,1,6,4,4,1,1,13,1,5,12,,1,27,8,2,,1,,,7,,,5,,1,,4,1,,,1,,2,10,18,,,,6,,2,20,193
401593,"Erie County, NY, USA","New York, USA","United States",42.959495680462,-78.751597614664,land,freshwater,2026-04-22,bnwvesselchurch,4,,4,15.16,1.01,0.00,,1,11,3,1,6,7,2,11,12,1,1,8,3,3,7,4,4,3,,,,9,,1,2,2,,,7,,3,,2,2,1,7,10,,,,,,,12,146
401594,"Erie County, NY, USA","New York, USA","United States",42.960093722762,-78.752285465362,land,inland,2026-04-22,"BNW Vessel Church",3,,3,2.75,0.69,0.00,,5,3,,3,4,,1,1,11,,4,8,,3,9,4,1,2,,,,1,,,,2,,,1,,,,1,2,,2,2,,,1,9,,,2,82
401595,"Erie County, NY, USA","New York, USA","United States",42.960012341898,-78.752846034019,land,inland,2026-04-22,"BNW Vessel Church",4,,4,12.89,0.43,0.00,,,3,13,3,2,,5,5,44,,9,3,,1,10,8,1,,,,,7,,,,,,,,1,5,1,,,,5,3,,,,2,,,46,177
401596,"Erie County, NY, USA","New York, USA","United States",42.959498547037,-78.752572345114,land,inland,2026-04-22,"BNW Vessel Church",6,,6,41.91,1.38,0.00,,3,20,,21,3,2,1,,35,2,1,5,,,17,5,3,,,,,19,1,,,,1,,,1,,2,,1,3,82,49,,,,,,,23,300
401599,"Virginia Beach, VA, USA","Virginia, USA","United States",36.745984,-75.9440944,land,saltwater,2026-04-22,"CVW Earth Day 2026",1,,1,2.27,0.40,0.00,,1,20,,4,,,,40,151,10,,,5,11,100,,10,,7,14,,6,,,3,3,10,,,,,,,,,3,48,,,,,,,106,552
401600,"Virginia Beach, VA, USA","Virginia, USA","United States",36.84553488,-75.97333342,land,saltwater,2026-04-22,"A-Team Coastal",4,,4,5.36,0.00,0.00,,1,2,,1,,1,5,9,61,4,8,2,3,2,14,2,8,1,,,,3,,,,,,,2,,1,,2,,1,5,4,,,,2,,,25,169
401602,"Virginia Beach, VA, USA","Virginia, USA","United States",36.83102990035,-75.969499843195,land,saltwater,2026-04-22,GEICO,1,,1,0.35,0.90,0.00,,,9,,,,,1,3,20,,,,,,,,2,,,,,,,,2,,7,4,,2,,,,,,1,1,,,,,,,3,55
401603,"Virginia Beach, VA, USA","Virginia, USA","United States",36.746223917318,-75.944690840742,land,saltwater,2026-04-22,"CVW/LRNow Earth Day Community Clean-Up Sandbridge",2,,2,31.16,1.10,0.00,,,1,1,2,1,3,1,2,69,1,1,6,1,,38,,,4,,,,,,,,,1,,1,,2,,4,,,,465,,,1,2,,,17,624
401604,"Virginia Beach, VA, USA","Virginia, USA","United States",36.831594875055,-75.970387142805,land,saltwater,2026-04-22,geico,1,,1,2.39,0.10,0.00,,3,,1,1,1,,1,,12,1,,1,,,11,,4,,,,,,,,,,2,,,1,1,,,,,3,26,1,,,,,,20,90
401605,"Virginia Beach, VA, USA","Virginia, USA","United States",36.830739160394,-75.970067876191,land,saltwater,2026-04-22,"1st street",1,,1,1.26,0.32,0.00,,,,,,2,1,,8,4,,,,,,,,2,,,,,,,,1,,6,,1,2,,,,,,10,7,,,,,,,5,49
401606,"Fresno County, CA, USA","California, USA","United States",36.778261,-119.4179324,land,inland,2026-04-22,,1,,1,0.83,0.00,0.00,,2,5,2,3,4,,1,3,7,,1,,1,,3,1,2,,,,,,,,,,,,,,,,2,,,,,,,,1,,,,38
401610,"Capitol Planning Region, CT, USA","Connecticut, USA","United States",41.93147688,-72.37854173,land,freshwater,2026-04-22,,1,,1,1.06,0.00,0.00,,1,,2,4,1,,,,,,,,,1,,,,,,,,,,,,,,,,,,,,1,1,4,,,,,,,,,15
401611,"Camden County, NJ, USA","New Jersey, USA","United States",39.881940441075,-75.124344414012,land,freshwater,2026-04-22,,1,,1,3.64,0.00,0.00,,,7,,7,,,24,31,3,,1,21,,,26,,4,,,,,2,,,,,,,1,2,1,,,3,,,,,,,,,,9,142
401612,"Providence County, RI, USA","Rhode Island, USA","United States",41.817916386857,-71.402436906257,land,saltwater,2026-04-22,"Earth day clean up (4)",50,,50,6.41,0.39,0.00,,,1,5,7,5,6,1,6,155,5,3,3,1,,8,,2,2,2,,,3,,,2,,1,,,,,,1,,,,1,,1,,,,,1,222
401613,"Pinellas County, FL, USA","Florida, USA","United States",27.79912135807,-82.629043989028,land,inland,2026-04-23,,1,,1,0.73,3.86,0.00,,2,2,,5,,2,,4,5,,1,2,,,3,,1,,,,,,,,,,,,,,,,,,,,1,,,,1,,,3,32
401629,"San Diego County, CA, USA","California, USA","United States",32.768401957536,-117.25225189274,land,saltwater,2026-04-19,"san diego whale watch",3,,3,0.57,0.00,0.00,,,2,1,,2,,,,51,,1,,,1,1,,2,3,,,,,,,,,,,,,,,,,1,,,,,,,,,10,75
401630,"Virginia Beach, VA, USA","Virginia, USA","United States",36.831557587755,-75.970552176347,land,inland,2026-04-22,jordan,1,,1,0.10,0.17,0.00,,,5,,1,,,,2,24,,,,,,1,,1,,,,,,,,,,3,1,,,,,,,,,,,1,,,,,3,42
401631,"Los Angeles County, CA, USA","California, USA","United States",34.019681615041,-118.41117977528,land,saltwater,2026-04-23,,1,,1,0.74,0.05,0.00,,,,,,,,2,16,30,2,1,2,,3,35,2,5,2,,,,,,,,,,1,,,,,,,,,,2,,,,1,,120,224
401632,"Williamson County, TX, USA","Texas, USA","United States",30.65974738,-97.65274221,land,inland,2026-04-23,"Me, myself and I",1,,1,0.11,0.01,0.00,,,,,,,,,,,,,,,,,,,,,,,,,,,,,,,,,,,,,2,,,,,,,,11,13
401633,"San Mateo County, CA, USA","California, USA","United States",37.448471003324,-122.43698458702,land,saltwater,2026-04-23,"Sea Hugger",2,,2,0.59,0.00,0.00,,,,,3,2,,,4,5,,,4,,,2,2,,,,,,,,,,,,,1,,1,1,,,,,,,,,,,,9,34
401634,"Alameda County, CA, USA","California, USA","United States",37.675497508608,-121.78584868088,land,freshwater,2026-04-23,"Friends of the arroyos 6",1,,1,12.75,0.80,0.00,,7,3,2,1,5,,,,6,,,,,7,27,,3,,,,,,,,,9,,,12,,8,,,,,12,,,,,,,,,102
401635,"Hawaii County, HI, USA","Hawaii, USA","United States",19.595245480957,-155.9723568212,land,saltwater,2026-04-23,"Spencer Ohana",3,,3,2.58,0.63,0.00,,,,,,,,2,5,17,,,,,,20,,2,1,1,,,1,,,,,11,,,,1,,,,,1,8,,,,,,,32,102
401637,"Marin County, CA, USA","California, USA","United States",37.9160816,-122.4754732,land,saltwater,2026-04-22,,1,,1,34.74,0.00,0.00,,7,4,5,2,2,5,1,1,7,,,,2,1,11,,4,,6,50,,,,2,1,2,,,3,,,1,2,,,7,7,,,1,,,5,84,223
401638,"Galveston County, TX, USA","Texas, USA","United States",29.26542224,-94.83457336,land,saltwater,2026-04-18,"Team Manstina (adopt a beach spring clean up)",13,,13,20.41,0.00,0.00,6,,,,,,,,,,,,,,,,,,,,,,,,,,,,,,,,,,,,,,,,,,,,,
401642,"Pinellas County, FL, USA","Florida, USA","United States",27.801656955466,-82.612946046918,land,inland,2026-04-23,,1,,1,3.35,0.03,0.00,,3,2,2,8,2,1,1,4,5,,,1,,,12,,,,5,,,,,1,,,1,,1,1,,,,1,,,,,,,,,,,51
401643,"Pinellas County, FL, USA","Florida, USA","United States",27.802221925263,-82.609604969153,land,inland,2026-04-23,,1,,1,2.38,0.97,0.00,,6,3,2,14,1,6,2,7,7,,,,,,2,,1,,3,,,,,1,,,,,,2,,,1,1,,,,,,,,,,3,62
401644,"Greater Bridgeport Planning Region, CT, USA","Connecticut, USA","United States",41.255547214533,-73.209509039372,land,inland,2026-04-23,"Trumbull cleanup",1,,1,0.48,3.55,0.00,,,1,,1,,,,1,,,1,,,,,,,,,,,,,,,,,,,,,,,,,1,6,,,,,,,5,16
401646,"New Castle County, DE, USA","Delaware, USA","United States",39.757818129509,-75.553374617165,land,freshwater,2026-04-19,"Brandywine Zoo Litter Getters- April",9,3,12,2.27,0.80,0.00,3,6,9,4,16,3,,16,47,98,1,3,13,3,12,108,6,12,6,2,,,56,2,,1,,4,1,12,7,15,,3,21,2,89,60,,,3,2,,,95,738
401647,"Miami-Dade County, FL, USA","Florida, USA","United States",25.75083435,-80.14599446,land,saltwater,2026-04-23,MUVE,3,,3,8.26,0.25,0.00,,2,3,,3,1,1,,71,,,,6,1,1,8,3,2,4,6,,,3,,,,3,3,2,1,,,,,,,16,,,,,,1,,32,173
401648,"Miami-Dade County, FL, USA","Florida, USA","United States",25.75671543518,-80.14283260439,land,saltwater,2026-04-23,MUVE,3,,3,1.59,1.29,0.00,,3,9,5,3,,,1,17,,,1,3,,1,15,3,5,3,2,,,,,,1,1,1,,1,,,,,,,10,1,,,,1,,,1,88
401649,"Miami-Dade County, FL, USA","Florida, USA","United States",25.689649390988,-80.453007007018,land,inland,2026-04-23,"park rangers",3,,3,0.53,0.00,0.00,,,2,,2,,,,1,,,,,,,5,,,,,,,,,,,3,,,,,,,,,,,1,,,,,,,5,19
401651,"Virginia Beach, VA, USA","Virginia, USA","United States",36.9009023,-75.9911283,land,saltwater,2026-04-22,"The Next Swell",2,,2,0.91,0.00,0.00,,,,,,,1,3,1,1,,,,,,1,1,,,1,,,,,,,,2,,2,,,,,,,,2,,,,,,,4,19
401652,"Fairfax County, VA, USA","Virginia, USA","United States",38.884911952021,-77.273591289302,land,inland,2026-04-23,RBH,1,,1,0.45,3.22,0.00,,,1,,8,2,5,4,10,12,,1,,,2,34,2,2,1,2,,,1,,,,,2,,1,,,,,1,,27,83,,1,,,,,5,207
401653,"Harrison County, MS, USA","Mississippi, USA","United States",30.335316793062,-89.186523891985,land,saltwater,2026-04-23,zoe,1,,1,1.19,0.79,0.00,,3,6,,2,2,2,1,6,17,2,,,,2,4,1,3,,1,,,,,,,,,,,,,,2,,1,,2,,,,,,,27,84
401654,"Yolo County, CA, USA","California, USA","United States",38.5449065,-121.7405167,land,inland,2026-04-23,"putah creek council",1,,1,0.57,0.00,0.00,,,2,,,,,,,,,,,,,2,,,,,,,,,,,,,,,,,,,,,5,4,,,,,,,3,16
401655,"Orange County, NC, USA","North Carolina, USA","United States",36.0765737,-79.0136595,land,inland,2026-04-22,,1,,1,0.91,0.00,0.00,1,,,,,,,,,,,,,,,,,,,,,,,,,,,,,,,,,,,,,,,,,,,,,
401656,"Miami-Dade County, FL, USA","Florida, USA","United States",25.855587607555,-80.144947254905,land,inland,2026-04-12,,1,,1,0.91,0.00,0.00,1,,,,,,,,,,,,,,,,,,,,,,,,,,,,,,,,,,,,,,,,,,,,,
401657,"Miami-Dade County, FL, USA","Florida, USA","United States",25.855587607555,-80.144947254905,land,inland,2026-04-18,,1,,1,0.91,0.00,0.00,1,,,,,,,,,,,,,,,,,,,,,,,,,,,,,,,,,,,,,,,,,,,,,
401658,"Miami-Dade County, FL, USA","Florida, USA","United States",25.855587607555,-80.144947254905,land,inland,2026-04-20,,1,,1,0.91,0.00,0.00,1,,,,,,,,,,,,,,,,,,,,,,,,,,,,,,,,,,,,,,,,,,,,,
401659,"Pinellas County, FL, USA","Florida, USA","United States",27.79915056027,-82.62910425212,land,inland,2026-04-23,,1,,1,0.86,3.70,0.00,,2,2,,3,2,2,,4,4,,,3,,,,,2,1,,,,,,,,,,,,,,,,,1,,1,,1,,,,,3,31
401660,"Miami-Dade County, FL, USA","Florida, USA","United States",25.855587607555,-80.144947254905,land,inland,2026-04-23,,1,,1,0.91,0.00,0.00,1,,,,,,,,,,,,,,,,,,,,,,,,,,,,,,,,,,,,,,,,,,,,,
401661,"Brazoria County, TX, USA","Texas, USA","United States",28.946169,-95.292865,land,saltwater,2026-04-23,SLB,4,,4,11.30,0.00,0.00,,2,2,24,4,,,4,24,5,,,,,,6,,,7,4,6,,,,3,,2,,2,,,,,,,,,,,,,,,,,95
401662,"Pinellas County, FL, USA","Florida, USA","United States",27.81668529074,-82.589881249609,land,inland,2026-04-23,,1,,1,0.64,1.29,0.00,,,1,,,1,,2,2,3,,1,,,,7,,1,1,,,,,,,9,,,2,1,,,,,,,,,,,,,,,5,36
401663,"Pinellas County, FL, USA","Florida, USA","United States",27.852972909704,-82.659269971795,land,inland,2026-04-23,Shalyn,1,,1,1.38,0.34,0.00,,,1,,3,4,,,2,,,,2,,,17,2,,,,,,,,,,,,,,,,,,1,,6,10,,,,,,,,48
401665,"Pinellas County, FL, USA","Florida, USA","United States",27.816218479894,-82.588900492789,land,inland,2026-04-23,Ameya,1,,1,0.88,0.00,0.00,,,2,,1,,,,1,,2,,,,,,,,,,1,,,,1,,,1,,,,,,,1,,2,2,,,,,,,2,16
401666,"Pinellas County, FL, USA","Florida, USA","United States",27.801664536716,-82.612963880128,land,inland,2026-04-23,,1,,1,2.52,0.01,0.00,,2,2,1,5,4,1,,5,,,,,1,1,,,1,1,4,,,,,1,,,2,,1,2,,,,1,,,,,,,,,,5,40
401667,"Erie County, NY, USA","New York, USA","United States",43.015025,-78.775583333333,land,freshwater,2026-04-23,"BNW_Connie at Walton Woods",1,,1,1.06,0.15,0.00,,1,,,1,,,,,1,,,,,,,,,,2,,,,,,,,,,,,,,,,,,2,,,,,,,2,9
401668,"Sacramento County, CA, USA","California, USA","United States",38.69505418,-121.31143568,land,freshwater,2026-04-23,SuperCleanRiver,2,,2,0.80,0.00,0.00,,3,4,,,,1,,,1,,,,,,6,,,,,,,,,,3,1,,,1,,,,,,,5,,,,,,,,4,29
401669,"Erie County, NY, USA","New York, USA","United States",42.8153717,-78.80334598,land,freshwater,2026-04-24,BWKRJZ,1,,1,1.10,0.00,0.00,,,,,,4,,,,,,,2,1,1,1,1,,1,,1,,,,,1,1,,,1,,,,,,,,1,,1,,1,,,,18
401671,"Pinellas County, FL, USA","Florida, USA","United States",27.674156204272,-82.721021919231,land,inland,2026-04-24,Shorecrest,1,,1,0.91,0.00,0.00,1,,,,,,,,,,,,,,,,,,,,,,,,,,,,,,,,,,,,,,,,,,,,,
401672,"Santa Clara County, CA, USA","California, USA","United States",37.2891796607,-121.89296032434,land,inland,2026-04-24,Oracle,1,,1,6.80,0.00,0.00,2,,,,,,,,,,,,,,,,,,,,,,,,,,,,,,,,,,,,,,,,,,,,,
401673,"Erie County, NY, USA","New York, USA","United States",42.8869004,-78.8788896,land,inland,2026-04-24,"BNW MOH",1,,1,0.91,0.00,0.00,1,,,,,,,,,,,,,,,,,,,,,,,,,,,,,,,,,,,,,,,,,,,,,
401674,"Sacramento County, CA, USA","California, USA","United States",38.69288643,-121.31700355,land,freshwater,2026-04-24,SuperCleanRiver,3,,3,1.30,0.00,0.00,,2,3,1,3,5,2,,,1,,,,,,7,2,,,,,,,,,,,,,1,,,,,,2,3,,,,,,,,1,33
401675,"Sacramento County, CA, USA","California, USA","United States",38.63315477338,-121.27143702625,land,inland,2026-04-20,ham,1,,1,0.18,0.25,0.00,,,10,,,,2,,1,,,,,,,,,,,,,,,,1,1,,,,,,,,,,,,,,,,,,,,15
401677,"Miami-Dade County, FL, USA","Florida, USA","United States",25.5868570925,-80.348735195437,land,inland,2026-04-20,Coast-7th,28,,28,35.56,0.10,0.00,,1,,,11,1,,5,37,,1,2,2,,,85,1,,,,,,,,,1,7,6,,,,2,,1,,,142,364,,,,,,1,329,999
401678,"Hampshire County, MA, USA","Massachusetts, USA","United States",42.410641849099,-72.525316047576,land,freshwater,2026-04-23,CRC,1,,1,0.20,0.23,0.00,,1,,,,,,,,3,2,2,,,,,,2,,,,,,,1,,,,,,,,,,,,3,,,,,,,,,14
401680,"Hillsborough County, FL, USA","Florida, USA","United States",27.933316799478,-82.486950423585,land,inland,2026-04-23,,1,,1,4.76,2.41,0.00,,1,2,,2,2,,,1,2,,,,,1,3,,1,,,,,3,,,1,,1,,,,,,,,2,8,,,,,,,,2,32
401682,"San Mateo County, CA, USA","California, USA","United States",37.450598755082,-122.17417228747,land,freshwater,2026-04-22,RCGA,1,,1,0.91,0.00,0.00,1,,,,,,,,,,,,,,,,,,,,,,,,,,,,,,,,,,,,,,,,,,,,,
401684,"Orange County, CA, USA","California, USA","United States",33.456685748749,-117.65825178676,land,inland,2026-04-24,,2,,2,2.65,0.04,0.00,,,1,3,22,,,,,,,,,,,43,,,,,,,,,,,3,,,,4,,,,,,,8,,,,,,,56,140
401688,"Volusia County, FL, USA","Florida, USA","United States",28.927066900847,-80.824411831678,land,saltwater,2026-04-24,Ranger,1,,1,3.86,1.61,0.00,,,1,,1,,3,,10,,,,,,,2,1,1,1,,1,,2,,,1,,1,2,,,,1,,,1,5,,,,,,,,,34
401689,"Palm Beach County, FL, USA","Florida, USA","United States",26.7593798507,-80.037659732625,land,saltwater,2026-04-24,KPBCB,3,,3,23.59,1.29,0.00,,2,3,1,11,2,12,,58,,4,5,8,,8,10,8,4,8,2,,,2,,,,3,4,2,2,,,2,,5,3,3,3,,,,,1,,270,446
401690,"Greater Bridgeport Planning Region, CT, USA","Connecticut, USA","United States",41.282764566945,-73.223327092701,land,inland,2026-04-24,"Trumbull cleanup",1,,1,0.78,0.05,0.00,,,3,,4,,,,,1,,3,,,,4,3,1,,,,,,,,,,,,,,,,,,,7,3,,,,,,,6,35
401692,"Anne Arundel County, MD, USA","Maryland, USA","United States",38.793397215657,-76.706072367536,land,inland,2026-04-24,"Jug Bay 2",4,,4,8.61,0.98,0.00,,1,3,8,120,3,,1,3,1,,,1,,2,,1,,2,,,,,,,29,1,,,1,,,,,2,7,1,9,,,1,,,,56,253
401693,"Prince George's County, MD, USA","Maryland, USA","United States",38.789782637161,-76.711124312337,land,freshwater,2026-04-24,"jug bay",1,,1,7.73,0.62,0.00,,1,,4,75,1,,1,4,,1,,,1,,,,,,1,,,,,,70,4,,1,1,,,,1,1,4,3,3,,,,,,,2,179
401694,"Prince George's County, MD, USA","Maryland, USA","United States",38.79031444,-76.71510565,land,freshwater,2026-04-24,,2,,2,5.22,1.29,0.00,,,2,4,38,,2,,2,,2,4,3,5,1,2,1,,,1,1,,,,,13,1,,,,,,,,1,5,2,4,,,,,,,20,114
401697,"Loudoun County, VA, USA","Virginia, USA","United States",39.086458242204,-77.523396714292,land,saltwater,2026-04-24,"test android",5,,5,11.57,0.00,0.00,,,,50,,,,,,,,,,,,,,,,,,,,,,,,,,,,,,,,,,,,,,,,,,50
401698,"Cumberland County, ME, USA","Maine, USA","United States",43.655803263246,-70.260888399353,land,saltwater,2026-02-23,cuties,1,,1,2.45,0.00,0.00,,3,9,,20,10,,5,3,40,,,,,,20,,5,,2,,,,,,,,,,2,1,,1,,1,,,,,,,,,,,122
401699,"Cook County, IL, USA","Illinois, USA","United States",41.88325,-87.6323879,land,saltwater,2026-04-24,test,1,,1,5.85,0.00,0.00,,,,25,2,1,1,,1,1,,,,,,,,,,,,,,,,,,,,,,,,,,,,,,,,,,,,31
401701,"Hampshire County, MA, USA","Massachusetts, USA","United States",42.371725671819,-72.516828113241,land,freshwater,2026-04-24,CRC,1,,1,1.72,4.02,0.00,,7,3,5,10,3,1,,,,1,2,2,1,2,4,1,1,1,,,,,,2,,,2,,,,,,,,,,,,,,,,,,48
401703,"Yolo County, CA, USA","California, USA","United States",38.5449065,-121.7405167,land,inland,2026-04-24,"putah creek council",1,,1,0.93,0.00,0.00,,,,,,,,,1,1,,,,,,2,,,,,,,,,,2,,,,,,,,,,,7,7,,,,,,,1,21
401706,"San Diego County, CA, USA","California, USA","United States",32.7447861,-117.2476146,land,inland,2026-04-24,JP,1,,1,1.84,0.00,0.00,,,2,1,,1,,,3,16,,,,,,3,,,,,,,,,,,,,,,,,,,1,,8,17,,,,,,,,52
401709,"Loudoun County, VA, USA","Virginia, USA","United States",39.088977882997,-77.526796153413,land,saltwater,2026-04-24,"test android",5,,5,3.63,0.16,0.00,,500,,,,,,,,,,,,,,,,,,,,,,,,,,,,,,,,,,,,,,,,,,,,500
401710,"Prince George's County, MD, USA","Maryland, USA","United States",38.79031988,-76.71516426,land,freshwater,2026-04-24,22,2,,2,9.47,15.98,0.00,,,,9,169,,,,,,,2,,,1,,,,,,,,2,,,22,,,,,,,,,1,1,,,,,,,,,6,213
401711,"San Diego County, CA, USA","California, USA","United States",32.7447861,-117.2476146,land,inland,2026-04-24,JP,1,,1,1.97,0.00,0.00,,,1,,,,,,1,8,,,,,,3,,,,,,,,,,,,,,,,,,,,,11,20,1,,,,,,5,50
401712,"Palm Beach County, FL, USA","Florida, USA","United States",26.884548787936,-80.05604852473,land,saltwater,2026-02-28,"Loggerhead Marinelife Center",130,,130,19.46,0.00,0.00,,20,,4,74,15,,7,74,63,,,4,,11,39,7,11,4,22,,,,,,,,,2,5,,,3,,11,4,531,163,,,,16,,,60,1150
401713,"Palm Beach County, FL, USA","Florida, USA","United States",26.884548787936,-80.05604852473,land,saltwater,2026-03-07,"Loggerhead Marinelife Center",119,,119,22.72,0.00,0.00,,23,,1,22,13,,,55,21,,,5,,4,20,3,5,6,6,,,,,,,,,4,2,,,1,,5,2,11,202,,,,11,,,222,644
401714,"Palm Beach County, FL, USA","Florida, USA","United States",26.783432669074,-80.043044835953,land,saltwater,2026-03-14,"Loggerhead Marinelife Center",13,,13,18.55,0.00,0.00,,20,,3,29,30,,5,70,91,,,12,,3,34,10,15,10,3,,,,,,,,,2,11,,,,,25,7,22,100,,,,,,,87,589
401715,"San Mateo County, CA, USA","California, USA","United States",37.63528124126,-122.49408299866,land,saltwater,2026-04-24,Abilitypath,6,,6,6.77,0.45,0.00,,,1,2,,,6,12,2,208,3,,1,,,28,,3,1,8,,,,,,,,65,,,,,,,2,,1,31,,,,7,,,14,395
401716,"Volusia County, FL, USA","Florida, USA","United States",28.911690393298,-80.852566638407,land,saltwater,2026-04-24,Ranger,1,,1,0.27,0.80,0.00,,,5,,,,,,4,,,,,,,,2,,,,,,,,,,2,,,,,,,,,,,,,,,,,,2,15
401717,"Broward County, FL, USA","Florida, USA","United States",26.235110427213,-80.089230579733,land,saltwater,2026-04-24,Broward,1,,1,2.32,0.26,0.00,,,2,,,,,2,4,45,,1,1,,,8,3,5,1,,,,,,,,,1,,,,,,,1,1,,30,,,,,,,43,148
401718,"Virginia Beach, VA, USA","Virginia, USA","United States",36.746453355455,-75.944109439096,land,saltwater,2026-04-22,LRNow,14,4,18,10.16,1.61,0.00,2,8,5,6,2,3,1,3,29,156,3,1,3,,9,43,8,6,4,5,,,13,,,3,,4,1,8,,,7,1,,9,32,25,2,1,,1,,,96,498
401719,"Los Angeles County, CA, USA","California, USA","United States",34.15978353,-118.14023274,land,inland,2026-04-24,acosta,2,,2,18.31,0.53,0.00,,24,3,7,8,4,7,36,7,18,6,33,17,3,29,115,3,7,6,,,,2,1,,1,1,1,3,5,,,1,3,1,,1,3,3,,,4,,,5,368
401720,"Pinellas County, FL, USA","Florida, USA","United States",27.7671271,-82.6384451,land,saltwater,2026-04-24,"Earth Day",1,,1,1.03,0.00,0.00,,2,5,,2,,1,1,4,,1,,,,2,,2,,,,,,,,,,1,1,,2,,,,8,,,2,,,,,,,,17,51
401722,"Pinellas County, FL, USA","Florida, USA","United States",27.853014829046,-82.659361612919,land,inland,2026-04-24,Shalyn,1,,1,1.95,0.80,0.00,,,,,4,1,,,1,2,,1,,,,9,1,1,,,,,,1,,,1,,,2,,,,,2,,6,11,,,,,,,,43
401730,"San Mateo County, CA, USA","California, USA","United States",37.631766689841,-122.49367986236,land,saltwater,2026-04-24,pacifica,2,,2,0.50,0.47,0.00,,,1,,,,,,1,33,,,,,,,,,,,,,,,,,,1,,,,,,,,,2,6,,1,,,,,,45
401735,"Santa Clara County, CA, USA","California, USA","United States",37.453109611582,-122.09363105588,land,saltwater,2026-04-25,fedo,1,,1,0.03,3.26,0.00,,,,,,,,,1,2,,,,,,2,,,,,,,,,,,,2,,,,,,,,,,,,,,,,,1,8
401736,"Galveston County, TX, USA","Texas, USA","United States",29.227028257783,-94.896435070045,land,saltwater,2026-04-18,"hanwha ocean",1,,1,1.69,0.13,0.00,,,,,,,,6,,,,,,,,,4,,,,,,,,,,,6,,,,,,,,,13,15,,,,,,,16,60
401737,"Galveston County, TX, USA","Texas, USA","United States",29.226972790442,-94.896283697809,land,saltwater,2026-04-18,"Hanwha Ocean",1,,1,2.32,0.03,0.00,,10,2,3,20,4,2,,20,,,112,,,,,,,,,,,,,,,,,,,,,,,,,,,,,,,,,,173
401738,"Brazoria County, TX, USA","Texas, USA","United States",29.027294370729,-95.186791112782,land,saltwater,2026-04-18,SLB,2,,2,3.31,1.29,0.00,,,,,2,3,,,30,,2,2,,,,,6,2,5,3,,,,,,,7,,,,3,,1,,2,3,,,,1,,,,,,72
401740,"Palm Beach County, FL, USA","Florida, USA","United States",26.335460503179,-80.072532915891,land,saltwater,2026-04-21,Broward,1,,1,6.95,0.16,0.00,,,9,,3,,,,20,2,,,20,1,2,,2,12,4,6,,,,,,,,,,1,,,,,1,4,43,4,,,,,,,50,184
401741,"Palm Beach County, FL, USA","Florida, USA","United States",26.335812245637,-80.072836547664,land,saltwater,2026-04-21,"BOCA SOB",1,,1,0.77,0.00,0.00,,6,,,,,,1,1,,,,,,,4,,3,6,,1,,,,,,,,,,,,,,,,,1,,,,,,,,23
401742,"Deschutes County, OR, USA","Oregon, USA","United States",44.086613951067,-121.31099459628,land,inland,2026-04-24,Oracle,1,,1,2.97,0.76,0.00,,7,,,,2,4,,,19,1,1,,,,,4,,,,,,,,1,,,3,,6,,,1,3,13,,11,13,,,,,,,6,95
401743,"Santa Clara County, CA, USA","California, USA","United States",37.289145947087,-121.89290977554,land,inland,2026-04-25,Oracle,1,,1,3.40,0.00,0.00,1,,,,,,,,,,,,,,,,,,,,,,,,,,,,,,,,,,,,,,,,,,,,,
401745,"Virginia Beach, VA, USA","Virginia, USA","United States",36.798696343779,-76.076349521063,land,saltwater,2026-04-25,Snook,1,,1,0.02,0.00,0.00,,,,,,,,,,2,,,,,,1,,1,,,,,,,,,,1,,,,,,,,,,,,,,,,,4,9
401746,"Alameda County, CA, USA","California, USA","United States",37.50685457,-121.93154928,land,inland,2026-04-25,Monkeys,3,,3,1.96,1.90,0.00,,1,1,1,7,1,,1,,17,,,3,,1,8,2,3,,,,,1,,,1,,,,,,,,1,,,,1,,,,,,,,50
401750,"Los Angeles County, CA, USA","California, USA","United States",34.165976817336,-118.0297685602,land,saltwater,2026-04-25,,1,,1,0.01,2.54,0.00,,1,,,,,,,,,,,,,,,,,,,,,,,,,,,,,,,,,,,,,,,,,,,,1
401753,"Greater Bridgeport Planning Region, CT, USA","Connecticut, USA","United States",41.259450434382,-73.200217317339,land,inland,2026-04-25,"Trumbull cleanup",1,,1,2.81,2.51,0.00,,,1,1,14,4,,,,,,2,1,,,3,1,,1,,,,1,,,,,,,1,1,1,,1,,,5,6,,,,,,,1,45
401757,"Erie County, NY, USA","New York, USA","United States",42.95178869,-78.79895679,land,inland,2026-04-24,BNWkap,1,,1,0.06,0.02,0.00,,,,,,,,,,,,,,,,,,,,,,,,,,,,,,,,,,,,,,1,,,,,,,,1
401759,"Hillsborough County, FL, USA","Florida, USA","United States",28.087187685518,-82.348528344454,land,inland,2026-04-25,"Mom & Daughter",2,,2,0.21,2.55,0.00,,,,,,1,,,1,,,1,,,,4,3,1,,,,,,,,,,,,,,,,,,,,2,,,,,,,,13
401762,"Genesee County, NY, USA","New York, USA","United States",42.989001050591,-78.161378754303,land,freshwater,2026-04-25,"BNW Dewitt",1,,1,1.02,0.12,0.00,,1,,4,2,,,3,,7,,,,,1,,2,,,,,,,,,,,,,,,,,,,,,,,,,,,,,20
401769,"Erie County, NY, USA","New York, USA","United States",42.766296325796,-78.599531901188,land,freshwater,2026-04-25,"BNW Gill",2,,2,130.12,0.00,0.00,,7,15,14,8,11,4,4,7,44,4,3,26,4,5,19,19,7,4,3,1,2,,,1,3,2,3,25,9,5,3,2,7,16,2,7,12,34,2,4,1,13,5,1,368
401773,"Genesee County, NY, USA","New York, USA","United States",42.988949627616,-78.16131924279,land,freshwater,2026-04-25,"BNW Dewitt",1,,1,0.23,0.05,0.00,,1,3,,,4,1,,,51,,,2,,2,2,,,1,,,,,,,,,,2,,,,,,,,,,,,,,,,12,81
401776,"Milwaukee County, WI, USA","Wisconsin, USA","United States",43.01212308,-88.01102238,land,inland,2026-04-23,,1,,1,0.29,0.00,0.00,,5,,,,4,2,,2,,2,1,,2,2,3,3,,,,,,,,,,,,,,,,,,,,,,,,,,,,,26
401778,"Erie County, NY, USA","New York, USA","United States",42.928433125811,-78.758480862176,land,inland,2026-04-10,"BNW-Cheektowaga Town Park",1,,1,1.14,0.00,0.00,,3,2,3,2,2,,,2,1,2,,,,,2,1,,,,,,,,,,,,,,,,,,,1,1,,,,,,,,,22
401779,"Erie County, NY, USA","New York, USA","United States",42.902478088476,-78.68494060864,land,inland,2026-04-25,"BNW Keira Bodkin",1,,1,0.45,0.02,0.00,,,15,,2,2,,,,3,4,3,,,,,4,,,,,,,,,2,,,,,,,,2,,,,,,,,,,,10,47
401780,"Erie County, NY, USA","New York, USA","United States",42.879514357595,-78.887694061061,land,freshwater,2026-04-25,"BNW Erie Basin Marina",4,,4,2.18,0.30,0.00,,,,,,,,4,12,20,2,,1,1,,3,,4,,,,,,,,4,,,,,,,,,1,,23,10,,1,,,,,31,117
401781,"Niagara County, NY, USA","New York, USA","United States",43.087660810796,-79.023231147317,land,inland,2026-04-25,"BMW Gill Creek",3,,3,1.14,0.21,0.00,,3,,,3,8,,,,2,,,,1,1,12,,,,,,,,,,,,,2,1,,2,,,,,,7,,,,2,,,,44
401782,"Galveston County, TX, USA","Texas, USA","United States",29.27513566,-94.81263357,land,saltwater,2026-04-25,GGCS,31,,31,0.62,0.14,0.00,,,,1,5,,,,67,20,13,,,,,,,10,17,,,,,,,,,,,,,,,,,,,,,,,,,,13,146
401783,"Niagara County, NY, USA","New York, USA","United States",43.087981998712,-79.022377768026,land,inland,2026-04-25,"BNW Gill Creek",3,,3,1.79,0.00,0.00,,3,1,2,1,2,7,4,10,5,,3,2,,,11,4,2,1,,,,,,,2,,,2,2,,3,1,,,,,2,2,,,,,,83,155
401784,"Erie County, NY, USA","New York, USA","United States",42.94764516161,-78.840238888537,land,inland,2026-04-12,"BNW VanDoherty",2,,2,3.29,0.52,0.00,,12,,,4,,,,20,6,,,17,8,2,3,3,7,,3,,,,,,8,,4,12,,,,,,,,10,4,,,,,,10,12,145
401785,"Erie County, NY, USA","New York, USA","United States",42.763079360398,-78.877950124798,land,freshwater,2026-04-25,"BNW Hamburg Beach",1,,1,12.95,2.58,0.00,,1,18,1,11,14,1,1,6,33,4,11,,,,10,5,11,2,2,,,6,,,18,3,,,1,,,,,3,1,10,25,,,,,,,71,269
401786,"Erie County, NY, USA","New York, USA","United States",42.86518460767,-78.866985265851,land,inland,2026-04-25,"BNW_Ohio Street",15,,15,17.93,1.02,0.00,,21,11,10,,15,,29,7,76,,,3,,,52,22,9,6,7,,,,1,9,13,,4,,6,2,,,,5,,4,,,,1,,,,4,317
401787,"Erie County, NY, USA","New York, USA","United States",42.763063751206,-78.878480033586,land,freshwater,2026-04-25,BNWHamburg,4,,4,12.92,0.09,0.00,,,20,,20,10,2,,10,,,3,,10,10,7,8,10,,2,,,,1,,22,2,,3,2,,,,,2,,,,,,,,,,100,244
401788,"Galveston County, TX, USA","Texas, USA","United States",29.27509409,-94.81257875,land,saltwater,2026-04-25,"Galveston Golf Cart Society",31,,31,3.13,0.52,0.00,,,4,1,1,,2,5,51,24,3,2,,1,,5,5,11,5,4,,,,,,,,,,1,,,,2,,1,2,2,1,1,,,,2,19,155
401789,"Newport County, RI, USA","Rhode Island, USA","United States",41.5044747,-71.32773005,land,saltwater,2026-04-25,"Save The Bay, Rhode Island",2,,2,10.84,2.25,0.00,,,8,12,2,10,,3,5,17,3,,2,,,,5,8,6,,10,,,,,4,10,4,,,,,,,5,,,10,,,,3,,,27,154
401792,"Milwaukee County, WI, USA","Wisconsin, USA","United States",43.11369943,-87.93371022,land,freshwater,2026-04-25,,2,,2,3.90,0.66,0.00,,46,16,,34,4,3,,16,,13,5,20,2,2,74,17,10,,,,,,,,1,,1,,1,,1,,2,5,1,5,1,1,,,3,,,,284
401793,"Erie County, NY, USA","New York, USA","United States",42.829296130287,-78.773191420465,land,freshwater,2026-04-25,"bnw cazenovia creek@senecaandridge",1,,1,21.43,0.12,0.00,,5,15,5,4,2,,2,2,96,15,,,,,11,9,12,9,,,,,2,,2,,,,6,,,,7,2,1,,,,,,,,,18,225
401794,"Galveston County, TX, USA","Texas, USA","United States",29.275077707134,-94.812618149444,land,saltwater,2026-04-25,GGCS,31,,31,2.28,0.63,0.00,,,,,,,,6,11,,1,,,,,3,,5,,1,,,,,,,8,,,,4,,,,1,,10,4,,,,,,,21,75
401795,"Erie County, NY, USA","New York, USA","United States",42.763060526173,-78.873484818464,land,freshwater,2026-04-25,"BNW Hamburg Beach",4,,4,45.36,0.80,0.00,,,,5,11,11,2,2,,4,,1,,,,9,2,2,2,,15,,,2,,5,1,,4,,,,2,,,,16,4,,,,,,,46,146
401796,"Erie County, NY, USA","New York, USA","United States",42.931892484095,-78.874137733924,land,freshwater,2026-04-25,BNW,1,,1,1.02,0.37,0.00,,,1,,3,1,,2,2,12,3,,,,,6,,2,,,,,,,,,,,,2,,,,,,,5,4,,,,,,,,43
401797,"Galveston County, TX, USA","Texas, USA","United States",29.269985781848,-94.820286739608,land,saltwater,2026-04-25,"Galveston golf cart Society",31,,31,0.37,1.29,0.00,,,,,,,,,,,,,,,,,,,,,,,,,,,,1,,2,,,,,5,,,,,,,,,,77,85
401798,"Galveston County, TX, USA","Texas, USA","United States",29.27510694,-94.81263693,land,saltwater,2026-04-25,GGCS,31,,31,4.29,0.57,0.00,,,,,,,,8,20,13,,,,,,4,8,7,12,3,,,,,,2,3,5,1,,,,,,,2,25,8,,,,,,,24,145
401799,"Galveston County, TX, USA","Texas, USA","United States",29.27513603,-94.81262031,land,saltwater,2026-04-25,GGCS,31,,31,9.12,0.61,0.00,,,,,1,,,,24,8,,,,,,,1,1,4,3,12,,,,,,,,,,,,,,,,16,,,,,,,,8,78
401800,"Niagara County, NY, USA","New York, USA","United States",43.057072542918,-78.900637681696,land,freshwater,2026-04-25,"bnw gratwick",1,,1,2.48,0.45,0.00,,,,1,5,3,,3,10,31,6,8,6,,,55,7,22,,1,,,,,,,,,1,1,,,,,2,1,,1,4,,,,,,65,233
401801,"Erie County, NY, USA","New York, USA","United States",42.846221310544,-78.859565100412,land,inland,2026-04-25,bnw,1,,1,1.80,0.13,0.00,,,6,1,4,3,,,,,,,,,,10,,1,2,1,,,,,,6,,,,1,,,,,,1,3,,,,,,,,,39
401802,"Erie County, NY, USA","New York, USA","United States",42.857970920096,-78.869534817528,land,inland,2026-04-25,"BNW outer harbor",1,,1,1.46,0.30,0.00,,,1,1,16,32,,,,,,,5,,,9,,1,,,,,,,,,,,,,,,,,3,,1,1,,,,,,,,70
401803,"Niagara County, NY, USA","New York, USA","United States",43.056594403068,-78.900007241,land,freshwater,2026-04-25,"BNW Gratwick",1,,1,1.09,0.86,0.00,,,,,3,1,4,9,25,50,,,,1,,20,10,4,,,,,,,,1,,2,,,5,,,,,,,8,,,,,,,75,218
401804,"Erie County, NY, USA","New York, USA","United States",42.918819212826,-78.875000357073,land,freshwater,2026-04-25,"BNW Hoyt Lake",1,,1,11.75,0.00,0.00,,6,,6,13,4,,,8,15,7,,5,4,,20,10,12,2,,,,,1,,,,,,,,1,,,,,,,6,,,,,,,120
401805,"Virginia Beach, VA, USA","Virginia, USA","United States",36.845042680324,-75.983464211005,land,saltwater,2026-04-25,,1,,1,0.34,0.02,0.00,,1,,1,1,1,1,1,1,1,1,1,,,1,1,,1,,,,,,,,,,,,,,,,,,,,,,,,,,,,13
401806,"Erie County, NY, USA","New York, USA","United States",42.93384649,-78.90682852,land,inland,2026-04-25,"BNW Unity (Eckmair)",1,,1,1.36,0.42,0.00,,,2,2,,,3,51,20,4,1,,3,,,11,1,6,21,,,,,,,1,,8,,,1,2,,,4,1,,,,,,,,,2,144
401807,"Erie County, NY, USA","New York, USA","United States",42.933842,-78.90681009,land,inland,2026-04-25,"BNW Unity (Moore)",1,,1,4.34,0.93,0.00,,2,4,2,,,1,40,22,,,1,4,,,40,8,13,24,,,,1,,,,,,,2,,,,,,5,1,2,3,1,,,,,31,207
401808,"Galveston County, TX, USA","Texas, USA","United States",29.275073944083,-94.812664739873,land,saltwater,2026-04-25,GGCS,31,,31,0.01,0.00,0.00,,,,,,,,1,1,1,,,,,,,1,1,1,,,,,,,,,,,,,,,,,,,,,,,,,,1,7
401809,"Erie County, NY, USA","New York, USA","United States",42.870387157093,-78.856380391021,land,freshwater,2026-04-25,,2,,2,3.40,0.00,0.00,1,,,,,,,,,,,,,,,,,,,,,,,,,,,,,,,,,,,,,,,,,,,,,
401810,"Niagara County, NY, USA","New York, USA","United States",43.087850619839,-79.022514075522,land,inland,2026-04-25,"BNW Gill Creek Park",7,,7,20.64,0.16,0.00,,21,5,9,48,12,22,8,83,49,1,8,18,4,2,151,32,69,4,,3,,6,,1,,1,,26,3,,,1,17,2,13,2,1,,4,2,2,5,,5,640
401811,"Erie County, NY, USA","New York, USA","United States",42.841839633058,-78.864910438215,land,inland,2026-04-25,BNW,2,,2,5.85,1.93,0.00,,,,5,1,,,3,2,3,2,,,,5,2,,2,,4,1,,1,,,1,1,1,,,,,1,,,1,,,1,,1,,,,20,58
401812,"Erie County, NY, USA","New York, USA","United States",42.974374432299,-78.76173983426,land,freshwater,2026-04-25,"BNW Unity Island",3,,3,5.01,0.04,0.00,,1,1,5,2,2,,147,68,2,8,3,6,5,9,28,5,10,34,,,,,,,3,,,,1,2,,,,5,4,19,,,,,,,,61,431
401813,"Orleans County, NY, USA","New York, USA","United States",43.265216737054,-78.39375176467,land,inland,2026-04-25,BNWIroquoisNWR,6,,6,1.86,2.41,0.00,,,4,5,,1,,,2,20,,,,,,5,1,,1,,,,,,,1,,2,,,,,,,,1,,1,,,1,,,,7,52
401814,"Erie County, NY, USA","New York, USA","United States",42.95331051727,-78.677561995857,land,freshwater,2026-04-25,,3,,3,20.64,1.45,0.00,,1,4,3,3,3,,,,21,1,,5,,,,2,1,,,,,,2,,6,,,,,,,3,,,,1,10,,,,3,,,7,76
401815,"Erie County, NY, USA","New York, USA","United States",42.849941794143,-78.803307427894,land,freshwater,2026-04-25,BNW_Seneca_South,3,,3,10.21,0.00,0.00,3,,,,,,,,,,,,,,,,,,,,,,,,,,,,,,,,,,,,,,,,,,,,,
401816,"Erie County, NY, USA","New York, USA","United States",42.890911653484,-78.873962575051,land,inland,2026-04-25,"buffalo waterkeeper",1,,1,15.64,0.04,0.00,,8,3,8,30,12,7,2,10,,,,18,2,,10,10,20,3,,,,9,,,,3,6,,5,2,2,,,3,,2,,,,,4,,,6,185
401818,"Niagara County, NY, USA","New York, USA","United States",43.05522935,-78.90027063,land,freshwater,2026-04-25,"bnw gratwick",2,,2,13.95,0.78,0.00,,2,21,,2,,3,5,36,20,6,1,9,,1,41,9,32,2,3,,,1,1,,1,,,6,1,,,1,2,20,1,2,,1,,,,,,84,314
401819,"Genesee County, NY, USA","New York, USA","United States",43.112547621131,-78.403413752094,land,inland,2026-04-25,"BNW Iroquois nwr",1,,1,1.45,7.04,0.00,,,15,1,,11,,,1,46,,,4,,,4,1,1,,,,,,,1,,,,,,,,,,21,,3,1,,,1,,,,1,112
401821,"Erie County, NY, USA","New York, USA","United States",42.937760292631,-78.889521795114,land,freshwater,2026-04-25,,1,,1,61.02,1.88,0.00,,5,7,1,,4,1,6,4,154,,,,,,31,5,4,,,,1,,,,,,,,,2,,,,1,,37,,1,,,,2,,,266
401822,"Erie County, NY, USA","New York, USA","United States",42.91577732,-78.78682993,land,inland,2026-04-25,BNWkap,1,,1,13.78,2.72,0.00,,9,15,1,5,,9,5,9,16,8,1,15,,1,33,8,16,3,1,,,5,,1,17,5,1,2,1,3,,,11,6,2,21,37,,,,1,,,48,316
401823,"Erie County, NY, USA","New York, USA","United States",42.849950240152,-78.803504414653,land,inland,2026-04-25,BNW_Seneca_South,3,,3,10.77,0.02,0.00,,5,1,3,5,5,4,10,9,155,1,2,26,,,18,12,27,3,,,,7,,,,,,1,2,,3,,,13,,,,,,,,,,24,336
401824,"Erie County, NY, USA","New York, USA","United States",42.747851265594,-78.900951789692,land,freshwater,2026-04-25,,1,,1,34.02,0.00,0.00,10,,,,,,,,,,,,,,,,,,,,,,,,,,,,,,,,,,,,,,,,,,,,,
401825,"Genesee County, NY, USA","New York, USA","United States",43.112461154915,-78.403503110982,land,inland,2026-04-25,bnwiroquoisnwr,2,,2,2.14,8.52,0.00,,3,1,4,2,7,,,2,5,,1,,,,6,,,2,,,,,,,,,,,,,,,,,3,1,3,,,,,,1,3,44
401826,"Genesee County, NY, USA","New York, USA","United States",43.112669185585,-78.403814829736,land,inland,2026-04-25,"bnw iroquois nwr",5,,5,6.00,3.80,0.00,,9,6,8,4,4,1,4,,4,1,1,3,,,1,,,,,,,2,,,,,,,,,,,1,1,,,19,2,,,,1,,11,83
401827,"Genesee County, NY, USA","New York, USA","United States",43.11258037,-78.40371787,land,inland,2026-04-25,BNWIroquoisNWR,3,,3,3.36,7.40,0.00,,1,,4,4,71,,,,2,,,,,,18,,,,,,,,,,,,,,1,,,,,2,1,,9,,,,,,,1,114
401828,"Genesee County, NY, USA","New York, USA","United States",43.001995850228,-78.168448538848,land,freshwater,2026-04-25,"Buffalo Niagara Waterkeeper",1,,1,1.91,1.61,0.00,,,3,2,2,2,,4,,30,4,2,2,,,6,5,6,4,,,,,,,1,1,,,1,,,,,2,2,2,,,4,1,,,,4,90
401829,"Erie County, NY, USA","New York, USA","United States",42.747468691532,-78.900061776319,land,freshwater,2026-04-25,"Brayden, Mathais, Kayleyn",3,,3,33.90,0.00,0.00,,2,2,1,20,16,,,4,5,,2,11,,5,5,10,9,,3,3,,8,2,,6,4,1,2,1,,,2,5,,,3,,,,,,,,4,136
401830,"Niagara County, NY, USA","New York, USA","United States",43.051434957384,-78.889390777887,land,inland,2026-04-25,"BNW GRATWICK",20,,20,6.97,1.26,0.00,,3,20,,9,3,,3,17,166,,,,,,6,4,10,4,12,1,,,,,2,,3,2,1,,,,,6,,,,,,,,,,2,274
401831,"Erie County, NY, USA","New York, USA","United States",42.863424240062,-78.820339476626,land,inland,2026-04-25,bnw_seneca_north,3,,3,23.99,1.56,0.00,,2,2,10,44,12,8,20,51,140,6,7,40,2,3,133,18,5,6,2,,,11,,,,9,,1,1,2,,2,,24,2,1,15,,,,11,1,,134,725
401832,"Erie County, NY, USA","New York, USA","United States",42.905382951304,-78.839214102393,land,inland,2026-04-25,"BNW MLK PARK- Cucinottas",2,,2,5.91,0.26,0.00,,15,5,3,10,2,2,25,18,40,26,4,4,4,4,50,6,11,15,,,,1,,,,,,1,,,,,,4,1,,30,2,,,,,,100,383
401833,"Erie County, NY, USA","New York, USA","United States",42.91572124,-78.78691133,land,inland,2026-04-25,BNWKRP,1,,1,1.97,1.84,0.00,,3,3,2,5,,3,1,5,24,6,4,3,7,4,6,7,1,,,,,,,,5,,,,,2,,,,34,,1,1,,,,,,,23,150
401835,"Erie County, NY, USA","New York, USA","United States",42.916288902135,-78.901274993979,land,freshwater,2026-04-25,"buffalo river keepers - Freedom Park",4,,4,10.02,0.08,0.00,,,,6,10,10,,40,25,1288,,,8,,,71,,16,,2,,,,,,,,,,,25,,,,24,,74,23,1,,,,,,,1623
401836,"Erie County, NY, USA","New York, USA","United States",42.902358710884,-78.685173759352,land,inland,2026-04-25,,1,,1,2.33,0.21,0.00,,,,,1,10,3,,2,6,5,7,3,5,,6,10,14,2,,,,,,,2,,1,,3,,,,,3,,10,10,,,,,,,11,114
401838,"Galveston County, TX, USA","Texas, USA","United States",29.275795917656,-94.812613396747,land,saltwater,2026-04-25,GGCS,31,,31,22.17,0.10,0.00,,,,,,,,90,51,88,,,,,,26,18,57,18,38,,,,,,17,9,,5,4,,,,,,,23,10,,6,,,3,,85,548
401839,"Niagara County, NY, USA","New York, USA","United States",43.048318317762,-78.894465581013,land,inland,2026-04-25,"BNW Gratwick",15,,15,3.37,4.24,0.00,,1,2,,3,,,15,18,28,7,,,,,8,1,5,,1,4,,,,,2,,1,1,,1,,,2,,,3,,,,,,1,2,54,160
401840,"Genesee County, NY, USA","New York, USA","United States",43.112640410988,-78.403825401926,land,inland,2026-04-25,"BNw Iroquios NWR",1,,1,7.75,7.54,0.00,,,2,,,,6,13,2,175,5,4,4,,1,8,3,2,,,1,,1,,,,,,,,,,,,,,86,15,,,,,,2,66,396
401841,"Erie County, NY, USA","New York, USA","United States",42.938600392572,-78.886548721919,land,freshwater,2026-04-25,"Buffalo Niagara Waterkeepers Clean Sweep",2,,2,22.68,0.80,0.00,,24,13,6,24,12,6,19,36,25,16,12,12,6,6,24,18,12,12,,6,1,1,,2,12,6,2,2,24,6,6,1,6,6,1,6,6,3,,,,1,,12,393
401842,"Niagara County, NY, USA","New York, USA","United States",43.055350034134,-78.900612738031,land,freshwater,2026-04-25,"BNW Gratwick",1,,1,7.23,0.40,0.00,,1,5,,2,,,3,9,30,12,,,,,7,10,12,,3,4,,2,,,3,3,5,,,,,,,4,1,1,,1,3,,,,1,31,153
401843,"Erie County, NY, USA","New York, USA","United States",42.893510095501,-78.871549542027,land,freshwater,2026-03-31,,1,,1,5.51,0.00,0.00,,2,,7,32,3,6,1,3,184,,,7,2,8,73,3,3,1,,,,1,,,,1,3,,,,,,2,,,,1,,,1,,,,,344
401844,"Erie County, NY, USA","New York, USA","United States",42.764927,-78.876998,land,freshwater,2026-04-25,"bnw haburg beach",4,,4,38.42,2.25,0.00,,,1,,4,15,3,,50,34,,,12,,,18,10,50,,12,,,2,3,,4,1,2,,5,3,1,2,,8,1,3,2,1,,1,1,,,100,349
401845,"Niagara County, NY, USA","New York, USA","United States",43.055256584392,-78.900294375584,land,freshwater,2026-04-25,"BNW Gratwick",1,,1,29.08,0.00,0.00,,15,9,10,32,20,1,3,48,76,7,,27,5,30,17,12,7,3,,26,,,,,4,18,3,,3,,,,5,22,,19,77,,,,,,6,10,515
401846,"Milwaukee County, WI, USA","Wisconsin, USA","United States",42.995038334649,-87.96750190655,land,inland,2026-04-25,Estrada,3,,3,3.61,0.39,0.00,,16,4,3,7,5,3,6,8,7,4,4,4,6,1,8,5,,6,,,,,,,7,7,,1,3,,,,1,1,1,3,1,,,,4,,,8,134
401847,"Orleans County, NY, USA","New York, USA","United States",43.13633785,-78.37104416,land,inland,2026-04-25,"BNW iroquois NWR",3,,3,5.29,0.30,0.00,,,15,4,8,15,6,,,135,1,,6,,2,,3,2,,1,,,,,,2,1,3,,,,3,,3,12,,10,31,,,,1,,,67,331
401848,"Erie County, NY, USA","New York, USA","United States",42.902039626122,-78.684791856609,land,inland,2026-04-25,"BNW Cayuga Creek",2,,2,2.30,8.68,0.00,,1,,1,2,1,2,,4,29,,3,2,,,8,6,6,1,,,,,,,10,1,,,,,,,,2,,14,8,,1,,2,,,12,116
401849,"Yolo County, CA, USA","California, USA","United States",38.5449065,-121.7405167,land,inland,2026-04-25,"putah creek council",1,,1,2.66,0.00,0.00,,,6,,1,,,,1,,,,2,,,2,2,1,1,,,,1,,,,,,,,,,,,,,11,11,,,,,,,8,47
401850,"Genesee County, NY, USA","New York, USA","United States",43.112651279858,-78.403827463819,land,inland,2026-04-25,"BNW Iroquois NWR",2,,2,7.80,0.00,0.00,,10,10,13,33,27,3,17,17,1008,,6,,,11,16,5,19,12,,,,,,2,10,,5,,5,5,5,4,4,7,,,,3,,,2,,,,1259
401851,"Genesee County, NY, USA","New York, USA","United States",43.121256570486,-78.449393998552,land,inland,2026-04-25,"BNW Iroquois NWR",5,,5,1.32,1.53,0.00,,,,,3,5,1,,,26,,3,,,,2,1,2,,,,,,,,,,1,,,,,,,,,4,14,,,,,,,3,65
401852,"Milwaukee County, WI, USA","Wisconsin, USA","United States",43.103026765609,-87.92982154613,land,freshwater,2026-04-25,Rose,1,,1,2.12,0.65,0.00,,6,9,,12,4,3,,4,6,4,,,3,,11,4,4,3,,,,,,,5,2,1,4,,,,,6,,1,8,,,,,4,,,30,134
401853,"Milwaukee County, WI, USA","Wisconsin, USA","United States",43.022931971385,-87.906534203755,land,freshwater,2026-04-25,Ducks,2,,2,8.71,1.61,0.00,,20,7,11,5,13,4,5,3,43,3,8,3,,4,12,2,4,2,1,,,3,,,2,3,2,1,1,,2,,,2,,4,2,1,,,1,1,,2,177
401854,"Erie County, NY, USA","New York, USA","United States",42.86078181,-78.82143059,land,freshwater,2026-04-25,bnw_mungovan,1,,1,31.73,0.04,0.00,,20,100,50,100,250,50,,200,1000,,,100,50,20,200,100,,,,,,2,,,,5,,,10,5,,6,,,,2,2,,,,,,,6,2278
401855,"Broward County, FL, USA","Florida, USA","United States",26.112954964067,-80.10524990372,land,saltwater,2026-04-25,"Sandy Paws Animal Hospital",1,,1,4.54,1.93,0.00,,,,,2,,5,,10,4,,,1,1,1,8,8,,7,7,,,,,,2,1,5,1,,,,5,,,2,19,,,,,,,,37,126
401856,"Erie County, NY, USA","New York, USA","United States",42.929840898156,-78.895783445196,land,inland,2026-04-25,"BNW-SCAJCW Believe in Black Rock",1,,1,14.04,0.15,0.00,,4,1,1,5,2,,2,11,110,,1,3,,1,25,5,7,7,,3,,5,,,3,4,1,1,4,,2,2,,,,47,17,1,,,1,,,132,408
401857,"Erie County, NY, USA","New York, USA","United States",42.938699995328,-78.88673680504,land,freshwater,2026-04-25,,2,,2,2.58,0.09,0.00,,6,1,2,18,,4,4,3,2,3,,3,1,1,23,5,5,1,,,,,,,3,,,,,3,3,,4,20,2,,,,,,,,,58,175
401858,"Milwaukee County, WI, USA","Wisconsin, USA","United States",43.04565106,-87.88681433,land,inland,2026-04-25,"Mom and TJ",2,,2,0.68,2.09,0.00,,,,1,,,,1,,3,,,,,,1,,1,,,,,,,,,,1,,,,,,,,,,,,,,,,,,8
401859,"Fayette County, Lexington, KY, USA","Kentucky, USA","United States",38.056311335773,-84.496778941652,land,inland,2026-04-25,"Bluegrass Greensource",5,,5,3.40,0.00,0.00,1,,,,,,,,,,,,,,,,,,,,,,,,,,,,,,,,,,,,,,,,,,,,,
401860,"Erie County, NY, USA","New York, USA","United States",42.922218333333,-78.7761,land,freshwater,2026-04-25,"BNW Cheektowaga Town Park",4,,4,20.41,0.00,0.00,3,,,,,,,,,,,,,,,,,,,,,,,,,,,,,,,,,,,,,,,,,,,,,
401861,"Erie County, NY, USA","New York, USA","United States",42.982423906216,-78.749788413508,land,freshwater,2026-04-25,"Buffalo Niagara Waterkeepers",3,,3,13.61,0.00,0.00,4,,,,,,,,,,,,,,,,,,,,,,,,,,,,,,,,,,,,,,,,,,,,,
401862,"Galveston County, TX, USA","Texas, USA","United States",29.302387501711,-94.776616881684,land,saltwater,2026-04-25,,2,,2,0.08,0.02,0.00,,,,,,,,10,10,1,,,2,,,,1,,3,,,,,,,,,,,,,,,,,,,,,,,,,,,27
401863,"Sevier County, TN, USA","Tennessee, USA","United States",35.803773340355,-83.573021856096,land,freshwater,2026-04-25,"Ocean Connections",8,,8,11.45,0.04,0.00,,24,14,7,12,13,,2,3,,,1,,1,2,4,,3,,7,,,3,,,,3,,,5,,,3,,,1,,2,,,,,,,,110
401864,"Milwaukee County, WI, USA","Wisconsin, USA","United States",43.072990082062,-87.900996223957,land,freshwater,2026-04-25,,3,,3,6.80,0.00,0.00,1,,,,,,,,,,,,,,,,,,,,,,,,,,,,,,,,,,,,,,,,,,,,,
401865,"Milwaukee County, WI, USA","Wisconsin, USA","United States",43.002621,-87.91104331,land,freshwater,2026-04-25,"Milwaukee Riverkeeper",35,,35,7.95,0.08,0.00,,5,4,1,5,1,,,4,38,2,,2,4,3,116,4,4,1,,,,,,,5,1,,,2,,,,,1,1,26,54,1,1,,,,,51,337
401866,"Washington County, WI, USA","Wisconsin, USA","United States",43.435348939269,-88.182866493675,land,freshwater,2026-04-25,,2,,2,36.63,0.01,0.00,,3,3,31,3,4,3,3,4,2,4,1,,1,1,6,2,,,6,2,,5,2,,1,,2,1,2,1,,,,2,2,,2,1,,,,,,6,106
401867,"Erie County, NY, USA","New York, USA","United States",42.863426142554,-78.820167806182,land,freshwater,2026-04-25,BNW_Seneca_North,3,,3,4.24,0.35,0.00,,4,1,2,8,,2,2,1,5,3,2,1,8,,,16,7,,,,,,,3,2,13,7,3,,,,,7,5,,19,4,,1,,3,1,,18,148
401868,"Waukesha County, WI, USA","Wisconsin, USA","United States",43.049936648458,-88.08234536089,land,freshwater,2026-04-25,"Milwaukee Rivercleanup",3,,3,6.53,0.48,0.00,,3,18,1,7,5,12,,9,,1,,3,,,20,4,2,1,7,,,,,,,,,1,,,,1,,,6,8,,,,1,3,,,39,152
401869,"Niagara County, NY, USA","New York, USA","United States",43.055328428905,-78.863961023354,land,inland,2026-04-25,BNW,1,,1,6.05,2.96,0.00,,1,4,,3,1,,,12,18,2,,3,1,2,6,5,7,,1,4,,2,,,3,,,,,2,,,,13,,,,4,,,,,2,6,102
401870,"Cumberland County, ME, USA","Maine, USA","United States",43.864835335911,-69.914182114241,land,saltwater,2026-04-25,"Mere Point - Princess Point Boat Launch",11,,11,11.93,0.48,0.00,,2,,7,4,7,,2,,30,,2,4,,,4,,3,,3,1,,6,,2,,,100,,1,,,2,,,,,,,,,,,,,180
401871,"Milwaukee County, WI, USA","Wisconsin, USA","United States",43.02739483,-88.04766616,land,inland,2026-04-25,,1,,1,3.45,0.00,0.00,,17,8,2,35,31,5,,2,4,9,5,11,11,15,27,16,5,,,,,,,1,1,,2,,,,,,2,,,,,,,,,,,11,220
401872,"Milwaukee County, WI, USA","Wisconsin, USA","United States",43.0119636,-88.01109131,land,inland,2026-04-25,,1,,1,5.83,0.01,0.00,,18,5,8,52,3,10,5,20,10,25,11,27,12,3,14,12,10,3,,,,,,,,5,7,,,,,,,,,,9,2,,,,,,23,294
401873,"Niagara County, NY, USA","New York, USA","United States",43.052142379623,-78.894730221201,land,freshwater,2026-04-25,,2,,2,5.39,6.96,0.00,,2,3,4,5,3,2,4,21,32,1,2,9,2,2,23,3,9,5,,1,,,,,2,,1,,1,1,,,4,3,,27,14,,,1,,,1,24,212
401874,"San Diego County, CA, USA","California, USA","United States",32.71782194,-117.25510388,land,inland,2026-04-25,Grifols,8,,8,1.31,1.49,0.00,,,,,,3,,2,3,10,,,,,,,,1,,,,,,,,,,,,,,2,,,,,6,13,,,,,,2,16,58
401875,"Cumberland County, ME, USA","Maine, USA","United States",43.893852897708,-69.891710845599,land,saltwater,2026-04-25,"Thomas Point Beach",9,,9,28.85,0.00,0.00,,2,8,20,16,4,4,1,3,,1,2,2,,6,5,3,,,5,,,8,,,6,,,,2,,,4,5,3,11,91,37,,,,2,,,10,261
401876,"Erie County, NY, USA","New York, USA","United States",42.9039476,-78.6922515,land,freshwater,2026-04-25,"BNW Cayuga Creek",3,,3,27.22,0.00,0.00,4,,,,,,,,,,,,,,,,,,,,,,,,,,,,,,,,,,,,,,,,,,,,,
401877,"Erie County, NY, USA","New York, USA","United States",42.915025730578,-78.902707782806,land,freshwater,2026-04-25,"BN Niagara Quakers",8,,8,24.95,1.93,0.00,,5,13,66,18,14,3,18,26,67,1,3,7,6,13,4,14,8,,2,,,,,,,1,,,,,,,,13,,,6,3,5,,,,4,,320
401878,"Cumberland County, ME, USA","Maine, USA","United States",43.837884461041,-70.007224664681,land,saltwater,2026-04-25,"Snith’s boatyard",101,,101,246.50,1.14,0.00,,4,7,141,12,3,5,2,15,,1,,3,,,1,,6,4,11,5,3,13,1,,3,8,3,1,4,1,1,5,,2,4,12,34,,,,1,,,24,340
401880,"Galveston County, TX, USA","Texas, USA","United States",29.31112,-94.767341666667,land,saltwater,2026-04-25,"The Blue Herron",9,,9,150.82,0.00,0.00,38,,,,,,,,,,,,,,,,,,,,,,,,,,,,,,,,,,,,,,,,,,,,,
401881,"Milwaukee County, WI, USA","Wisconsin, USA","United States",43.066087354863,-87.907936277685,land,freshwater,2026-04-25,"sirona recovery",1,,1,1.63,0.00,0.00,,5,,2,4,14,6,6,5,5,2,,3,1,,12,2,5,,,,,,,,,,,,,,,,8,,,4,,,,,2,1,,20,107
401882,"Erie County, NY, USA","New York, USA","United States",42.974522016965,-78.970982085999,land,freshwater,2026-04-25,"BNW_Beaver Island State Park",15,,15,10.02,1.93,0.00,,,,3,23,4,,8,13,121,,,,,,36,12,11,2,,,,4,,,14,,2,3,2,,,,,2,2,9,10,7,,2,,,,22,312
401883,"Fairfax County, VA, USA","Virginia, USA","United States",38.885385075128,-77.275456022169,land,inland,2026-04-25,RBH,1,,1,0.23,3.86,0.00,,,5,,2,2,1,,4,6,,,1,,,8,,1,,,,,,,,,,1,,,,,,1,1,,4,37,,,,,,,3,77
401884,"Erie County, NY, USA","New York, USA","United States",43.0171881,-78.8901134,land,freshwater,2026-04-25,,1,,1,3.40,0.00,0.00,1,,,,,,,,,,,,,,,,,,,,,,,,,,,,,,,,,,,,,,,,,,,,,
401885,"Cumberland County, ME, USA","Maine, USA","United States",43.828412202644,-70.017151396163,land,saltwater,2026-04-25,"Mere Point Boat Launch",12,,12,68.49,1.21,0.00,,5,1,2,14,1,3,7,6,25,,,1,,1,4,6,,,73,31,,3,1,,,,3,,1,2,,,1,2,1,5,53,,,,,,,27,279
401886,"Milwaukee County, WI, USA","Wisconsin, USA","United States",43.096349383744,-87.956735836424,land,freshwater,2026-04-25,,2,,2,49.78,0.00,0.00,,17,7,20,47,42,6,11,11,17,4,3,4,5,2,29,13,13,11,,,,2,4,1,,,19,,2,2,5,,1,,,14,31,1,,1,,,,50,395
401887,"Genesee County, NY, USA","New York, USA","United States",43.112675218347,-78.403816138522,land,inland,2026-04-25,bnwiroquoisnwr,5,,5,2.75,0.11,0.00,,1,2,5,2,5,,,2,16,,,,,,9,,1,3,,,,,,1,,,,,,,,,,2,,,,,,5,,,,6,60
401888,"Genesee County, NY, USA","New York, USA","United States",43.112653573016,-78.403757675922,land,inland,2026-04-25,bnwiroquoisnwr,2,,2,0.35,0.10,0.00,,,,,1,3,,,1,35,,1,,,5,10,2,,,,,,,,,,,,,,,,,,,,,,,,,,,,,58
401889,"Orange County, CA, USA","California, USA","United States",33.622137437133,-117.61361559285,land,inland,2026-04-25,"Lion’s Heart",1,,1,1.77,2.41,0.00,,,3,1,3,2,3,,2,10,1,2,1,,,49,6,3,3,,,,,,,,,1,10,,,,,1,1,1,6,,,,,2,,,21,132
401890,"Erie County, NY, USA","New York, USA","United States",42.855661032428,-78.810500359276,land,inland,2026-04-25,Penny,1,,1,2.98,0.01,0.00,,3,1,1,4,1,2,10,1,26,1,1,,2,,15,2,4,3,,1,,1,,1,1,1,1,,,,,,1,1,,1,4,,,,,,,4,94
401891,"San Mateo County, CA, USA","California, USA","United States",37.487221078381,-122.45708862528,land,saltwater,2026-04-25,"sea hugger",7,,7,4.58,4.99,0.00,,4,3,6,4,,,,,7,7,3,,2,2,25,1,1,,1,1,,,,,6,,,,,,,,2,,,6,10,,,1,,,,12,104
401892,"Erie County, NY, USA","New York, USA","United States",42.747464002112,-78.899968642927,land,freshwater,2026-04-25,BMWWANAKAH2,1,,1,11.11,0.00,0.00,,,,,3,,,,1,,1,,1,1,,,2,3,,,,,1,1,,2,1,,,,,,1,,2,,2,3,,,,,,,3,28
401894,"Erie County, NY, USA","New York, USA","United States",42.9343016,-78.8699169,land,freshwater,2026-04-25,"BNW - UUCB",9,,9,44.77,0.00,0.00,,80,60,44,200,90,57,15,151,,38,6,,,,90,168,90,30,,,,4,1,,28,18,,,9,18,3,9,12,45,9,,15,,,,17,,,43,1350
401895,"Orange County, CA, USA","California, USA","United States",33.73974137,-118.10778692,land,saltwater,2026-04-25,Treehuggers,12,,12,14.37,0.05,0.00,,9,25,4,13,3,11,12,25,30,1,17,11,1,7,57,36,35,9,2,3,,4,,6,6,1,5,,7,1,,2,9,2,1,15,8,,1,,,2,1,38,420
401896,"Orange County, CA, USA","California, USA","United States",33.608719733999,-117.92930879437,land,saltwater,2026-04-25,"ocean conservancy: clean swell organization",5,,5,18.73,0.04,0.00,,15,7,,5,7,3,6,11,16,,5,7,,2,11,2,7,3,26,,,,,,,,5,,14,,,,4,3,11,9,12,,,,16,,,52,259
401898,"Alameda County, CA, USA","California, USA","United States",37.86351576355,-122.31187996373,land,inland,2026-04-25,"Disney voluntEARS",3,,3,0.97,0.02,0.00,,,1,,1,,,2,,29,,,2,1,,8,2,1,,,,,,,,,1,,,3,,,1,,,,,,,,,,,,1,53
401899,"Los Angeles County, CA, USA","California, USA","United States",34.164146314718,-118.21222868132,land,inland,2026-04-25,Jill,1,,1,0.33,6.77,0.00,,,2,1,,,,6,,,1,,,,,1,,,2,,,,,,,,,,,,,,,1,,,,,,,,,,,,14
401900,"Capitol Planning Region, CT, USA","Connecticut, USA","United States",41.93646738,-72.45214161,land,freshwater,2026-04-25,CRC,1,,1,7.26,0.74,0.00,,3,7,13,39,50,,2,3,1,3,6,35,1,6,18,26,21,1,,,,,,,1,,,1,,1,,,,4,1,12,7,,,,2,,,8,272
401901,"Milwaukee County, WI, USA","Wisconsin, USA","United States",43.0410344,-87.9096783,land,freshwater,2026-04-25,,1,,1,3.40,0.00,0.00,1,,,,,,,,,,,,,,,,,,,,,,,,,,,,,,,,,,,,,,,,,,,,,
401902,"Milwaukee County, WI, USA","Wisconsin, USA","United States",43.056535536688,-87.986133917573,land,inland,2026-04-25,,2,,2,0.91,0.00,0.00,1,,,,,,,,,,,,,,,,,,,,,,,,,,,,,,,,,,,,,,,,,,,,,
401903,"Erie County, NY, USA","New York, USA","United States",42.9310554,-78.9058002,land,freshwater,2026-04-25,BNWDrewsSweep,1,,1,3.40,0.00,0.00,1,,,,,,,,,,,,,,,,,,,,,,,,,,,,,,,,,,,,,,,,,,,,,
401904,"Erie County, NY, USA","New York, USA","United States",42.9039476,-78.6922515,land,freshwater,2026-04-25,"BNW Cayuga Creek",1,,1,1.17,0.00,0.00,,2,,,4,2,5,,,12,,,5,,,28,7,5,,,,,,,,,2,1,,,2,,,,,,2,3,,,,1,,,16,97
401905,"Orange County, CA, USA","California, USA","United States",33.456747987766,-117.65826667299,land,inland,2026-04-25,,2,,2,2.75,0.00,0.00,,1,,7,17,3,3,,13,5,,,7,12,7,,6,,6,,,,,,,,,,,,,,,,,,,,,,,,,,87,174
401906,"San Bernardino County, CA, USA","California, USA","United States",33.993442533333,-117.7733612,land,inland,2026-04-25,,1,,1,0.77,0.34,0.00,,,19,2,,,,10,,12,,,,,,5,5,5,,,,,,,,,,,3,,,,,,,,,,,,,,,,12,73
401908,"Pinellas County, FL, USA","Florida, USA","United States",27.851272231523,-82.656628690318,land,inland,2026-04-26,Shalyn,1,,1,0.18,0.32,0.00,,,1,,3,1,,,,5,,,,2,,4,,,,,,,,,,,,,,,,,,,,,,,,,,,,,3,19
401909,"San Diego County, CA, USA","California, USA","United States",32.85891516,-117.256857,land,saltwater,2026-04-25,,1,,1,4.24,2.87,0.00,,,2,,,,,,2,,,5,3,,,6,3,1,,,,,2,,,,,,,,,,,3,,,23,,,,1,,,,,51
401911,"Virginia Beach, VA, USA","Virginia, USA","United States",36.84489856905,-75.979316524296,land,saltwater,2026-04-22,"CVW x OBMS Earth Day Clean-Up",20,,20,2.85,0.04,0.00,,2,,4,3,4,,,,,,4,1,,3,5,4,4,3,,,,,,1,5,,1,2,1,18,,,,,,,,,1,4,1,,1,1,73
401912,"Sitka City and Borough, Sitka, AK, USA","Alaska, USA","United States",57.056919408663,-135.34841735352,land,inland,2026-04-22,"STA Earth Day 2026",15,,15,11.04,0.04,0.00,,13,,28,,42,2,3,2,250,,,5,,,,1,1,,,,,3,,,,,,,,,,,,,,,,,,,,,,,350
401913,"Alpena County, MI, USA","Michigan, USA","United States",45.06193335,-83.43338694,land,freshwater,2026-04-22,Hainstocks,2,,2,5.27,0.85,0.00,,,4,,2,2,1,,,53,,,,1,,9,2,3,,1,,,2,,,3,,,,1,,,,2,1,,3,26,,,,1,,,49,166
401914,"San Luis Obispo County, CA, USA","California, USA","United States",35.11917084,-120.62514269,land,saltwater,2026-04-22,,1,,1,0.11,0.01,0.00,,6,1,,1,1,3,,,2,,,,,,,,,,,,,,,,,,,,,,,,,,,,,,,,,,,,14
401915,"Virginia Beach, VA, USA","Virginia, USA","United States",36.900670218758,-75.989898302808,land,saltwater,2026-04-22,,3,,3,2.78,0.29,0.00,,,3,,,6,,,2,,1,1,,1,,,,,,,,,2,,,4,,,,,1,,,,,,,,,,,,,,1,22
401920,"Los Angeles County, CA, USA","California, USA","United States",34.091630652921,-118.03915918076,land,saltwater,2026-04-26,,1,,1,0.12,0.01,0.00,,1,,,1,,,3,1,,,,,,,2,,,,,,,,,,,,,,,,,,,,,1,,,,,,,,,9
401921,"Milwaukee County, WI, USA","Wisconsin, USA","United States",43.18374791,-87.98104556,land,inland,2026-04-26,,2,,2,6.80,0.00,0.00,2,,,,,,,,,,,,,,,,,,,,,,,,,,,,,,,,,,,,,,,,,,,,,
401923,"Erie County, NY, USA","New York, USA","United States",42.8869004,-78.8788896,land,freshwater,2026-04-26,"BNW Scajaquada @ Peter",15,,15,71.44,0.00,0.00,21,,,,,,,,,,,,,,,,,,,,,,,,,,,,,,,,,,,,,,,,,,,,,
401924,"Orange County, CA, USA","California, USA","United States",33.77869160526,-117.84774603068,land,freshwater,2026-04-26,"disney volunteers",2,,2,4.40,0.00,0.00,,3,4,7,12,3,,,5,13,5,4,5,,,29,,,14,,1,,,,,1,1,,2,2,,,1,,,1,,1,,,1,6,,,10,131
401925,"Los Angeles County, CA, USA","California, USA","United States",34.0805651,-118.072846,land,inland,2026-04-26,,1,,1,1.81,0.00,0.00,2,,,,,,,,,,,,,,,,,,,,,,,,,,,,,,,,,,,,,,,,,,,,,
401926,"Milwaukee County, WI, USA","Wisconsin, USA","United States",43.058607760016,-87.895091059963,land,inland,2026-04-25,,2,,2,0.49,0.00,0.00,,8,4,,4,2,,1,4,2,5,,,2,,10,5,,1,,,,,,,,,,,,,,,,2,,,,,,,,,,,50
401929,"Milwaukee County, WI, USA","Wisconsin, USA","United States",43.05800179,-87.8939654,land,freshwater,2026-04-25,,2,,2,4.29,0.24,0.00,,1,,,1,,,,,10,,,5,2,1,20,1,3,2,,,,3,,,,,,,1,,1,,,,,,,,,,,,,,51
401930,"San Diego County, CA, USA","California, USA","United States",32.718332201521,-117.25496765065,land,saltwater,2026-04-25,carla,2,,2,2.30,1.06,0.00,,,,5,1,1,3,,2,5,,,1,,,4,,,,,,,,,,,,4,,,,,,,,,,16,,,,,,,,42
401931,"Los Angeles County, CA, USA","California, USA","United States",34.0805651,-118.072846,land,inland,2026-04-26,,1,,1,1.81,0.00,0.00,2,,,,,,,,,,,,,,,,,,,,,,,,,,,,,,,,,,,,,,,,,,,,,
401932,"Volusia County, FL, USA","Florida, USA","United States",28.928443159352,-80.823603602037,land,saltwater,2026-04-26,Ranger,1,,1,3.23,1.60,0.00,,,6,,,,,,1,,,,,,,,2,1,,1,,,2,,1,,,,,,,,,,,,5,,,,,,,,,19
401933,"Virginia Beach, VA, USA","Virginia, USA","United States",36.837767802762,-75.972459223412,land,saltwater,2026-04-26,,1,,1,0.35,0.09,0.00,,,,,2,,1,,,,,,,1,,,1,1,,,,,,,,,,,,1,1,1,,,,,1,,,1,,1,,,1,13
401934,"Greater Bridgeport Planning Region, CT, USA","Connecticut, USA","United States",41.257890578871,-73.211906217474,land,inland,2026-04-26,"Trumbull cleanup",1,,1,0.86,1.26,0.00,,,,,2,3,,,,2,,1,,,,7,2,1,,,,,,,,,,,,1,,,,2,,,1,6,,,,,,,4,32
401935,"Milwaukee County, WI, USA","Wisconsin, USA","United States",43.05729786,-87.89342065,land,freshwater,2026-04-25,wheaties,2,,2,60.02,0.19,0.00,,2,2,2,1,3,,1,,2,,2,1,,,3,,,,,1,1,,,1,5,,,,2,,,,,,,3,,2,,,,,,25,59
401936,"Miami-Dade County, FL, USA","Florida, USA","United States",25.862868428511,-80.298840697759,land,freshwater,2026-04-26,"Hialeah Earth Day",6,4,10,18.14,1.61,0.00,2,35,1,28,26,15,,8,32,48,3,5,,6,25,25,22,5,13,13,,3,3,5,,4,2,,,,,,,11,6,,,,,,,,,,,344
401937,"Los Angeles County, CA, USA","California, USA","United States",34.272123968784,-118.40919083506,land,inland,2026-04-26,Andres,1,,1,0.41,5.76,0.00,,,1,1,,,,,,,,,,,,3,,,,,,,,,,,,,,,,,,,,,,2,,,,,,,,7
401938,"Merrimack County, NH, USA","New Hampshire, USA","United States",43.378584055552,-71.717556522603,land,inland,2026-04-26,"Thalassa Silver",2,,2,4.72,0.80,0.00,,2,1,,3,4,,,4,155,,,,3,3,20,,2,,1,,,2,,,,1,,,1,,1,,,,,1,14,,3,,1,,,21,243
401939,"Fairfax County, VA, USA","Virginia, USA","United States",38.859387925643,-77.198702115445,land,freshwater,2026-04-26,"sw Broyhill Neighborhood",4,,4,13.06,0.40,0.00,,6,12,,4,1,,,3,,2,,2,,2,13,,,,,,,,,,1,,,1,1,,,,,1,,1,,,,,,,,,50
401940,"Capitol Planning Region, CT, USA","Connecticut, USA","United States",41.77502210252,-72.66551588662,land,freshwater,2026-04-26,"save the sound",4,,4,3.00,2.82,0.00,,1,1,4,8,1,,6,7,4,1,,1,2,2,10,,2,,,,,,,,2,,,,,,,,,6,,11,12,1,,,1,,,3,86
401941,"Capitol Planning Region, CT, USA","Connecticut, USA","United States",41.773457431806,-72.667665865508,land,freshwater,2026-04-26,"save the sound",2,,2,2.27,0.56,0.00,,,15,7,5,3,6,1,,1,,,,,,2,,,,,,,,,,,1,,,,3,1,,2,,,,,,,,,,,,47
401942,"Milwaukee County, WI, USA","Wisconsin, USA","United States",43.08582774558,-87.885995606514,land,inland,2026-04-26,"Nelson MKE River Cleanup",2,,2,2.36,1.61,0.00,,1,30,,3,4,15,2,2,10,,,,,,,,2,5,4,,,,,,,,,,,,,,,,,,,,,,,,,,78
401943,"Washington County, RI, USA","Rhode Island, USA","United States",41.37525257,-71.55151549,land,saltwater,2026-04-26,"Save The Bay, Rhode Island",2,,2,6.56,0.56,0.00,,,6,3,9,13,,4,2,30,,1,1,1,,,17,9,9,,,,2,,,2,,3,,2,,,,1,,6,5,,,,3,,,,24,153
401944,"Los Angeles County, CA, USA","California, USA","United States",34.272156066293,-118.40918525768,land,inland,2026-04-26,Andres,1,,1,0.68,0.00,0.00,,,,3,,,1,,,,,,,,,,,,,,,,,,,,,,,,,,,,,,,,,,,,,,,4
401946,"Capitol Planning Region, CT, USA","Connecticut, USA","United States",41.772567043081,-72.694515259936,land,inland,2026-04-26,"Safe the Sound",1,,1,17.55,0.80,0.00,,,12,2,41,4,7,,3,,5,,7,1,,16,4,3,,4,18,,,,,9,,1,1,1,,,3,1,3,7,4,8,,,,2,,,28,195
401947,"Los Angeles County, CA, USA","California, USA","United States",34.3172422,-118.4167512,land,inland,2026-04-26,Andres,1,,1,0.91,0.00,0.00,1,,,,,,,,,,,,,,,,,,,,,,,,,,,,,,,,,,,,,,,,,,,,,
401948,"Los Angeles County, CA, USA","California, USA","United States",34.272156066293,-118.40918525768,land,inland,2026-04-26,Andres,1,,1,0.50,1.37,0.00,,,,,,,,1,2,2,,2,,,,7,,4,2,,,,,,,,,,1,,,,,,,,,6,,,,,,,,27
401949,"Erie County, NY, USA","New York, USA","United States",42.847832199186,-78.80487405695,land,inland,2026-04-25,"Seneca Street SOUTH",1,,1,3.81,0.00,0.00,,,,1,8,2,,,,62,10,,,,,16,2,,,,,,2,,,1,1,,,,1,1,1,,,,,,,,1,,,,8,117
401950,"Yolo County, CA, USA","California, USA","United States",38.5449065,-121.7405167,land,inland,2026-04-26,"putah creek council",1,,1,2.30,0.00,0.00,,,2,,,,,,,2,,,,,,1,,,,,,,1,,,,,1,,2,,,,,,,8,5,,,,,,,3,25
401951,"Milwaukee County, WI, USA","Wisconsin, USA","United States",43.0410344,-87.9096783,land,freshwater,2026-04-25,,2,,2,3.40,0.00,0.00,1,,,,,,,,,,,,,,,,,,,,,,,,,,,,,,,,,,,,,,,,,,,,,
401952,"South Central Connecticut Planning Region, CT, USA","Connecticut, USA","United States",41.345293501437,-72.933786900841,land,freshwater,2026-04-26,"Save the Sound",2,,2,5.28,0.19,0.00,,4,4,7,13,,3,5,6,,2,6,8,2,5,29,7,3,2,,,,,,,9,,,,1,1,,,3,1,1,4,22,,,,3,,1,,152
401953,"South Central Connecticut Planning Region, CT, USA","Connecticut, USA","United States",41.34284388274,-72.918316265568,land,freshwater,2026-04-25,"Save the Sound",1,,1,4.40,0.01,0.00,,1,,3,1,,1,2,6,7,,,1,1,2,10,4,2,1,,,,2,,,1,,,1,,,,,,,2,2,6,,,,,,,,56
401954,"South Central Connecticut Planning Region, CT, USA","Connecticut, USA","United States",41.345733916882,-72.932403741143,land,inland,2026-04-26,"Save the Sound",2,,2,7.09,2.89,0.00,,7,16,3,8,1,1,,3,,1,1,4,,5,32,6,1,1,,,,3,,,2,1,1,3,,,,,1,3,,6,17,,,,,,,5,132
401955,"Erie County, NY, USA","New York, USA","United States",43.005028626622,-78.799020667497,land,freshwater,2026-04-26,"ASC Junior Board",9,,9,11.46,1.35,0.00,,13,38,1,34,19,2,2,,,7,33,19,2,8,17,7,,,,,,6,,,9,2,,,,,,,4,4,1,3,1,1,,,,,1,,234
401956,"San Mateo County, CA, USA","California, USA","United States",37.650119769862,-122.49112846347,land,inland,2026-04-26,"Pacific Beach Coalition - Terri Brown",1,,1,17.52,0.80,0.00,,1,6,2,7,3,2,7,9,,,7,9,,4,13,7,12,7,,,,2,,,,2,,,4,1,,2,,10,,,187,,4,2,7,,,19,336
401957,"Loudoun County, VA, USA","Virginia, USA","United States",39.112406270315,-77.510295194028,land,inland,2026-04-26,RBH,1,,1,0.14,2.17,0.00,,1,,,,,1,,,5,,,,,,2,,1,,,,,,,,,,,,,,,,,,,1,8,,5,,,,,1,25
401958,"South Central Connecticut Planning Region, CT, USA","Connecticut, USA","United States",41.345943873096,-72.933721014942,land,freshwater,2026-04-26,"Save the Sound",4,,4,38.69,0.00,0.00,,65,50,13,15,14,19,12,55,46,,,6,27,8,205,15,25,11,,,,22,,,14,12,11,4,3,1,2,,1,8,,9,4,,,,4,,,449,1130
401959,"South Central Connecticut Planning Region, CT, USA","Connecticut, USA","United States",41.3838782,-72.9026064,land,inland,2026-04-26,"Easy Cleaners",2,,2,19.41,0.00,0.00,,3,20,4,4,2,1,4,50,10,8,2,5,,,20,5,7,6,,3,,4,1,,2,1,,,2,1,1,1,,2,,5,14,,,,3,1,,,192
401960,"Miami-Dade County, FL, USA","Florida, USA","United States",25.678191859301,-80.255686742926,land,saltwater,2026-04-26,"sajhar and nu",2,,2,3.48,0.69,0.00,,,5,1,5,1,2,3,6,1,,2,1,1,4,2,,,3,1,1,,1,,,,2,,,1,,,,,,,3,1,,,,,,1,8,56
401961,"King County, WA, USA","Washington, USA","United States",47.294896290923,-122.28333831002,land,freshwater,2026-04-26,,1,,1,0.66,1.25,0.00,,,3,,2,,,1,,17,3,5,2,1,,8,5,3,1,,,,,,1,,,,2,,,,,,,,1,2,3,,,,,,,60
401962,"Los Angeles County, CA, USA","California, USA","United States",34.159575880347,-118.09585741995,land,inland,2026-04-26,,1,,1,2.54,0.88,0.00,,3,,,5,1,,2,6,,,3,1,1,1,19,,2,2,,,,,,,,,,,,,,,3,4,,13,18,,,,,,,20,104
401963,"South Central Connecticut Planning Region, CT, USA","Connecticut, USA","United States",41.339870061767,-72.906585666994,land,inland,2026-04-26,"Save the Sound",1,,1,3.49,0.10,0.00,,10,20,7,13,2,,,,,4,,,,,5,7,10,,,,,,,,3,,,4,1,,,,2,,,5,8,,,,1,,,30,132
401964,"Erie County, NY, USA","New York, USA","United States",43.02390632,-78.82575335,land,inland,2026-04-26,BNWKRP,1,,1,2.28,1.59,0.00,,2,1,1,8,,1,1,5,6,,,3,,,11,4,,,,1,,,,,2,,,,1,,,,,3,3,1,1,,,,,,,23,78
401965,"Los Angeles County, CA, USA","California, USA","United States",34.142836671213,-118.16605142441,land,inland,2026-04-26,,1,,1,1.22,0.49,0.00,,,2,2,1,3,2,,,,,,,,,,,,,,,,,,,,,,,,,,1,,,1,4,,,,,,,,2,18
401966,"Erie County, NY, USA","New York, USA","United States",43.02381007,-78.82580051,land,inland,2026-04-26,BNWkap,1,,1,3.81,1.72,0.00,,1,1,6,5,3,,1,8,2,,,5,,,7,2,2,,,,,,,,28,3,,,1,1,,,,,,2,6,,,,2,,,26,112
401967,"Orange County, CA, USA","California, USA","United States",33.793272336716,-117.82237571335,land,freshwater,2026-04-26,"disney volunteers",2,,2,13.00,1.43,0.00,,5,7,3,8,6,1,7,14,25,3,1,8,2,1,64,6,4,1,1,,,6,,,3,3,1,2,3,2,1,,1,2,4,11,8,,2,,1,,,9,226
401968,"San Mateo County, CA, USA","California, USA","United States",37.648314158432,-122.48719990253,land,inland,2026-04-26,"Pacific Beach Coalition - Terri Brown",1,,1,0.01,0.01,0.00,,,,,,,,,,516,,,,,,,,,,,,,,,,,,,,,,,,,,,,,,,,,,,,516
401969,"Los Angeles County, CA, USA","California, USA","United States",34.096936379012,-117.86087879124,land,freshwater,2026-04-26,"envs class",1,,1,4.81,14.00,0.00,,7,17,4,7,8,4,8,7,25,10,11,2,5,4,8,2,3,1,7,,,,,1,,,,,3,,,,,5,3,11,7,,,,,,,41,211
401971,"Erie County, NY, USA","New York, USA","United States",42.772618738503,-78.758243369529,land,inland,2026-04-26,,1,,1,5.05,0.04,0.00,,5,7,10,17,11,3,,,,1,,,3,2,7,4,,,,,,,,,1,3,,,,,,,1,,3,5,7,,,,,,,9,99
401972,"Los Angeles County, CA, USA","California, USA","United States",34.029000383333,-117.9550226,land,inland,2026-04-26,,1,,1,1.16,0.27,0.00,,2,2,,4,3,2,5,12,12,,10,16,,1,47,,3,1,,,,,,,,,,,,,,,,,,,,,,,,,,,120
401974,"Los Angeles County, CA, USA","California, USA","United States",34.132129798809,-117.92564980709,land,saltwater,2026-04-26,,1,,1,2.90,4.18,0.00,,17,6,8,4,9,,8,9,10,4,3,4,3,,9,,,,,,,,,3,,,5,,2,,,,,,,,,,,,,,,,104
401975,"Los Angeles County, CA, USA","California, USA","United States",34.150399193349,-118.06558618797,land,saltwater,2026-04-26,,1,,1,0.59,0.18,0.00,,,,,,,,,,,,1,1,,,,,,,,1,,,,,,,,,,,,,,,,,,,,,,,,,3
401976,"San Mateo County, CA, USA","California, USA","United States",37.477638310553,-122.4467828255,land,saltwater,2026-04-26,"Sea Hugger",2,,2,3.01,0.05,0.00,,,4,2,3,3,,1,4,7,,,,1,,9,1,,1,,,,,,,,,,,,,,,,5,,1,33,,,,2,,,38,115
401977,"South Central Connecticut Planning Region, CT, USA","Connecticut, USA","United States",41.305038043357,-72.935127262036,land,inland,2026-04-26,"Save the Sound",1,,1,100.80,0.14,0.00,,7,4,17,,,,1,3,,,,7,12,7,14,6,,,,18,,13,7,,,,,,5,,3,,3,,16,15,16,,,,,,,,174
401978,"Washington County, RI, USA","Rhode Island, USA","United States",41.3752013,-71.54753757,land,saltwater,2026-04-26,"Save The Bay, Rhode Island",2,,2,5.26,0.00,0.00,,,3,5,1,7,,4,6,19,,,,,,,3,14,,,5,,,,1,,5,4,,,,,,3,5,,2,3,,,,,,,22,112
401979,"Capitol Planning Region, CT, USA","Connecticut, USA","United States",41.91387359,-72.48796784,land,freshwater,2026-04-26,CRC,1,,1,2.23,0.39,0.00,,,9,,6,6,,,,1,1,,3,,,23,3,1,,,,,,,,,,1,,,,,1,,,3,11,1,,,,,,,12,82
401980,"Erie County, NY, USA","New York, USA","United States",42.81536919,-78.80329879,land,freshwater,2026-04-27,BWKRJZ,25,,25,22.86,0.80,0.00,,45,11,3,23,23,7,4,8,4,,13,,3,7,21,7,5,10,,,,3,,,4,11,4,9,,2,,,,7,3,6,17,,,,12,,,12,284
401982,"Manatee County, FL, USA","Florida, USA","United States",27.436539672287,-82.381577011588,land,inland,2026-04-26,,1,,1,0.70,0.53,0.00,,4,3,,17,,4,,7,,,,,,,17,,,,,,,,,,,,,,,,,,,,,,,,,,,,,,52
401985,"Pinellas County, FL, USA","Florida, USA","United States",27.684024763319,-82.7379118,land,saltwater,2026-04-23,,1,,1,6.49,1.48,0.00,,,3,,1,,2,2,4,26,,,,,1,4,2,8,1,5,,,,,,,6,8,,1,,,,,,2,11,34,,2,,,,,,123
401986,"Miami-Dade County, FL, USA","Florida, USA","United States",25.68951742,-80.45235734,land,inland,2026-04-23,"trashy thursday",2,,2,0.17,0.08,0.00,,,,,1,,,1,1,,,,,,,2,,,,,,,,,,,1,,,,,,,,,,,,,,,,,,1,7
401987,"Los Angeles County, CA, USA","California, USA","United States",34.084871729028,-117.8929714704,land,inland,2026-04-26,,1,,1,2.27,6.76,0.00,,4,1,1,1,1,2,1,1,1,,1,2,2,2,1,,2,,,2,,2,,1,,1,1,,,,,,1,,,4,,3,,,1,1,,1,41
401988,"Orange County, CA, USA","California, USA","United States",33.69105091571,-117.88898445469,land,inland,2026-04-26,lucien,1,,1,1.63,5.47,0.00,,5,,3,4,4,,2,2,5,,,1,,,2,,,,,,,,,,,,,,,,,,,,,,,,,,,,,,28
401989,"Los Angeles County, CA, USA","California, USA","United States",33.985875493766,-118.46866633698,land,saltwater,2026-04-27,,1,,1,11.11,0.27,0.00,,2,1,5,7,4,5,13,31,5,2,4,4,19,13,6,33,17,13,2,,,4,,2,6,2,,,,1,,,7,,3,,3,,,4,,,,8,226
401991,"Los Angeles County, CA, USA","California, USA","United States",34.079232957019,-118.117443376,land,inland,2026-04-27,,1,,1,1.31,4.51,0.00,,,1,,,,2,,1,7,,3,,1,,13,,2,1,,,,,,,,,,3,,,,,,1,,,16,,1,,2,,,8,62
401992,"Los Angeles County, CA, USA","California, USA","United States",34.205897328955,-118.50248739209,land,inland,2026-04-27,,1,,1,0.91,0.00,0.00,1,,,,,,,,,,,,,,,,,,,,,,,,,,,,,,,,,,,,,,,,,,,,,
401993,"Los Angeles County, CA, USA","California, USA","United States",34.135410290679,-118.05281061044,land,inland,2026-04-27,,1,,1,0.36,4.83,0.00,,1,,,3,2,,,,1,3,2,,,1,5,,3,2,,,,,,,,,,1,,,,,,,,,,,,,1,,,4,29
401994,"San Mateo County, CA, USA","California, USA","United States",37.5027185,-122.4694214,land,saltwater,2026-04-27,,1,,1,0.91,0.00,0.00,1,,,,,,,,,,,,,,,,,,,,,,,,,,,,,,,,,,,,,,,,,,,,,
401995,"Los Angeles County, CA, USA","California, USA","United States",34.205737354718,-118.50272739592,land,inland,2026-04-27,,1,,1,0.89,2.43,0.00,,3,4,1,3,1,,,1,1,2,1,,,,,1,1,,,,,,,,1,,,,,,,,1,1,1,2,1,,,,,,,2,28
401996,"Los Angeles County, CA, USA","California, USA","United States",34.125334753745,-118.07603273262,land,inland,2026-04-26,,1,,1,0.45,3.22,0.00,,,,1,,,,,,2,,,,,,,,,1,,,,,,,1,,,,,,,,1,,,1,1,,,,,,,,8
401997,"Los Angeles County, CA, USA","California, USA","United States",34.047331585268,-117.99785635062,land,saltwater,2026-04-27,cleanup,1,,1,0.74,0.00,0.00,,1,,1,1,,,2,,5,1,,1,1,1,,1,1,,,,,,,,,,,,1,,,1,1,,,,,,,,,,,,19
401998,"Washington County, RI, USA","Rhode Island, USA","United States",41.37540418,-71.55035907,land,saltwater,2026-04-27,"Save The Bay, Rhode Island",1,,1,5.39,0.01,0.00,,,5,11,6,19,,2,2,12,,,,,,5,5,13,,,,,,,,9,,5,,,,,,,,7,6,,,,,,,,24,131
401999,"Volusia County, FL, USA","Florida, USA","United States",28.927932018703,-80.823976809136,land,saltwater,2026-04-27,Ranger,1,,1,3.22,3.22,0.00,,,5,1,2,,,,5,1,,,,,,,2,2,2,,,,2,,,1,,1,1,,,,,,,,7,,,,,,,,1,33
402000,"Palm Beach County, FL, USA","Florida, USA","United States",26.674116323702,-80.036022746935,land,saltwater,2026-04-27,KPBCB,3,,3,24.04,0.00,0.00,,5,6,3,11,6,10,,86,6,,12,9,4,11,8,7,5,11,2,,,4,,5,4,7,5,4,4,,,5,,2,3,7,3,,,,,,,316,571
402001,"Charlotte County, FL, USA","Florida, USA","United States",26.942095340037,-82.286422990728,land,saltwater,2026-04-27,"Coastal Wildlife Club, Inc.",1,,1,1.81,1.93,0.00,,1,1,,1,,,,,,,1,,,,1,,1,,1,,,1,,,,,,,,,,,,,,,1,,,,,,,,9
402002,"Erie County, NY, USA","New York, USA","United States",42.9039476,-78.6922515,land,freshwater,2026-04-25,"BN Waterkeeper Cayuga",10,,10,13.61,0.00,0.00,2,,,,,,,,,,,,,,,,,,,,,,,,,,,,,,,,,,,,,,,,,,,,,
402003,"Erie County, NY, USA","New York, USA","United States",42.8876175,-78.6614763,land,freshwater,2026-04-26,,1,,1,3.40,0.00,0.00,1,,,,,,,,,,,,,,,,,,,,,,,,,,,,,,,,,,,,,,,,,,,,,
402004,"Fairfax County, VA, USA","Virginia, USA","United States",38.884638736757,-77.273255175754,land,inland,2026-04-27,RBH,1,,1,0.45,4.51,0.00,,1,3,,1,2,3,,9,67,1,,,1,1,41,4,2,,2,,,,,,,,2,,3,,,,1,2,3,19,42,2,,,,,1,,213
402005,"Yolo County, CA, USA","California, USA","United States",38.5449065,-121.7405167,land,inland,2026-04-27,"putah creek council",1,,1,0.80,0.00,0.00,,,1,,,,,,,,,,,,,2,,1,,,,,,,,,,,,,,,,,,,7,6,,,,,,,3,20
402006,"Dare County, NC, USA","North Carolina, USA","United States",36.0307226,-75.6760101,land,saltwater,2026-04-25,"Holderman,'s",3,,3,34.02,0.00,0.00,1,,,,,,,,,,,,,,,,,,,,,,,,,,,,,,,,,,,,,,,,,,,,,
402007,"Southeastern Connecticut Planning Region, CT, USA","Connecticut, USA","United States",41.687402700277,-72.212086221497,land,inland,2026-04-27,"leos2026-leb mack yard",1,,1,6.42,1.12,0.00,,,1,,6,5,,,,,,,,,,4,,1,1,,,,3,,,1,2,5,,,,,,,,,21,17,,,,,,,8,75
402008,"Mendocino County, CA, USA","California, USA","United States",39.258305887505,-123.77973558473,land,saltwater,2026-04-22,"Noyo center for Marine research Mayo center for Marine research",2,,2,0.91,0.00,0.00,1,,,,,,,,,,,,,,,,,,,,,,,,,,,,,,,,,,,,,,,,,,,,,
402009,"King County, WA, USA","Washington, USA","United States",47.294945963661,-122.28325189298,land,freshwater,2026-04-27,,1,,1,0.73,0.48,0.00,,,3,,,,,,1,13,,1,,,1,1,1,,,,,,,,,,,,,,,1,,1,,,,,1,,2,1,,,,27
402010,"Volusia County, FL, USA","Florida, USA","United States",28.898350557591,-80.841774330059,land,saltwater,2026-04-27,Ranger,1,,1,0.05,0.80,0.00,,,,,,,,,6,,,,,,,,,,2,,,,,,,,,1,1,,,,,,,,,,,,,,,,11,21
402011,"Volusia County, FL, USA","Florida, USA","United States",29.0274345,-80.9231601,land,saltwater,2026-04-27,,4,,4,0.87,0.00,0.00,,,1,2,1,,,,,,,,,,,,,,,,,,,,,,,,,1,,,,,,1,,,,,,,,,1,7
402012,"New York County, New York, NY, USA","New York, USA","United States",40.700850915201,-73.996796463858,land,saltwater,2026-04-16,"Brooklyn Bridge Park Volunteers",15,,15,48.30,0.11,0.00,17,17,16,9,156,3,2,,206,49,,5,29,20,33,177,37,36,13,4,3,,9,,1,176,10,,2,2,,1,2,,12,17,162,9,4,,,3,3,6,344,1578
402013,"Virginia Beach, VA, USA","Virginia, USA","United States",36.83755685933,-75.974654272776,land,saltwater,2026-04-27,,1,,1,1.75,0.88,0.00,,1,1,1,1,1,1,,1,25,,,1,1,1,1,1,1,1,,,,1,,,1,,1,,,,,,,,,1,1,,,,,,,1,45
402014,"Pinellas County, FL, USA","Florida, USA","United States",27.809579212284,-82.64812699053,land,inland,2026-04-23,,1,,1,0.91,0.00,0.00,1,,,,,,,,,,,,,,,,,,,,,,,,,,,,,,,,,,,,,,,,,,,,,
402015,"Miami-Dade County, FL, USA","Florida, USA","United States",25.89174791245,-80.166399604044,land,inland,2026-04-27,,1,,1,13.61,0.00,0.00,2,,,,,,,,,,,,,,,,,,,,,,,,,,,,,,,,,,,,,,,,,,,,,
402016,"Southeastern Connecticut Planning Region, CT, USA","Connecticut, USA","United States",41.715884928231,-72.195252653976,land,inland,2026-04-27,"leos2026-leb mack rec pk",2,,2,0.74,0.47,0.00,,,,,3,,,2,5,13,,,2,,,12,,1,1,,,,,,,,1,,,,,,,,1,,4,2,,,,,,,5,52
402017,"South Central Connecticut Planning Region, CT, USA","Connecticut, USA","United States",41.3838782,-72.9026064,land,inland,2026-04-26,"Save the Sound",6,,6,28.12,0.00,0.00,7,,,,,,,,,,,,,,,,,,,,,,,,,,,,,,,,,,,,,,,,,,,,,
402018,"Miami-Dade County, FL, USA","Florida, USA","United States",25.890259136386,-80.161889218248,land,inland,2026-04-27,,1,,1,13.61,0.00,0.00,2,,,,,,,,,,,,,,,,,,,,,,,,,,,,,,,,,,,,,,,,,,,,,
402019,"Capitol Planning Region, CT, USA","Connecticut, USA","United States",41.93125565,-72.36268028,land,freshwater,2026-04-27,CRC,1,,1,3.01,0.70,0.00,,,5,9,8,6,,,,,5,,5,,1,7,5,,,,,,,,,2,,,,,,,,,1,,4,1,,,,,,,2,61
402020,"Erie County, NY, USA","New York, USA","United States",42.934440743451,-78.846002457283,land,inland,2026-04-24,test,1,,1,0.01,0.06,0.00,,,,,,,,,,,,,,,,,1,1,1,,,,,,,,,,,,,,,,,,,,,,,,,,,3
402021,"Anne Arundel County, MD, USA","Maryland, USA","United States",38.784833063096,-76.701641236199,watercraft,freshwater,2026-04-24,"Turner and Townsend Heery",3,,3,0.74,1.22,0.00,,,,,21,,,1,,,,,,1,,,,,,,,,,,,,,,,,,,,,,,,,,,,,,,,23
402025,"Los Angeles County, CA, USA","California, USA","United States",34.064382067343,-118.1278921208,land,inland,2026-04-28,,2,,2,0.32,3.70,0.00,,9,5,,1,3,,,1,3,6,5,1,,,3,4,5,1,,,,,,,,,,,,,,,,,,,,,,,,,,,47
402026,"Santa Barbara County, CA, USA","California, USA","United States",34.90341857311,-120.43643735182,land,inland,2026-04-28,,2,,2,2.10,0.37,0.00,,5,11,4,8,6,9,6,8,7,4,4,4,5,4,5,3,2,3,,,,,,,,,,,,,,,,,,2,2,,,,,,,1,103
402029,"Palm Beach County, FL, USA","Florida, USA","United States",26.76810122095,-80.038900673389,land,saltwater,2026-04-28,KPBCB,3,,3,18.60,0.00,0.00,,4,4,4,12,5,19,,83,5,7,9,7,6,8,6,13,5,12,2,,,2,,6,,8,5,3,3,,,3,4,2,2,5,4,,,,,,,218,476
402030,"Dare County, NC, USA","North Carolina, USA","United States",36.210621881134,-75.764091477641,land,saltwater,2026-04-28,,1,,1,1.95,0.08,0.00,,,1,,1,,,,1,,,,,,,1,,,,1,,,1,,,,,,1,,,,,,,1,,,,,,,,,4,12
402031,"Palm Beach County, FL, USA","Florida, USA","United States",26.762833865359,-80.03778738901,land,saltwater,2026-04-28,KPBCB,3,,3,14.06,0.00,0.00,,3,8,4,11,3,4,,102,4,2,4,7,5,8,27,9,,12,3,,,3,,3,,8,3,3,5,,,2,1,2,3,5,4,,,,,1,,362,621
402032,"Harrison County, MS, USA","Mississippi, USA","United States",30.378064232151,-89.043553306977,land,saltwater,2026-04-04,"Richard Jones",12,1,13,20.87,1.21,0.00,7,7,12,1,28,2,,1,142,67,,3,1,5,11,83,18,46,10,2,,,3,,,55,5,,4,8,,,,1,79,,,31,2,,,,1,,398,1026
402033,"Harrison County, MS, USA","Mississippi, USA","United States",30.472172081843,-88.997894751648,land,saltwater,2026-03-20,"Nicole Miller",2,50,52,3.18,0.80,0.00,2,,,10,10,5,5,,20,,,,2,,,18,3,10,5,,,,,,,,,,,3,,,,,,,,28,,,,,,,,119
402034,"Harrison County, MS, USA","Mississippi, USA","United States",30.393858352433,-88.901862105059,land,saltwater,2026-04-08,"Kaitlyn Le",10,,10,1.36,0.80,0.00,3,2,2,,2,2,,4,22,193,3,,3,4,5,47,6,10,3,8,,,,,,17,,5,1,12,,,,,1,8,58,64,,,,,,,45,527
402037,"Erie County, NY, USA","New York, USA","United States",42.870142,-78.833283,land,freshwater,2026-04-25,BNW_Seneca_South,1,,1,10.21,0.00,0.00,3,,,,,,,,,,,,,,,,,,,,,,,,,,,,,,,,,,,,,,,,,,,,,
402039,"Fairfax County, VA, USA","Virginia, USA","United States",38.886859158972,-77.272041791185,land,inland,2026-04-28,RBH,1,,1,0.18,2.96,0.00,,2,3,,2,1,,2,9,15,,1,2,1,,60,1,1,3,2,1,,1,,,,,1,2,2,,,,1,3,3,18,34,,1,,,,,1,173
402040,"King County, WA, USA","Washington, USA","United States",47.294960856576,-122.28329409838,land,freshwater,2026-04-28,,1,,1,0.35,0.50,0.00,,,1,,2,2,,,1,3,,1,3,,,,2,1,,,,,,,,,,,,,,,,,1,,,3,,,,,,,,20
402041,"Charlotte County, FL, USA","Florida, USA","United States",26.942093834217,-82.286426044858,land,saltwater,2026-04-28,"Coastal Wildlife Club, Inc,",1,,1,2.45,3.22,0.00,,1,1,,1,,,,,,,,,,,2,,,,,2,,1,,,,,,,,,,,,,,1,,,,,,,,3,12
402042,"Southeastern Connecticut Planning Region, CT, USA","Connecticut, USA","United States",41.31716525,-72.06207682,land,freshwater,2026-04-28,"LEOS2026-PO CRC",57,,57,63.68,0.80,0.00,,,,8,17,2,,5,4,98,1,1,,,18,32,10,3,3,2,1,1,,,,20,,,1,,,,,1,3,,1,,,,,,,,82,314
402043,"San Diego County, CA, USA","California, USA","United States",32.753763558287,-117.25151021752,land,saltwater,2026-04-28,flippers,3,,3,10.98,1.14,0.00,,,,1,2,13,1,,1,6,,1,,,,17,1,3,7,,6,,2,,1,,,,,5,,,,,2,3,14,34,,,,3,,,,123
402044,"San Diego County, CA, USA","California, USA","United States",32.753998201228,-117.2515535047,land,saltwater,2026-04-28,"SDCC BIO 101",3,,3,14.83,0.97,0.00,,,2,,7,5,,3,2,29,,1,,,,23,4,2,1,,,,3,,,,,,,2,1,1,,,,,14,149,,,,,,,14,263
402045,"San Diego County, CA, USA","California, USA","United States",32.754292793197,-117.25160733441,land,saltwater,2026-04-28,"sdccd bio 101",3,,3,3.26,0.00,0.00,,,,,,,1,2,4,,1,,3,1,,9,1,5,1,,,,,,,,,3,,2,,,,,10,,7,35,,2,,,,,25,112
402046,"San Diego County, CA, USA","California, USA","United States",32.75434536,-117.25167017,land,saltwater,2026-04-28,,4,,4,6.89,1.77,0.00,,,,2,1,,,,2,9,,,,,,18,,,,,,,,,,,,,,1,,,,,,,21,77,,,,,,,5,136
402047,"San Diego County, CA, USA","California, USA","United States",32.753557147104,-117.2515653132,land,saltwater,2026-04-28,"clean up clean up",3,,3,30.37,0.00,0.00,,2,,1,2,,,5,3,29,2,15,6,1,1,2,1,3,1,,,,14,1,,3,8,,,2,,,1,,,,40,,,,,,,,,143
402048,"Virginia Beach, VA, USA","Virginia, USA","United States",36.851491454283,-76.046769773648,land,saltwater,2026-04-28,,1,,1,0.08,0.00,0.00,,,,,1,,,,1,,,,,,,4,,,,,,,,,,,,,,,,,,,,,,,,,,,,,,6
402051,"Pinellas County, FL, USA","Florida, USA","United States",27.80172726978,-82.612924702301,land,inland,2026-04-28,,1,,1,0.71,0.01,0.00,,8,3,,16,,,,9,12,5,,,,,16,,,,,,,,,,,,,,,,,,,,,,,,,,,,,,69
402052,"Erie County, NY, USA","New York, USA","United States",42.87052,-78.882672,land,freshwater,2026-04-24,BNW_Smartsheet,3,,3,2.30,0.00,0.00,,,,4,2,3,,2,1,8,1,1,,,,,,,,,,,,,1,,,,,3,,,3,,,,1,2,,,,,,,15,47
402053,"Merrimack County, NH, USA","New Hampshire, USA","United States",43.48975132204,-71.639196316513,land,freshwater,2026-04-28,"Thalassa Silver",2,,2,4.99,0.80,0.00,,,,,,,,1,1,361,,,,,,5,,,,8,,,,,,,,,,3,,3,,,,,,11,,,,,,,13,406
402054,"Palm Beach County, FL, USA","Florida, USA","United States",26.512825099199,-80.057279480964,land,saltwater,2026-04-28,Bocasob,1,,1,1.44,0.00,0.00,,3,4,2,2,2,,,9,2,3,,3,2,1,,,5,2,,,,,,,3,2,1,1,,2,,,1,3,1,,,,1,,,,,7,62
402055,"San Luis Obispo County, CA, USA","California, USA","United States",35.175987571236,-120.71938185213,land,inland,2026-04-11,"ECOSLO & SLO County Parks",44,,44,59.87,1.61,0.00,5,4,11,79,26,116,2,59,21,167,2,2,7,,8,55,7,9,3,12,,1,,,2,4,,1,1,25,1,1,7,1,9,1,73,38,3,,1,3,,3,34,799
402056,"Scott County, IA, USA","Iowa, USA","United States",41.526940147276,-90.516662907552,land,inland,2026-04-29,"52 week challenge",1,,1,10.21,0.00,0.00,2,,,,,,,,,,,,,,,,,,,,,,,,,,,,,,,,,,,,,,,,,,,,,
402057,"Miami-Dade County, FL, USA","Florida, USA","United States",25.901726811173,-80.136308232163,land,saltwater,2026-04-23,"Clean Miami Beach",10,,10,29.20,0.08,0.00,,75,32,25,52,120,4,2,54,94,2,4,7,2,5,28,7,14,28,5,1,,7,,6,,2,,4,20,,6,5,2,7,6,11,,3,,1,2,2,4,10,659
402058,"Erie County, NY, USA","New York, USA","United States",42.949009270969,-78.84756678365,land,inland,2026-04-25,BNW,1,,1,0.07,0.00,0.00,,,1,,,,,,,,,,,,,4,1,,,,,,,,,,,,,,,,,,,,,,,,,,,,,6
402063,"Erie County, NY, USA","New York, USA","United States",42.917744664149,-78.784375980756,land,inland,2026-04-25,,2,,2,1.93,1.32,0.00,,1,1,,2,,,,1,,,,,,,,,,,,,,,,,,16,,,,,,,,,,,1,,,,,,,63,85
402064,"Erie County, NY, USA","New York, USA","United States",42.937320645354,-78.890099158354,land,freshwater,2026-04-25,"bnw scaj tops",1,,1,3.87,11.55,0.00,,10,6,4,12,6,13,2,7,12,7,,9,2,,12,16,13,6,,,,,,,,,,,2,,,,,3,,12,11,4,,,5,,4,21,199
402065,"Niagara County, NY, USA","New York, USA","United States",43.055296666667,-78.900325,land,freshwater,2026-04-25,"BNW GRATWICK",1,,1,1.84,0.08,0.00,,2,4,6,3,4,,1,2,5,3,4,3,3,1,4,3,2,,,,,,,,,,,,,,,,,,,,,,,,,,,,50
402066,"Erie County, NY, USA","New York, USA","United States",42.915542380396,-78.902929592147,land,inland,2026-04-25,BnW-nrm,3,,3,4.26,1.36,0.00,,,3,2,,1,2,1,5,52,1,,1,,1,4,1,,,4,,,1,,,,,1,,1,,,,,,,,7,,,,,,,,88
402067,"Erie County, NY, USA","New York, USA","United States",42.914985017203,-78.902616126141,land,freshwater,2026-04-25,"BNW freedom park",3,,3,0.47,0.57,0.00,,2,,,4,2,,,1,,,1,,1,1,8,,1,,,,,,,,,,,,,,,,1,,,,1,,,,,,,,23
402068,"Erie County, NY, USA","New York, USA","United States",42.845571485778,-78.860112247708,land,inland,2026-04-25,BNW,4,,4,0.00,0.11,0.00,,,,,,,,,1,9,,,,,,,,,,,,,,,,,,,,,,,,,,,,,,,,,,,,10
402069,"Erie County, NY, USA","New York, USA","United States",42.893533710835,-78.87151740562,land,freshwater,2026-04-25,"BNW DWNTWN",15,,15,0.42,0.11,0.00,,,,1,2,,1,,1,50,,,2,,,8,,2,,,,,,,,,,1,,,,,,,,,,,,,,,,,,68
402070,"Erie County, NY, USA","New York, USA","United States",42.9286348,-78.9047774,land,freshwater,2026-04-25,"unity island",1,,1,0.18,0.00,0.00,,,1,,,,,8,4,,,,,,,11,,3,1,,,,,,,,,,,,,,,,,,,,,,,,,,,28
402071,"Niagara County, NY, USA","New York, USA","United States",43.05704719859,-78.904892019014,land,freshwater,2026-04-25,"BNW Gratwick",2,,2,3.03,0.17,0.00,,,,,2,1,1,1,7,2,2,,,,,,6,6,,1,4,,,,,,,2,,,,,,,,,,3,,,,,,8,10,56
402072,"San Mateo County, CA, USA","California, USA","United States",37.482940080706,-122.45207088527,land,saltwater,2026-04-25,"Sea Hugger",2,,2,20.14,5.95,0.00,,,5,,3,,,3,6,,6,2,,3,4,,5,1,,3,18,,6,,,6,1,1,,,6,,,3,,,6,,1,,,,,,139,228
402073,"San Mateo County, CA, USA","California, USA","United States",37.483476405067,-122.45238726039,land,saltwater,2026-04-25,"sea hugger",4,,4,1.78,0.00,0.00,,,2,,,,,14,,1,,2,,,,,1,3,,,,,,,,,,,,,,,,,1,3,3,6,,,,,,,4,40
402074,"Santa Barbara County, CA, USA","California, USA","United States",34.882752940526,-120.45323535858,land,inland,2026-04-29,,1,,1,0.55,0.00,0.00,,2,3,,2,1,,8,24,1,2,1,1,5,3,5,9,4,10,,,,,,,,,,,,,,,,,,,,,,,,,,4,85
402078,"Southeastern Connecticut Planning Region, CT, USA","Connecticut, USA","United States",41.314884953126,-72.093136371093,land,saltwater,2026-04-29,"Save the Sound",1,,1,0.11,0.76,0.00,,,,,,,,,,3,1,,,,,8,,,,,,,,,,,,,,,,,,,,,,,,,,,,,,12
402079,"Pinellas County, FL, USA","Florida, USA","United States",27.684307702199,-82.737830217197,land,saltwater,2026-04-29,,1,,1,10.84,2.78,0.00,,,1,,3,1,2,2,18,41,,1,5,,,9,6,16,3,4,,,1,,,,5,13,,3,,1,2,1,2,13,20,29,,4,,,,1,2,209
402080,"Palm Beach County, FL, USA","Florida, USA","United States",26.748756165616,-80.035862065852,land,saltwater,2026-04-28,KPBCB,3,,3,31.30,0.00,0.00,,4,4,3,15,4,7,,121,,6,9,12,5,8,12,8,,14,3,,,2,,4,,6,4,5,,3,,3,,2,4,3,8,,,,,,,246,525
402081,"Dare County, NC, USA","North Carolina, USA","United States",36.207678669692,-75.761971589405,land,saltwater,2026-04-29,,1,,1,1.78,0.60,0.00,,,1,,,,2,,,,,,1,,,6,,,,1,,,1,,,,,,,,,,,,,,,,,,,,,,2,14
402082,"Greater Bridgeport Planning Region, CT, USA","Connecticut, USA","United States",41.247539346465,-73.200837014828,land,inland,2026-04-29,"Trumbull cleanup",1,,1,1.02,1.97,0.00,,1,,,1,1,,,1,,,,,,,,,,,,,,,,,,,,,,,,,,,1,2,10,,,,,,,10,27
402083,"Baltimore, MD, USA","Maryland, USA","United States",39.285130244428,-76.607712532454,land,saltwater,2026-04-11,"National Aquarium Weekly Harbor Wetland Cleanup- April 11",5,,5,45.36,0.40,0.00,4,19,45,,63,11,,3,80,104,8,5,35,,9,126,44,57,3,,,,,,,33,3,,2,19,,,,,239,,27,21,3,,,12,,,1200,2171
402086,"Erie County, NY, USA","New York, USA","United States",43.0171881,-78.8901134,land,freshwater,2026-04-25,"BN Waterkeeper - Niawanda Park",28,,28,42.86,0.00,0.00,15,,,,,,,,,,,,,,,,,,,,,,,,,,,,,,,,,,,,,,,,,,,,,
402087,"Fairfax County, VA, USA","Virginia, USA","United States",38.885033333333,-77.2757,land,inland,2026-04-29,RBH,1,,1,0.64,3.57,0.00,,1,2,,1,1,,1,6,9,,,1,,,42,1,1,1,,,,,,,,,,,3,,,,,,3,4,36,,1,,,,,,114
402088,"Yolo County, CA, USA","California, USA","United States",38.5449065,-121.7405167,land,inland,2026-04-29,"putah creek council",1,,1,1.06,0.00,0.00,,,2,,,,,,,,,,,,,,,,,,,,,,,,,,,,,,,,,,19,,,,,,,,1,22
402089,"Baltimore, MD, USA","Maryland, USA","United States",39.28505996623,-76.607711567066,land,saltwater,2026-04-18,"National Aquarium Weekly Harbor Wetland Cleanup- April 18",4,,4,36.29,0.40,0.00,4,5,17,2,22,6,,2,30,30,,5,20,,1,80,12,7,1,,,,,,,8,1,,1,,,,,14,85,,2,12,2,,2,,,2,265,634
402090,"Baltimore, MD, USA","Maryland, USA","United States",39.285068159212,-76.607669359763,land,saltwater,2026-04-25,"National Aquarium Weekly Harbor Wetland Cleanup- April 25",4,,4,45.36,0.40,0.00,5,27,12,4,43,11,,6,85,85,2,60,55,,5,70,50,55,1,,,,,,1,36,9,,1,1,,,,,147,,11,22,3,,,17,1,1,905,1726
402091,"Washington County, WI, USA","Wisconsin, USA","United States",43.4252776,-88.1834277,land,freshwater,2026-04-25,,6,,6,37.42,0.00,0.00,7,,,,,,,,,,,,,,,,,,,,,,,,,,,,,,,,,,,,,,,,,,,,,
402092,"King County, WA, USA","Washington, USA","United States",47.291443954327,-122.29208535078,land,freshwater,2026-04-29,,1,,1,0.03,1.72,0.00,,,,,,1,,,,2,,,,,,,,,,,,,,,,,,,,,,,,,1,,,,,,,,,,,4
402093,"San Mateo County, CA, USA","California, USA","United States",37.648387852709,-122.48726823338,land,inland,2026-04-29,"Pacific Beach Coalition - Terri Brown",1,,1,21.25,1.37,0.00,,1,2,4,21,5,3,5,28,296,,2,2,,3,5,3,7,4,,,,6,,,,1,1,1,,2,,2,8,13,,3,172,,14,,4,,,14,632
402095,"Erie County, NY, USA","New York, USA","United States",42.943505438231,-78.842154369842,land,freshwater,2026-04-29,bnwcayugacreek,2,,2,18.76,0.02,0.00,,,,2,3,,,,4,10,,,,,,,,2,2,,,,,2,,1,,,,,2,,,,1,,,,,,,,,,,29
402110,"San Francisco County, San Francisco, CA, USA","California, USA","United States",37.7593921,-122.510734,land,saltwater,2026-04-29,,1,,1,0.06,0.00,0.00,,2,2,,1,,,,,,,,,,,,,,,,,,,,,,,,,,,,,,,,,,,,,,,,,5
402111,"Santa Barbara County, CA, USA","California, USA","United States",34.424920043735,-119.70900790738,land,saltwater,2026-04-29,"heal the ocean",1,,1,0.24,0.01,0.00,,,,,,1,,,,,,,,1,1,,,1,1,,,,,,3,1,1,,1,,,,,,,,,,,,,,,,1,12
402112,"Fresno County, CA, USA","California, USA","United States",36.778261,-119.4179324,land,inland,2026-04-29,RCGA2026,2,,2,2.27,0.00,0.00,,5,10,5,7,2,10,1,41,18,8,4,,9,,24,6,,,,,,,,,,,,,,,,,,,,,,,,,,,,,150
402113,"San Francisco County, San Francisco, CA, USA","California, USA","United States",37.7593921,-122.510734,land,inland,2026-04-29,,1,,1,0.32,1.93,0.00,,2,7,,3,5,,5,8,14,,,,,,3,,2,2,,,,,,2,,,,,,,,,,,,,,,,,,,,,53
402114,"Palm Beach County, FL, USA","Florida, USA","United States",26.512825138657,-80.05727947009,land,saltwater,2026-04-29,Bocasob,1,,1,0.34,0.57,0.00,,2,,,1,1,,,2,,,,1,,,,,1,1,,,,,,,1,,,,,,,1,,,,,,,,,,,,4,15
402115,"Monterey County, CA, USA","California, USA","United States",36.626483724844,-121.91676641972,land,saltwater,2026-04-29,"GSS + Ian Cook",1,,1,8.98,0.00,0.00,,,,8,1,2,1,6,8,10,,,1,,,2,2,3,4,2,,,4,,,,,,,3,,1,,,,,4,8,,1,,,,,21,92
402116,"Palm Beach County, FL, USA","Florida, USA","United States",26.371787521638,-80.092548827847,land,inland,2026-04-29,"Bocasob- Dmoon",1,,1,3.52,0.49,0.00,,9,7,2,8,6,2,5,12,39,1,16,3,,1,38,3,5,3,,,,,,,16,,2,,1,1,,,1,3,,,15,1,1,,3,,1,10,215
402117,"Capitol Planning Region, CT, USA","Connecticut, USA","United States",41.775160015348,-72.66548820709,land,freshwater,2026-04-26,Dwyer,4,,4,10.56,0.00,0.00,,2,1,3,,3,,,,1,,,,1,,4,,1,,1,,,,1,,,,,,,,,,,,,,3,,,,,,,,21
402118,"Wood County, OH, USA","Ohio, USA","United States",41.556493062526,-83.645856482908,land,inland,2026-04-26,,5,,5,7.94,0.37,0.00,,1,,1,1,,,,,11,,,,,,,1,,1,15,,,,,,,,,,,1,,,,,1,,10,,,,,,,,43
402119,"Merrimack County, NH, USA","New Hampshire, USA","United States",43.378595768367,-71.717558029792,land,inland,2026-04-30,"Thalassa Silver",2,,2,5.72,0.80,0.00,,7,2,7,12,29,1,2,1,46,,1,3,2,1,8,2,4,,1,,,1,,,,4,,,3,1,2,,,1,,,20,,,,,,,12,173
402122,"San Mateo County, CA, USA","California, USA","United States",37.447006014009,-122.43401395194,land,saltwater,2026-04-30,"Sea Hugger",2,,2,3.06,0.12,0.00,,,3,2,4,,,,,1,,2,,1,,2,2,,,,,,1,,,11,,,,1,,,1,,,1,1,2,,,,,,,3,38
402134,"Greater Bridgeport Planning Region, CT, USA","Connecticut, USA","United States",41.243230083482,-73.185616694013,land,inland,2026-04-30,"Trumbull cleanup",1,,1,0.52,4.35,0.00,,,2,,1,1,1,,1,,1,,1,,,2,1,2,,,,,,,,,,,,,,,,,,,4,3,,,,,,,4,24
402135,"Dare County, NC, USA","North Carolina, USA","United States",36.207016912268,-75.762403838701,land,saltwater,2026-04-30,,1,,1,0.03,0.11,0.00,,,,,,,,,,,,,,,,2,,2,,,,,,,,,,,,,,,,,,,,,,,,,,,2,6
402136,"Fairfax County, VA, USA","Virginia, USA","United States",38.887434574836,-77.274045645158,land,inland,2026-04-30,RBH,1,,1,0.14,3.22,0.00,,,,,2,2,1,2,3,6,,,1,,,16,1,1,1,6,,,,,,,,,,,,,,,1,,5,28,,,,,,,,76
402137,"Miami-Dade County, FL, USA","Florida, USA","United States",25.757746067729,-80.141997251166,land,saltwater,2026-04-30,muve,3,,3,5.65,2.18,0.00,,11,30,,4,2,7,,12,2,,1,4,,3,27,1,4,5,1,,,3,,,,,,,2,,,,,2,,,2,,,,1,1,,,125
402138,"Miami-Dade County, FL, USA","Florida, USA","United States",25.75087331,-80.14616415,land,saltwater,2026-04-30,MUVE,1,,1,8.35,0.27,0.00,,4,7,1,3,,,,29,,,,10,,3,9,4,8,3,7,,,2,,,,4,,,2,,,,,3,1,17,,,,,,,,18,135
402140,"Contra Costa County, CA, USA","California, USA","United States",37.961009691363,-122.36214556639,land,freshwater,2026-04-18,TWP-C-WC,37,,37,591.48,0.80,0.65,27,10,30,21,28,12,6,4,35,17,9,7,7,22,14,111,5,18,9,4,,22,32,6,1,79,5,2,6,17,1,5,30,5,15,14,57,36,,,1,7,3,1,47,761
402141,"Santa Barbara County, CA, USA","California, USA","United States",34.403816525256,-119.74349178647,land,saltwater,2026-04-30,"Explore Ecology",45,,45,0.91,0.00,0.00,,,,,,2,,,2,1,,1,,1,,1,,4,,1,,,,,,,,1,,1,,,,1,,,1,2,,,,,,,6,25
402167,"San Diego County, CA, USA","California, USA","United States",32.753851858764,-117.25109065564,land,saltwater,2026-04-30,SDCCD,3,,3,5.83,0.00,0.00,,,11,3,21,1,,,14,48,,1,2,,1,42,,5,,,,,,,1,18,,,,4,3,,,2,10,8,2,6,1,7,,,,1,18,230
402168,"San Diego County, CA, USA","California, USA","United States",32.754376399581,-117.2516590052,land,saltwater,2026-04-30,SDCCBio101,2,,2,2.90,1.19,0.00,,1,3,,4,3,1,2,2,27,,,1,,,15,1,5,1,,,,,,,,,,,,2,,2,3,2,,7,24,,,,,,,,106
402169,"San Diego County, CA, USA","California, USA","United States",32.754208382771,-117.25146785532,land,saltwater,2026-04-30,,3,,3,5.09,0.05,0.00,,,,,1,1,,1,1,26,,,4,,1,13,,,,,,,1,,,5,,12,,3,,,2,,,3,2,27,,,,,,,4,107
402170,"San Diego County, CA, USA","California, USA","United States",32.753958103179,-117.25155827356,land,saltwater,2026-04-30,sdcc,3,,3,2.70,0.25,0.00,,,6,1,2,2,,2,,45,1,,,,,,1,,,,,,,,,4,2,,,4,,2,1,,,,19,,,,,,,,4,96
402171,"San Diego County, CA, USA","California, USA","United States",32.753932922577,-117.25127156358,land,saltwater,2026-04-30,"Sdcc Bio 101+",3,,3,4.17,0.16,0.00,,2,,,1,2,,1,2,72,,7,,,,16,,2,1,,,,,,,,,,,5,,,,,,,48,7,,,,,,,,166
402172,"King County, WA, USA","Washington, USA","United States",47.294792519784,-122.28331178427,land,freshwater,2026-04-30,,1,,1,0.72,0.00,0.00,,,,,2,,,,,6,,,1,,,1,,,,,,,,,,,,,,2,,,,,2,,,5,,,,,,,,19
402173,"Norfolk County, MA, USA","Massachusetts, USA","United States",42.203662185532,-71.019038349822,land,inland,2026-04-30,MA-CZM-,1,,1,0.17,0.07,0.00,,4,,,,9,,,,,,,,,,,,,,,,,,,,,,,,,,,,,,,,,,,,,,,,13
402174,"San Diego County, CA, USA","California, USA","United States",32.57954007329,-117.13191981226,land,saltwater,2026-04-30,CNRSW,8,,8,62.01,0.48,0.00,,1,5,,,,,2,3,14,1,,2,1,1,2,1,,1,7,1,1,,,,,,,,,,,,,,,,,,,,,,,,43
402175,"Honolulu County, HI, USA","Hawaii, USA","United States",21.445447983333,-157.735477,land,saltwater,2026-04-29,,1,,1,3.40,0.00,0.00,1,,,,,,,,,,,,,,,,,,,,,,,,,,,,,,,,,,,,,,,,,,,,,
402176,"Baltimore County, MD, USA","Maryland, USA","United States",39.243008240722,-76.594384503315,land,freshwater,2026-04-30,"MDE Shoreline Cleanup",20,,20,72.57,0.16,0.00,,,3,1,102,,,11,93,5,3,6,26,,11,48,11,9,5,1,,,6,,,,,,,1,,,,1,11,,3,15,,,,,4,,202,578
402177,"Honolulu County, HI, USA","Hawaii, USA","United States",21.445449,-157.735477,land,saltwater,2026-04-29,,1,,1,4.08,1.93,0.00,,,,,1,1,,,6,2,,,,,,3,,,,7,,,,,,,,,,,,,,,1,,15,,,,,,,,38,74
402178,"Arlington County, Arlington, VA, USA","Virginia, USA","United States",38.870272863233,-77.046086156273,land,inland,2026-04-27,,1,,1,0.91,0.00,0.00,1,,,,,,,,,,,,,,,,,,,,,,,,,,,,,,,,,,,,,,,,,,,,,
402181,"Kings County, Brooklyn, NY, USA","New York, USA","United States",40.651294550105,-73.953483189988,land,inland,2026-04-30,brooklyn,22,,22,18.44,0.09,0.00,,1,1,1,,1,1,1,1,1,1,1,,,,,,,,,,,,2,,,,,,,1,,,,,,,,,,,,,,,13
402182,"Kings County, Brooklyn, NY, USA","New York, USA","United States",40.651234284926,-73.953320304707,land,saltwater,2026-04-30,brooklyn,25,,25,44.45,0.40,0.00,13,,,,,,,,,,,,,,,,,,,,,,,,,,,,,,,,,,,,,,,,,,,,,
402183,"Kings County, Brooklyn, NY, USA","New York, USA","United States",40.65122632817,-73.95333293068,land,inland,2026-04-30,brooklyn,22,,22,0.47,0.09,0.00,,,1,1,,,1,,,1,,1,1,,1,13,,,,,,,,,,,,,,,,,,,,,,,,,,,,,,20
402184,"South Central Connecticut Planning Region, CT, USA","Connecticut, USA","United States",41.345801834377,-72.933521503875,land,inland,2026-04-26,"Save the Sound",1,,1,1.87,0.22,0.00,,13,2,4,4,,5,3,,,2,2,3,3,,16,9,,,,,,,,,,,,,1,,1,,,,,,2,,,,,,,7,77
402185,"Washington, DC, USA","Washington, DC, USA","United States",38.878641276341,-77.018040048798,land,saltwater,2026-04-27,"past cleanup test",1,,1,0.12,0.00,0.00,,,,,,2,1,,1,1,1,,1,1,1,1,,,,,,,,,,,,,,,,,,,,,,,,,,,,,,10
402188,"Brunswick County, NC, USA","North Carolina, USA","United States",33.896871421221,-78.584638451543,land,saltwater,2026-05-01,"East Sunset Beach",1,,1,0.15,0.00,0.00,,,,,,,2,,,2,,,,,,,,,,,,,,,,,,,,,,,,,2,,2,,,,,,,,,8
402189,"Southeastern Connecticut Planning Region, CT, USA","Connecticut, USA","United States",41.315296353045,-72.092279300497,land,saltwater,2026-05-01,"Save the Sound",1,,1,0.02,0.43,0.00,,,,,,,,,2,,,,1,,,,,,,,,,,,,,,,,,,,,,,,,,,,,1,,,,4
402190,"Greater Bridgeport Planning Region, CT, USA","Connecticut, USA","United States",41.258047739896,-73.203693006718,land,inland,2026-05-01,"Trumbull cleanup",1,,1,0.73,1.40,0.00,,,,,1,,,,,,,4,1,,,3,3,1,,,,,,,,,,,,,1,,,,,,4,6,,,,,,,5,29
402191,"Palm Beach County, FL, USA","Florida, USA","United States",26.709560039453,-80.034226002172,land,saltwater,2026-04-29,KPBCB,3,,3,19.50,1.13,0.00,,3,3,5,14,,9,,117,,5,4,14,3,7,6,3,,14,1,,,2,,4,5,6,2,2,,,,3,,4,1,8,3,,,,,2,,319,569
402192,"Palm Beach County, FL, USA","Florida, USA","United States",26.739922352135,-80.035934401676,land,saltwater,2026-05-01,KPBCB,3,,3,14.06,0.00,0.00,,5,3,,13,2,13,,132,2,4,4,11,8,4,10,7,4,12,2,,,1,,5,4,10,5,3,4,,,5,3,3,6,12,7,,,,,,,273,577
402201,"Virginia Beach, VA, USA","Virginia, USA","United States",36.812247716365,-75.991464762407,land,inland,2026-05-01,,12,72,84,47.63,0.00,0.00,,4,10,3,20,3,,8,9,,4,2,6,,,101,9,11,6,7,1,,8,,,4,,2,,2,,,,,,3,40,55,,,,5,,,85,408
402202,"Volusia County, FL, USA","Florida, USA","United States",29.33379571,-81.05877202,land,saltwater,2026-05-01,"VOL -judi",1,,1,3.32,0.00,0.00,,,5,,,,,,2,,1,2,3,1,,2,1,,1,,,,2,,,1,1,,1,,,,,,,,8,2,,,,,,,7,40
402203,"Prince George's County, MD, USA","Maryland, USA","United States",38.793721814755,-76.720936621212,land,freshwater,2026-05-01,Jugbay,3,,3,17.23,0.32,0.00,,,,26,273,5,,,5,,,,4,13,,3,7,,,2,3,,,,,,3,,,1,,,,,2,1,16,4,,,,,,,69,437
402204,"Prince George's County, MD, USA","Maryland, USA","United States",38.781462808829,-76.716736944166,land,freshwater,2026-05-01,,3,,3,22.45,0.60,0.00,,,,32,380,2,,,1,,5,,1,4,4,,,,,,1,,,,,17,4,,1,,,,1,,2,16,4,6,,,,,,,71,552
402205,"Anne Arundel County, MD, USA","Maryland, USA","United States",38.784280300068,-76.706763200664,land,freshwater,2026-05-01,"jug bay",1,,1,26.51,0.48,0.00,,2,1,40,393,2,2,,3,,,5,6,,1,,1,,,3,,,,,,87,13,,,,,,2,,6,5,4,2,,,,,,,,578
402206,"Prince George's County, MD, USA","Maryland, USA","United States",38.792225631518,-76.708332964681,land,freshwater,2026-05-01,"Jug Bay",2,,2,8.36,6.00,0.00,,,,10,161,2,,,,,,,1,9,,,,,,,,,,,,26,,,,,,,1,,,4,,,,,,,,,,214
402207,"Yolo County, CA, USA","California, USA","United States",38.5449065,-121.7405167,land,inland,2026-05-01,"putah creek council",1,,1,0.72,0.00,0.00,,,1,,,,,,,2,,,,,,2,,,,,,,,,,,,,,,,,,,,,9,3,,,,,,,5,22
402208,"Baltimore County, MD, USA","Maryland, USA","United States",39.243005565682,-76.594382452596,land,freshwater,2026-05-01,"Yelp Shoreline Cleanup",10,,10,32.66,0.16,0.00,,,8,,65,,,1,34,,,,3,,7,42,,14,2,,,,2,,2,,1,,1,3,,,,,14,1,,1,,,,,3,,96,300
402209,"Charleston County, SC, USA","South Carolina, USA","United States",32.512911089783,-80.315934509327,land,saltwater,2026-05-01,EBSPTURTLEPATROL,1,,1,0.66,0.00,0.00,,,1,,2,1,,,,13,,,,,,4,,2,,,,,,,,,,,1,1,,,,,,,,6,,,,,,,4,35
402210,"San Mateo County, CA, USA","California, USA","United States",37.597159965076,-122.50328756068,land,saltwater,2026-05-01,Abilitypath,5,,5,6.40,0.17,0.00,,,2,1,,,2,2,3,81,,,2,1,,26,3,3,,3,,,1,,,,,6,,3,1,,,1,,1,5,33,1,,,,,,10,191
402212,"Yolo County, CA, USA","California, USA","United States",38.5412766,-121.7530242,land,inland,2026-05-01,"putah creek council",1,,1,0.54,0.00,0.00,,,,,,,,,,6,,,,,,,,,,,,,,,,,,,,,,,,,,,4,5,,,,,,,3,18
402214,"King County, WA, USA","Washington, USA","United States",47.294933039579,-122.28328437027,land,freshwater,2026-05-01,,1,,1,0.24,0.00,0.00,,,,,1,2,,,1,8,,,1,,,3,,,,,,,,,,,,,,,,,,,,,,2,,,,,,,,18
402215,"Fairfax County, VA, USA","Virginia, USA","United States",38.884808146439,-77.273055238152,land,inland,2026-05-01,RBH,1,,1,0.45,3.98,0.00,,1,,,2,3,,2,9,8,1,,,,,18,1,1,,,,,3,,,,,1,,1,,,,1,2,,7,9,,,,,,,1,71
402216,"San Mateo County, CA, USA","California, USA","United States",37.621022958849,-122.45080944571,land,inland,2026-04-19,"Zombie Butts",1,,1,0.02,0.18,0.00,,,1,,,,,,,5,,1,,,,,,,,,,,,,,,,,,,,,,,,,,,,,,,,,,7
402217,"Washington County, RI, USA","Rhode Island, USA","United States",41.37510806,-71.54748509,land,saltwater,2026-05-01,"Blackbeard's Association",2,,2,18.72,0.02,0.00,,2,3,4,4,2,3,,,,1,1,,,2,2,4,8,6,8,2,,9,,1,2,2,3,2,,,,,,3,,19,6,,,,3,,,35,137
402218,"Pinellas County, FL, USA","Florida, USA","United States",27.74984868883,-82.744546013928,land,inland,2026-05-01,keldon,2,,2,6.08,1.93,0.00,,7,4,,6,1,,,2,52,,,,3,,6,1,5,,1,,,2,,,3,5,1,,,1,,,5,,,21,12,,,,1,,,6,145
402222,"Santa Barbara County, CA, USA","California, USA","United States",34.953144396858,-120.42501884098,land,inland,2026-05-01,,2,,2,0.44,0.19,0.00,,,1,,1,1,,,,3,1,1,1,1,,6,1,,1,,,,,,1,,,,,1,,,,1,,,,1,,2,,,,,7,31
402224,"Orange County, CA, USA","California, USA","United States",33.624029580813,-117.88187828498,land,saltwater,2026-05-02,,1,,1,0.50,4.02,0.00,,8,1,,7,5,,2,,1,8,7,,,,6,,,,,,,,,,,,,,,,,,,,,,,,,,,,,,45
402228,"Colleton County, SC, USA","South Carolina, USA","United States",32.504732326338,-80.294930324119,land,saltwater,2026-05-02,EBSPTURTLEPATROL,1,,1,3.46,0.05,0.00,,1,3,,2,2,1,,,35,,5,1,,1,12,,3,,,,,,,,1,,,1,1,,,1,1,,5,1,23,,,,1,,,8,109
402229,"Southeastern Connecticut Planning Region, CT, USA","Connecticut, USA","United States",41.315391970655,-72.091926216995,land,saltwater,2026-05-02,"Save the Sound",1,,1,0.02,0.68,0.00,,,,,1,,,,,1,,,,,,,,,,,,,,,,,,1,,,,,,,,,,,,,,,,,,3
402230,"Volusia County, FL, USA","Florida, USA","United States",28.928424330694,-80.82365127171,land,saltwater,2026-05-02,Ranger,1,,1,5.16,1.25,0.00,,,3,1,1,,1,,5,2,2,,,,,,,2,2,2,,,3,,,2,,1,2,,,,1,,,,,,,,,,,,4,34
402234,"Erie County, NY, USA","New York, USA","United States",42.761674581778,-78.616928086895,land,inland,2026-05-02,EATRASHMOB,4,,4,6.33,0.05,0.00,,2,,2,2,2,,,1,18,,,,,,33,1,2,,,,,1,,,9,,,,1,,,,,,1,11,44,,,,3,,,50,183
402235,"Erie County, NY, USA","New York, USA","United States",42.76155618,-78.61665416,land,inland,2026-05-02,EAtrashmob,3,,3,3.04,2.25,0.00,,,4,,,2,,1,3,125,,,2,,,26,2,1,,,,,,,,,,,,1,,,,,2,,14,26,,,,,,,,209
402236,"Erie County, NY, USA","New York, USA","United States",42.761616707349,-78.617180437876,land,inland,2026-05-02,eatrashmob,2,,2,2.98,0.14,0.00,,5,8,2,46,52,1,,,,,1,11,,4,,5,3,2,,,,,,,,,,,1,1,,,2,,,,,,,,,,,,144
402237,"Suffolk County, NY, USA","New York, USA","United States",40.768574548416,-72.926299823338,land,inland,2026-05-02,"Save the Great South Bay",20,,20,57.15,0.00,0.00,24,,,,,,,,,,,,,,,,,,,,,,,,,,,,,,,,,,,,,,,,,,,,,
402238,"Galveston County, TX, USA","Texas, USA","United States",29.174923510296,-94.999382997344,land,saltwater,2026-05-01,"Moody Gardens volunteers",2,,2,24.72,0.01,0.00,,2,4,1,6,2,3,,85,2,,,2,,4,6,11,1,13,15,1,,3,1,1,7,4,1,4,,,,5,1,,1,20,9,,,,,,,148,363
402239,"Galveston County, TX, USA","Texas, USA","United States",29.21559167,-94.91477801,land,saltwater,2026-05-02,"Moody Gardens",3,,3,2.54,0.32,0.00,,,,1,1,,,12,19,25,,,1,,,3,2,11,5,3,,,,,,4,,1,1,1,,,,,1,2,,,,,,,,,44,137
402240,"St. Tammany Parish, LA, USA","Louisiana, USA","United States",30.224937460556,-89.835618369121,land,saltwater,2026-05-02,"NHS Ocean Science Club",16,,16,28.53,0.00,0.00,,7,,2,,4,,100,83,203,3,3,1,1,1,60,7,13,5,8,1,,7,,1,121,,17,10,12,,1,,,16,5,104,7,,7,,,,,259,1069
402241,"Miami-Dade County, FL, USA","Florida, USA","United States",25.709444,-80.156164,land,inland,2026-05-02,,1,,1,0.39,0.00,0.00,,3,1,,3,1,4,4,4,1,2,3,,1,,5,,2,7,,,,,,1,,,,,,,,,2,,,,,,2,,,,,8,54
402243,"Galveston County, TX, USA","Texas, USA","United States",29.215866417449,-94.915170682884,land,saltwater,2026-05-02,"Moody Gardens",8,,8,4.21,0.11,0.00,,1,7,,41,,2,1,2,2,,3,3,2,,1,2,,,4,,,,,1,1,,1,,,,,3,,,,8,2,,,,,,,50,137
402244,"San Mateo County, CA, USA","California, USA","United States",37.609472350506,-122.49589515081,land,saltwater,2026-05-02,PBC,1,,1,1.71,1.93,0.00,,,,2,,4,2,,1,48,,,2,,1,14,3,4,3,,,,,,,,,,,1,,,,1,,1,2,6,,,,1,,,15,111
402245,"El Paso County, CO, USA","Colorado, USA","United States",38.8451633013,-104.82885148551,land,inland,2026-05-02,"The Johnson Team",17,,17,9.45,0.02,0.00,,,4,,3,,,2,3,,1,,,,,3,,,,,,,,1,,,,,,,,,,,,,4,,,,,,,,5,26
402246,"Erie County, NY, USA","New York, USA","United States",43.0151084,-78.6364571,land,inland,2026-05-02,,1,,1,7.91,0.00,0.00,,2,,,4,,3,,,,1,,1,,,21,,,1,,,,5,,,,2,1,,,,,,,,,8,12,,,,,,,,61
402247,"Sonoma County, CA, USA","California, USA","United States",38.5162795,-122.8606246,land,freshwater,2026-04-30,,1,,1,0.91,0.00,0.00,1,,,,,,,,,,,,,,,,,,,,,,,,,,,,,,,,,,,,,,,,,,,,,
402248,"Sonoma County, CA, USA","California, USA","United States",38.5258075,-122.763226,land,inland,2026-04-24,,1,,1,0.91,0.00,0.00,1,,,,,,,,,,,,,,,,,,,,,,,,,,,,,,,,,,,,,,,,,,,,,
402249,"Santa Barbara County, CA, USA","California, USA","United States",34.403014833733,-119.74355445826,land,saltwater,2026-05-02,"Heal The Ocean",7,,7,9.53,0.00,0.00,4,,,,,,,,,,,,,,,,,,,,,,,,,,,,,,,,,,,,,,,,,,,,,
402250,"King County, WA, USA","Washington, USA","United States",47.294920664325,-122.28333206859,land,freshwater,2026-05-02,,1,,1,0.32,2.24,0.00,,,,,,,,,,10,,,,,,5,1,,,,,,,,,,,,,,,,,,,,,4,,,,,,,,20
402251,"San Luis Obispo County, CA, USA","California, USA","United States",35.1233191,-120.6337257,land,saltwater,2026-05-02,,2,,2,0.35,1.15,0.00,,,3,,,3,,,,,,,,,,1,,,,,,,,,,,,,,,,,,,,,,4,,,,,,,1,12
402252,"Broward County, FL, USA","Florida, USA","United States",26.24258650326,-80.201229276516,land,saltwater,2026-02-13,Broward,1,,1,2.13,9.66,0.00,,4,3,1,3,,,3,2,12,6,2,1,1,1,11,3,3,1,,,,1,,,,,,,1,,,,,,,2,,,,,,,,4,65
402253,"San Luis Obispo County, CA, USA","California, USA","United States",35.123320089103,-120.63356568466,land,saltwater,2026-05-02,,2,,2,1.13,1.29,0.00,,3,1,2,3,2,,,1,,,,,2,1,2,1,1,,,,,,,1,,,,,,,,1,1,,,,3,,1,,,,,1,27
402255,"Williamson County, TX, USA","Texas, USA","United States",30.65969602,-97.65265393,land,inland,2026-05-03,"Me, myself and I",1,,1,0.15,0.01,0.00,,,,,1,,,,1,,,,,,,,,2,1,,,,,,,,,,,,,,,,,,1,1,,,,,,,10,17
402256,"Erie County, NY, USA","New York, USA","United States",42.761546075156,-78.616724919764,land,inland,2026-05-02,EATRASHMOB,4,,4,4.67,2.09,0.00,,,5,1,4,9,1,1,6,105,,1,2,,,30,2,3,,,,,1,,2,2,,6,,3,2,,,,,,14,18,,,,1,,,30,249
402257,"Waukesha County, WI, USA","Wisconsin, USA","United States",43.0428377,-88.0793743,land,freshwater,2026-04-26,"Milwaukee Riverkeeper",50,,50,10.21,0.00,0.00,2,,,,,,,,,,,,,,,,,,,,,,,,,,,,,,,,,,,,,,,,,,,,,
402258,"San Mateo County, CA, USA","California, USA","United States",37.503990829274,-122.48580015306,land,saltwater,2026-05-02,fedo,1,,1,0.02,0.86,0.00,,,,,,,,,1,,,,,,,1,1,1,,,,,,,,,,,,,,,,,,,,,,,,1,,,7,12
402268,"Volusia County, FL, USA","Florida, USA","United States",28.927251939562,-80.82421198091,land,saltwater,2026-05-03,Ranger,1,,1,0.68,1.61,0.00,,,7,,2,,,,4,,1,,2,,,,2,1,,,,,,,,,,,,,,,,,,1,5,,,,,,,,2,27
402269,"Dare County, NC, USA","North Carolina, USA","United States",36.209591028485,-75.76336956285,land,saltwater,2026-05-03,,1,,1,0.59,0.73,0.00,,,2,,,,9,,,,,,,,,,,,,1,,,,,,,,,1,,,,,,,,,1,,,,,,,,14
402270,"Charlotte County, FL, USA","Florida, USA","United States",26.942039649048,-82.286444157851,land,saltwater,2026-05-03,"Coastal Wildlife Club, Inc,",5,,5,5.67,4.83,0.00,,3,,,3,8,,,6,,,1,3,,,4,4,,,1,,,3,,,2,1,1,2,1,,,,,,3,4,,,,,,,,6,56
402272,"Oneida County, NY, USA","New York, USA","United States",43.1010949,-75.2355806,land,inland,2026-04-30,"urban run series",42,,42,142.88,0.00,0.00,42,,,,,,,,,,,,,,,,,,,,,,,,,,,,,,,,,,,,,,,,,,,,,
402273,"Pinellas County, FL, USA","Florida, USA","United States",27.957742138872,-82.832527071444,land,saltwater,2026-05-03,"Mom & Daughter",2,,2,1.29,1.75,0.00,,,,,,,1,,4,,,,,,1,13,,2,,1,,,,,,1,1,,2,,,,,,,,6,2,,,,2,,,14,50
402276,"Pinellas County, FL, USA","Florida, USA","United States",27.749959960347,-82.744498297959,land,saltwater,2026-05-03,keldon,1,,1,3.13,1.61,0.00,,12,,5,4,3,,,2,,,,,,1,2,,,,1,,,,,,14,1,,,,,,,7,,,2,3,,,,,,,35,92
402277,"Yolo County, CA, USA","California, USA","United States",38.5449065,-121.7405167,land,inland,2026-05-03,"putah creek council",1,,1,0.98,0.00,0.00,,,2,,,,,,,,,,,,,2,,,,,,,,,,,,,,,,,,,,1,6,6,,1,,,,,5,23
402278,"Orange County, CA, USA","California, USA","United States",33.4625361,-117.6856965,land,saltwater,2026-05-03,"Good Vibes, Clean Tides",7,,7,9.90,0.00,0.00,,3,,1,,,1,2,,1,2,,,1,,6,1,,6,16,,,1,,,,1,2,,,,,,,,4,,,,2,,,,,18,68
402279,"Orange County, CA, USA","California, USA","United States",33.4622027,-117.68535184,land,saltwater,2026-05-03,"Good Vibes Clean Tides",7,,7,0.91,0.80,0.00,,,,,,,,,,1,,,,,,1,,,,,,,,,,1,,,,,,,,,,,,,,,,,,,,3
402280,"Orange County, CA, USA","California, USA","United States",33.462226667133,-117.68542144457,land,saltwater,2026-05-03,"good vibes clean tides",1,,1,1.90,0.00,0.00,,,,,1,1,,,3,,,,,,1,5,,2,,2,,,,,,2,,6,,,,,,,,2,,5,,,,,,,15,45
402281,"Suffolk County, NY, USA","New York, USA","United States",40.730096726045,-73.230823662716,land,freshwater,2026-05-03,STGSB,30,6,36,272.16,0.80,0.00,22,,,100,200,,,,,,,,,,,,,,,,,,,1,,,,,,,,,,,,,,,,,,,,,,301
402282,"St. Johns County, FL, USA","Florida, USA","United States",30.1615592,-81.3573744,land,saltwater,2026-05-03,,1,,1,0.15,0.00,0.00,,1,1,,4,,,,,,,,,,,3,,2,,,,,,,,,,,,,,,,,,,,,,,,,,,,11
402283,"San Luis Obispo County, CA, USA","California, USA","United States",35.1427533,-120.6412827,land,saltwater,2026-01-12,,3,,3,4.31,0.00,0.00,2,,,,,,,,,,,,,,,,,,,,,,,,,,,,,,,,,,,,,,,,,,,,,
402284,"San Luis Obispo County, CA, USA","California, USA","United States",35.115326460871,-120.62385978598,land,saltwater,2026-05-03,,2,,2,1.50,2.09,0.00,,1,,3,2,,1,,,2,,,,,1,3,,,1,,,,,,,,,,,2,,,,1,,,,5,,,,,,,,22
402285,"San Luis Obispo County, CA, USA","California, USA","United States",35.11930784,-120.62520328,land,saltwater,2026-05-03,,1,,1,0.26,0.03,0.00,,1,1,1,,1,,,,,,,,,,,,,,,,,,,,,,,,,,,,,,,,,,,,,,,,4
402287,"San Luis Obispo County, CA, USA","California, USA","United States",35.11921121,-120.62511204,land,saltwater,2026-05-03,,2,,2,2.36,2.90,0.00,,6,2,4,,8,1,,1,13,4,,,,1,10,4,5,,,,,,,,,,,,,3,,,,,,,5,,,,,,,6,73
402288,"San Luis Obispo County, CA, USA","California, USA","United States",35.11924189,-120.62503487,land,saltwater,2026-05-03,,3,,3,1.77,1.93,0.00,,1,2,4,,5,,1,,4,,1,,2,,4,4,,,,,,,,,,,2,,,3,,,,2,,,4,,,,,,,3,42
402289,"San Luis Obispo County, CA, USA","California, USA","United States",35.11928158,-120.62507252,land,saltwater,2026-05-02,,2,,2,1.09,3.38,0.00,,4,,2,3,2,,,,2,,,,,,5,,,1,,,,,,,,,,,,,,,,,,,7,,,,,,,4,30
402290,"San Luis Obispo County, CA, USA","California, USA","United States",35.115311779505,-120.62376764334,land,saltwater,2026-05-02,,2,,2,2.09,2.90,0.00,,,4,3,7,,,,,3,2,3,4,,2,,2,,2,,1,,,,2,,,,,3,,,,,,,,,,,,,,,,38
402291,"San Luis Obispo County, CA, USA","California, USA","United States",35.115282081874,-120.62375515991,land,saltwater,2026-05-01,,2,,2,1.81,2.25,0.00,,,,3,,,,2,,,,,,4,1,1,1,4,1,,,2,,,,,,,,2,1,,1,,1,,,,,2,,,,,,26
402292,"King County, WA, USA","Washington, USA","United States",47.294950922995,-122.2832546198,land,freshwater,2026-05-03,,1,,1,1.11,1.57,0.00,,,,,3,3,,,,2,,,,,,3,,,,1,,,,,,,,,,,,,,,,,1,7,,,,,,,,20
402293,"San Mateo County, CA, USA","California, USA","United States",37.553795210668,-122.24903384402,land,saltwater,2026-05-03,,1,,1,6.80,0.00,0.00,1,,,,,,,,,,,,,,,,,,,,,,,,,,,,,,,,,,,,,,,,,,,,,
402294,"San Luis Obispo County, CA, USA","California, USA","United States",35.10992679,-120.5766806,land,saltwater,2026-05-04,,2,,2,0.77,4.83,0.00,,3,,2,,2,,,,1,,,,,,6,2,1,,,,,,,,,,,,,2,,,,,,,2,,,,3,,,4,28
402295,"Orange County, CA, USA","California, USA","United States",33.405441607214,-117.60642803125,land,saltwater,2026-05-02,,2,,2,1.65,0.01,0.00,,28,5,4,3,11,,4,,1,,8,3,,4,,2,,,,,,,,,,,,,,,,,,,,,,,,,,,,,73
402298,"Honolulu County, HI, USA","Hawaii, USA","United States",21.444233570368,-157.73700564231,land,saltwater,2026-05-03,,1,,1,4.05,1.53,0.00,,,,,1,,,3,9,,,,,,,2,,,1,5,,,1,,,,,,,,,,,,,,9,,,,,,,,47,78
402299,"Santa Clara County, CA, USA","California, USA","United States",37.452433202427,-122.09250071156,land,saltwater,2026-05-03,fedo,1,,1,0.09,12.00,0.00,,,1,,,,,,2,1,,,,,,1,,,,,,,,,,,,2,,,,,,,,,1,,,,,,,,2,10
402300,"Alameda County, CA, USA","California, USA","United States",37.50647256,-121.9329748,land,inland,2026-05-04,,3,,3,5.04,3.01,0.00,,3,3,6,5,7,2,2,2,32,,2,1,,1,42,3,4,6,,,,1,,,2,3,1,,1,,4,,2,,,5,6,,,,,,,,146
402316,"Colleton County, SC, USA","South Carolina, USA","United States",32.504732892659,-80.294951810761,land,saltwater,2026-05-04,EBSPTURTLEPATROL,3,,3,1.07,0.04,0.00,,,,,1,,,,,6,,,2,,,1,1,,1,,,,,,,,,,,,,,,,,3,,5,,,,,,,,20
402317,"Southeastern Connecticut Planning Region, CT, USA","Connecticut, USA","United States",41.315765755353,-72.090766010241,land,saltwater,2026-05-04,"Save the Sound",1,,1,0.02,0.72,0.00,,,,,,1,,,,,,,,,,,,,,,,,,,,,,,,,,,,,,,,,,,,,,,1,2
402318,"Volusia County, FL, USA","Florida, USA","United States",28.928290816859,-80.823870868875,land,saltwater,2026-05-04,Ranger,1,,1,2.04,2.41,0.00,,,3,,1,,1,,6,1,,,,,,3,,1,,1,,,1,,,,,,6,,,,,,,1,,,,,,,,1,10,36
402319,"Greater Bridgeport Planning Region, CT, USA","Connecticut, USA","United States",41.263013685032,-73.204269105798,land,inland,2026-05-03,"Trumbull cleanup",1,,1,1.30,0.05,0.00,,,6,,,3,,,,1,,,,,,1,,,,,,,,,,,,,,3,,,,,,,4,8,,,,,,2,8,36
402320,"Cache County, UT, USA","Utah, USA","United States",41.799188977593,-111.8107045651,land,inland,2026-05-01,Gss,1,,1,7.71,0.00,0.00,2,,,,,,,,,,,,,,,,,,,,,,,,,,,,,,,,,,,,,,,,,,,,,
402321,"Palm Beach County, FL, USA","Florida, USA","United States",26.670211236924,-80.037442222238,land,saltwater,2026-05-04,KPBCB,3,,3,39.92,0.00,0.00,,6,3,7,15,9,11,2,246,5,11,7,15,9,11,10,7,4,15,,,,,,4,1,6,,3,9,,5,3,,5,4,7,4,,,,,,,453,897
402322,"Volusia County, FL, USA","Florida, USA","United States",29.33131543,-81.05795251,land,saltwater,2026-05-04,"VOL -judi",1,,1,1.55,0.00,0.00,,,6,,,,,,12,4,,,,,,5,3,3,2,,,,,,,1,1,,1,,,,1,,1,1,12,2,,,,,,,19,74
402323,"Virginia Beach, VA, USA","Virginia, USA","United States",36.837866956048,-75.976398413811,land,saltwater,2026-05-04,,1,,1,1.37,0.59,0.00,,1,,1,6,,1,,4,28,1,1,,1,1,1,5,7,,,,,,,,1,,1,,,,,,,1,,6,8,,1,,,,,6,82
402332,"Yolo County, CA, USA","California, USA","United States",38.5449065,-121.7405167,land,inland,2026-05-04,"putah creek council",1,,1,1.10,0.00,0.00,,,1,,,,,,,,,,,,,2,,,,,,,,,,,,,,,,,,,,,9,9,,,,,,,5,26
402333,"King County, WA, USA","Washington, USA","United States",47.294823990057,-122.28348380798,land,freshwater,2026-05-04,,1,,1,0.78,0.00,0.00,,,1,,1,2,,,,8,,1,,,1,2,1,2,,,,,,,,,,,,,,,,,2,,1,9,,,,,,,,31
402334,"Fairfax County, VA, USA","Virginia, USA","United States",38.884884393859,-77.27336386626,land,inland,2026-05-04,RBH,1,,1,0.91,3.22,0.00,,,,,3,5,1,,7,9,,6,,,,16,,4,,,,,,,,,,1,,3,,,,,1,1,17,37,,,,,,,,111
402335,"Brazoria County, TX, USA","Texas, USA","United States",28.9516604,-95.2875474,land,saltwater,2026-05-04,slb,2,,2,0.91,3.22,0.00,,,1,,,,,5,,,,,,,,1,1,1,3,,,,,,,,,1,,,1,,,,1,1,1,1,,,2,,,,,20
402336,"Volusia County, FL, USA","Florida, USA","United States",28.928447157738,-80.823535710527,land,saltwater,2026-05-04,Ranger,1,,1,2.63,0.80,0.00,,,8,,1,,,,2,,,,,,,,,1,,,,,2,,,,,,,,,,,,,,2,,,,,,,,,16
402337,"Palm Beach County, FL, USA","Florida, USA","United States",26.82239390446,-80.037975941084,land,saltwater,2026-04-30,"Citizen Science Marine Debris Program",35,,35,27.85,2.57,0.00,,,,,,,,,,,,,,,,,,,,,,,,,,,,,,,,,,,,,,,,,,,,,,
402338,"San Luis Obispo County, CA, USA","California, USA","United States",35.1216424,-120.6212821,land,saltwater,2026-05-04,,1,,1,0.36,1.61,0.00,,,,,1,6,,1,1,1,,,,,,1,,1,1,,,,,,1,,,,,,,,,,,1,,,,,,,,,,15
402343,"Honolulu County, HI, USA","Hawaii, USA","United States",21.444365886377,-157.73695985487,land,saltwater,2026-05-04,,1,,1,4.31,1.77,0.00,,,1,,2,,1,,3,,,,,,,2,,,1,6,,,,,,,,,,,,,,,,2,19,,,,,,,,46,83
402344,"Erie County, NY, USA","New York, USA","United States",43.023298013446,-78.82449283542,land,inland,2026-05-04,"helena and jaxon",2,,2,1.18,2.09,0.00,,3,2,4,4,2,,1,1,2,,3,2,,,1,1,,1,,,,,,,,,,,,,,,,,,,,,,,1,,,1,29
402345,"Erie County, NY, USA","New York, USA","United States",43.021689051287,-78.823264698102,land,freshwater,2026-05-04,,2,,2,1.27,2.09,0.00,,1,1,2,,,,1,,,1,,1,,1,1,,3,,,,,,,,,,,,,,,,,,,,,,,,,,,,12
402346,"San Mateo County, CA, USA","California, USA","United States",37.588682876325,-122.49910271762,land,inland,2026-05-04,pacifica,2,,2,2.30,0.05,0.00,,,,,,,,,,21,,,,,,2,1,1,1,,,,1,,,,,,,,,,,,1,,4,13,,,,,,,,45
402347,"Barnstable County, MA, USA","Massachusetts, USA","United States",41.733297041552,-70.390778427393,land,saltwater,2026-05-04,"EMMA T",1,,1,12.56,1.14,0.00,,2,,,3,1,2,1,2,1,,2,,,,3,,,3,1,,,9,,,,3,1,,,,,1,,,,6,2,,,,,,,5,48
402350,"Williamson County, TX, USA","Texas, USA","United States",30.65969009,-97.65262949,land,inland,2026-05-05,"Me, myself and I",1,,1,4.88,0.01,0.00,,,,,1,,,,,,,,,,,,1,,,,,,4,,,,,,,,,,,,,,,,,,,,,,13,19
402351,"Nueces County, TX, USA","Texas, USA","United States",27.689690753781,-97.41643836065,land,saltwater,2026-04-18,,1,,1,6.80,0.00,0.00,2,,,,,,,,,,,,,,,,,,,,,,,,,,,,,,,,,,,,,,,,,,,,,
402359,"Broward County, FL, USA","Florida, USA","United States",25.993414255623,-80.12779599643,watercraft,inland,2026-05-05,"Little Earth Hero",4,,4,3.35,0.08,0.00,,2,1,10,9,14,,4,5,3,4,,,1,,5,,3,,1,,,,,,,,,,,,,,,,,,,,,,,,,16,78
402360,"King County, WA, USA","Washington, USA","United States",47.528194379371,-122.38485341638,land,saltwater,2026-05-05,"Protect Where We Play -",1,,1,10.21,0.01,0.00,,,,,,,,,,,,,,,,,,,,,2,,,1,,,,,,,,,,,,,,,,,,,,,,3
402361,"Bronx County, Bronx, NY, USA","New York, USA","United States",40.839290001713,-73.878095235942,land,freshwater,2026-05-02,"Drew Gardens",9,,9,117.80,0.10,0.00,,52,,49,94,84,,,73,58,17,26,,,62,,79,38,26,,,,75,,2,5,43,,4,11,7,5,2,,26,2,,10,,,,49,,,112,1011
402364,"Volusia County, FL, USA","Florida, USA","United States",28.92765808,-80.82416534,land,saltwater,2026-05-05,Ranger,1,,1,1.18,1.61,0.00,,,4,,,,,,4,,,,,,,,2,1,2,2,,,,,,,,,,,,,,,,,4,,,,,,,,4,23
402365,"Southeastern Connecticut Planning Region, CT, USA","Connecticut, USA","United States",41.315743305139,-72.090765620504,land,saltwater,2026-05-05,"Save the Sound",1,,1,0.04,0.58,0.00,,,,,,,,,,,,1,,1,,,,,,,,,,,,,,,,,,,,,,,,,,,,,,,,2
402366,"Palm Beach County, FL, USA","Florida, USA","United States",26.762941069901,-80.03778219223,land,saltwater,2026-05-05,KPBCB,3,,3,17.24,0.00,0.00,,4,7,5,7,6,7,4,103,4,9,4,6,6,6,5,9,,9,,,,4,,2,,4,2,3,4,,4,4,,4,3,4,3,,,,,,,168,410
402369,"Greater Bridgeport Planning Region, CT, USA","Connecticut, USA","United States",41.256140198456,-73.209887839236,land,inland,2026-05-05,"Trumbull cleanup",1,,1,0.54,2.95,0.00,,,,,,,,,,1,,,,,,,,,,,,,,,,,,,,,,,,,,,3,6,,,,,,,3,13
402370,"Palm Beach County, FL, USA","Florida, USA","United States",26.766007211991,-80.036177057773,land,saltwater,2026-05-05,KPBCB,3,,3,17.24,0.00,0.00,,4,3,3,12,7,6,,212,,3,,10,7,8,8,18,7,11,,,,2,,6,6,7,9,7,,,,6,,6,10,12,,,,,,,,317,707
402375,"Palm Beach County, FL, USA","Florida, USA","United States",26.715146490368,-80.057096367339,land,inland,2026-05-05,"Madi and Elizabeth",1,,1,2.90,5.25,0.00,,4,2,4,7,2,5,2,7,,,,1,,2,3,,5,7,,,,1,,1,,1,,,1,3,,,1,,,,,,,,5,,,2,66
402376,"King County, WA, USA","Washington, USA","United States",47.294891020448,-122.28333344431,land,freshwater,2026-05-05,,1,,1,2.38,0.00,0.00,,1,,,,5,,,,34,,1,,,,1,2,1,,,,,1,,,1,,,,,,,,,,,,16,,,,,,,,63
402377,"King County, WA, USA","Washington, USA","United States",47.658614217538,-122.42544971091,land,saltwater,2026-05-05,"Puget Soundkeeper/Membrion",14,,14,78.93,1.21,0.00,,10,14,17,12,28,,3,21,23,17,8,2,4,,53,7,4,2,20,,,53,,,54,,5,,5,3,,3,1,5,11,96,38,,,,3,,1,126,649
402378,"Palm Beach County, FL, USA","Florida, USA","United States",26.512793224398,-80.057245218549,land,saltwater,2026-05-05,Bocasob,1,,1,0.86,4.40,0.00,,1,3,,1,2,1,,5,,1,,1,,,1,,5,1,,1,,,,,1,1,,,,,,,,,,,,,,,,,,2,27
402379,"Barnstable County, MA, USA","Massachusetts, USA","United States",41.737303824428,-70.381824406562,land,saltwater,2026-05-05,"Emma T - Sandy Neck",1,,1,17.64,1.93,0.00,,5,3,,1,,,,6,2,,,,,,5,1,4,,3,6,,10,,,3,,3,,,,,,,1,,3,,,,1,3,,,19,79
402380,"Capitol Planning Region, CT, USA","Connecticut, USA","United States",41.93641531,-72.45191377,land,freshwater,2026-05-05,CRC,1,,1,2.00,0.95,0.00,,2,1,1,17,42,,,,1,2,4,5,1,,4,7,4,,,,,,,,,,,1,,1,,,1,6,1,1,1,,,,,,,3,106
402383,"Erie County, NY, USA","New York, USA","United States",42.761602979495,-78.616648354826,land,inland,2026-05-02,EATrashmob,2,,2,0.32,0.05,0.00,,,,1,3,1,,,,,,,,,,,,,,,,,,,,,,,,,,,,,,,,,,,,,,,,5
402386,"Palm Beach County, FL, USA","Florida, USA","United States",26.371828674882,-80.092578626322,land,inland,2026-05-06,"Bocasob- Dmoon",1,,1,1.86,0.03,0.00,,2,1,2,12,1,,7,3,7,1,11,5,1,1,6,7,8,1,,,,,,,2,1,,,,3,,,6,2,,,4,,1,,1,,,,96
402387,"Williamson County, TX, USA","Texas, USA","United States",30.65971951,-97.65267391,land,inland,2026-05-06,"Me, myself and I",1,,1,0.09,0.00,0.00,,,,,1,,,,,,,,,,,1,,,,,,,,,,,,,,,,,,,,,1,,,,,,,,10,13
402389,"Peoria County, IL, USA","Illinois, USA","United States",40.6928141,-89.5906035,land,freshwater,2026-03-15,Thunderbird,1,,1,58.97,0.00,0.00,16,,,,,,,,,,,,,,,,,,,,,,,,,,,,,,,,,,,,,,,,,,,,,
402397,"Suffolk County, NY, USA","New York, USA","United States",40.727252127666,-73.328789736104,watercraft,freshwater,2026-04-22,"STGSB - bandit",1,,1,0.00,0.00,0.00,,3,,,102,3,,,,,,,,,,1,,,,,,,,,,8,,,1,,,,,,,8,,5,,,,,,,,131
402398,"Palm Beach County, FL, USA","Florida, USA","United States",26.696227029897,-80.033805649728,land,saltwater,2026-05-06,KPBCB,3,,3,6.50,0.02,0.00,,3,2,4,11,5,4,,58,6,13,4,6,11,12,12,10,4,14,,,,1,,2,,6,7,4,,,,4,,,4,3,3,,,,,,,188,401
402399,"Pinellas County, FL, USA","Florida, USA","United States",27.68417129585,-82.737859818922,land,saltwater,2026-05-06,,1,,1,7.11,2.83,0.00,,,3,,2,1,4,,17,55,1,,4,,,15,4,16,5,3,,,,,,1,,19,,,,,,,1,8,16,40,,1,,,,,2,218
402400,"New Hanover County, NC, USA","North Carolina, USA","United States",34.252458783047,-77.808698704852,land,saltwater,2026-05-06,"Wrightsville Beach Sea Turtle Project",1,,1,0.81,0.00,0.00,,,3,,2,1,,,,6,,,,,,6,,,3,1,,,,,,,,,,,,,,,,,2,1,,,,,,,4,29
402401,"Palm Beach County, FL, USA","Florida, USA","United States",26.709542898461,-80.034247292206,land,saltwater,2026-05-06,KPBCB,3,,3,12.25,1.61,0.00,,6,8,,14,2,7,,79,,7,6,12,10,8,4,7,2,11,2,,,,,3,,7,5,6,2,,,6,,4,5,7,4,,,,,,,211,445
402406,"Broward County, FL, USA","Florida, USA","United States",25.993495248551,-80.127988501415,underwater,inland,2026-05-06,"Little Earth Hero",4,,4,2.74,0.02,0.00,,10,5,3,8,16,,5,7,7,4,4,6,5,4,7,,2,,1,,,,,,,,,,,,,,,3,1,5,,,,,,,,17,120
402407,"Yolo County, CA, USA","California, USA","United States",38.5449065,-121.7405167,land,inland,2026-05-06,"putah creek council",1,,1,0.78,0.00,0.00,,,2,,1,,,,,3,,,,,,2,,3,,,,,,,,,,1,,,,,,,,,6,6,,,,,,,2,26
402408,"San Luis Obispo County, CA, USA","California, USA","United States",35.12357209,-120.59137775,land,saltwater,2026-05-06,,2,,2,0.82,2.57,0.00,,1,,2,1,4,,,,3,,,,,,5,,,,,,,,,,,,,,,,,,,,,,3,,,,,,,2,21
402409,"Santa Barbara County, CA, USA","California, USA","United States",34.403776178208,-119.74364521912,land,saltwater,2026-05-06,"Peabody 1 5/6/2026",43,,43,0.91,0.00,0.00,,,1,,,1,2,,2,5,1,,1,,2,2,3,1,,,,,,,,1,,,,1,,,,,,,,1,,,,1,,1,1,27
402410,"King County, WA, USA","Washington, USA","United States",47.292615880431,-122.29013586298,land,freshwater,2026-05-06,,1,,1,1.27,0.54,0.00,,,,,1,1,2,3,,18,,1,,,,2,,1,,,,,,,,,,,,,,,2,,2,,3,9,,,,,,,,45
402412,"Fairfax County, VA, USA","Virginia, USA","United States",38.885185275128,-77.272675506642,land,inland,2026-05-06,RBH,1,,1,2.95,4.35,0.00,,,1,,9,2,2,,15,6,,,,,,38,1,8,,,,,,,,,,1,1,2,,,4,1,4,1,21,39,,1,,,,,,157
402413,"Santa Barbara County, CA, USA","California, USA","United States",34.445841607706,-119.75355972664,land,inland,2026-05-06,"Hope, 3",25,,25,1.60,0.02,0.00,,,10,,,,,3,4,,,,,,1,21,,,,,,,,,,,,,,,,,,,,,3,16,,,,,,,27,85
402417,"Monterey County, CA, USA","California, USA","United States",36.635867198986,-121.92824950729,land,saltwater,2026-05-06,"GSS + Ian Cook",1,,1,7.58,0.64,0.00,,2,3,,,1,,1,2,6,,,1,,,3,3,1,1,,,,5,,,,1,,,,1,,,2,1,,11,9,,,,,,,8,62
402420,"Galveston County, TX, USA","Texas, USA","United States",29.216117014096,-94.915459686097,land,saltwater,2026-05-02,"Moody Gardens",7,,7,0.29,0.09,0.00,,,,,,,,28,14,20,3,1,1,,,,13,14,30,,,,,,,,,,,,,,,,,,,,,,,,,,,124
402424,"Williamson County, TX, USA","Texas, USA","United States",30.65975932,-97.65268239,land,inland,2026-05-07,"Me, myself and I",1,,1,0.02,0.01,0.00,,,,,,,,,,,,,,,,1,1,1,,,,,,,,,,,,,,,,,,,,,,,,,,,4,7
402430,"San Luis Obispo County, CA, USA","California, USA","United States",35.1216424,-120.6212821,land,saltwater,2026-05-07,,1,,1,1.04,2.41,0.00,,,,,,1,,,1,1,,,,,,1,2,,,,,,,,,1,1,,,2,,,2,,1,,1,1,,,,,,,5,20
402439,"Honolulu County, HI, USA","Hawaii, USA","United States",21.442287568189,-157.73854513456,land,saltwater,2026-05-07,,1,,1,3.58,1.29,0.00,,,,,2,,2,1,6,1,,1,,,,2,,2,,,,,1,,,2,,,,,,,,,,2,32,,,,,,,,50,104
402456,"Greater Bridgeport Planning Region, CT, USA","Connecticut, USA","United States",41.253942466562,-73.206806693659,land,inland,2026-05-07,"Trumbull cleanup",1,,1,0.44,0.11,0.00,,,,,,,,,,,,,,,,1,,,,,,,,,,,,,,,,,,,,,2,1,,,1,,,,14,19
402457,"Colleton County, SC, USA","South Carolina, USA","United States",32.504800363578,-80.294875014797,land,saltwater,2026-05-07,"EBSP Turtle Patrol",2,,2,0.69,0.07,0.00,,1,,,1,,,,,1,,,,,,4,,,,1,,,,,,,,,1,1,,,,,,,,,,,,,,,,10
402458,"Niagara County, NY, USA","New York, USA","United States",43.051321022722,-78.87258430718,land,inland,2026-05-07,BNWNTHS,4,,4,4.25,0.46,0.00,,,,1,3,2,,,,9,,2,,,,10,,4,,,,,,,,,2,1,,,,,,,1,,17,41,,,,,,,5,98
402459,"Niagara County, NY, USA","New York, USA","United States",43.051341666667,-78.87267,land,inland,2026-05-07,"BNW NTHS P-tech class",2,,2,7.86,1.85,0.00,,2,,,4,1,,1,5,8,,1,,,,40,,,1,,,,1,,,1,,,,10,,,,,,,,70,,1,,,,,102,248
402461,"Miami-Dade County, FL, USA","Florida, USA","United States",25.756613458856,-80.141706844341,land,saltwater,2026-05-07,muve,3,,3,6.50,1.15,0.00,,4,25,4,8,16,1,,2,,,1,1,,,9,,1,,,1,,2,,,,2,,1,4,,,3,,2,1,,,,,,,,,,88
402462,"Miami-Dade County, FL, USA","Florida, USA","United States",25.755943627868,-80.141715404168,land,saltwater,2026-05-07,MUVE,4,,4,6.60,1.42,0.00,,,13,,3,,1,,27,,2,,12,3,3,16,3,7,3,6,,,,,1,2,4,1,1,1,,,2,,3,1,31,,,,,,,,36,182
402463,"King County, WA, USA","Washington, USA","United States",47.528108658422,-122.38494337802,land,saltwater,2026-05-03,"Protect Where We Play -",1,,1,13.61,0.00,0.00,2,,,,,,,,,,,,,,,,,,,,,,,,,,,,,,,,,,,,,,,,,,,,,
402464,"Baltimore, MD, USA","Maryland, USA","United States",39.285188680846,-76.607716931484,land,saltwater,2026-05-02,"National Aquarium Weekly Harbor Wetland Cleanup- May 5",4,,4,36.29,0.40,0.00,4,14,19,,35,7,,2,38,40,5,1,17,1,3,33,23,218,3,2,,,,,,15,4,,,1,,,,,79,,11,7,1,,,3,,,385,967
402465,"Cuyahoga County, OH, USA","Ohio, USA","United States",41.402885954376,-81.525953126204,land,inland,2026-05-06,"BHS Science",10,,10,1.59,0.26,0.00,,1,,,9,1,4,1,,,1,,6,,1,14,,3,1,,,,,,,,,,,2,,,,,15,1,1,4,,,,,,,,65
402467,"Santa Barbara County, CA, USA","California, USA","United States",34.436631635795,-119.8143724167,land,inland,2026-05-07,"St. Raphael, 2",16,,16,0.68,0.00,0.00,,,10,,,,,,,,,,,,,30,3,,5,,,,,,,,,,,,,,,,,,,21,,,,,,,80,149
402470,"King County, WA, USA","Washington, USA","United States",47.294947612144,-122.28326945577,land,freshwater,2026-05-07,,1,,1,0.38,0.00,0.00,,,2,,,2,,,,2,,,,,,4,,,,,,,,,,,,,,1,,,,,,,,2,,,,,,,,13
402579,"San Luis Obispo County, CA, USA","California, USA","United States",35.254545248652,-120.66921968761,land,inland,2026-05-02,ECOSLO,20,,20,76.20,1.61,0.00,12,25,28,23,91,76,12,26,41,298,9,70,32,7,20,181,29,29,50,3,,,7,,1,26,4,3,4,35,1,12,9,55,29,3,57,51,,5,,3,6,1,143,1505
402580,"Honolulu County, HI, USA","Hawaii, USA","United States",21.441839,-157.73722196667,land,saltwater,2026-05-07,,1,,1,2.90,1.93,0.00,,,,,,,,,,,,1,,,,,,,,1,,,,,,,,,,,,,,,,,6,,,,,,,,,8
402582,"San Diego County, CA, USA","California, USA","United States",32.683200925297,-117.23725963019,land,saltwater,2026-05-07,"Laudato si",1,,1,0.50,0.16,0.00,,1,,,,,,,,,,,,,,,,,,1,,,,,,,,,,,,1,,,,,,,,,,,,,,3
402583,"Salt Lake County, UT, USA","Utah, USA","United States",40.60518322,-111.79715245,land,inland,2026-05-07,,1,,1,69.42,0.11,0.00,,2,,4,,10,,,3,4,,1,,,,,1,,,,,1,5,,,2,4,,4,1,,3,,,2,,7,46,,,,,,,44,144
402584,"Salt Lake County, UT, USA","Utah, USA","United States",40.70620886121,-111.8389870362,land,inland,2026-05-07,"Green Spoon Desert Clean Up",1,,1,9.59,1.38,0.00,,1,2,,5,2,4,,9,1,,,,,,3,5,,,,,,2,,,1,2,,4,,,2,,,,2,101,9,,,,,,,6,161
402585,"Palm Beach County, FL, USA","Florida, USA","United States",26.512793224883,-80.057245217814,land,saltwater,2026-05-07,Bocasob,1,,1,0.28,2.40,0.00,,1,4,,,1,,,3,,,,,,,,,1,,,,,,,,,,,,,,,1,,,,,,,,,,,,2,13
402586,"Broward County, FL, USA","Florida, USA","United States",25.99061818788,-80.127326124302,land,inland,2026-05-07,"Little Earth Hero",2,,2,0.36,0.04,0.00,,5,2,,3,4,2,1,3,6,1,,4,1,,5,,2,,,,,,,,,,,,,,,,,,,,,,,,,,,13,52
402587,"Fairfax County, VA, USA","Virginia, USA","United States",38.885143261875,-77.275033522037,land,inland,2026-05-07,RBH,1,,1,0.18,3.86,0.00,,,1,,,,,,,,,,,,,12,,,,,,,,,,,,,,,,1,,,4,,1,5,,,,,,,1,25
402588,"Washington County, RI, USA","Rhode Island, USA","United States",41.37514089,-71.54721683,land,saltwater,2026-05-07,"Blackbeard's Association",2,,2,4.61,0.04,0.00,,4,4,,6,12,,6,3,27,,,,1,2,1,4,6,2,2,,,1,,,2,4,1,3,,,,,,,,3,19,1,,,,,,15,129
402592,"Williamson County, TX, USA","Texas, USA","United States",30.65983618,-97.65266436,land,inland,2026-05-08,"Me, myself and I",1,,1,0.67,0.02,0.00,,,,,,1,,,2,,,1,,,,1,,,,,,,,,,,,,,,,,,,,2,2,1,,,,,,,7,17
402613,"King County, WA, USA","Washington, USA","United States",47.528119507549,-122.38495774774,land,saltwater,2026-05-08,"Protect Where We Play -",1,,1,6.80,0.00,0.00,1,,,,,,,,,,,,,,,,,,,,,,,,,,,,,,,,,,,,,,,,,,,,,
402614,"King County, WA, USA","Washington, USA","United States",47.528119507549,-122.38495774774,land,saltwater,2026-05-01,"Protect Where We Play -",1,,1,54.43,0.00,0.00,8,,,,,,,,,,,,,,,,,,,,,,,,,,,,,,,,,,,,,,,,,,,,,
402615,"King County, WA, USA","Washington, USA","United States",47.528119507549,-122.38495774774,land,saltwater,2026-04-01,"Protect Where We Play -",1,,1,47.63,0.00,0.00,7,,,,,,,,,,,,,,,,,,,,,,,,,,,,,,,,,,,,,,,,,,,,,
402616,"King County, WA, USA","Washington, USA","United States",47.528119507549,-122.38495774774,land,saltwater,2026-03-01,"Protect Where We Play -",1,,1,47.63,0.00,0.00,7,,,,,,,,,,,,,,,,,,,,,,,,,,,,,,,,,,,,,,,,,,,,,
402617,"King County, WA, USA","Washington, USA","United States",47.528119507549,-122.38495774774,land,saltwater,2026-02-01,"Protect Where We Play -",1,,1,54.43,0.00,0.00,8,,,,,,,,,,,,,,,,,,,,,,,,,,,,,,,,,,,,,,,,,,,,,
402621,"Southeastern Connecticut Planning Region, CT, USA","Connecticut, USA","United States",41.315614640775,-72.091595076303,land,saltwater,2026-05-08,"Save the Sound",1,,1,0.04,0.63,0.00,,,,,,,,,,1,,,,,,,,,,,,,,,,1,,,,,,,,,,,,,,,,,,,,2
402623,"Greater Bridgeport Planning Region, CT, USA","Connecticut, USA","United States",41.251305453518,-73.204884817892,land,inland,2026-05-08,"Trumbull cleanup",1,,1,0.30,0.51,0.00,,,1,,,,,,,,,,1,,,2,,,1,,,,,,,,,,,,,,,,,,1,3,,,,,,,5,14
402624,"Charlotte County, FL, USA","Florida, USA","United States",26.94208655483,-82.286383944082,land,saltwater,2026-05-08,"Coastal Wildlife Club, Inc,",4,,4,4.72,2.41,0.00,,2,5,,1,1,,,1,,,3,2,1,,3,1,,,3,,,2,,,1,1,1,1,,,,,,,,3,6,,,,,,,2,40
402625,"Pinellas County, FL, USA","Florida, USA","United States",27.684437798506,-82.737751417449,land,saltwater,2026-05-08,,1,,1,5.41,0.78,0.00,,,5,2,2,1,,2,9,13,1,1,,,1,3,1,6,1,1,,,1,,1,,1,8,,,,1,,,,2,6,33,,,,,,,,102
402626,"Western Connecticut Planning Region, CT, USA","Connecticut, USA","United States",41.116931906654,-73.324096349747,land,saltwater,2026-05-08,"Save the Sound",4,,4,5.84,0.45,0.00,,,,2,,2,,1,4,3,,,2,,,6,,,2,,2,,1,,,,16,,,,,,,,3,,13,5,,,,1,,,1,64
402627,"Newport County, RI, USA","Rhode Island, USA","United States",41.50530391,-71.32781882,land,saltwater,2026-05-08,"Navy CWO/LDO SCHOOL",2,,2,9.68,0.01,0.00,,,2,,13,11,,5,5,23,,,,,,,2,11,6,3,4,,3,,,4,7,,5,,,,,,2,,16,,,,,,,,42,164
402628,"Greater Bridgeport Planning Region, CT, USA","Connecticut, USA","United States",41.138009562702,-73.259321801945,land,saltwater,2026-05-08,Neuberger,1,,1,8.72,0.00,0.00,,,4,1,5,,,3,14,7,2,,1,2,,35,,3,,,1,,,,,7,4,,1,3,2,,,,,2,33,59,,,,1,,,24,214
402629,"Miami-Dade County, FL, USA","Florida, USA","United States",25.693713,-80.1628248,land,saltwater,2026-05-08,Girls,1,,1,1.32,0.00,0.00,,,4,,,,3,3,2,,,,1,,,6,,,,2,,,,,,,,1,,,1,,,,4,,,3,,,,,,,10,40
402630,"Miami-Dade County, FL, USA","Florida, USA","United States",25.666556412627,-80.159511303228,land,saltwater,2026-05-08,"direct lending",6,,6,4.39,0.34,0.00,,1,,,1,,3,1,,3,,,,,,2,,,1,1,,,3,,,1,1,,1,,,,,,,,,1,,,,,,,,20
402631,"Miami-Dade County, FL, USA","Florida, USA","United States",25.666876862197,-80.159380530903,land,saltwater,2026-05-08,group,3,,3,1.16,0.63,0.00,,,1,,,,,6,15,15,,3,,,,9,,3,1,,,,,,,,,,,,,1,,,,1,2,9,,,,,,,57,123
402635,"Miami-Dade County, FL, USA","Florida, USA","United States",25.670772349783,-80.157225958271,land,saltwater,2026-05-08,"the sea turtles",3,,3,0.64,2.29,0.00,,2,4,,,,1,2,3,5,,,,,,,3,,,1,,,,,,,1,,,,,,,,,,,,,,,,,,10,32
402636,"Orange County, CA, USA","California, USA","United States",33.633344264797,-117.87707812316,land,freshwater,2026-05-08,APES,1,,1,0.64,5.95,0.00,,3,1,2,5,,1,1,,,,,,,,1,,,,,,,,,,,,,,,,,,,,,,,,,,,,,,14
402637,"Dupage County, IL, USA","Illinois, USA","United States",41.883688489906,-88.0611621961,land,inland,2026-05-08,"GSS- Rachel Nusret/Brandon Weinberg",2,,2,6.34,0.03,0.00,,2,8,7,2,7,5,10,11,19,3,8,3,3,10,13,5,4,2,2,3,,,,3,2,,2,3,,1,,,,4,2,2,2,,4,1,2,,,6,161
402811,"Fairfax County, VA, USA","Virginia, USA","United States",38.888154375878,-77.274536718823,land,inland,2026-05-08,RBH,1,,1,0.64,4.36,0.00,,1,1,,6,5,,,9,10,,1,1,,,38,,1,1,1,,,,,,,,,,3,,,,,5,1,6,36,,,,,,,,126
402812,"Yolo County, CA, USA","California, USA","United States",38.558338333333,-121.72547166667,land,inland,2026-05-08,,1,,1,0.14,0.02,0.00,,,2,,,,,,,,,,,,,,,,,,,,,,,,,,,,,,,,,,1,1,,,,,,,2,6
402813,"Baltimore County, MD, USA","Maryland, USA","United States",39.243009330133,-76.594383276597,land,freshwater,2026-05-08,"Bozzuto Shoreline Cleanup",10,,10,45.36,0.16,0.00,,7,12,5,7,12,,15,40,15,6,4,11,15,15,21,74,10,2,,,,10,1,10,15,19,,,,,,,4,14,,,1,1,,,,2,,10,358
402814,"Baltimore County, MD, USA","Maryland, USA","United States",39.243009330133,-76.594383276597,land,freshwater,2026-05-08,"SYENSQO Shoreline Cleanup",3,,3,18.14,0.16,0.00,,20,,1,41,1,,,85,3,13,20,22,,2,50,32,45,1,1,,,,,,,5,,1,,,,,20,,1,,,,,,,,,118,482
402817,"Yolo County, CA, USA","California, USA","United States",38.558456666667,-121.725315,land,inland,2026-05-08,,1,,1,1.07,0.00,0.00,,,,,,,,,2,5,,,,,,,1,,,,,,,,,,,,,,,,,,,,9,9,,,,,,,5,31
402818,"King County, WA, USA","Washington, USA","United States",47.294931993305,-122.28325709789,land,freshwater,2026-05-08,,1,,1,0.98,0.00,0.00,,1,1,1,1,6,,1,,4,,1,1,1,,,1,,,,,,,,,,,,,1,,,,,,,3,3,1,1,,2,,,,30
402819,"Palm Beach County, FL, USA","Florida, USA","United States",26.414241407832,-80.093095461337,land,inland,2026-05-08,"Bocasob- Dmoon",1,,1,2.14,1.07,0.00,,2,1,1,5,2,,16,10,20,5,3,2,,,14,2,3,,,,,,,1,,,,4,,,1,,1,76,,,3,1,6,,1,,,7,187
402820,"Orange County, CA, USA","California, USA","United States",33.61360575606,-117.89728192151,land,saltwater,2026-05-08,"Brody And Gabe",2,,2,0.03,0.00,0.00,,,,,,,,,,,,,,,1,,,,,,,,,,,,,,,,,,,,,,,,,,,,,,,1
402821,"Miami-Dade County, FL, USA","Florida, USA","United States",25.669519376435,-80.155758840311,land,saltwater,2026-05-08,"amanda emma esme",3,,3,8.94,2.57,0.00,,11,30,3,12,2,1,21,34,8,3,1,,9,3,17,6,6,9,,,,,,,,,,36,3,,,4,1,,4,,59,,,,7,,,38,328
402822,"Capitol Planning Region, CT, USA","Connecticut, USA","United States",41.93762867,-72.38005238,land,freshwater,2026-05-08,CRC,1,,1,7.33,0.68,0.00,,,2,9,86,24,1,1,8,57,4,10,6,,2,29,5,3,1,,,,,,,3,1,,,5,,1,,3,5,,14,4,,,,1,,1,17,303
402823,"San Luis Obispo County, CA, USA","California, USA","United States",35.1216424,-120.6212821,land,saltwater,2026-05-08,,1,,1,0.45,2.41,0.00,,,1,,2,4,,2,,2,,,,,,3,2,2,,,,,,,,1,,2,,1,,,,,2,,1,,,,,,,1,1,27
402827,"Honolulu County, HI, USA","Hawaii, USA","United States",21.701561119805,-157.99951368889,land,saltwater,2026-04-15,,2,,2,0.00,0.10,0.00,1,,2,,2,,,,,1,,,,,,7,,,,,,,1,,,2,,,,,,,,,,,,,,,,,,,2,17
402828,"Honolulu County, HI, USA","Hawaii, USA","United States",21.669345743176,-157.93700068861,land,saltwater,2026-05-08,,2,,2,0.00,0.10,0.00,,,,,,,,,,,,,,,,8,,,,6,,,3,,,,,,,,,,,,,,,,,,,,,,47,64
402829,"Honolulu County, HI, USA","Hawaii, USA","United States",21.581990262425,-157.88659430852,land,saltwater,2026-04-16,,1,,1,0.45,0.10,0.00,1,,,,2,,,,,,,,,,,,,,2,16,,,,,,,1,,,,,,,,,,104,1,,,,,,,,126
402830,"Honolulu County, HI, USA","Hawaii, USA","United States",21.55620403362,-157.8742940151,land,saltwater,2026-05-08,,1,,1,0.45,0.10,0.00,2,,,,,,,,7,,,,,,,3,,3,,17,,,,,,,,,,,,,,,,,23,,,1,,,,,,54
402831,"Honolulu County, HI, USA","Hawaii, USA","United States",21.55620403362,-157.8742940151,land,saltwater,2026-04-16,,1,,1,0.23,0.10,0.00,,,1,,,,,,,,,,,,,,,,,3,,,,,,,,,,,,,,,,,,13,,,,,,,,17
402832,"Honolulu County, HI, USA","Hawaii, USA","United States",21.352832580315,-157.70645175328,land,saltwater,2026-04-30,,2,,2,2.27,0.10,0.00,3,,,,,,,,6,,,,,,,7,,,,11,,,16,,,10,1,,,,,,,,,,27,,,,,,,,,78
402834,"Honolulu County, HI, USA","Hawaii, USA","United States",21.529110513258,-158.22983271906,land,saltwater,2026-04-07,,1,,1,0.91,0.10,0.00,,,,,,,,,1,,,,,,,,,,,1,,,2,,,17,,,,,,,,,1,,4,,,,,,,,,26
402835,"Honolulu County, HI, USA","Hawaii, USA","United States",21.421890565746,-158.17956441377,land,saltwater,2026-04-07,,1,,1,0.45,0.10,0.00,,,,,1,,,,4,21,,,,,,10,,1,3,1,,,,,,1,,,,,,,,,,,1,,,,,,,,,43
402836,"Honolulu County, HI, USA","Hawaii, USA","United States",21.358339347993,-158.13149456653,land,saltwater,2026-05-09,,1,,1,0.45,0.10,0.00,1,,,,,,,,,1,,,,,,7,,,,2,,,,,,,,,,,,,,,,,,,,,,,,,,10
402837,"Honolulu County, HI, USA","Hawaii, USA","United States",21.304853779257,-158.03031317993,land,saltwater,2026-05-09,,1,,1,0.00,0.00,0.00,,,,,1,,,,1,4,,,,,,1,,1,,,,,,,,,,,,1,,,,,,,12,,,1,,,,,,22
402838,"Honolulu County, HI, USA","Hawaii, USA","United States",21.268069407443,-157.77780916138,land,saltwater,2026-04-11,,1,,1,3.18,0.16,0.00,4,,,,,,,,2,3,1,,,,,11,,,1,,,,,,,,,,,,,,,,,,15,,,,,,,,17,50
402839,"Honolulu County, HI, USA","Hawaii, USA","United States",21.270695519406,-157.82311624871,land,saltwater,2026-04-30,,2,,2,0.00,0.10,0.00,,,,,,,,,1,4,,,,,,7,,,,1,,,,,,,,,,2,,,,,,,5,,,,,,,,,20
402840,"Honolulu County, HI, USA","Hawaii, USA","United States",21.287756089055,-157.84738651269,land,saltwater,2026-05-09,,2,,2,0.23,0.10,0.00,1,,,,,,,,2,5,,,,,,21,,2,1,,,,,,,,,,,4,,,,3,,,19,,,2,,,,,,59
402841,"Honolulu County, HI, USA","Hawaii, USA","United States",21.292830052756,-157.86452009927,land,saltwater,2026-05-09,,2,,2,0.00,0.10,0.00,,,2,,1,,,,1,2,,,3,,,13,,1,,1,,,,,,,,,,9,,,,14,,,7,,,,,,,,,54
402842,"Erie County, NY, USA","New York, USA","United States",42.765871369517,-78.630285123352,land,inland,2026-05-05,"EATrash Mob",1,,1,95.34,0.38,0.00,,5,4,11,9,4,,2,7,21,,,6,3,,11,4,5,2,2,3,1,15,1,,5,22,3,,3,,,,5,,1,3,7,,,,3,,,12,180
402844,"Palm Beach County, FL, USA","Florida, USA","United States",26.715478162364,-80.057232407776,land,inland,2026-05-05,"Madi and Elizabeth",2,,2,0.11,0.00,0.00,,1,,,4,1,,,,,,,,,,,,,,,,,,,,,,,,,,,,,,,,,,,,,,,,6
402845,"Miami-Dade County, FL, USA","Florida, USA","United States",25.709444,-80.156164,land,saltwater,2026-05-09,,1,,1,0.57,0.00,0.00,,2,2,,1,,4,7,1,1,2,,,,2,5,,2,2,,,,,,,1,,,,,,,,3,,,1,2,,,,,,,,38
402846,"Williamson County, TX, USA","Texas, USA","United States",30.65979359,-97.65267216,land,inland,2026-05-09,"Me, myself and I",1,,1,0.06,0.00,0.00,,,,,1,,,,1,,,,,,,3,,1,,,,,,,,,,,,,,,,,,,,,,,,,,,2,8
402855,"Pinellas County, FL, USA","Florida, USA","United States",27.816646727195,-82.739408433591,land,saltwater,2026-05-09,,1,,1,0.38,0.01,0.00,,,1,1,2,2,2,2,,,,,,,,3,,,1,,,,,,,,,,,,,,,,,,,,,,,,,,,14
402856,"Santa Cruz County, CA, USA","California, USA","United States",36.913869,-121.8382477,land,saltwater,2026-05-09,"sheri & steve",2,,2,3.40,0.00,0.00,1,,,,,,,,,,,,,,,,,,,,,,,,,,,,,,,,,,,,,,,,,,,,,
402857,"San Luis Obispo County, CA, USA","California, USA","United States",35.10589933,-120.62412635,land,saltwater,2026-05-09,,4,,4,0.54,2.41,0.00,,,5,1,,3,,5,,,,,,,,2,,1,1,,,,,,,,,,,,,3,,,1,,,,,,,,,,6,28
402864,"Greater Bridgeport Planning Region, CT, USA","Connecticut, USA","United States",41.263892478905,-73.198335147292,land,inland,2026-05-09,"Trumbull cleanup",1,,1,0.82,0.08,0.00,,,,,16,2,,,1,,,1,2,,1,5,1,2,,,,,,,,,,,,,,,,,,,3,2,,,,,,,2,38
402865,"Colleton County, SC, USA","South Carolina, USA","United States",32.504381714614,-80.295878068057,land,saltwater,2026-05-09,"EBSP Turtle Patrol",4,,4,3.16,0.11,0.00,,,,1,1,1,,1,,9,,1,,,,3,,,,4,,,,,,,,,,1,,,,,,1,5,6,,,,,,,,34
402866,"Dare County, NC, USA","North Carolina, USA","United States",36.207608656031,-75.761902526235,land,saltwater,2026-05-08,,1,,1,0.12,0.00,0.00,,,,,,,3,,,,,,,,,2,,1,,,,,,,,,,,,,,,,2,,,,,,,,,,,1,9
402867,"Broward County, FL, USA","Florida, USA","United States",26.234490376294,-80.088793407093,land,saltwater,2026-05-09,Broward,3,,3,5.93,3.34,0.00,,5,2,,10,3,,2,16,32,,5,3,,,17,4,3,4,,,,4,,,,,1,,1,,,,3,,,1,,1,,,,1,,49,167
402868,"Southeastern Connecticut Planning Region, CT, USA","Connecticut, USA","United States",41.434140578944,-72.089851225685,land,saltwater,2026-05-09,"Save the Sound - Gales Ferry Merina",30,,30,13.76,0.05,0.00,,11,,14,50,,,16,,,,,,20,,41,3,4,,3,,,4,,,,,,,,,4,5,,7,,,10,,1,,,,,122,315
402869,"Miami-Dade County, FL, USA","Florida, USA","United States",25.66668579,-80.15929563,land,saltwater,2026-05-08,,3,,3,1.26,3.09,0.00,,2,30,1,4,3,,2,3,7,,2,5,,,,,3,3,1,,,,,,,,,,,,,,,,,,,,,,,,,,66
402872,"St. Lawrence County, NY, USA","New York, USA","United States",44.660696219332,-74.996900601409,land,freshwater,2026-05-09,"Buffalo Niagara Waterkeepers",2,,2,0.91,0.00,0.00,1,,,,,,,,,,,,,,,,,,,,,,,,,,,,,,,,,,,,,,,,,,,,,
402873,"Galveston County, TX, USA","Texas, USA","United States",29.255696001633,-94.84545815468,land,saltwater,2026-05-09,"Krewe of Les Minous",4,,4,27.96,0.04,0.00,,2,,,5,,4,4,100,76,,,10,,2,20,3,15,42,32,15,,,,2,5,5,6,12,1,1,,6,,8,3,10,5,1,25,,4,,,100,524
402874,"Broward County, FL, USA","Florida, USA","United States",26.23496407,-80.08835746,land,saltwater,2026-05-09,Broward,5,,5,3.40,0.76,0.00,,7,2,5,21,,1,3,17,5,4,3,1,2,4,5,2,2,2,,,,1,,,,,,,,,,,1,2,,,,1,,,3,,,2,96
402875,"Anne Arundel County, MD, USA","Maryland, USA","United States",38.9764364,-76.489642,land,saltwater,2026-05-09,"Ri's Graduation Cleanup",6,,6,5.94,0.00,0.00,,3,7,4,12,3,1,10,21,58,,,,,,19,,11,,,,,,,2,26,,12,1,2,,1,3,,46,3,1,14,,,,1,,,,261
402876,"Fairfax County, VA, USA","Virginia, USA","United States",38.885266853855,-77.27605181718,land,inland,2026-05-09,RBH,1,,1,0.05,2.80,0.00,,1,,,1,,,,,1,,,,,,3,,1,,,,,,,,,,,,,,,,,,,1,1,,,,,,,,9
402877,"Orange County, CA, USA","California, USA","United States",33.593730998335,-117.87586476109,land,saltwater,2026-05-09,"Brody And Gabe",2,,2,0.01,0.05,0.00,,1,,,,,,,,,,,,,,,,,,,,,,,,,,,,,,,,,,,,,,,,,,,,1
402879,"Erie County, NY, USA","New York, USA","United States",43.00807417485,-78.928953998085,land,freshwater,2026-05-09,,1,,1,14.83,0.79,0.00,,,5,,9,,6,,3,11,,,,,,5,,2,,1,1,,2,1,,13,,,,2,,1,,,,1,16,,,,,2,,,26,107
402880,"Orange County, CA, USA","California, USA","United States",33.613604284456,-117.89728313844,land,saltwater,2026-05-09,"Brody And Gabe",2,,2,0.01,0.00,0.00,,1,,,,,,,,,,,,,,,,,,,,,,,,,,,,,,,,,,,,,,,,,,,,1
402881,"Orange County, CA, USA","California, USA","United States",33.6594835,-117.9988026,land,saltwater,2026-05-09,"Brody And Gabe",2,,2,2.31,3.70,0.00,,1,,1,1,,,,,,1,,,,,,,1,1,,,,,,1,,,1,1,1,,,1,,,1,,1,,,,,,,1,14
402882,"Capitol Planning Region, CT, USA","Connecticut, USA","United States",41.91630426,-72.42579313,land,freshwater,2026-05-09,CRC,1,,1,6.00,2.41,0.00,,2,9,8,77,47,5,,,2,3,2,13,1,4,18,12,8,2,,,,,,1,1,2,2,,2,3,,,,8,,,2,1,,,3,1,,8,247
402884,"Yolo County, CA, USA","California, USA","United States",38.55847,-121.72536833333,land,inland,2026-05-09,,1,,1,2.10,0.04,0.00,,,3,,,,5,,3,,,,,,,3,,,,,,,,,,,,,,,,,,,,,11,22,,,,,,,11,58
402885,"King County, WA, USA","Washington, USA","United States",47.294960352637,-122.28324959066,land,freshwater,2026-05-09,,1,,1,0.76,1.95,0.00,,,,,2,2,,,,9,,,,,,3,,,,1,,,,,,,,,,,,,,,,,,3,,,,,,,,20
402886,"San Luis Obispo County, CA, USA","California, USA","United States",35.11926494,-120.62515017,land,saltwater,2026-05-07,,2,,2,0.50,3.22,0.00,,,,,2,3,,2,,5,,,,,,2,,,,,,,,,2,,,,1,,,,,,,1,,2,,1,,,,,6,27
402890,"Cache County, UT, USA","Utah, USA","United States",41.721809417466,-111.84878287928,land,inland,2026-05-09,Gss,2,,2,2.49,5.57,0.00,,5,3,8,5,5,1,5,7,4,,,,1,1,1,3,1,7,,,,,,,,,1,2,,,,,,1,,1,3,,,,,,,,65
402912,"Niagara County, NY, USA","New York, USA","United States",43.10585568,-79.03055205,land,inland,2026-05-10,,2,,2,17.92,0.00,0.00,4,,,,,,,,,,,,,,,,,,,,,,,,,,,,,,,,,,,,,,,,,,,,,
402913,"Niagara County, NY, USA","New York, USA","United States",43.10585568,-79.03055205,land,inland,2026-04-23,,1,,1,6.80,0.00,0.00,2,,,,,,,,,,,,,,,,,,,,,,,,,,,,,,,,,,,,,,,,,,,,,
402915,"San Luis Obispo County, CA, USA","California, USA","United States",35.1216424,-120.6212821,land,saltwater,2026-05-09,,1,,1,0.95,4.47,0.00,,2,,,,3,,3,2,3,,,,,,4,1,2,1,,,,,,,1,,,,2,1,,2,,,,,1,,,,1,,,4,33
402919,"San Luis Obispo County, CA, USA","California, USA","United States",35.11924546,-120.62524697,land,saltwater,2026-05-10,,2,,2,0.41,3.06,0.00,,,,,2,4,,4,,4,1,,,,,6,,2,,,,,,,,,,,,,,,,,,,,3,,,,,,,5,31
402922,"Greater Bridgeport Planning Region, CT, USA","Connecticut, USA","United States",41.251675855064,-73.20549732678,land,inland,2026-05-10,"Trumbull cleanup",1,,1,0.24,2.02,0.00,,,,,,,,,,,,,,,,,,,,,,,,,,,,,,,,,,,,,2,2,,,,,,,11,15
402923,"Palm Beach County, FL, USA","Florida, USA","United States",26.422143528864,-80.130576637223,land,inland,2026-05-09,"Bocasob- Dmoon",1,,1,2.27,0.12,0.00,,,,2,2,1,1,1,,6,,1,,,2,3,,1,,,,,1,,,1,,1,,,,,,,,,,6,,,,,,,1,30
402926,"Lucas County, OH, USA","Ohio, USA","United States",41.6179211,-83.5802026,land,freshwater,2026-05-03,"Toledo ZooTeens",8,,8,72.57,0.00,0.00,15,,,,,,,,,,,,,,,,,,,,,,,,,,,,,,,,,,,,,,,,,,,,,
402927,"Pinellas County, FL, USA","Florida, USA","United States",27.685884882628,-82.737520158434,land,saltwater,2026-05-10,,1,,1,14.50,3.06,0.00,,,7,1,13,10,6,,11,12,2,1,9,,,28,4,12,5,1,,,1,,,,5,14,,1,,,1,,1,23,10,75,,,,,,,1,254
402929,"Orange County, FL, USA","Florida, USA","United States",28.581848286722,-81.406960955481,watercraft,freshwater,2026-05-10,"Hans Solo The Egret",2,,2,4.04,0.32,0.00,,1,,4,5,5,,,3,1,3,5,1,,,10,,3,,,,,2,,,1,,1,,,,,1,,2,,,,,,,,,,,48
402931,"Palm Beach County, FL, USA","Florida, USA","United States",26.422231409389,-80.130193545446,land,inland,2026-05-10,"Bocasob- Dmoon",1,,1,8.19,3.90,0.00,,10,5,6,14,13,1,8,15,46,6,16,5,4,3,51,3,9,2,,1,,1,,,4,,2,,1,3,1,1,4,3,,2,24,,1,3,4,,,28,300
402933,"Yolo County, CA, USA","California, USA","United States",38.55846,-121.725345,land,inland,2026-05-10,"putah creek council",1,,1,1.12,0.31,0.00,,,2,,,,,,,,,,,,,3,1,,,,,,,,,,,,,,,,,,,,9,9,,,,,,,6,30
402936,"King County, WA, USA","Washington, USA","United States",47.293301375508,-122.28604257024,land,freshwater,2026-05-10,,1,,1,0.79,0.89,0.00,,,,,2,4,1,1,,17,,2,,,,2,2,2,,1,,,,,,,,,,,,,,,3,,,2,,,,,,,,39
402937,"Southeastern Connecticut Planning Region, CT, USA","Connecticut, USA","United States",41.6362647,-72.2125549,land,inland,2026-05-10,LEOS2026-Lawless,1,,1,3.00,0.00,0.00,,,1,2,5,16,,,,,2,2,5,3,3,,,,4,,,,,,,1,4,,1,,,,,6,,,20,1,,,,,,,1,77
402938,"Mendocino County, CA, USA","California, USA","United States",39.258223669808,-123.77979769663,land,saltwater,2026-05-10,"Noyo center for Marine research Mayo center for Marine research",2,,2,0.91,0.00,0.00,1,,,,,,,,,,,,,,,,,,,,,,,,,,,,,,,,,,,,,,,,,,,,,
402939,"San Mateo County, CA, USA","California, USA","United States",37.649162071757,-122.48985277489,land,inland,2026-05-10,"Pacific Beach Coalition - Terri Brown",1,,1,12.13,0.72,0.00,,1,6,,13,2,2,5,8,364,,1,2,,1,15,6,6,1,,,,,,,,,4,,,1,1,,8,17,,,169,,2,,10,,,6,651
402941,"Niagara County, NY, USA","New York, USA","United States",43.131575211923,-78.687174199222,land,inland,2026-05-10,,1,,1,2.09,9.66,0.00,,3,,2,1,15,,6,,1,1,,,1,1,1,1,1,,,,,,,1,,,1,1,4,,,1,,,2,,,,,,,,,7,51
402942,"Hawaii County, HI, USA","Hawaii, USA","United States",19.714787282081,-156.04831179027,land,saltwater,2026-05-10,"Clean Rewards",2,,2,7.75,0.78,0.00,,,4,2,,,1,19,3,33,,1,,,,8,2,,,,,,3,,,,,,2,,,,,1,2,3,6,37,,,,1,1,1,63,193
402943,"Hawaii County, HI, USA","Hawaii, USA","United States",19.714468981878,-156.03542744127,land,inland,2026-05-10,,1,,1,54.10,1.37,0.00,,7,12,21,15,33,6,266,257,704,,8,2,,8,356,20,23,24,7,,,,,2,4,,4,28,13,,3,1,15,12,4,289,297,,22,,2,,,,2465
402944,"King County, WA, USA","Washington, USA","United States",47.528116441384,-122.38496602715,land,saltwater,2026-05-10,"Protect Where We Play -",1,,1,6.80,0.00,0.00,1,,,,,,,,,,,,,,,,,,,,,,,,,,,,,,,,,,,,,,,,,,,,,
402945,"King County, WA, USA","Washington, USA","United States",47.528116441384,-122.38496602715,land,saltwater,2026-05-09,"Protect Where We Play -",1,,1,11.11,0.00,0.00,3,,,,,,,,,,,,,,,,,,,,,,,,,,,,,,,,,,,,,,,,,,,,,
402946,"Hawaii County, HI, USA","Hawaii, USA","United States",19.715073976809,-156.04713648167,land,saltwater,2026-05-10,"CLEAN REWARDS",9,,9,7.17,0.16,0.00,,,1,1,1,5,1,8,38,558,1,1,,,,16,1,2,3,,,,,,,,,,1,3,,1,,,,,48,53,,,,,,,17,760
402947,"Washington County, RI, USA","Rhode Island, USA","United States",41.37519942,-71.55156331,land,saltwater,2026-05-10,"Blackbeard's Association",2,,2,4.32,0.01,0.00,,,5,3,9,11,,5,3,22,,,,,,,4,5,6,2,3,,,,,,1,6,13,,,,,,,,3,3,,,,,,,24,128
402948,"Los Angeles County, CA, USA","California, USA","United States",34.271170680636,-118.48791167994,land,saltwater,2026-05-07,,1,,1,0.27,0.07,0.00,,1,,,1,1,,,,7,,,,2,,12,2,3,1,,,,,,,,,,,,,,,,,,,,,,,,,,,30
402957,"Colleton County, SC, USA","South Carolina, USA","United States",32.504452509549,-80.29533816066,land,saltwater,2026-05-11,EBSPTURTLEPATROL,4,,4,2.18,0.10,0.00,,,1,,,,,,,39,,,,,,7,,2,1,,,,,,,,,,,1,,,,,,3,10,11,,,,,,,,75
402958,"Palm Beach County, FL, USA","Florida, USA","United States",26.420361236943,-80.129526120743,land,inland,2026-05-11,"Bocasob- Dmoon",1,,1,0.90,0.18,0.00,,1,,1,2,1,1,,1,2,5,2,,,,10,1,2,1,,,,,,,,,,,,,,,2,10,,,3,,,,,,,,45
402959,"Greater Bridgeport Planning Region, CT, USA","Connecticut, USA","United States",41.249063617786,-73.202160251325,land,inland,2026-05-11,"Trumbull cleanup",1,,1,0.25,0.05,0.00,,,1,,,,,,,,1,,,,,3,2,2,,,,,,,,,,,,,,,,,,,,3,,,,,,,5,17
402962,"Palm Beach County, FL, USA","Florida, USA","United States",26.7937155,-80.032878,land,saltwater,2026-05-09,"Sea Turtle Adventures",4,,4,4.31,0.00,0.00,2,,,,,,,,,,,,,,,,,,,,,,,,,,,,,,,,,,,,,,,,,,,,,
402965,"Baltimore, MD, USA","Maryland, USA","United States",39.285155464194,-76.607695473812,land,saltwater,2026-05-09,"National Aquarium Weekly Harbor Wetland Cleanup- May 9",2,,2,18.14,0.40,0.00,2,15,10,,40,7,,,55,50,10,4,20,1,7,30,27,35,,,,,,,,6,1,,,7,,,,,85,,20,17,3,,,13,,,265,728
402967,"Washington County, RI, USA","Rhode Island, USA","United States",41.357087255507,-71.637221289784,land,saltwater,2026-04-15,"Save The Bay",2,10,12,0.45,3.22,0.00,,1,,,,,,1,1,6,,1,,,,,,,,,,,3,,,,3,,,,,,,,,,19,9,,,,1,,,,45
402968,"Washington County, RI, USA","Rhode Island, USA","United States",41.437385920991,-71.694202423096,land,freshwater,2026-04-06,"Wood River Junction - Save The Bay - ETB Chariho HS",15,,15,4.99,0.80,0.00,,1,11,1,24,6,,2,28,13,1,4,7,1,26,121,17,21,13,12,,2,63,1,,4,2,6,,16,,3,1,6,7,11,104,115,,3,,2,,,34,689
402969,"Bristol County, MA, USA","Massachusetts, USA","United States",41.692964223188,-71.12532914418,land,inland,2026-04-14,"Talbot Middle School - Save The Bay - ETB",4,60,64,9.53,0.80,0.00,,9,76,7,25,25,1,9,8,7,4,33,24,,12,35,3,17,3,6,,,,,,2,12,6,3,,,,,7,,2,15,14,,,,11,1,,,377
402970,"Bristol County, MA, USA","Massachusetts, USA","United States",41.693661030503,-71.125415423381,land,inland,2026-04-14,"Talbot Middle School - Save The Bay - ETB",64,,64,74.84,0.80,0.00,,21,34,6,71,9,4,16,17,4,,10,16,17,10,47,13,9,2,4,2,,2,1,2,5,,,1,5,,,5,6,2,5,2,21,,,,1,5,,3,378
402971,"Yolo County, CA, USA","California, USA","United States",38.558353333333,-121.72517,land,inland,2026-05-11,"putah creek council",1,,1,0.31,0.02,0.00,,,1,,,,,,,1,,,,,,,,,,,,,,,,,,,,,,,,,,,2,3,,,,,,,4,11
402973,"Los Angeles County, CA, USA","California, USA","United States",34.004758589956,-118.49248837983,land,saltwater,2026-05-11,JONA,4,,4,2.17,0.13,0.00,,,1,,,,,,,,,,,,,,1,,,,,,1,,,,1,,,1,,,,,4,1,7,,,,,4,,,,21
402974,"Los Angeles County, CA, USA","California, USA","United States",34.006456543496,-118.49229846408,land,saltwater,2026-05-11,"Persian Version",2,,2,1.50,0.92,0.00,,,1,,1,,,1,11,14,,1,1,,,4,,4,,1,,,,,,,,,,1,,,2,,,1,1,1,,,,,,,80,125
402976,"Los Angeles County, CA, USA","California, USA","United States",34.006695515521,-118.4923514116,land,saltwater,2026-05-11,,3,,3,1.83,0.00,0.00,,2,4,,,,2,15,5,12,4,,8,,2,20,8,2,3,,,,,,,,,,,,,,,6,1,,8,8,1,,,1,,,9,121
402977,"Los Angeles County, CA, USA","California, USA","United States",34.00481788,-118.4924346,land,saltwater,2026-05-11,"Maia W, Shira D.",2,,2,4.49,0.01,0.00,,,,1,3,1,,,21,3,,1,,,1,22,2,9,5,,,,,,1,,,5,,3,,,,,1,,42,16,,,,,,,5,142
402978,"Los Angeles County, CA, USA","California, USA","United States",34.005114310897,-118.49309864478,land,saltwater,2026-05-11,"epic beach",2,,2,46.18,1.17,0.00,,1,1,1,1,,,,21,100,,,,9,2,6,,1,,,,,35,,,,,,,1,,,,,,7,,16,,,1,3,,,209,415
402979,"Los Angeles County, CA, USA","California, USA","United States",34.004719124438,-118.4925213006,land,saltwater,2026-05-11,campbell,1,,1,7.41,0.00,0.00,,,27,,,1,,,,,,1,,,1,3,,,,,,,,,,,48,,,,,,,,,,30,,,,,,,,9,120
402980,"Los Angeles County, CA, USA","California, USA","United States",34.007254602384,-118.49287541926,land,saltwater,2026-05-11,,2,,2,5.97,0.34,0.00,,2,13,9,4,3,4,2,10,5,,3,3,2,6,7,5,5,3,,,,,,,5,2,,,1,,,,1,7,2,26,6,4,1,,,1,,1,143
402981,"Los Angeles County, CA, USA","California, USA","United States",34.0118828,-118.4915504,land,saltwater,2026-05-11,"Jonas A, Bold B, Matt B",3,,3,4.28,0.00,0.00,,2,8,3,4,1,9,11,17,31,2,,1,,1,7,4,4,12,,,,,,1,3,1,7,1,5,1,1,1,2,3,4,7,2,,1,1,3,,2,4,167
402982,"Los Angeles County, CA, USA","California, USA","United States",34.0118828,-118.4915504,land,saltwater,2026-05-11,,3,,3,2.37,0.00,0.00,,4,33,3,13,4,13,2,38,33,3,3,2,2,6,,,7,3,1,,,,,1,,,,,,,,,,,,,,1,,,,,,39,211
402984,"King County, WA, USA","Washington, USA","United States",47.293226888889,-122.28748894839,land,freshwater,2026-05-11,,1,,1,0.48,0.36,0.00,,,1,,,2,,,,3,,,1,,,2,,,,,,,,,,,,,,,,,,,1,,,6,,,,,,,,16
402985,"Los Angeles County, CA, USA","California, USA","United States",34.052200802152,-118.04095578302,land,inland,2026-05-11,"GEOG Lab",1,,1,0.97,0.04,0.00,,2,1,1,1,1,1,2,1,,2,2,2,1,1,2,1,1,1,,,,,,2,1,1,1,,,,1,1,1,1,,1,,,,,,,,5,38
402987,"Pinellas County, FL, USA","Florida, USA","United States",27.816646727195,-82.739408433589,land,inland,2026-05-11,,1,,1,0.66,0.00,0.00,,1,3,2,3,2,,1,,,,,,,,4,,,,,,,,,,,,,,,,,,,,,,,,,,,,,,16
402994,"Palm Beach County, FL, USA","Florida, USA","United States",26.512745731173,-80.057266168798,land,saltwater,2026-05-11,Bocasob,1,,1,1.78,0.00,0.00,,1,4,1,1,1,,1,9,,,1,1,,,4,1,1,1,1,,,,,,1,4,3,1,,1,,,,,1,2,1,,,,,,,5,47
402995,"Santa Barbara County, CA, USA","California, USA","United States",34.975131145276,-120.44711635899,land,inland,2026-05-11,"Wendy Silva",1,,1,0.50,2.25,0.00,,1,1,1,1,1,1,,,,,,,1,1,1,,,,,,,,,,,,,,,,,,,,,,,,,,,,,,9
402996,"Santa Barbara County, CA, USA","California, USA","United States",34.972607618405,-120.56901808557,land,inland,2026-04-28,"Wendy Silva",1,,1,0.54,0.00,0.00,2,,,,,,,,,,,,,,,,,,,,,,,,,,,,,,,,,,,,,,,,,,,,,
402998,"Broward County, FL, USA","Florida, USA","United States",25.98627097604,-80.11877876615,land,saltwater,2026-05-11,"Little Earth Hero",2,,2,1.15,0.07,0.00,,1,1,2,2,1,,16,11,19,,,,,,1,,1,1,,,,,,,,,,,1,,,,,,1,3,,,,,,,,23,84
402999,"Miami-Dade County, FL, USA","Florida, USA","United States",25.666715707928,-80.161171447504,land,saltwater,2026-05-08,"the rialto boyz",3,,3,1.13,0.20,0.00,,,,,,,,6,6,8,,,,,,,1,,1,2,,,,,,,,,,,,,,,,,,3,,1,,,,,31,59
403000,"Miami-Dade County, FL, USA","Florida, USA","United States",25.666858354284,-80.159210177082,land,saltwater,2026-05-08,COMPUTERS,3,,3,4.57,5.73,0.00,,1,,1,2,2,1,2,,2,,,,,,5,,1,,1,,,3,,,,,,1,,,,,,,,1,,,,,,,1,12,36
403001,"Miami-Dade County, FL, USA","Florida, USA","United States",25.6755217,-80.1590677,land,inland,2026-05-08,"Braxton, Grados, Ashbel",3,,3,0.27,0.00,0.00,,,2,,1,,,,,2,,,,,,,,,,,,,,,,1,,,,,,,,,,,1,1,,,,,,,7,15
403002,"Miami-Dade County, FL, USA","Florida, USA","United States",25.667252361988,-80.159429854034,land,saltwater,2026-05-08,"Key Bisc",3,,3,2.71,1.55,0.00,,2,5,2,,,,3,3,31,,,,,,3,,2,,1,,,,,,,,1,1,,,,,,,,26,,,,1,,,1,33,115
403003,"Miami-Dade County, FL, USA","Florida, USA","United States",25.7616798,-80.1917902,land,saltwater,2026-05-08,group,3,,3,0.17,0.00,0.00,,,,,,,,,,6,3,,,,,2,,,,,,,,,,,,,,,,,,,,,,2,,,,,,,1,14
403004,"Miami-Dade County, FL, USA","Florida, USA","United States",25.674964746368,-80.179773833194,land,saltwater,2026-05-08,HAY,3,,3,0.73,2.70,0.00,,,,,,,,6,1,5,,2,1,,,1,,2,,,,,,,,,1,,,,,,,,4,,7,2,,,,,,,3,35
403005,"Miami-Dade County, FL, USA","Florida, USA","United States",25.667106779832,-80.155555507365,land,saltwater,2026-05-08,Rialto,3,,3,0.05,0.09,0.00,,,,,,,,1,4,6,,,,,1,,,,,,,,,,,,,,,,,,,,1,,,,,,,,,,,13
403006,"Miami-Dade County, FL, USA","Florida, USA","United States",25.666811884583,-80.159290591889,land,saltwater,2026-05-08,,2,,2,0.38,0.16,0.00,,,,,,,,1,,2,,,,,,,,,,,,,,,,,,,,,,,,,,,7,,,,,,,,14,24
403007,"Williamson County, TX, USA","Texas, USA","United States",30.659688,-97.65269262,land,inland,2026-05-12,"Me, myself and I",1,,1,0.34,0.00,0.00,,,,,,,,,1,,,,,,,1,,,,,,,,,,1,,,,,,,,,,1,,1,,,,,,,5,10
403009,"Santa Barbara County, CA, USA","California, USA","United States",34.972607901397,-120.56901826568,land,inland,2026-05-11,"Wendy Silva",1,,1,6.26,7.72,0.00,,9,15,3,7,3,3,10,,15,1,1,3,1,1,30,4,1,3,,,,,,,,,,,,,,,,,,,,,,,,,,6,116
403010,"Los Angeles County, CA, USA","California, USA","United States",34.176324949919,-118.60212257089,land,inland,2026-05-12,"Pierce College Oceanography",1,,1,4.83,2.19,0.00,,,2,,2,3,,3,6,2,,,,1,1,30,2,2,10,,,,,,,21,,3,4,3,4,,,3,1,3,38,,,1,,1,,,,146
403011,"Los Angeles County, CA, USA","California, USA","United States",34.095362023675,-118.13849173497,land,inland,2026-05-12,,1,,1,0.65,0.52,0.00,,3,5,,6,,3,,3,23,1,3,2,1,1,10,,3,3,,,,,,,,1,,2,,,,,1,,,,,,,,,,,,71
403013,"Santa Barbara County, CA, USA","California, USA","United States",34.954448847927,-120.41165568517,land,inland,2026-05-12,"Wendy Silva",1,,1,3.40,2.99,0.00,,1,1,8,1,1,1,2,1,3,1,1,1,1,1,1,1,1,1,1,1,,,,2,,,,,,,,1,1,,,1,,1,8,,1,,,1,46
403014,"Santa Barbara County, CA, USA","California, USA","United States",34.954465179061,-120.41167094328,land,inland,2026-05-12,"Wendy Silva",1,,1,2.81,3.54,0.00,,1,1,1,2,1,1,2,2,2,1,1,1,1,1,1,1,1,1,,,,,,1,1,1,1,1,1,1,1,1,1,1,1,1,1,18,,2,1,1,1,2,61
403030,"Palm Beach County, FL, USA","Florida, USA","United States",26.768129761331,-80.038863206282,land,saltwater,2026-05-12,KPBCB,2,,2,5.44,0.00,0.00,,4,4,,8,4,14,,103,,14,,8,9,,4,12,,7,,,,,,,,3,5,4,2,,,3,,4,3,3,2,,,,,,,338,558
403031,"Colleton County, SC, USA","South Carolina, USA","United States",32.504714437817,-80.294884284731,land,saltwater,2026-05-12,"EBSP Turtle Patrol",4,,4,0.72,0.04,0.00,,2,,,4,,,,1,,,,,,,3,,,,,,,,,,,,,,,,,,,,2,1,1,,,,,,,,14
403032,"Palm Beach County, FL, USA","Florida, USA","United States",26.762820621952,-80.037758555263,land,saltwater,2026-05-12,KPBCB,2,,2,11.79,0.00,0.00,,6,4,4,11,8,7,,141,5,12,2,8,6,8,11,13,,12,,,,2,,,,,9,3,4,,,4,,2,1,8,3,,,,,,,189,483
403201,"San Luis Obispo County, CA, USA","California, USA","United States",35.11860053,-120.5915525,land,saltwater,2026-05-12,,2,,2,0.32,3.54,0.00,,,,,3,3,1,5,2,6,,,,,,2,,1,1,,,,,,1,,,,,,,,,,,,,2,,2,,,,,6,35
403202,"Yolo County, CA, USA","California, USA","United States",38.558513333333,-121.72538166667,land,inland,2026-05-12,"putah creek council",1,,1,0.37,0.71,0.00,,,1,,,,,,2,,,,,,,,,,,,,,,,,,,,,,,,,,,,3,3,,,,,,,3,12
403204,"King County, WA, USA","Washington, USA","United States",47.288428350757,-122.29239962132,land,freshwater,2026-05-12,,1,,1,1.47,1.65,0.00,,,1,,1,4,,,1,10,1,1,1,,,,1,1,,,,,,,,,,,,,,,,,1,,1,20,,,,1,,,,45
403205,"Fairfax County, VA, USA","Virginia, USA","United States",38.885126165151,-77.275371858922,land,inland,2026-05-12,RBH,1,,1,0.14,3.49,0.00,,1,,,6,2,1,1,3,1,,,,,,46,2,1,1,1,,,2,,,,,,,1,,,,1,,5,16,26,,,,,,,,117
404078,"Los Angeles County, CA, USA","California, USA","United States",33.933317012107,-118.43758077383,land,saltwater,2026-05-12,KPMG,2,,2,0.10,0.01,0.00,,,,,,,,8,5,3,,,,,,4,6,2,2,,,,,,,,,,,,,,,,,,,,,,,,,,20,50
404079,"Santa Barbara County, CA, USA","California, USA","United States",34.943032980828,-120.42093924348,land,inland,2026-05-12,"Wendy Silva",2,,2,0.41,1.77,0.00,,1,2,1,1,1,,3,1,3,1,1,1,1,1,1,1,1,1,,,,,,,,,,,,,,,,,,,,,,,,,,10,32
404080,"Santa Barbara County, CA, USA","California, USA","United States",34.943019285305,-120.42094711184,land,inland,2026-05-12,"Wendy Silva",1,,1,1.13,0.00,0.00,,1,3,4,2,4,,1,1,2,,,,,,3,,,3,,,,,,,,,,,,,,,,,,,,,,,,,,,24
404270,"Erie County, NY, USA","New York, USA","United States",43.02092651874,-78.73194376738,land,inland,2026-05-12,"helena and jaxon",2,,2,10.80,4.99,0.00,,3,6,5,4,5,5,2,6,4,3,2,4,,3,3,1,1,2,,,,,1,1,,,,,,,,,,,,,1,,,,,,,,62
404271,"San Luis Obispo County, CA, USA","California, USA","United States",35.1216424,-120.6212821,land,saltwater,2026-05-12,,1,,1,0.18,2.69,0.00,,2,,,2,2,1,2,5,3,,,,,,2,2,2,,,,,,,,,,,,,1,,,,1,,,,,,,,,,3,28
404272,"Honolulu County, HI, USA","Hawaii, USA","United States",21.444554720758,-157.73716707079,land,saltwater,2026-05-09,,1,,1,5.58,1.13,0.00,,,,1,1,,1,,7,,,,,,1,4,,,,7,,,,,,,,,,,,,,,,2,29,,,,,,,,19,72
404273,"New York County, New York, NY, USA","New York, USA","United States",40.783121040161,-73.956884929998,land,inland,2026-04-12,,1,,1,5.22,0.00,0.00,3,,,,,,,,,,,,,,,,,,,,,,,,,,,,,,,,,,,,,,,,,,,,,
404274,"New York County, New York, NY, USA","New York, USA","United States",40.783121040161,-73.956884929998,land,inland,2026-04-19,,1,,1,6.80,0.00,0.00,2,,,,,,,,,,,,,,,,,,,,,,,,,,,,,,,,,,,,,,,,,,,,,
404275,"New York County, New York, NY, USA","New York, USA","United States",40.783121040161,-73.956884929998,land,inland,2026-05-03,,1,,1,6.12,0.00,0.00,4,,,,,,,,,,,,,,,,,,,,,,,,,,,,,,,,,,,,,,,,,,,,,
404276,"Erie County, NY, USA","New York, USA","United States",43.014998600592,-78.738950496407,land,inland,2026-05-12,,2,,2,11.61,0.16,0.00,,6,10,4,,1,,3,2,,,6,3,1,,,,2,,1,1,,,1,1,4,,,,1,1,,,,,,,,,,,,,,,48
404277,"New York County, New York, NY, USA","New York, USA","United States",40.783121040161,-73.956884929998,land,inland,2026-04-12,,1,,1,5.22,0.00,0.00,2,,,,,,,,,,,,,,,,,,,,,,,,,,,,,,,,,,,,,,,,,,,,,
404278,"Erie County, NY, USA","New York, USA","United States",43.020178737463,-78.731031932383,land,inland,2026-05-12,"helena and jaxon",2,,2,4.90,5.15,0.00,,12,14,16,12,13,4,3,6,3,,7,2,1,1,4,,,2,,,,,,,,,,,,,,,,,1,,,,,,,,,,101
404279,"Santa Barbara County, CA, USA","California, USA","United States",34.985531190351,-120.4373773298,land,inland,2026-05-12,"Wendy Silva",3,,3,1.36,0.00,0.00,,7,6,5,3,,,6,,12,,,,,,,,,2,,,,,,,,,,,,,,,,,,,,,,,,,,20,61
404280,"Santa Barbara County, CA, USA","California, USA","United States",34.98557417,-120.43741541,land,inland,2026-05-12,"Wendy silva",1,,1,6.51,2.01,0.00,,,,,,,,5,,11,6,,,,,1,7,,2,,,,1,,2,,,5,,4,,,,,,,39,39,,,,,,,7,129
404281,"Santa Barbara County, CA, USA","California, USA","United States",34.98554376,-120.4373884,land,inland,2026-05-12,WendySilva,1,,1,1.04,0.00,0.00,,,,4,,,1,11,12,28,,,,,,4,,,,,,,,,,,,,,,,,,,1,,,,,,,,,,12,73
404285,"Broward County, FL, USA","Florida, USA","United States",26.23480507,-80.08806847,land,saltwater,2026-05-09,Pompano,6,,6,0.77,1.33,0.00,,,1,1,3,,,1,6,2,,,,,,2,,1,,,,,,,,,,,1,1,,,1,,,,1,,,1,,,,,5,27
404286,"Broward County, FL, USA","Florida, USA","United States",26.235344062188,-80.088949643306,land,saltwater,2026-05-09,Broward,4,,4,5.26,0.13,0.00,,1,3,5,14,6,3,1,1,,14,,2,5,3,2,1,12,1,1,1,,,,,,1,3,,2,,2,2,2,6,4,1,3,,,,,,,,102
404287,"Southeastern Connecticut Planning Region, CT, USA","Connecticut, USA","United States",41.433984528729,-72.090482165251,land,saltwater,2026-05-09,"Save the Sound",3,,3,2.53,0.12,0.00,,,1,6,11,1,,,,,,,,3,2,2,1,,,,1,,,,,,1,,1,,,,,,1,,,,,,,,,,3,34
404292,"Williamson County, TX, USA","Texas, USA","United States",30.6597572,-97.65265223,land,inland,2026-05-13,"Me, myself and I",1,,1,0.55,0.00,0.00,,,,,,,,,,,,1,,,,,1,1,,,,,,,,1,,,,1,,,,,,1,,2,,,,,,,7,15
404298,"Mendocino County, CA, USA","California, USA","United States",39.4175364,-123.8119463,land,saltwater,2026-05-13,,1,,1,0.45,0.00,0.00,1,,,,,,,,,,,,,,,,,,,,,,,,,,,,,,,,,,,,,,,,,,,,,
404300,"San Luis Obispo County, CA, USA","California, USA","United States",35.1216424,-120.6212821,land,saltwater,2026-05-12,,1,,1,1.72,4.78,0.00,,,,,,,,4,3,5,,1,2,,,5,4,3,3,,,,1,,,,,,,,,,1,,1,,,2,,,,1,,,4,40
404305,"Pinellas County, FL, USA","Florida, USA","United States",27.684256682903,-82.737786004154,land,saltwater,2026-05-13,,1,,1,11.74,2.43,0.00,,,6,1,4,1,4,2,14,27,,,5,,1,20,8,12,2,3,,,3,,,1,2,18,,,1,3,,,,5,27,44,1,3,,,,,3,221
404306,"Palm Beach County, FL, USA","Florida, USA","United States",26.70944172889,-80.03438886255,land,saltwater,2026-05-13,KPBCB,2,,2,12.25,0.00,0.00,,7,4,7,14,4,17,,88,8,8,3,5,4,5,,10,1,7,,,,3,,3,3,3,3,4,3,,,5,,2,2,3,4,,,,,2,,211,443
404307,"Arlington County, Arlington, VA, USA","Virginia, USA","United States",38.90012523,-77.11202012,watercraft,freshwater,2026-05-12,,1,,1,3.40,0.00,0.00,1,,,,,,,,,,,,,,,,,,,,,,,,,,,,,,,,,,,,,,,,,,,,,
404308,"Arlington County, Arlington, VA, USA","Virginia, USA","United States",38.90012523,-77.11202012,watercraft,freshwater,2026-05-12,,1,,1,3.40,0.00,0.00,1,,,,,,,,,,,,,,,,,,,,,,,,,,,,,,,,,,,,,,,,,,,,,
404309,"Chautauqua County, NY, USA","New York, USA","United States",42.493975,-79.320068333333,land,freshwater,2026-05-12,BNW_CarrollClan,1,,1,0.91,0.00,0.00,1,,,,,,,,,,,,,,,,,,,,,,,,,,,,,,,,,,,,,,,,,,,,,
404310,"Greater Bridgeport Planning Region, CT, USA","Connecticut, USA","United States",41.255864358702,-73.20972904977,land,inland,2026-05-12,"Trumbull cleanup",1,,1,0.91,1.16,0.00,,,1,,,1,,,,,,1,1,,1,4,2,,,,,,,,,,,,,,,,,,,1,2,7,,,,,,,8,29
404315,"Washington, DC, USA","Washington, DC, USA","United States",38.955502236653,-77.021589915705,land,saltwater,2026-04-27,test,1,,1,0.01,0.02,0.00,,1,,,,,,,,,,,,,,,,,,,,,,,,,,,,,,,,,,,,,,,,,,,1,2
404316,"Yolo County, CA, USA","California, USA","United States",38.558478333333,-121.72540333333,land,inland,2026-05-13,"putah creek council",1,,1,0.16,0.86,0.00,,,3,,,,,,,,,,,,,1,,1,,,,,,,,,,,,,,,,,,,1,1,,,,,,,1,8
404317,"Los Angeles County, CA, USA","California, USA","United States",34.004695789911,-118.49245450063,land,saltwater,2026-05-13,"ollie and pierce",2,,2,0.31,0.01,0.00,,,1,,2,,2,1,,1,,,2,,,1,1,,2,,,,,,,1,,1,,,,,,,1,,,2,,1,,2,,,,21
404318,"Los Angeles County, CA, USA","California, USA","United States",34.004705407023,-118.4924950075,land,saltwater,2026-05-13,,2,,2,0.27,0.00,0.00,,,,,1,,,,,,,,,,,1,,,1,,,,,,,,,,,,,,,,,1,,,,,,,,,2,6
404319,"Los Angeles County, CA, USA","California, USA","United States",34.004497316543,-118.49069612157,land,saltwater,2026-05-13,"Hannah Hosseini",1,,1,0.70,0.12,0.00,,,,,1,,,2,,4,,,,,,2,,,3,1,,,,,2,,,2,,,,,,1,,,,2,,,,,,,,20
404320,"Los Angeles County, CA, USA","California, USA","United States",34.006612748615,-118.49222563694,land,saltwater,2026-05-13,,2,,2,5.81,0.00,0.00,,,4,,,,,1,2,,,1,3,,5,2,,2,1,4,,,3,,,,,,1,,,,,,1,,,1,,,,4,,,37,72
404321,"Los Angeles County, CA, USA","California, USA","United States",34.004734141266,-118.49244728305,land,saltwater,2026-05-13,"Ariel S, Chloe M, Leslie H",3,,3,12.33,0.31,0.00,,1,3,1,,3,,1,10,24,,,2,,1,20,2,3,,2,,,,1,,,,1,2,,,,,1,,1,4,18,1,,,,,,44,146
404322,"Los Angeles County, CA, USA","California, USA","United States",34.006231869816,-118.49180403995,land,saltwater,2026-05-13,"sophia and daniel",2,,2,6.77,1.18,0.00,,,4,,1,,,5,13,17,,9,1,,,2,2,4,1,,,,,,1,,,,,2,,,,,1,1,109,1,,,,,,1,,175
404323,"Los Angeles County, CA, USA","California, USA","United States",34.005902158153,-118.49101383944,land,saltwater,2026-05-13,"Dion, jaden Kim, elliot,alexis",4,,4,6.08,0.80,0.00,,8,5,2,3,,2,3,2,2,5,6,2,4,4,11,3,4,,8,,,1,,,,,8,,,,,,,,,,1,,,,,,,,84
404325,"Los Angeles County, CA, USA","California, USA","United States",34.008792464329,-118.49312248312,land,saltwater,2026-05-13,"kaden nassimi, asher sarraf, leo cohen, aaron shamsian",3,,3,1.06,2.70,0.00,,7,9,,1,,2,,16,4,1,,9,,1,16,2,6,,,,,,,,3,,,,1,,,,2,1,,,2,,,,,1,1,,85
404326,"Santa Barbara County, CA, USA","California, USA","United States",34.403433947166,-119.74346374333,land,saltwater,2026-05-13,"Peabody, 1",53,,53,0.45,0.00,0.00,,,3,,,,,,,3,2,,,,,5,,4,,,,,,,,,,,,,,,,,,,,5,,,,,,,42,64
404327,"Los Angeles County, CA, USA","California, USA","United States",34.128938644531,-118.03193574442,land,inland,2026-05-13,"Hoang Le",1,,1,0.29,0.34,0.00,,2,3,,1,2,,,,,,1,,,,2,2,1,1,,,,,,,,,,,,,,,2,1,,1,,,,,,,,,19
404328,"Fairfax County, VA, USA","Virginia, USA","United States",38.884792062991,-77.273710177339,land,inland,2026-05-13,RBH,1,,1,0.36,2.41,0.00,,,,,7,1,1,,4,,,,,,,4,,1,,,,,,,,,,,,2,,,,,,,1,4,,,,,,,,25
404330,"King County, WA, USA","Washington, USA","United States",47.294845382226,-122.28344909803,land,freshwater,2026-05-13,,1,,1,0.39,0.04,0.00,,,1,,1,2,,,,6,,3,2,,,2,2,1,,,,,,,,1,,,,,1,,,,1,,1,2,,,,,,,,26
404331,"Palm Beach County, FL, USA","Florida, USA","United States",26.413998454284,-80.093132176247,land,inland,2026-05-13,"Bocasob- Dmoon",1,,1,2.65,0.91,0.00,,1,1,1,3,3,,12,11,6,15,2,5,1,,23,6,4,1,,,,,,,,,,,,,,,,81,,,9,,1,,2,,,8,196
404332,"Cattaraugus County, NY, USA","New York, USA","United States",42.2750639,-78.6728071,land,inland,2026-05-13,,1,,1,0.91,0.00,0.00,1,,,,,,,,,,,,,,,,,,,,,,,,,,,,,,,,,,,,,,,,,,,,,
404333,"Los Angeles County, CA, USA","California, USA","United States",34.052200802152,-118.04095578302,land,inland,2026-05-13,"GEOG Lab",2,,2,2.86,1.13,0.00,,5,1,8,3,5,1,,2,11,,1,,,,7,,2,,,,,,,,,,,2,,,,,,,3,,,,,,1,,,,52
404334,"Volusia County, FL, USA","Florida, USA","United States",29.2071029,-81.0196796,land,saltwater,2026-05-13,"VOL -",1,,1,3.40,0.00,0.00,1,,,,,,,,,,,,,,,,,,,,,,,,,,,,,,,,,,,,,,,,,,,,,
404335,"Orange County, FL, USA","Florida, USA","United States",28.356397978874,-81.562879764918,land,saltwater,2026-05-13,"VOL -",1,,1,0.83,0.09,0.00,,1,,,3,,,2,1,10,,,,,,7,,2,,1,,,,,,,,2,1,1,,,,1,,,,,,,,1,,,5,38
404336,"San Luis Obispo County, CA, USA","California, USA","United States",35.1216424,-120.6212821,land,saltwater,2026-05-13,,1,,1,0.64,4.65,0.00,,3,1,,2,,1,3,5,,,,,,,3,2,3,1,,,,,,,,,,,1,1,,,,5,,,4,,,,,1,,6,42
404339,"Los Angeles County, CA, USA","California, USA","United States",34.256912636568,-118.51080143093,land,inland,2026-05-14,"Pierce College Oceanography",1,,1,0.45,0.80,0.00,,3,2,1,4,1,,2,,2,2,1,1,1,,,,,2,,,,,,,,,,,,,,,,,,,,,,,,,,,22
404342,"Los Angeles County, CA, USA","California, USA","United States",34.27019144848,-118.31463061941,land,inland,2026-05-14,,1,,1,5.74,0.32,0.00,,1,1,3,4,4,3,4,5,20,,3,2,,2,18,3,,,,,,3,,,1,,1,,2,,1,,,,1,2,2,,1,,,,,17,104
404343,"Los Angeles County, CA, USA","California, USA","United States",34.0726865,-118.0322819,land,inland,2026-05-14,,1,,1,0.77,1.77,0.00,,,2,3,1,,,,1,,,,,,,2,,,,,,,,,,,,1,,,,,,,,,,,,,,,,,,10
404344,"Santa Cruz County, CA, USA","California, USA","United States",36.8970061,-121.8374503,land,saltwater,2026-05-14,"sheri & steve",2,,2,0.91,0.00,0.00,1,,,,,,,,,,,,,,,,,,,,,,,,,,,,,,,,,,,,,,,,,,,,,
404345,"Los Angeles County, CA, USA","California, USA","United States",34.107263960613,-118.06072888074,land,inland,2026-05-13,,1,,1,1.00,2.19,0.00,,4,2,3,1,6,2,4,1,3,,,,4,,,,2,1,,,,,,,,,2,,,,,,,,,,,,,,1,,,,36
404346,"Los Angeles County, CA, USA","California, USA","United States",34.062315513903,-118.06516826511,land,inland,2026-05-14,,1,,1,0.68,1.77,0.00,,4,4,1,4,,,1,,2,,4,,3,4,2,4,4,5,,,,,,,,,,,,,,,,,,,,,,,,,,,42
404347,"Los Angeles County, CA, USA","California, USA","United States",34.260138759089,-118.61839352994,land,inland,2026-05-14,"Pierce College Oceanography",1,,1,6.27,0.24,0.00,,,4,1,2,,,2,9,60,,3,9,,,51,2,3,2,,,,,,,1,,1,,1,,,,2,2,1,32,43,2,,,1,,,,234
404348,"Matagorda County, TX, USA","Texas, USA","United States",28.7080461,-96.217467,land,saltwater,2026-05-14,"Scouts 4545",2,,2,6.80,0.00,0.00,2,,,,,,,,,,,,,,,,,,,,,,,,,,,,,,,,,,,,,,,,,,,,,
404359,"Miami-Dade County, FL, USA","Florida, USA","United States",25.75079341,-80.14597427,land,saltwater,2026-05-14,MUVE,1,,1,7.66,0.27,0.00,,3,6,1,2,,,,21,,,4,3,,4,15,,14,3,7,,,1,,,,,1,1,,,,5,,,1,22,,,1,,,,,3,118
404360,"Miami-Dade County, FL, USA","Florida, USA","United States",25.750174797972,-80.145418135734,land,saltwater,2026-05-14,muve,3,,3,2.73,0.10,0.00,,1,4,,4,,,,12,,,,2,,,2,1,2,,2,2,,,,,,1,1,,,,,,,,1,,2,,,,,,,15,52
404362,"Yolo County, CA, USA","California, USA","United States",38.558593333333,-121.72515333333,land,inland,2026-05-14,"putah creek council",1,,1,0.30,0.02,0.00,,,3,,,,,,,,,,,,,,,,,,,,,,,,,,,,,,,,2,,2,2,,,,,,,,9
404363,"Indian River County, FL, USA","Florida, USA","United States",27.653424724801,-80.355041683992,land,saltwater,2026-01-01,"Coastal Connections, Inc.",12,,12,21.36,1.21,0.00,,,,,,,,,,,,,,,,,,,,,,,,,,,,,,,,,,,,,,,,,,,,,,
404364,"Indian River County, FL, USA","Florida, USA","United States",27.652096018409,-80.35466433362,land,saltwater,2026-01-05,"Coastal Connections, Inc.",1,,1,7.71,0.80,0.00,,4,12,5,26,13,,5,72,15,1,,9,,,8,6,7,6,35,,,1,,,,1,,1,4,,1,,2,9,,62,10,1,,,4,,,,320
404365,"Indian River County, FL, USA","Florida, USA","United States",27.653374136586,-80.355017459688,land,saltwater,2026-02-04,"Coastal Connections, Inc.",21,,21,22.93,1.21,0.00,,,5,35,14,29,,13,19,1076,3,5,26,1,2,88,10,54,7,1,,,20,,,,1,2,1,12,1,1,,2,49,5,105,181,1,,,11,,2,32,1814
404366,"Indian River County, FL, USA","Florida, USA","United States",27.653405718211,-80.355030955156,land,saltwater,2026-01-07,"Coastal Connections, Inc.",17,,17,16.28,1.61,0.00,,3,8,18,11,23,,15,18,1020,5,5,16,,1,66,16,50,18,,,,12,,,,,1,8,11,2,4,,1,38,1,105,290,1,,,9,,,46,1822
404367,"Indian River County, FL, USA","Florida, USA","United States",27.653374136586,-80.355017459688,land,saltwater,2026-02-11,"Coastal Connections, Inc.",19,,19,21.21,1.21,0.00,,4,26,11,13,25,3,6,17,295,4,2,11,2,23,68,2,18,4,2,,,13,,,,,4,10,3,1,6,,1,31,2,88,126,1,,,4,1,,89,916
404368,"Indian River County, FL, USA","Florida, USA","United States",27.651850143158,-80.354603336352,land,saltwater,2026-01-12,"Coastal Connections, Inc.",1,,1,11.34,0.80,0.00,,,12,26,16,17,,3,33,12,1,,6,,2,10,11,4,2,11,,,,,,,,,,2,,,,1,12,2,47,3,,,,2,,,,235
404369,"Indian River County, FL, USA","Florida, USA","United States",27.762607548719,-80.396311811759,land,saltwater,2026-02-18,"Coastal Connections, Inc.",10,,10,9.25,1.21,0.00,,,8,,3,2,,,23,37,,1,2,,,8,,17,4,19,,,6,,,,,4,,2,,,,,3,2,179,21,,,,5,,,252,598
404370,"Palm Beach County, FL, USA","Florida, USA","United States",26.6127901,-80.0363697,land,saltwater,2026-05-11,Dia!,1,,1,0.91,0.00,0.00,1,,,,,,,,,,,,,,,,,,,,,,,,,,,,,,,,,,,,,,,,,,,,,
404372,"King County, WA, USA","Washington, USA","United States",47.287896931024,-122.29149510383,land,freshwater,2026-05-14,,1,,1,1.18,1.07,0.00,,1,,1,2,2,,,,4,,1,,,,,1,,,,,,,,,,,,,3,,,,1,,,2,4,,,,,,,,22
404373,"Chittenden County, VT, USA","Vermont, USA","United States",44.512611689846,-73.261661995779,land,freshwater,2026-05-14,"Clare (Rozalia Project)",1,,1,0.95,0.80,0.00,,1,,3,,,,,,,,,,,,,,,,,,,,,1,,,,,,,,,,,1,,,,,,1,,,1,8
404374,"Suffolk County, NY, USA","New York, USA","United States",40.911407569977,-73.25336701605,land,saltwater,2026-05-14,BBR,2,,2,1.12,0.80,0.00,,1,2,,,,1,11,11,7,,,,,2,11,1,1,11,,,,,,,2,,,1,1,,,,,,2,2,,,,,,,,5,72
404375,"Santa Barbara County, CA, USA","California, USA","United States",34.447852083949,-119.84744738111,land,inland,2026-05-14,"La Patera, K",44,,44,0.91,0.00,0.00,,,,,,,,,,,,,,,,50,,7,,,,,,,,,,,,,,,,,,,,63,,,,,,,150,270
404376,"Fairfax County, VA, USA","Virginia, USA","United States",38.909737998071,-77.28576489903,land,inland,2026-05-14,RBH,2,,2,0.91,3.22,0.00,,,1,,8,3,1,1,8,10,,2,1,,,25,3,2,2,1,,,,,,,,2,,3,,,,,2,2,28,22,,,,,,,,127
404377,"Los Angeles County, CA, USA","California, USA","United States",34.059865852924,-118.04383229418,land,inland,2026-05-14,,1,,1,1.13,1.61,0.00,,1,1,,,1,,1,,1,1,,1,1,,2,,1,1,,1,,,,,,,,1,,,,,,,,,,,,,,,,2,16
404378,"Chittenden County, VT, USA","Vermont, USA","United States",44.515959885944,-73.265240639516,land,inland,2026-05-14,"Clare (Rozalia Project)",1,,1,0.57,0.00,0.00,,,,,,,,,,,,,,,,,,,,,1,,,,,,,,,,,,,,,,,,,,,,,,,1
404379,"Los Angeles County, CA, USA","California, USA","United States",34.186044969067,-118.38961846193,land,inland,2026-05-15,Hovik,1,,1,1.18,1.61,0.00,,,,,,,,,,,,,,,,,,,,,,,,,,,,,,,,,,,1,,,1,2,,,2,2,,,8
404380,"Suffolk County, NY, USA","New York, USA","United States",40.913726269208,-73.261763113444,land,saltwater,2026-05-14,bbr,1,,1,1.91,0.02,0.00,,,1,2,,,,4,9,16,,3,,,,11,4,5,2,,,,1,,,,,4,,,,,,,,,,,,,,,,,20,82
404385,"San Mateo County, CA, USA","California, USA","United States",37.652223494814,-122.44651597753,land,inland,2026-05-15,"Lev’s volunteering",1,,1,2.90,1.30,0.00,,3,5,4,8,2,3,,1,24,,2,1,1,10,23,1,2,5,,,,,,,,,,,,,,,,1,,,15,,,,,,,,111
404396,"Los Angeles County, CA, USA","California, USA","United States",34.095495093371,-118.06549181255,land,inland,2026-05-15,,1,,1,0.05,0.13,0.00,,1,,,1,1,,,,,,,,,,,,,,,,,,,,,,,,,,,,,,,,,,,,,,,,3
404397,"Los Angeles County, CA, USA","California, USA","United States",34.095495093371,-118.06549181255,land,inland,2026-05-15,,1,,1,0.57,0.00,0.00,,1,,,2,2,,,,,,,,,,,,,,,,,,,,,,,,3,,,,1,,,,,,,,,,,,9
404404,"Brunswick County, NC, USA","North Carolina, USA","United States",33.867838583333,-78.50667625,land,saltwater,2026-05-15,"East Sunset Beach",1,,1,0.05,4.83,0.00,,,,,,,,,,1,,,,,,,,,,,,,,,,,,1,,,,,,,,,,1,,,,,,,,3
404410,"Palm Beach County, FL, USA","Florida, USA","United States",26.740003069863,-80.035733822733,land,saltwater,2026-05-15,KPBCB,2,,2,11.79,0.00,0.00,,4,6,7,12,8,8,,96,7,5,12,5,10,8,8,11,5,11,3,,,3,,,,6,4,3,,,,3,,,3,4,1,,,,,,,169,422
404411,"Chautauqua County, NY, USA","New York, USA","United States",42.495083333333,-79.321413333333,land,freshwater,2026-05-15,BNW_CarrollClan,1,,1,0.10,0.14,0.00,,,1,,2,,1,,1,,,,,,,1,1,,2,,,,,,,,,,3,,,,,,,,,,,,,,,,,12
404412,"Palm Beach County, FL, USA","Florida, USA","United States",26.739991963841,-80.03573759459,land,saltwater,2026-05-15,KPBCB,2,,2,8.62,0.00,0.00,,4,4,5,14,8,15,,92,,7,,7,6,4,8,11,1,7,1,,,,,3,3,8,8,5,,,,5,,2,3,7,5,,,,,,2,196,441
404413,"Charleston County, SC, USA","South Carolina, USA","United States",32.589920343148,-80.280032871786,land,saltwater,2026-05-15,FRESPACE,1,,1,0.36,1.61,0.00,,1,,,,,,,,1,,,,,,1,,,,,,,,,,,,,,,,,,,,1,,2,,,,,,,,6
404414,"Colleton County, SC, USA","South Carolina, USA","United States",32.504845947512,-80.294642346571,land,saltwater,2026-05-15,EBSPTURTLEPATROL,2,,2,0.17,0.04,0.00,,1,,,,1,,,,5,,,,,,3,,,,,,,,,,,,,,,,,,,,,2,,,,,,,,4,16
404416,"Orange County, CA, USA","California, USA","United States",33.456656606459,-117.6581754663,land,saltwater,2026-05-11,,2,,2,1.74,0.01,0.00,,,12,2,19,3,4,,5,6,,2,,10,7,7,4,8,13,,,,,,,,,,,,,,,,,,,,,,,,,,62,164
404417,"South Central Connecticut Planning Region, CT, USA","Connecticut, USA","United States",41.287083672818,-72.923887767175,land,saltwater,2026-05-15,"Save the Sound",3,,3,8.82,0.18,0.00,,3,2,10,7,1,1,28,20,84,1,7,7,1,5,40,11,6,1,1,,,1,,,4,,,,1,2,1,,5,,,5,40,5,,,2,3,1,37,343
404418,"New Castle County, DE, USA","Delaware, USA","United States",39.757650346052,-75.560866592515,land,inland,2026-05-15,"Green Spoon River Clean Up",1,,1,2.49,0.54,0.00,,,1,1,16,1,1,6,8,99,3,,7,,4,20,4,3,2,,,,,,,,,,,,2,,,,22,2,2,7,,,,,,,,211
404420,"Greater Bridgeport Planning Region, CT, USA","Connecticut, USA","United States",41.247108405131,-73.200606252372,land,inland,2026-05-15,"Trumbull cleanup",1,,1,0.17,3.34,0.00,,,,,,,,,,,,1,,,1,1,1,,,,,,,,,,,,,,,,,,,,1,1,,,,,,,12,18
404421,"Los Angeles County, CA, USA","California, USA","United States",34.053287470543,-118.11316861779,land,inland,2026-05-15,HuazeNi,1,,1,2.21,2.82,0.00,,,7,3,2,,1,,29,30,,2,1,,,11,,6,,,,,,,,,,,4,1,,,,1,,,,15,,,,,,,5,118
404422,"Erie County, NY, USA","New York, USA","United States",42.959693333333,-78.950998333333,land,freshwater,2026-05-15,"literally just me",1,,1,2.54,1.78,0.00,,2,2,2,,1,,,3,,,,,,,5,,2,,,,,,,,,,,1,,,,1,,,,11,18,,,,,,,2,50
404423,"King County, WA, USA","Washington, USA","United States",47.294950097448,-122.28324291065,land,freshwater,2026-05-15,,1,,1,0.51,2.02,0.00,,,1,,1,4,,,,7,,,,,,2,1,,,,,,,,,,,,,,,1,,,2,,1,4,,,,,,,,24
404424,"Los Angeles County, CA, USA","California, USA","United States",34.167842755083,-118.50075902515,land,inland,2026-05-15,,1,,1,3.04,0.00,0.00,,6,,3,11,3,,9,,62,,,,1,,27,2,,3,,,,1,,,,,,,,,,,,,,2,,,,1,3,,,,134
404425,"Los Angeles County, CA, USA","California, USA","United States",34.11947877612,-118.17012724467,land,inland,2026-05-15,,1,,1,2.89,2.43,0.00,,,10,6,7,9,1,1,2,9,1,1,6,,5,19,6,2,5,,,,,,,1,,,,,1,,,,1,2,1,,,,,,,,2,98
404426,"San Mateo County, CA, USA","California, USA","United States",37.608418676407,-122.49727330941,land,saltwater,2026-05-15,Abilitypath,5,,5,18.14,0.38,0.00,,,7,3,4,1,3,2,,80,,,4,,,40,1,3,2,3,1,,2,1,,2,,1,1,,1,,,1,,2,1,40,1,,,,,1,2,210
404427,"South Central Connecticut Planning Region, CT, USA","Connecticut, USA","United States",41.29540288262,-72.915491858212,land,saltwater,2026-05-15,"Save the Sound",5,,5,8.49,1.13,0.00,,30,3,5,50,,21,,4,50,14,10,23,6,,,,15,6,,7,,,,,3,,5,2,,4,2,2,,4,2,,,,,,2,,,3,273
404428,"Yolo County, CA, USA","California, USA","United States",38.558468333333,-121.72524,land,inland,2026-05-15,"putah creek council",1,,1,1.10,0.01,0.00,,,2,,,,,2,,2,,,,,,1,,1,1,,,,,,,,,,,,,,,,,,9,9,,,,,,,9,36
404429,"Los Angeles County, CA, USA","California, USA","United States",34.20621572,-118.51958134,land,inland,2026-05-15,,1,,1,1.21,2.03,0.00,,1,5,,10,3,1,10,,,2,,,2,3,7,6,14,2,,,,,,1,,2,4,7,,10,,,2,,,,2,,,,1,,,2,97
404430,"Santa Barbara County, CA, USA","California, USA","United States",34.403720571462,-119.74361613432,land,saltwater,2026-05-15,"Joe Nightingal",55,,55,1.36,0.00,0.00,,,2,1,,,,,,,,,,,,19,,7,6,,,,,,,,,,1,,,,,,,2,,4,,,,,,,62,104
404431,"San Luis Obispo County, CA, USA","California, USA","United States",35.115281281662,-120.62378673935,land,saltwater,2026-05-02,,2,,2,1.09,2.25,0.00,,1,,2,3,,,,,6,,,1,4,,1,2,,,,,,,,2,,,,,1,,,,1,,1,,,,,,,,,7,32
404432,"San Luis Obispo County, CA, USA","California, USA","United States",35.115281281662,-120.62378673935,land,saltwater,2026-05-03,,2,,2,2.90,1.93,0.00,,3,3,4,,,2,1,2,,,,,2,1,4,3,,2,,,2,,,,,,,,,,,,,,,,,,,,,,,5,34
404433,"Sarasota County, FL, USA","Florida, USA","United States",27.1243349,-82.470417,land,saltwater,2026-05-15,kacb,1,,1,0.00,0.00,0.00,,,,,,,,,1,22,,,,,,,,,,,,,,,,,,,,,,,,,,,,,,,,,,,,23
404434,"San Luis Obispo County, CA, USA","California, USA","United States",35.115281281662,-120.62378673935,land,saltwater,2026-05-05,,2,,2,1.36,2.74,0.00,,4,,3,4,,1,1,1,4,,2,,,,,3,,1,,,,,,,1,,,,,,,,,,2,,,,2,,1,,,6,36
404435,"San Luis Obispo County, CA, USA","California, USA","United States",35.115281281662,-120.62378673935,land,saltwater,2026-05-06,,2,,2,1.41,1.93,0.00,,4,1,4,2,1,,1,,1,1,,1,1,1,,1,1,,,,,,,1,,,,,2,,,,,,,,,,,,1,,,5,29
404436,"San Luis Obispo County, CA, USA","California, USA","United States",35.115281281662,-120.62378673935,land,saltwater,2026-05-08,,2,,2,1.59,2.25,0.00,,4,1,5,3,1,1,3,2,1,2,1,,3,,,,,,,,,,,,,,,,1,1,,,1,,,,,,2,,,,,,32
404437,"San Luis Obispo County, CA, USA","California, USA","United States",35.115281281662,-120.62378673935,land,saltwater,2026-05-09,,2,,2,1.13,2.57,0.00,,4,,2,2,1,1,1,,1,2,,,2,,1,2,2,,,,,,,,,,,1,2,,,1,,,,,,,5,,,,,11,41
404438,"San Luis Obispo County, CA, USA","California, USA","United States",35.115283633638,-120.62380339057,land,saltwater,2026-05-09,,2,,2,0.82,1.93,0.00,,4,1,2,1,2,1,1,,,,,,,1,,1,1,1,,,,,,1,,1,,,,,1,,1,,,,,,1,,,,,5,26
404439,"San Luis Obispo County, CA, USA","California, USA","United States",35.115322184699,-120.62381521314,land,saltwater,2026-05-12,,2,,2,2.13,2.57,0.00,,3,1,2,2,,1,,2,1,1,,,,1,,2,1,,,,,1,,1,1,,,,2,,,,,,,,,,,,,,,6,28
404440,"Ventura County, CA, USA","California, USA","United States",34.18599797552,-118.77138590896,land,inland,2026-05-15,"Pierce College Oceanography",1,,1,1.92,0.38,0.00,,2,9,,1,,4,1,8,16,,4,,,,4,2,2,6,,,,,,,,,2,,,,,,,,6,5,,,,,,,,,72
404441,"San Luis Obispo County, CA, USA","California, USA","United States",35.115281281662,-120.62378673935,land,saltwater,2026-05-13,,2,,2,1.04,2.09,0.00,,1,3,2,3,,1,1,,,1,1,1,1,1,,1,1,1,,,,,,,,,,,2,,,,,,,,1,,2,,,,,4,28
404442,"Los Angeles County, CA, USA","California, USA","United States",34.099853758011,-118.23524487629,land,inland,2026-05-15,,1,,1,6.36,0.17,0.00,,,5,2,1,2,1,5,44,,,28,19,,8,108,2,15,12,,,,,,,5,,7,5,12,,,2,,1,3,1,1,,,1,1,,,115,406
404443,"Williamson County, TX, USA","Texas, USA","United States",30.688565445661,-97.683678756816,land,inland,2026-05-15,"GSS TRISHIA HYDEN",1,,1,0.61,9.36,0.00,,3,6,,3,6,2,1,4,8,2,4,,,,6,7,6,2,,,,,,,1,,1,,,1,,,,1,,,2,,,,,,,5,71
404445,"Chittenden County, VT, USA","Vermont, USA","United States",44.516296290518,-73.268208990445,land,freshwater,2026-05-15,"Clare (Rozalia Project)",1,,1,0.14,0.07,0.00,,,,,1,1,,,1,,,,,1,1,,,,,,,,,,,1,,,,,,,,,,,,,,,,,1,,1,8
404446,"Orange County, CA, USA","California, USA","United States",33.602986002559,-117.64953657072,land,inland,2026-05-15,"saddleback student",1,,1,20.91,4.18,0.00,,,30,1,9,4,,16,8,1,,,,5,,16,,3,,,,,16,,,4,,2,,,,,,,,,1,1,,,,6,,,61,184
404448,"Honolulu County, HI, USA","Hawaii, USA","United States",21.442681923529,-157.73741237834,land,saltwater,2026-05-15,,1,,1,2.90,1.32,0.00,,,,,,,1,,9,,,,4,,,4,1,2,,3,,,,,,,,,,,,,1,,,,22,,,,,,,,46,93
404449,"Los Angeles County, CA, USA","California, USA","United States",34.2304621,-118.4663226,land,inland,2026-05-15,"Pierce College Oceanography",1,,1,0.76,0.00,0.00,,8,3,,5,3,,2,1,2,,1,3,2,,30,,2,1,,,,,,,,,,,,,,,,,,,,,,,,,,,63
404450,"Horry County, SC, USA","South Carolina, USA","United States",33.6954218,-78.8802094,land,saltwater,2026-04-18,"Ocean Connections",8,,8,1.81,0.00,0.00,2,,,,,,,,,,,,,,,,,,,,,,,,,,,,,,,,,,,,,,,,,,,,,
404451,"Horry County, SC, USA","South Carolina, USA","United States",33.6954218,-78.8802094,land,inland,2026-04-22,"Ocean Connections",4,,4,62.14,0.00,0.00,10,,,,,,,,,,,,,,,,,,,,,,,,,,,,,,,,,,,,,,,,,,,,,
404452,"Sevier County, TN, USA","Tennessee, USA","United States",35.7903913,-83.5637482,land,freshwater,2026-04-25,"Ocean Connections",8,,8,72.35,0.00,0.00,12,,,,,,,,,,,,,,,,,,,,,,,,,,,,,,,,,,,,,,,,,,,,,
404453,"Erie County, NY, USA","New York, USA","United States",43.058275971626,-78.70138144122,land,inland,2026-05-15,,1,,1,4.41,0.04,0.00,,14,13,2,9,4,6,4,4,24,5,4,5,2,,11,2,5,7,2,,,,,,3,8,,,3,3,,1,3,4,,,3,1,,,2,,,9,163
404455,"Los Angeles County, CA, USA","California, USA","United States",33.853104364426,-118.13942513525,land,inland,2026-05-15,,1,,1,0.68,1.77,0.00,,1,2,2,5,1,,1,3,,1,1,2,,,,,1,,,,,,,,,,,,,,,,,,,,,,,,,,,,20
404456,"Capitol Planning Region, CT, USA","Connecticut, USA","United States",41.91972003,-72.41195137,land,freshwater,2026-05-15,CRC,1,,1,4.81,0.31,0.00,,3,6,3,66,43,,,,,1,1,6,1,,7,3,2,1,,,,,,,1,,,,2,2,1,,,7,3,8,,,,,1,,,6,174
404457,"Los Angeles County, CA, USA","California, USA","United States",34.044098926572,-118.02888308349,land,inland,2026-05-16,,1,,1,0.05,0.00,0.00,,2,,,1,1,,,,2,,,,,,,,,,,,,,,,,,,,,,,,,,,,,,,,,,,,6
404458,"Los Angeles County, CA, USA","California, USA","United States",34.175494615285,-118.60296415114,land,inland,2026-05-12,"Pierce College Oceanography",1,,1,2.49,0.02,0.00,,15,21,,4,7,,4,7,7,5,4,8,3,6,13,2,5,4,,,,,,,10,,2,4,5,,,,3,1,,1,,,,,,,,,141
404459,"Contra Costa County, CA, USA","California, USA","United States",37.975145956856,-122.32176017778,land,saltwater,2026-05-02,"local 159",1,,1,0.91,0.00,0.00,1,,,,,,,,,,,,,,,,,,,,,,,,,,,,,,,,,,,,,,,,,,,,,
404460,"Contra Costa County, CA, USA","California, USA","United States",37.975145956856,-122.32176017778,land,inland,2026-05-09,"local 159",1,,1,0.91,0.00,0.00,1,,,,,,,,,,,,,,,,,,,,,,,,,,,,,,,,,,,,,,,,,,,,,
404461,"Broward County, FL, USA","Florida, USA","United States",25.98921338985,-80.12630435211,underwater,inland,2026-05-15,"Little Earth Hero",2,,2,3.92,0.05,0.00,,12,3,9,6,19,,2,3,3,3,,,,3,4,,3,,,,,,,,,,,,5,,,1,,,,3,,,,,,,,8,87
404462,"Palm Beach County, FL, USA","Florida, USA","United States",26.42211062942,-80.13020905331,land,inland,2026-05-16,"Bocasob- Dmoon",1,,1,0.31,0.05,0.00,,2,1,,3,2,,,,3,,2,,,,2,2,1,,,,,,,,,,,,,,,,,,,,2,,,,1,,,3,24
404463,"Los Angeles County, CA, USA","California, USA","United States",34.070690791761,-118.2512557386,land,inland,2026-05-16,,2,,2,8.26,1.38,0.00,,1,3,2,2,1,3,3,5,13,2,5,13,,2,16,15,14,4,,,,1,,,6,,,,2,1,,2,,,,20,57,,,1,1,,,3,198
404471,"Los Angeles County, CA, USA","California, USA","United States",34.18933964949,-118.37224622337,land,inland,2026-05-16,"Pierce College Oceanography",1,,1,63.31,1.73,0.00,,9,4,4,15,6,1,1,10,1,3,3,2,7,3,10,8,3,3,,,1,1,,,,,,,4,1,,2,5,12,2,,3,,,,,,,,124
404481,"Greater Bridgeport Planning Region, CT, USA","Connecticut, USA","United States",41.258173077485,-73.204254478046,land,inland,2026-05-16,"Trumbull cleanup",1,,1,1.29,0.11,0.00,,,1,,6,3,,,1,,,1,3,,,6,3,1,,,,,,,,,,,,,,,,1,,,4,11,,,,,,,9,50
404483,"Monroe County, NY, USA","New York, USA","United States",43.060983047483,-77.504595696966,land,freshwater,2026-05-16,,1,,1,0.91,0.00,0.00,1,,,,,,,,,,,,,,,,,,,,,,,,,,,,,,,,,,,,,,,,,,,,,
404487,"Cook County, IL, USA","Illinois, USA","United States",41.802556702752,-87.584752341131,land,inland,2026-05-16,,1,,1,10.27,2.23,0.00,,,2,24,18,26,1,1,,1,4,10,13,3,5,33,6,2,,,,,,,,,,,,,,,,3,26,,3,31,1,2,1,1,,1,3,221
404497,"Los Angeles County, CA, USA","California, USA","United States",34.056753103201,-118.25763072058,land,inland,2026-05-16,,1,,1,0.35,0.16,0.00,,2,,,3,,3,,4,3,,4,,2,,7,,,5,,,,,,,,,,,,,,,1,,,,,,,,,,,,34
404500,"Newport County, RI, USA","Rhode Island, USA","United States",41.50797661,-71.3166577,land,saltwater,2026-05-16,"Navy CWO/LDO School",2,,2,4.25,1.52,0.00,,,9,8,12,12,2,8,7,26,,,,2,4,5,6,23,10,,,,,,2,,,5,6,,,,,,3,,11,13,,,,,,,39,213
404505,"Walton County, FL, USA","Florida, USA","United States",30.2764344,-86.0081292,land,saltwater,2026-05-16,,2,,2,3.40,0.00,0.00,1,,,,,,,,,,,,,,,,,,,,,,,,,,,,,,,,,,,,,,,,,,,,,
404506,"Yolo County, CA, USA","California, USA","United States",38.558731666667,-121.72506333333,land,inland,2026-05-16,"putah creek council",1,,1,0.33,0.05,0.00,,,3,,,,,,,,,,,,,,,,,,,,,,,,,,,,,,,,,,2,3,,,,,,,1,9
404507,"Walton County, FL, USA","Florida, USA","United States",30.2764344,-86.0081292,land,saltwater,2026-05-16,fswst,1,,1,0.91,0.00,0.00,1,,,,,,,,,,,,,,,,,,,,,,,,,,,,,,,,,,,,,,,,,,,,,
404508,"Charleston County, SC, USA","South Carolina, USA","United States",32.51291494024,-80.315933224886,land,saltwater,2026-05-16,EBSPTURTLEPATROL,2,,2,1.49,0.01,0.00,,,3,,,,,,2,4,,,,,,4,,2,,1,,,,,,,,,,,,,,,,2,2,6,,,,,,,2,28
404509,"Los Angeles County, CA, USA","California, USA","United States",34.118058943158,-118.03882904885,land,inland,2026-05-16,Hovik,1,,1,1.95,1.29,0.00,,,2,4,1,2,,3,,6,,,,,,4,,,1,,,,1,,,,,,,,1,,,1,1,,,1,,,,,,,,28
404510,"Los Angeles County, CA, USA","California, USA","United States",34.118058943158,-118.03882904885,land,inland,2026-05-16,Hovik,1,,1,1.72,1.29,0.00,,,2,1,3,1,,1,2,5,,,,,,4,,1,1,,,,1,,1,,,,,,1,,,,1,,,1,,,,,,,,26
404511,"Los Angeles County, CA, USA","California, USA","United States",34.17940769,-118.3353461,land,inland,2026-05-16,,1,,1,0.91,0.00,0.00,1,,,,,,,,,,,,,,,,,,,,,,,,,,,,,,,,,,,,,,,,,,,,,
404512,"King County, WA, USA","Washington, USA","United States",47.294924589136,-122.28324679898,land,freshwater,2026-05-16,,1,,1,0.85,2.01,0.00,,1,,2,1,3,,,,,,1,1,,,3,3,,1,,,,,,,,,1,,,,,,2,2,,,2,,,,1,,,,24
404513,"Clarke County, VA, USA","Virginia, USA","United States",39.06467182978,-78.06361010748,land,inland,2026-05-16,RBH,2,,2,0.14,6.52,0.00,,,,,,,1,,1,4,,,,,,6,,,,,,,,,1,,,,,,,,,,,,6,18,,,,,,,7,44
404514,"Palm Beach County, FL, USA","Florida, USA","United States",26.454795,-80.059517,land,saltwater,2026-05-16,"Sea Turtle Adventures",12,,12,6.80,0.00,0.00,1,,,,,,,,,,,,,,,,,,,,,,,,,,,,,,,,,,,,,,,,,,,,,
404515,"Los Angeles County, CA, USA","California, USA","United States",34.235105357152,-118.43234908044,land,inland,2026-05-16,"Jonathan Barragan",1,,1,2.04,1.13,0.00,,3,3,,4,2,,,1,,1,,,4,,,,,2,,3,,,,,,,,,,3,,,,,,,,,,,,,,,26
404516,"San Mateo County, CA, USA","California, USA","United States",37.647419778458,-122.48806105353,land,saltwater,2026-05-16,PBC,1,,1,2.62,1.27,0.00,,,1,2,4,2,3,,2,50,,3,4,,,6,2,4,2,,,,,,,,1,2,,1,,,,,,,3,22,,5,,1,,,13,133
404517,"Los Angeles County, CA, USA","California, USA","United States",34.235100396071,-118.43236056568,land,inland,2026-05-16,"Jonathan Barragan",1,,1,1.18,1.13,0.00,,3,,3,3,2,,,2,3,,2,,,,5,,1,3,,,,,,,2,1,,,,3,,,1,,,,,,,,,,,,34
404518,"Miami-Dade County, FL, USA","Florida, USA","United States",25.740431078943,-80.146563362037,land,saltwater,2026-05-16,"Little Earth Hero",4,,4,5.19,16.09,0.00,,4,,14,3,3,,39,16,6,2,3,,2,1,6,1,12,8,1,,,,,,,,,100,,,1,1,,,,2,3,,,,,,,17,245
404519,"Los Angeles County, CA, USA","California, USA","United States",34.149492002875,-118.6317709856,land,inland,2026-05-16,"Pierce College Oceanography",1,,1,21.68,1.13,0.00,,8,26,5,10,5,3,2,2,,,,,1,2,9,3,,,,,,,2,,,,,,,,,,,,1,20,3,,,,,,,8,110
404520,"Erie County, NY, USA","New York, USA","United States",43.069104301976,-78.749973571792,land,freshwater,2026-05-16,LT,3,,3,19.71,1.94,0.00,,,2,1,1,3,,2,1,8,,,,,,2,1,,,2,,,,2,,,,,,1,,,,,2,,,2,,,,,,,5,35
404521,"Los Angeles County, CA, USA","California, USA","United States",34.263982665456,-118.49749893567,land,inland,2026-05-16,"Pierce College Oceanography",1,,1,1.22,1.61,0.00,,3,,,5,2,,,6,,3,1,,1,,4,4,1,,,,,,,,,,,,,,,,3,4,,9,4,,,,,,,5,55
404522,"Erie County, NY, USA","New York, USA","United States",43.065271363374,-78.793712446845,land,freshwater,2026-05-16,LT,3,,3,0.60,1.20,0.00,,,2,1,,3,,3,1,11,,,,,,1,,1,,,,,,,,,,,,,,,,,,,3,1,1,,,,,,4,32
404523,"Erie County, NY, USA","New York, USA","United States",43.061044053263,-78.699683639923,land,inland,2026-05-16,,1,,1,3.38,1.37,0.00,,13,4,4,,1,3,6,5,10,11,3,11,,,,5,7,6,,,,,,,,4,,,3,2,,2,3,2,1,1,2,2,2,,,,,,113
404524,"Los Angeles County, CA, USA","California, USA","United States",34.052274210235,-118.10122954511,land,inland,2026-05-16,,1,,1,1.08,2.08,0.00,,2,3,,2,,4,3,,4,,1,,,1,,,,,,,,,,1,,,,,,,,,,,,,,,,,,,,,21
404525,"Erie County, NY, USA","New York, USA","United States",43.062546817044,-78.802043326912,land,freshwater,2026-05-16,LT,3,,3,0.62,1.55,0.00,,,,1,,2,,3,3,8,,,,1,,2,,,,,,,,,,,,,,,,,,,,,3,2,,,,,,,,25
404526,"Los Angeles County, CA, USA","California, USA","United States",34.052274210235,-118.10122954511,land,inland,2026-05-16,,1,,1,1.24,2.08,0.00,,4,7,,2,2,2,3,3,16,1,1,,,2,4,1,2,3,,,,,,1,,,2,,,,,,,,,2,,,,,,,,,58
404529,"Los Angeles County, CA, USA","California, USA","United States",34.135952595706,-118.03174414242,land,inland,2026-05-16,"Yechuan Song",1,,1,0.73,2.57,0.00,,1,1,2,1,,,,3,1,1,1,1,,,7,,1,,,,,,,,,,,,,,,,,1,,,1,,,,2,,,,24
404530,"San Mateo County, CA, USA","California, USA","United States",37.597656566302,-122.50247474793,land,saltwater,2026-05-16,"Saint Catherine of Sienna",2,,2,0.50,0.08,0.00,,,1,1,,1,1,,,2,,,,1,,7,,,,,,,,,,3,,,,,,,,,,,,,,,,,,,,17
404531,"Chautauqua County, NY, USA","New York, USA","United States",42.4983307,-79.316896,land,freshwater,2026-05-16,BNW_CarrollClan,1,,1,0.91,0.00,0.00,1,,,,,,,,,,,,,,,,,,,,,,,,,,,,,,,,,,,,,,,,,,,,,
404533,"Alameda County, CA, USA","California, USA","United States",37.549787594735,-122.0001132611,land,inland,2026-05-17,"Troop 379",10,,10,0.02,0.00,0.00,,1,,,,1,,,,,,,,,,,,,,,,,,,,,,,,,,,,,,,,,,,,,,,,2
404534,"Los Angeles County, CA, USA","California, USA","United States",34.23239795286,-118.407304454,land,saltwater,2026-05-16,"Pierce College Oceanography",1,,1,9.58,0.56,0.00,,2,7,7,12,4,4,,3,6,1,4,5,,,8,2,,4,,,,4,,,1,5,2,1,6,1,2,1,4,2,,6,1,,,,3,5,,,113
404535,"Los Angeles County, CA, USA","California, USA","United States",34.058216049839,-118.12575902054,land,inland,2026-05-16,,1,,1,0.54,2.41,0.00,,2,2,,2,2,,,2,3,,2,,,,2,,,3,,,,,,,,,,,1,,,,,,1,,,,,,,,,,22
404536,"Los Angeles County, CA, USA","California, USA","United States",34.098979029982,-118.20344796085,land,inland,2026-05-16,,1,,1,5.94,4.80,0.00,,,4,,6,,2,3,2,1,,2,,,,5,1,,,1,,,,,,,4,,,2,,,,,,2,,51,,,3,,,,4,93
404537,"Los Angeles County, CA, USA","California, USA","United States",34.141089722502,-118.13544294539,land,inland,2026-05-17,,2,,2,3.40,0.00,0.00,,2,1,2,3,2,,,,6,,6,1,1,,3,,2,1,,,,,,,,,,,,,,,4,,,9,32,,,,,,,2,77
404538,"Los Angeles County, CA, USA","California, USA","United States",34.221398643899,-118.56885897808,land,inland,2026-05-17,"Pierce College Oceanography",1,,1,9.42,0.44,0.00,,,,,2,,3,,,,,1,,,,1,7,8,2,,,,2,,,,,,1,,,2,,,57,,32,65,2,,,,,,,185
404539,"Los Angeles County, CA, USA","California, USA","United States",34.17596530643,-118.61358975339,land,inland,2026-05-17,"Pierce College Oceanography Extra Credit",1,,1,2.68,0.84,0.00,,,2,,3,,1,,6,4,,,,,,9,,4,,,,,1,,,5,,2,1,,,,,,,,19,,,,,1,,,,58
404541,"Los Angeles County, CA, USA","California, USA","United States",34.227927611241,-118.60160783876,land,inland,2026-05-17,"Pierce College Oceanography Extra Credit",1,,1,2.69,1.24,0.00,,,2,2,2,2,,,3,13,,,1,,2,10,,5,,,,,,,,15,,,1,,,,,2,1,,23,,,3,,1,,,,88
404543,"Honolulu County, HI, USA","Hawaii, USA","United States",21.444936747876,-157.73763592933,land,saltwater,2026-05-17,,1,,1,3.04,2.57,0.00,,,,,3,2,,1,5,,,,,,,2,,,,2,,,1,,,,,,,,,,,,,1,10,,,,,,,,16,43
404544,"Los Angeles County, CA, USA","California, USA","United States",34.1442616,-118.0019482,land,inland,2026-05-17,,1,,1,0.95,3.54,0.00,,2,,,10,,,,1,3,2,,,1,,,3,1,3,,,,,,2,,,,1,,,,1,1,,,,,,,,,,,4,35
404548,"Pinellas County, FL, USA","Florida, USA","United States",27.68461671567,-82.737830961175,land,saltwater,2026-05-17,,1,,1,13.29,1.78,0.00,,,11,,13,5,1,,16,9,7,4,4,,2,17,3,10,2,2,,,,,,1,4,7,,,,1,1,,,14,13,107,,1,,,,,,255
404549,"Colleton County, SC, USA","South Carolina, USA","United States",32.5068602,-80.291318,land,saltwater,2026-05-17,"EBSP Turtle Team",4,,4,2.57,0.00,0.00,,,,,,,,,,,,,,,,,,,,,,,1,,,,,,,,,,,,,6,,,,,,,,,,7
404550,"Colleton County, SC, USA","South Carolina, USA","United States",32.504312371425,-80.294700422541,land,saltwater,2026-05-17,"EBSP Turtle Patrol",4,,4,1.25,0.06,0.00,,,,,,,,,,,,,,,,,,,,,,,,,,,,,,,,,6,,,,,,,,,,,,,6
404551,"Colleton County, SC, USA","South Carolina, USA","United States",32.504723083627,-80.29484231971,land,saltwater,2026-05-17,"EBSP Turtle Team",4,,4,4.00,0.05,0.00,,1,1,,2,4,,,1,17,,4,,,1,3,,1,1,,,,1,,,,,,,2,,1,6,,,3,5,,,,,,,,2,56
404552,"Greater Bridgeport Planning Region, CT, USA","Connecticut, USA","United States",41.250467767687,-73.203359190772,land,inland,2026-05-17,"Trumbull cleanup",1,,1,0.55,0.17,0.00,,,,,2,,,,2,,,,,,,1,,,,,,,,,,,,,,,,,,,,,2,6,,,,,,,4,17
404554,"Yolo County, CA, USA","California, USA","United States",38.573036666667,-121.751545,land,inland,2026-05-16,"putah creek council",1,,1,1.48,0.12,0.00,,,6,,1,,,,1,,,,1,,,6,,,,,,,,,,,,2,,,,,,,,,11,11,,,,,,,1,40
404555,"Middlesex County, MA, USA","Massachusetts, USA","United States",42.552768664413,-71.432374481924,land,inland,2026-05-17,"cap cleanup",1,,1,12.61,2.00,0.00,,2,3,,,,,1,1,1,,1,,,,4,,3,,1,,,2,1,,,1,1,,,1,,,,1,,4,3,,,,1,,3,8,43
404556,"Los Angeles County, CA, USA","California, USA","United States",34.1461527396,-117.98881619051,land,inland,2026-05-17,"Viviana & Allen",2,,2,21.05,0.68,0.00,,1,1,2,3,2,4,,1,2,1,1,3,1,2,3,,2,1,1,,,1,2,1,1,1,2,,2,,,,,,,,,,,,,,,,41
404557,"Los Angeles County, CA, USA","California, USA","United States",34.0670524,-118.2806311,land,inland,2026-05-17,,1,,1,0.05,0.00,0.00,,,,,1,,,,,,,,,,,,,,,,,,,,,,,,,,,,,,,,,,,,,,,,,1
404558,"King County, WA, USA","Washington, USA","United States",47.287854128591,-122.29157407687,land,freshwater,2026-05-17,"Woodsie’s Warrior",1,,1,0.67,1.07,0.00,,,,,1,2,,1,,4,,,1,1,1,5,1,1,,1,,,,,,,,,,,2,,,,,,,,,,,1,,,,22
404559,"San Mateo County, CA, USA","California, USA","United States",37.5988889,-122.5019444,land,saltwater,2026-05-16,"Pacifica Beach Coalition",1,,1,3.40,0.00,0.00,1,,,,,,,,,,,,,,,,,,,,,,,,,,,,,,,,,,,,,,,,,,,,,
404560,"Franklin County, OH, USA","Ohio, USA","United States",39.996333554494,-83.006288138973,land,inland,2026-05-17,,1,,1,25.21,0.97,0.00,,3,17,14,9,12,11,1,4,61,8,3,4,3,1,3,4,8,10,,1,,16,,,2,,,,,10,4,,4,,,8,,,18,,6,2,,17,264
404562,"Los Angeles County, CA, USA","California, USA","United States",34.0670524,-118.2806311,land,inland,2026-05-17,,1,,1,0.18,3.70,0.00,,2,,,3,,,,,7,1,1,,,,4,2,2,3,,,,,,,,,1,,,,,,,,,,,,,,,,,,26
404563,"Los Angeles County, CA, USA","California, USA","United States",34.0670524,-118.2806311,land,inland,2026-05-17,,1,,1,0.23,3.70,0.00,,5,2,,3,,,,,13,3,6,2,,,,1,3,2,,,,,,,,,,,,,,,,,,,,,,,,,,,40
404564,"Los Angeles County, CA, USA","California, USA","United States",34.1626518,-118.1274965,land,inland,2026-05-17,,1,,1,1.61,0.00,0.00,,3,6,2,4,2,11,13,16,,2,2,2,,,24,4,5,8,,,,,,,,1,,4,,,,,,,1,1,,,17,,,,,,128
404565,"Los Angeles County, CA, USA","California, USA","United States",34.086548724778,-118.13796062351,land,inland,2026-05-17,,1,,1,1.35,2.60,0.00,,1,1,,1,,2,,,11,,1,2,1,,1,,,,,,,1,,1,,,,,,1,,,,,,,,,,,,,,,24
404566,"San Mateo County, CA, USA","California, USA","United States",37.648964618608,-122.48957499561,land,inland,2026-05-17,"Pacific Beach Coalition - Terri Brown",1,,1,23.56,1.02,0.00,,4,5,11,24,11,,7,32,425,,7,6,,6,28,13,12,9,,,,7,,,,,1,,17,2,,,2,14,,2,121,,7,1,1,,,40,815
404568,"Los Angeles County, CA, USA","California, USA","United States",34.17212278,-118.34907249,land,inland,2026-05-17,,1,,1,0.88,2.94,0.00,,2,,,10,30,,,,,,,,2,,7,,2,4,,,,,,,,,,,,,,,,,,,,,,,,,,,57
404569,"Los Angeles County, CA, USA","California, USA","United States",34.138789953485,-118.02954953175,underwater,inland,2026-05-17,Jinhongchen,1,,1,0.14,2.09,0.00,,1,,,5,2,,,,,,,,,,,,,,,,,,,,,,,,,,,,,,,,,,,,,,,,8
404570,"Chittenden County, VT, USA","Vermont, USA","United States",44.516249801071,-73.268441718147,land,freshwater,2026-05-17,"Clare (Rozalia Project)",1,,1,0.62,0.25,0.00,,,,,,1,,,,,,,1,,1,,,,,,1,,,,,,,,,,,,,,,,,,,,,,,,1,5
404572,"Los Angeles County, CA, USA","California, USA","United States",34.071339122943,-118.20440777821,land,inland,2026-05-17,,1,,1,1.59,0.64,0.00,,1,2,,2,3,1,,,,2,4,2,1,,10,3,,,,,,,,,,,,,,,,,,,2,,,,,3,,,,,36
404573,"Los Angeles County, CA, USA","California, USA","United States",34.077450703296,-118.26450136847,land,inland,2026-05-17,,1,,1,1.18,0.04,0.00,,3,3,3,4,,4,3,3,3,4,,6,3,4,,7,4,,,,,,,,,,,,,,,,,,,,,,,,,,,,54
404574,"Los Angeles County, CA, USA","California, USA","United States",34.123741629578,-117.99214254428,land,freshwater,2026-05-17,,1,,1,0.02,0.01,0.00,,,2,,,,,,,,,,,,,,,,,,,,,,,,,,,,,,,,,,,,,,,,,,,2
404575,"San Bernardino County, CA, USA","California, USA","United States",34.021939194883,-117.56855853826,land,inland,2026-05-17,"geog 001L",1,,1,1.40,0.69,0.00,,1,6,2,13,7,4,4,5,,3,5,1,3,7,2,2,3,6,,,,,,3,,,,3,,,,,,,,,,,,,,,,,80
404576,"Los Angeles County, CA, USA","California, USA","United States",34.08733986927,-118.11617689738,land,inland,2026-05-17,,1,,1,0.18,1.80,0.00,,1,1,,1,,2,1,1,1,,1,1,1,,1,2,6,3,,,,,,,,,,,,,,,1,,,,,,,,,,,1,25
404579,"Los Angeles County, CA, USA","California, USA","United States",34.2286202,-118.2350674,land,inland,2026-05-17,"sophia aroyan",1,,1,1.16,0.00,0.00,,13,11,,8,7,,4,9,10,,1,4,,,13,7,12,8,,,,,,,,,2,,,,,,,,1,2,,,3,,1,,,1,117
404580,"Los Angeles County, CA, USA","California, USA","United States",34.123149872035,-117.9904049308,land,inland,2026-05-18,,1,,1,0.05,1.86,0.00,,,2,,,,,,,,1,1,1,,,,,,,,,,,,,,,,,,,,,,,,,,,,,,,,,5
404581,"Los Angeles County, CA, USA","California, USA","United States",34.139146135442,-118.13964489968,land,inland,2026-05-18,,1,,1,0.50,1.29,0.00,,1,4,,3,,1,2,,,,2,2,,1,2,4,2,,,,,,,,,,,,1,,,,2,3,,,,,,,1,,,,31
404582,"Los Angeles County, CA, USA","California, USA","United States",34.13978466852,-118.05512770328,land,inland,2026-05-18,,1,,1,0.32,3.35,0.00,,,,,6,,,,7,,,9,3,,,3,,,5,,,,,,,,,,,,,,,,,,,,,,,,,,,33
404583,"Los Angeles County, CA, USA","California, USA","United States",34.204489813844,-118.45697660051,land,inland,2026-05-18,,1,,1,4.54,0.02,0.00,,1,1,1,3,4,2,,1,1,1,1,6,3,1,1,2,1,2,,,,,,,2,3,,,3,1,1,2,2,2,6,5,8,1,3,1,5,1,1,3,82
404585,"Los Angeles County, CA, USA","California, USA","United States",34.11005829503,-118.25828800803,land,inland,2026-05-18,"clean up",1,,1,4.08,1.74,0.00,,,4,,3,1,,4,2,1,,,,,2,3,1,1,1,,,,,,,2,17,1,,,2,,,,6,,11,18,,,,2,,,6,88
404586,"Los Angeles County, CA, USA","California, USA","United States",34.102688923558,-118.13404729202,land,inland,2026-05-18,"PCC Geography",1,,1,0.54,3.22,0.00,,1,4,2,1,,1,,,,,,,,,,2,2,,,,,,,,,,,,,,,,,,,,,,,,,,,,13
404588,"Los Angeles County, CA, USA","California, USA","United States",34.082087962222,-118.18680475613,land,inland,2026-05-18,,1,,1,1.36,3.54,0.00,,2,,1,5,3,,17,,2,,3,,,,,,3,9,,,,,,,,,,,4,,,1,1,,,,,,,,,,,,51
404589,"Los Angeles County, CA, USA","California, USA","United States",34.149661730303,-118.06935769299,land,inland,2026-05-18,,1,,1,70.62,5.79,0.00,,2,1,1,2,5,3,1,3,3,3,3,2,1,5,3,1,1,,1,2,1,1,1,,,,,,,,,,,,,,,,,,,,,,46
404590,"Los Angeles County, CA, USA","California, USA","United States",34.149661730303,-118.06935769299,land,inland,2026-05-18,,1,,1,0.86,3.38,0.00,,2,2,2,2,10,,4,,5,2,2,4,2,,1,3,,,,,,,,,,,,,,,,,,,,,,,,,,,,,41
404591,"Okaloosa County, FL, USA","Florida, USA","United States",30.399129124845,-86.603550901423,land,inland,2026-05-18,AOI,1,,1,0.91,0.00,0.00,1,,,,,,,,,,,,,,,,,,,,,,,,,,,,,,,,,,,,,,,,,,,,,
404592,"Los Angeles County, CA, USA","California, USA","United States",34.000396304343,-118.10838528601,land,inland,2026-05-18,geol,1,,1,4.13,3.22,0.00,,2,,2,2,2,,,,,1,,,,,,,,1,,,,1,,,1,15,3,1,1,,,,,,,5,3,,,,,,,2,42
404593,"Los Angeles County, CA, USA","California, USA","United States",34.102625391197,-118.07493314346,land,inland,2026-05-18,,1,,1,149.37,3.86,0.00,,11,5,2,2,4,3,3,3,3,4,5,2,2,4,5,3,2,2,2,2,2,2,3,6,3,1,2,1,1,1,1,,1,,,,,,,,,,,,93
404594,"Los Angeles County, CA, USA","California, USA","United States",34.1820605,-118.3074827,land,freshwater,2026-05-18,,1,,1,0.91,0.00,0.00,1,,,,,,,,,,,,,,,,,,,,,,,,,,,,,,,,,,,,,,,,,,,,,
404595,"Los Angeles County, CA, USA","California, USA","United States",34.066747546142,-118.14663932603,land,inland,2026-05-18,,1,,1,1.76,0.00,0.00,,1,6,1,2,,3,4,18,11,1,8,12,,,19,7,3,12,,,,,,,,,,3,,,,,,,3,2,,,,,1,,,,117
404597,"Los Angeles County, CA, USA","California, USA","United States",34.102688975111,-118.13404688068,land,inland,2026-05-18,"PCC Geography",1,,1,0.27,2.41,0.00,,2,,,3,8,,,,,,,,,,,,,,,,,,,,2,,,,,,,,,,,,,,,,,,,5,20
404598,"Los Angeles County, CA, USA","California, USA","United States",34.1574588,-118.0068979,land,inland,2026-05-18,,1,,1,0.70,0.00,0.00,,3,1,,,,,,,,,,,2,,,,5,1,,,,,,,,4,,,,,,,4,,,,,,,,,,,1,21
404599,"Los Angeles County, CA, USA","California, USA","United States",34.1574588,-118.0068979,land,inland,2026-05-18,,1,,1,0.26,0.00,0.00,,2,,,,,,,,,,,,,,3,,3,,,,,,,,,,,,,,,,1,,,3,,,,,,,,,12
404600,"Los Angeles County, CA, USA","California, USA","United States",34.201161528774,-118.18680182995,land,inland,2026-05-18,,1,,1,0.56,1.50,0.00,,1,2,1,1,1,,1,3,,,,,,,2,,1,,,,,,,,,1,1,,,,,,,,,2,,,,,,,,,17
404601,"Los Angeles County, CA, USA","California, USA","United States",34.143558557615,-117.94868183175,land,inland,2026-05-18,"Emanuel Dominguez",1,,1,2.63,3.54,0.00,,4,3,8,2,12,,4,3,,,6,2,3,,4,,3,,,,,,,,,2,,,,3,,,,,,,,,,,,,,,59
404602,"Los Angeles County, CA, USA","California, USA","United States",34.070740766197,-118.20560254551,land,inland,2026-05-18,,1,,1,0.15,6.46,0.00,,4,1,,4,,1,4,3,,,,,,,,,,,,,,,,,,,,,,,,,,,,,,,,,,,,,17
404604,"San Bernardino County, CA, USA","California, USA","United States",34.032867005417,-117.68838422833,land,inland,2026-05-18,"Connor Gearheart",1,,1,3.18,0.97,0.00,,3,,2,2,7,,1,,1,,,1,1,,3,,1,1,,,,2,,,,,,,,,,,,1,,,,,,,,,,,26
404605,"Los Angeles County, CA, USA","California, USA","United States",34.174688162246,-118.16924245016,land,inland,2026-05-18,,1,,1,0.22,1.57,0.00,,2,3,,3,,1,1,2,1,1,1,,2,1,,,,,,,,,,,,,,,,,,,,,,,,,,,,,,,18
404606,"Los Angeles County, CA, USA","California, USA","United States",34.072164662565,-118.44215191961,land,inland,2026-05-17,,1,,1,0.05,16.09,0.00,,,,,,,,3,,3,,,,,1,1,,1,1,,,,,,,,,,,,,,,,,,,,,,,,,,3,13
404607,"Los Angeles County, CA, USA","California, USA","United States",34.099185797269,-118.11150208608,land,inland,2026-05-18,,1,,1,0.50,0.02,0.00,,,,,10,4,3,,,,,3,,,,,3,,,,,,,,,3,,2,,,4,,,,,,,,,,,,,,,32
404612,"Southeastern Connecticut Planning Region, CT, USA","Connecticut, USA","United States",41.315605007502,-72.091871349338,land,saltwater,2026-05-18,"Save the Sound",1,,1,0.01,0.24,0.00,,,,,,,,,,,,,,,,1,,,,,,,,,,,,,,,,,,,,,,,,,,,,,,1
404613,"Greater Bridgeport Planning Region, CT, USA","Connecticut, USA","United States",41.248123540539,-73.201053352568,land,inland,2026-05-18,"Trumbull cleanup",1,,1,0.61,0.09,0.00,,,1,,,,,,3,,,2,,,,,2,,,,,,,,,,,,,1,,,,,,,2,5,,,,,,,9,25
404614,"Sarasota County, FL, USA","Florida, USA","United States",27.087177272294,-82.126602191051,land,saltwater,2026-05-18,,1,,1,0.51,0.01,0.00,,,,,,,,,,,,,,,,1,,,,,,,,,,,,1,,,,,1,,,1,,1,,,,,,,,5
404615,"Indian River County, FL, USA","Florida, USA","United States",27.762607548719,-80.396311811759,land,saltwater,2026-02-18,"Coastal Connections, Inc.",10,,10,9.25,1.21,0.00,,,8,,3,2,,,23,37,,1,2,,,8,,17,4,19,,,6,,,,,4,,2,,,,,3,2,179,21,,,,5,,,252,598
404616,"Indian River County, FL, USA","Florida, USA","United States",27.651850143158,-80.354603336352,land,saltwater,2026-01-27,"Coastal Connections, Inc.",1,,1,1.13,0.40,0.00,,,4,,2,3,,,7,10,,1,,,,,,2,,10,,,,,,,2,,,,,,,1,3,,14,2,,,,1,,,,62
404617,"Indian River County, FL, USA","Florida, USA","United States",27.561413168714,-80.32318235428,land,saltwater,2026-01-14,"Coastal Connections, Inc.",16,,16,11.57,1.21,0.00,,2,5,1,3,1,,,51,25,2,,6,,1,27,2,17,2,21,,,23,,,,1,3,5,3,,,,,11,11,246,31,,,,2,1,,217,720
404618,"Indian River County, FL, USA","Florida, USA","United States",27.650101963385,-80.354034743575,land,saltwater,2026-02-25,"Coastal Connections, Inc.",14,,14,6.68,1.21,0.00,,,,1,4,9,,1,34,14,1,,4,,,10,2,9,2,7,,,13,,,,,3,1,3,,,,,1,2,69,11,,,,,,,65,266
404619,"Indian River County, FL, USA","Florida, USA","United States",27.650099610753,-80.354046762427,land,saltwater,2026-01-21,"Coastal Connections, Inc.",15,,15,18.23,1.61,0.00,,10,6,25,17,42,,10,40,105,7,5,5,,1,41,15,32,9,2,,,9,,,,2,1,5,5,3,1,,5,8,4,133,124,,,,7,,,57,736
404620,"Okaloosa County, FL, USA","Florida, USA","United States",30.399203854946,-86.603500299318,land,inland,2026-05-18,AOI,1,,1,0.91,0.00,0.00,1,,,,,,,,,,,,,,,,,,,,,,,,,,,,,,,,,,,,,,,,,,,,,
404621,"Indian River County, FL, USA","Florida, USA","United States",27.653373929149,-80.354969230158,land,saltwater,2026-04-01,"Coastal Connections, Inc.",14,,14,14.24,1.21,0.00,,1,8,11,14,24,4,12,18,839,8,2,23,6,3,68,6,64,10,,,,11,,2,,10,1,,3,1,,,1,34,4,101,302,,,,9,,,22,1622
404622,"Indian River County, FL, USA","Florida, USA","United States",27.653398392166,-80.355059608212,land,saltwater,2026-03-04,"Coastal Connections, Inc.",20,,20,28.62,1.61,0.00,,8,14,40,17,36,4,17,25,828,10,11,40,3,12,89,17,74,10,4,,,31,,,6,9,3,5,13,4,7,,1,46,6,129,301,1,,,,,,38,1859
404624,"Indian River County, FL, USA","Florida, USA","United States",27.647162088248,-80.366427772441,land,saltwater,2026-03-07,"Coastal Connections, Inc.",39,,39,63.80,1.61,0.00,,23,42,10,31,22,2,12,43,72,5,5,14,7,13,140,15,27,4,25,,,44,,2,1,4,5,12,35,1,1,,1,11,11,213,122,,,,3,,1,83,1062
404625,"Colleton County, SC, USA","South Carolina, USA","United States",32.50473281899,-80.294829841216,land,saltwater,2026-05-18,EBSPTURTLEPATROL,4,,4,0.77,0.05,0.00,,,1,,2,,,,1,4,,,,1,,4,1,1,,,,,,,,,,,2,,,,1,,,1,1,2,,,,,,,,22
404628,"Fairfax County, VA, USA","Virginia, USA","United States",38.884820885772,-77.273278800276,land,inland,2026-05-18,RBH,2,,2,0.68,3.86,0.00,,,,,5,4,2,1,3,6,,,,,,16,1,1,1,,,,1,,,,,1,,,,,1,,,,10,9,,,,,,,2,64
404629,"King County, WA, USA","Washington, USA","United States",47.294921139036,-122.28323688488,land,freshwater,2026-05-18,"Woodsie’s Warrior",1,,1,0.31,0.02,0.00,,,,,,2,,,,8,,,,,,2,1,,,,,,,,,,,1,,,,,,,,,1,3,,,,,,,,18
404632,"Yolo County, CA, USA","California, USA","United States",38.558555,-121.72533166667,land,inland,2026-05-18,"putah creek council",1,,1,0.13,0.38,0.00,,,1,,,,,,,,,,,,,,,,,,,,,,,,,,,,,,,,,,1,1,,,,,,,2,5
404634,"Indian River County, FL, USA","Florida, USA","United States",27.652352724374,-80.354733160928,land,saltwater,2026-03-17,"Coastal Connections, Inc.",15,,15,29.49,1.21,0.00,,3,4,1,6,5,1,8,102,71,,,4,2,4,53,1,19,8,23,,,5,,,1,,4,,22,,,,,5,11,161,43,,,2,3,,,567,1139
404635,"Indian River County, FL, USA","Florida, USA","United States",27.782350059985,-80.405804199834,land,saltwater,2026-04-08,"Coastal Connections, Inc.",4,,4,7.09,0.80,0.00,,2,1,,,2,,2,39,26,,1,2,1,,2,,4,3,3,,,6,,,,1,,,3,,,,,1,6,185,,,,,,,,199,489
404636,"Indian River County, FL, USA","Florida, USA","United States",27.633794721839,-80.350879108623,land,saltwater,2026-03-18,"Coastal Connections, Inc.",15,,15,32.50,1.21,0.00,,6,6,5,7,5,1,6,44,93,,2,4,,7,48,3,26,2,11,,,18,,,,4,2,6,4,1,,,,8,6,203,70,1,,,3,,4,409,1015
404637,"Indian River County, FL, USA","Florida, USA","United States",27.677173930779,-80.362355451636,land,saltwater,2026-03-25,"Coastal Connections, Inc.",12,,12,5.72,1.21,0.00,,1,,,3,19,,,13,13,,,,,,5,,8,,11,,,7,,,,,,,1,,,,,,2,83,11,,,,,,,320,497
404638,"Indian River County, FL, USA","Florida, USA","United States",27.65012579567,-80.353990511931,land,saltwater,2026-04-15,"Coastal Connections, Inc.",14,,14,19.44,1.21,0.00,,,32,13,18,30,2,13,71,197,5,,12,1,3,95,6,34,9,18,,,12,,,,,2,14,14,1,,,,22,3,281,94,,,,8,,1,46,1057
404639,"Miami-Dade County, FL, USA","Florida, USA","United States",25.726875816853,-80.24399754892,land,inland,2026-05-18,"mini sessions",5,,5,0.05,0.01,0.00,,7,,,,,,,,,,,,,,,,,,,,,,,,,,,,,,,,,,,,,,,,,,,,7
404640,"Miami-Dade County, FL, USA","Florida, USA","United States",25.726949328265,-80.244040466226,land,saltwater,2026-05-18,"mini sessions",5,,5,10.12,4.83,0.00,,17,,23,100,,4,16,43,18,21,41,56,,,84,,,,,,,,,,,,,,,,,,,,,,,,,,,,,,423
404641,"Miami-Dade County, FL, USA","Florida, USA","United States",25.726927887804,-80.244002436474,land,saltwater,2026-05-18,"mini sessions",5,,5,21.18,4.35,0.00,,50,30,35,22,35,,,,,,,,,,25,,,20,,,,9,,,,,,,,,,,,,,,,,,,,,,,226
404642,"Indian River County, FL, USA","Florida, USA","United States",27.65012579567,-80.353990511931,land,saltwater,2026-04-16,"Coastal Connections, Inc.",8,,8,32.35,1.61,0.00,,4,12,11,12,65,,3,58,10,2,,14,2,3,31,10,18,6,18,,,18,,,,,1,4,14,,,,,,4,421,38,,,,1,,,109,889
404643,"Indian River County, FL, USA","Florida, USA","United States",27.633787100244,-80.350920798548,land,saltwater,2026-05-02,"Coastal Connections, Inc.",13,,13,4.80,1.21,0.00,,1,7,,1,1,,3,30,19,,,,,,8,,21,1,22,,,17,,,,2,2,2,1,,,,,4,6,124,16,,,,,,,177,465
404644,"Indian River County, FL, USA","Florida, USA","United States",27.65012579567,-80.353990511931,land,saltwater,2026-04-24,"Coastal Connections, Inc.",18,,18,10.66,1.21,0.00,,5,15,3,3,20,,,70,23,1,,8,,,25,4,15,5,29,,,20,,,,,4,6,9,,,,,4,2,219,13,1,,,,,,127,631
404645,"Charleston County, SC, USA","South Carolina, USA","United States",32.52359823,-80.31535565,land,saltwater,2026-05-18,Frespace,2,,2,1.59,1.61,0.00,,,,,1,,1,,1,,,,,,1,9,,,1,,,,,,,,,,,,,,,,,5,,4,,,,,,,,23
404646,"Indian River County, FL, USA","Florida, USA","United States",27.652002293893,-80.35466834941,land,saltwater,2026-05-02,"Coastal Connections, Inc.",8,,8,2.88,0.80,0.00,,,,,,1,,,9,7,,,4,,,,1,5,2,2,,,2,,,2,1,,1,6,,,,,,,34,11,,,,2,,,6,96
404649,"Los Angeles County, CA, USA","California, USA","United States",34.126342961198,-118.34515116025,land,inland,2026-05-18,"GEO 1L Watershed cleanup",1,,1,1.54,4.12,0.00,,2,,1,3,1,5,,,22,,1,1,,,1,1,2,2,,,,,,,,2,,,,,,,2,,,1,12,,,,,,,15,74
404650,"Los Angeles County, CA, USA","California, USA","United States",34.050962205674,-118.36629562447,land,inland,2026-05-18,"GEO 1L Watershed cleanup",1,,1,1.68,2.25,0.00,,4,1,2,5,1,,1,,28,,2,3,1,,4,1,2,3,,,,,,,,,,,,,,,2,,,2,11,,,,,,,,73
404651,"Los Angeles County, CA, USA","California, USA","United States",34.189555817227,-118.61691771759,land,inland,2026-05-14,"Lab 11 Pt 1",1,,1,6.56,0.00,0.00,,,3,,1,,2,1,2,14,1,,,,,5,2,,5,,,,5,,,,,4,,,,,,,,,1,4,,1,,,,,,51
404653,"South Central Connecticut Planning Region, CT, USA","Connecticut, USA","United States",41.287160760089,-72.923801797235,land,saltwater,2026-05-15,"team arvinas",4,,4,18.00,0.00,0.00,,1,16,4,17,5,5,26,13,2,7,9,6,5,8,30,2,5,6,2,20,,,,4,7,4,,,2,4,,1,4,1,,12,11,1,,1,1,,1,46,289
404654,"San Luis Obispo County, CA, USA","California, USA","United States",35.040976177684,-120.51490162847,land,inland,2026-05-19,,1,,1,11.25,5.15,0.00,,6,5,9,6,6,4,15,9,14,7,5,5,4,2,8,4,3,8,4,,,4,,5,1,1,,4,,,,,5,,5,,2,,2,,1,,,7,161
404655,"San Mateo County, CA, USA","California, USA","United States",37.5738741116,-122.30242947338,land,saltwater,2026-05-18,"Keira Q3",1,,1,3.80,1.96,0.00,,1,2,,5,2,,3,17,14,,1,,,,17,1,2,7,,,,1,,,,,5,6,1,,,,1,,,3,27,,,,1,,,17,134
404656,"Palm Beach County, FL, USA","Florida, USA","United States",26.371769698222,-80.09259494386,land,inland,2026-05-19,"Bocasob- Dmoon",1,,1,2.85,0.02,0.00,,3,3,1,16,5,2,1,7,34,2,6,9,,1,16,7,5,2,,,,,,1,5,1,,,1,3,1,,2,2,,,15,1,,,1,,,1,154
404657,"Santa Cruz County, CA, USA","California, USA","United States",36.957947424935,-121.88694702675,land,saltwater,2026-05-19,"sheri & steve",2,,2,0.91,0.00,0.00,1,,,,,,,,,,,,,,,,,,,,,,,,,,,,,,,,,,,,,,,,,,,,,
404658,"Los Angeles County, CA, USA","California, USA","United States",33.709959657802,-118.29910512759,land,saltwater,2026-05-19,"GEOG001L clean up",1,,1,64.27,0.01,0.00,,3,48,3,18,1,22,,45,1,3,17,35,,,11,2,33,7,,1,1,2,,,,,,,,2,,1,,1,,5,1,,,,,1,,,264
404659,"Los Angeles County, CA, USA","California, USA","United States",34.1476527,-118.144302,land,inland,2026-05-19,,1,,1,0.36,0.00,0.00,,2,,,,,1,,1,,,,,1,1,3,1,2,,,,,,,,,,1,,,,,,3,,,1,1,,,,1,,,4,23
404660,"Los Angeles County, CA, USA","California, USA","United States",34.041459680458,-118.1325042333,land,inland,2026-05-19,,1,,1,2.00,2.41,0.00,,,5,,3,1,2,3,,4,1,1,2,1,2,21,5,5,1,,,,1,,,,,,2,,,,,,3,,2,1,,1,,1,,,10,78
404661,"Los Angeles County, CA, USA","California, USA","United States",34.041439139704,-118.13253856385,land,inland,2026-05-14,,1,,1,1.81,0.00,0.00,2,,,,,,,,,,,,,,,,,,,,,,,,,,,,,,,,,,,,,,,,,,,,,
404662,"Los Angeles County, CA, USA","California, USA","United States",34.041439139704,-118.13253856385,land,inland,2026-05-15,,1,,1,1.81,0.00,0.00,2,,,,,,,,,,,,,,,,,,,,,,,,,,,,,,,,,,,,,,,,,,,,,
404663,"Los Angeles County, CA, USA","California, USA","United States",34.041473344754,-118.13260469913,land,inland,2026-05-16,,1,,1,1.81,0.00,0.00,2,,,,,,,,,,,,,,,,,,,,,,,,,,,,,,,,,,,,,,,,,,,,,
404665,"Los Angeles County, CA, USA","California, USA","United States",34.04147273887,-118.13260445677,land,inland,2026-05-17,,1,,1,1.81,0.00,0.00,2,,,,,,,,,,,,,,,,,,,,,,,,,,,,,,,,,,,,,,,,,,,,,
404666,"Los Angeles County, CA, USA","California, USA","United States",34.174374859362,-118.13330733264,land,inland,2026-05-19,,1,,1,0.91,0.00,0.00,1,,,,,,,,,,,,,,,,,,,,,,,,,,,,,,,,,,,,,,,,,,,,,
404667,"Los Angeles County, CA, USA","California, USA","United States",34.174375628977,-118.13329915706,land,inland,2026-05-19,,1,,1,0.92,0.00,0.00,,3,1,2,7,5,,2,1,2,1,1,3,1,1,2,1,1,1,,,,,,,,,,,,,,,1,,,,,,,,,,,,36
404668,"Los Angeles County, CA, USA","California, USA","United States",34.123089846461,-118.02248906334,land,inland,2026-05-19,"Eriks cleaning job",1,,1,3.99,6.92,0.00,,2,,,,,,,,,,,,,,,,,,,,,,,,,,,,,,,,,,,,,,,,,,,,2
404671,"Southeastern Connecticut Planning Region, CT, USA","Connecticut, USA","United States",41.315742504455,-72.090758489074,land,saltwater,2026-05-19,"Save the Sound",1,,1,0.04,0.72,0.00,,,,,1,,,,,2,,,,,,1,,,,,,,,,,,,,,,,,,,,,,,,,,,,,,4
404672,"Greater Bridgeport Planning Region, CT, USA","Connecticut, USA","United States",41.248989533331,-73.201798814703,land,inland,2026-05-19,"Trumbull cleanup",1,,1,0.43,0.09,0.00,,,1,,1,,,,,,,,,,,2,,,,,,,,,,,,,,,,,,,,,1,5,,,,,,,11,21
404674,"Erie County, NY, USA","New York, USA","United States",42.989519463721,-78.830733704242,land,inland,2026-05-19,"helena and jaxon",2,,2,2.63,4.02,0.00,,5,4,10,5,2,4,2,2,5,,2,,,,3,,1,2,,,,,,,,,,,,,,,,,,,,,,,,,,,47
404675,"Pinellas County, FL, USA","Florida, USA","United States",27.685088676451,-82.737947322477,land,saltwater,2026-05-19,,1,,1,9.85,3.08,0.00,,,5,,3,2,6,7,26,29,1,2,3,,2,17,6,24,4,5,,,,,,,7,33,,,,,1,1,1,8,18,48,,2,,,,1,,262
404676,"Palm Beach County, FL, USA","Florida, USA","United States",26.669588126242,-80.036932267249,land,saltwater,2026-05-18,KPBCB,2,,2,22.23,2.57,0.00,,6,5,3,14,10,14,,96,7,18,6,11,10,13,12,1,7,22,3,,,3,,2,4,11,3,4,7,,,4,4,,5,11,4,1,,,,1,1,217,540
404677,"Palm Beach County, FL, USA","Florida, USA","United States",26.768133910373,-80.03892489709,land,saltwater,2026-05-19,KPBCB,2,,2,44.91,0.00,0.00,,9,8,9,13,7,8,,86,8,8,,12,6,9,13,13,7,19,4,,,3,,5,,6,7,2,,,2,7,,,5,8,5,,,,,1,,211,501
404678,"Orange County, FL, USA","Florida, USA","United States",28.600670074856,-81.354273193578,land,inland,2026-05-19,kwpb,1,,1,10.82,0.00,0.00,,,1,1,,,2,,1,,,,,,,,,1,,,,,1,1,,,,,,,1,,1,,,,1,,,,,1,,,,12
404680,"Palm Beach County, FL, USA","Florida, USA","United States",26.749224043451,-80.037107532844,land,saltwater,2026-05-19,KPBCB,2,,2,8.62,0.00,0.00,,4,18,5,15,11,13,,111,9,12,,16,8,8,15,11,8,12,3,,,,,,,,,3,3,,,5,,7,4,5,8,,,,,,,189,503
404681,"Harrison County, MS, USA","Mississippi, USA","United States",30.367009415724,-89.084827851964,land,saltwater,2026-05-19,"Danielle Frank",20,4,24,22.86,1.21,0.00,10,14,22,5,25,18,3,8,113,129,7,18,6,9,15,107,32,46,2,7,,,1,,,32,2,9,5,5,1,1,2,2,95,3,168,110,1,,1,3,,3,314,1344
404682,"Currituck County, NC, USA","North Carolina, USA","United States",36.3802879,-75.8307777,land,saltwater,2026-05-19,NEST,2,,2,1.84,0.00,0.00,,4,1,,2,,1,,,,,,,,,,,,,,3,,,,,1,,,3,,,,,,,,,,,,,,,,,15
404683,"Harrison County, MS, USA","Mississippi, USA","United States",30.391449297087,-88.867188694019,land,saltwater,2026-04-22,"Lydia Cabellero",12,,12,9.98,0.80,0.00,8,8,,12,5,3,,,19,257,,,27,,2,12,1,4,6,5,2,,,,,5,,,,3,,,1,,17,1,1,114,,,1,13,,,137,656
404684,"Jackson County, MS, USA","Mississippi, USA","United States",30.409587976378,-88.83955029866,land,saltwater,2026-05-19,"Jacob Nickerson",15,,15,15.86,1.61,0.00,7,5,13,17,3,24,2,15,59,449,,,5,7,7,113,14,24,9,14,,,2,,,17,,15,5,12,5,,,2,13,14,84,143,,5,2,9,,4,255,1367
404685,"Colleton County, SC, USA","South Carolina, USA","United States",32.504873025969,-80.294809904887,land,saltwater,2026-05-19,"EBSP Turtle Patrol",4,,4,0.73,0.04,0.00,,,,1,,,,,1,,,,,,,2,,,,,,,,,,,,,1,1,,,1,,,,2,,,,,,,,,9
404686,"Indian River County, FL, USA","Florida, USA","United States",27.652562222696,-80.354808470592,land,saltwater,2026-05-03,"Coastal Connections, Inc.",4,,4,3.72,0.80,0.00,,,,,,,,,,,,,,,,,,,,,,,,,,,,,,,,,,,,,,,,,,,,,,
404687,"Indian River County, FL, USA","Florida, USA","United States",27.652562222696,-80.354808470592,land,saltwater,2026-05-04,"Coastal Connections, Inc.",4,,4,1.08,0.80,0.00,,,,,,,,,,,,,,,,,,,,,,,,,,,,,,,,,,,,,,,,,,,,,,
404688,"Indian River County, FL, USA","Florida, USA","United States",27.652427963789,-80.354797780951,land,saltwater,2026-05-05,"Coastal Connections, Inc.",4,,4,1.11,0.80,0.00,,,,,,,,,,,,,,,,,,,,,,,,,,,,,,,,,,,,,,,,,,,,,,
404689,"Indian River County, FL, USA","Florida, USA","United States",27.677589260581,-80.3624328228,land,saltwater,2026-04-29,"Coastal Connections, Inc.",8,,8,12.78,1.21,0.00,,,18,,1,,,,12,4,1,,6,,,15,,7,1,8,,,12,,,,,,,3,,,,,,3,174,8,,,,,,,33,306
404690,"Indian River County, FL, USA","Florida, USA","United States",27.652427963789,-80.354797780951,land,saltwater,2026-05-06,"Coastal Connections, Inc.",4,,4,2.04,0.80,0.00,,1,,,,1,,,2,2,,,,,,5,,,1,2,,,,,,,,,1,2,,,,,1,1,13,4,,,,1,,,3,40
404691,"Indian River County, FL, USA","Florida, USA","United States",27.561748293018,-80.331338395075,land,saltwater,2026-05-05,"Coastal Connections, Inc.",13,,13,1.13,1.21,0.00,,,,,,,,,,,,,,,,,,,,,,,,,,,,,,,,,,,,,,,,,,,,,,
404692,"Okaloosa County, FL, USA","Florida, USA","United States",30.399210079159,-86.603499138793,land,saltwater,2026-05-19,AOI,1,,1,0.91,0.00,0.00,1,,,,,,,,,,,,,,,,,,,,,,,,,,,,,,,,,,,,,,,,,,,,,
404693,"Indian River County, FL, USA","Florida, USA","United States",27.653420140297,-80.355025697542,land,saltwater,2026-05-06,"Coastal Connections, Inc.",16,,16,22.04,1.21,0.00,,8,8,22,14,20,,11,37,743,8,3,34,2,7,111,10,73,4,3,,,14,,,,4,2,1,9,,1,,1,55,2,102,223,,,,9,,1,29,1571
404694,"St. Lucie County, FL, USA","Florida, USA","United States",27.497246342929,-80.299629403261,land,saltwater,2026-04-25,"Coastal Connections, Inc.",20,,20,34.34,1.61,0.00,,5,17,17,9,13,2,7,59,49,3,1,6,4,2,58,4,34,8,53,,,12,,,,4,5,,6,,1,,1,9,2,333,60,,,,,,,306,1090
404695,"Indian River County, FL, USA","Florida, USA","United States",27.652161868808,-80.354776323279,land,saltwater,2026-05-07,"Coastal Connections, Inc.",4,,4,1.24,0.80,0.00,,,3,,1,,,,1,1,,,2,,,,,,,1,,,,,,,,,1,,,,,,,1,15,1,,,,,,,1,28
404696,"Chesterfield County, VA, USA","Virginia, USA","United States",37.468988894342,-77.480767154397,land,freshwater,2026-05-09,"CVM & Branch's Church Neighborhood Cleanup",15,2,17,34.02,3.22,0.00,10,6,23,8,45,28,,6,25,68,20,4,12,7,3,42,3,18,,5,,,1,,,2,1,1,3,1,,,,6,15,,122,131,,,,22,,,9,637
404697,"Indian River County, FL, USA","Florida, USA","United States",27.652161868808,-80.354776323279,land,saltwater,2026-05-08,"Coastal Connections, Inc.",4,,4,1.34,0.80,0.00,,,,,,1,,,,,,,19,,,2,1,,,4,,,4,,,1,,,,3,,,,,,2,21,3,,,,1,,,14,76
404698,"Indian River County, FL, USA","Florida, USA","United States",27.652161868808,-80.354776323279,land,saltwater,2026-05-09,"Coastal Connections, Inc.",4,,4,3.39,1.21,0.00,,,9,,4,,,,5,1,,1,25,,,12,,3,2,8,,,4,,,,,3,1,,,,,,2,4,45,2,,,,,,,7,138
404699,"Indian River County, FL, USA","Florida, USA","United States",27.71723181089,-80.375774721149,land,saltwater,2026-04-22,"Coastal Connections, Inc.",1,,1,268.89,3.22,0.00,,4,33,2,12,,,,261,11,1,1,12,4,2,20,15,15,24,68,,,44,,,,9,6,14,10,,5,,,9,18,644,22,,,,,,1,462,1729
404700,"Indian River County, FL, USA","Florida, USA","United States",27.654005513591,-80.355269849738,land,saltwater,2026-05-17,"Coastal Connections, Inc.",4,,4,2.49,1.21,0.00,,,2,1,2,1,,3,5,5,,,2,,,2,,4,,2,,,2,,,,2,,2,1,,,,,2,1,9,3,,,,,,,5,56
404701,"Indian River County, FL, USA","Florida, USA","United States",27.654005513591,-80.355269849738,land,saltwater,2026-05-18,"Coastal Connections, Inc.",4,,4,1.92,0.80,0.00,,,,,,,,,,,,,,,,,,,,,,,,,,,,,,,,,,,,,,,,,,,,,,
404702,"Indian River County, FL, USA","Florida, USA","United States",27.650395490784,-80.354104701797,land,saltwater,2026-05-10,"Coastal Connections, Inc.",4,,4,3.17,1.21,0.00,,1,3,,1,3,,4,11,7,,1,9,,2,8,4,11,2,2,,,,,,,1,1,4,5,,,,,,5,33,7,,,,,,,3,128
404703,"Indian River County, FL, USA","Florida, USA","United States",27.650395490784,-80.354104701797,land,saltwater,2026-05-11,"Coastal Connections, Inc.",4,,4,5.94,1.21,0.00,,,,,3,4,1,,12,,,,12,,,8,3,11,10,2,,,,,,,1,,,5,,,,,,8,33,29,,,,,,,15,157
404705,"Newport County, RI, USA","Rhode Island, USA","United States",41.50445456,-71.3277486,land,saltwater,2026-05-19,"Navy CWO/LDO School",2,,2,1.74,0.00,0.00,,1,,2,3,3,3,,,,,,,,,,,,,,,,,,,,,3,,,2,,2,,,,,11,,,,,,,10,40
404706,"Fairfax County, VA, USA","Virginia, USA","United States",38.885185885127,-77.272072397798,land,inland,2026-05-19,RBH,1,,1,0.32,3.54,0.00,,,1,,2,3,,1,2,6,,,2,,,8,1,,,,,,,,,1,,,,1,,,,,,,3,17,,,,,,,3,51
404707,"Jefferson County, WV, USA","West Virginia, USA","United States",39.3289082,-77.7542547,land,inland,2026-05-17,"bolivar and harpers ferry town and trail alliance",5,,5,4.54,0.00,0.00,5,,,,,,,,,,,,,,,,,,,,,,,,,,,,,,,,,,,,,,,,,,,,,
404708,"Brunswick County, NC, USA","North Carolina, USA","United States",33.912912901808,-78.145213747023,land,saltwater,2026-05-19,"Oak Island Beach Service Unit",1,,1,0.18,3.59,0.00,,3,,,5,3,,,,,,,,,,,,,,,,,,,,,,,,,,,,,,,,,,,,,,,,11
404709,"Indian River County, FL, USA","Florida, USA","United States",27.650395490784,-80.354104701797,land,saltwater,2026-05-12,"Coastal Connections, Inc.",4,,4,1.34,1.21,0.00,,,3,,,,,1,5,2,1,,12,,,10,,2,,5,,,,,,,,,,3,,,,,2,4,31,4,,,,,,,10,95
404710,"Indian River County, FL, USA","Florida, USA","United States",27.650395490784,-80.354104701797,land,saltwater,2026-05-13,"Coastal Connections, Inc.",4,,4,2.10,1.21,0.00,,,1,1,,2,,,9,9,,,4,,,1,,1,1,1,,,2,,,,,,2,1,,,,,1,5,5,3,,,,,,,1,50
404711,"Palm Beach County, FL, USA","Florida, USA","United States",26.5046094,-80.0522789,land,saltwater,2026-05-19,"Sea Turtle Adventures",8,,8,8.70,0.00,0.00,,4,6,,5,1,2,6,52,13,3,5,2,1,1,12,5,3,22,3,2,,3,,1,2,2,1,1,3,1,,2,,7,1,2,3,,1,,2,,,68,248
404712,"Indian River County, FL, USA","Florida, USA","United States",27.650395490784,-80.354104701797,land,saltwater,2026-05-14,"Coastal Connections, Inc.",4,,4,0.94,1.21,0.00,,,,,,,,,,,,,4,,,5,,5,,,,,,,,,,,,,3,,,,,,5,,,,,,,,,22
404713,"Virginia Beach, VA, USA","Virginia, USA","United States",36.812115419627,-75.991097002843,land,inland,2026-04-30,"CVW & Seatack Party for the planet litter cleanup",1,,1,47.63,1.61,0.00,10,4,10,3,20,3,,8,8,,4,2,6,,,101,9,11,6,7,1,,8,,,4,,12,,2,,,,,,5,40,56,,,,5,,,56,391
404714,"Indian River County, FL, USA","Florida, USA","United States",27.650395490784,-80.354104701797,land,saltwater,2026-05-15,"Coastal Connections, Inc.",1,,1,1.36,1.21,0.00,,,,,2,,,,7,9,1,,1,,,,,,,1,,,,,,,1,,2,1,,,,,1,,10,4,,,,,,,2,42
404715,"King County, WA, USA","Washington, USA","United States",47.294948977997,-122.28326266344,land,freshwater,2026-05-19,"Woodsie’s Warrior",1,,1,0.05,0.00,0.00,,,,,,1,,1,,14,,,,,,2,1,1,,,,,,,,,,1,,,,,,,,,,,,1,,1,,,,23
404716,"Indian River County, FL, USA","Florida, USA","United States",27.650395490784,-80.354104701797,land,saltwater,2026-05-16,"Coastal Connections, Inc.",4,,4,0.79,1.21,0.00,,,,,,,,,3,,,,1,,,,,2,,,,,,,,,,,1,2,,,,,,,1,,,,,,,,,10
404717,"Indian River County, FL, USA","Florida, USA","United States",27.650395490784,-80.354104701797,land,saltwater,2026-05-13,"Coastal Connections, Inc.",109,,109,17.45,3.22,0.00,,4,6,2,5,1,,6,61,39,,,1,,1,,7,20,4,116,,,12,,,,,3,3,5,1,,,2,3,4,214,21,,,,1,1,,110,653
404718,"Yolo County, CA, USA","California, USA","United States",38.558535,-121.72527,land,inland,2026-05-19,"putah creek council",1,,1,0.41,2.34,0.00,,,,1,,,,,,,,,,,,,,,,,,,,,,,,,,,,,,,,,1,2,,,,,,,4,8
404722,"Los Angeles County, CA, USA","California, USA","United States",34.145398898338,-118.11958711018,land,inland,2026-05-19,Amurillo22,1,,1,4.07,0.07,0.00,,8,6,10,15,9,2,,,4,3,6,4,11,7,17,4,,5,,,,,,,,,,,,,,,,,,5,,,,,,,,,116
405796,"Erie County, NY, USA","New York, USA","United States",42.8876175,-78.6614763,land,inland,2026-05-19,,1,,1,19.37,7.40,0.00,,2,6,1,6,6,3,,15,8,,2,,2,,,,,,,,,,,3,5,,8,3,3,,,,5,,3,,,,,,2,,,27,110
405797,"Santa Barbara County, CA, USA","California, USA","United States",34.403821409636,-119.74350164353,land,saltwater,2026-05-18,"Explors Ecology",36,,36,0.91,0.02,0.00,,,,,2,,,2,5,5,,,,,,5,,,,,,,,,,1,,,,1,,,1,,3,1,1,1,,,,,,,10,38
405799,"Lower Connecticut River Valley Planning Region, CT, USA","Connecticut, USA","United States",41.280319473317,-72.303672395209,land,saltwater,2026-05-19,"elena's senior project",2,,2,9.26,1.08,0.00,,2,19,1,1,1,,,2,,,4,13,,10,45,8,1,,3,,,4,,,1,,,,,,,,,,,11,9,,,1,1,,2,172,311
405800,"Santa Barbara County, CA, USA","California, USA","United States",34.40374507544,-119.7436140804,land,saltwater,2026-05-20,"Girl Scouts 5/18/2026",9,,9,0.50,0.00,0.00,,,,,,1,1,,,2,,,3,,,,,2,,,,,,,,,,1,,,,,,,,,1,6,,,,,,,1,18
405808,"Los Angeles County, CA, USA","California, USA","United States",34.053328165142,-118.11400701798,land,inland,2026-05-19,,1,,1,4.90,8.96,0.00,,7,6,4,13,8,,3,2,7,4,4,4,5,3,1,3,5,,,,,1,,1,1,1,1,3,2,1,2,1,1,,3,2,3,1,,,2,,,,105
405814,"New Hanover County, NC, USA","North Carolina, USA","United States",34.194712523617,-77.805717097321,land,saltwater,2026-05-20,"Wrightsville Beach Sea Turtle Project",1,,1,0.29,0.00,0.00,,,,,,4,,1,1,8,,,,,,8,,1,2,,,,,,,,,,,,,,,,,,2,,,,,,,,7,34
405815,"Southeastern Connecticut Planning Region, CT, USA","Connecticut, USA","United States",41.315675752404,-72.090814899965,land,saltwater,2026-05-20,"Save the Sound",1,,1,0.15,0.45,0.00,,,,,,,,,1,,,,,,,3,,,,,,,,,,,,,,,,,,,,,2,,,,,,,,,6
405816,"Palm Beach County, FL, USA","Florida, USA","United States",26.371746048598,-80.092590278454,land,inland,2026-05-20,"Bocasob- Dmoon",1,,1,2.16,0.01,0.00,,4,2,2,13,20,1,4,4,10,2,5,1,,,10,,2,,,,,,,,,,,1,1,1,,,,1,,,10,,,,,,,1,95
405817,"Palm Beach County, FL, USA","Florida, USA","United States",26.693559614941,-80.033912854269,land,saltwater,2026-05-20,KPBCB,3,,3,40.37,0.00,0.00,,4,5,4,19,7,11,4,105,1,13,2,15,8,1,13,11,,14,2,,,,,9,,11,12,5,2,,,8,4,,5,18,4,,,,,1,,211,529
405818,"Erie County, NY, USA","New York, USA","United States",43.026928924431,-78.731760009476,land,inland,2026-05-19,,2,,2,8.71,16.09,0.00,,12,8,22,22,11,13,14,14,5,9,13,1,4,5,3,,18,2,,,,,,,,,,,1,,,,,,9,,,,,,,,,,186
405819,"Virginia Beach, VA, USA","Virginia, USA","United States",36.880117417293,-75.984106810895,land,saltwater,2026-04-11,"CVW & Trail Life Scout Troop Beach Cleanup",1,,1,9.07,1.61,0.00,4,,3,,2,1,,6,14,15,,,,,,2,,35,,2,,,4,,,,,,1,2,,,,,6,,,6,,,,,,,162,261
405820,"Virginia Beach, VA, USA","Virginia, USA","United States",36.852296967113,-75.975469061176,land,saltwater,2026-05-04,"Mid Atlantic & CVW Regional Council for the Ocean Conference Beach Cleanup",25,1,26,61.23,3.22,0.00,9,7,3,,4,,1,14,20,284,1,4,2,9,3,92,7,12,3,4,,,3,,1,3,,4,5,4,,,1,,21,3,34,40,1,,,2,,,88,680
405821,"Greater Bridgeport Planning Region, CT, USA","Connecticut, USA","United States",41.265866766698,-73.204836272213,land,inland,2026-05-20,"Trumbull cleanup",1,,1,0.37,0.08,0.00,,,,,1,,,,,,,,,,,2,1,,,,,,,,,,,,,,,,,,,,,5,,,,,,,,9
405822,"Baltimore, MD, USA","Maryland, USA","United States",39.285141003393,-76.607733994136,land,saltwater,2026-05-20,"National Aquarium Weekly Harbor Wetland Cleanup- May 16",1,,1,36.29,0.40,0.00,4,12,4,,35,14,,6,55,80,11,,30,,11,65,25,60,,2,,,,,,49,1,,,,,,,,161,,45,10800,,,,12,,,800,12278
405823,"Palm Beach County, FL, USA","Florida, USA","United States",26.709585268982,-80.034376205876,land,saltwater,2026-05-20,KPBCB,3,,3,5.44,0.00,0.00,,5,5,4,7,4,9,,212,6,14,5,6,5,5,7,10,,8,2,,,,,6,,12,10,3,,,,3,,,,,3,,,,,,1,180,532
405824,"Erie County, NY, USA","New York, USA","United States",43.024650183333,-78.734266583333,land,inland,2026-05-20,"helena and jaxon",2,,2,2.27,7.24,0.00,,5,3,7,7,5,8,7,3,6,7,3,5,2,,8,1,1,1,,,,,,,,,,,,,,,,,,,,,,,,,,,79
405826,"Fairfax County, VA, USA","Virginia, USA","United States",38.884925201778,-77.273234031163,land,inland,2026-05-20,RBH,1,,1,0.14,2.90,0.00,,,1,,8,1,1,1,9,2,,,,,,21,,1,,,,,,,,,,,,2,,,,,,,3,5,,,,,,,1,56
405827,"Colleton County, SC, USA","South Carolina, USA","United States",32.504747952458,-80.294855597204,land,saltwater,2026-05-20,EBSPTURTLEPATROL,3,,3,1.76,0.03,0.00,,2,,1,2,,,1,1,,,,,,,8,,,,,,,,,,1,,,1,,,,,,,4,4,3,,,,,,,,28
405942,"Indian River County, FL, USA","Florida, USA","United States",27.652446970549,-80.354781687697,land,saltwater,2026-05-19,"Coastal Connections, Inc.",4,,4,1.40,1.21,0.00,,,,,,,,,,,,,,,,,,,,,,,,,,,,,,,,,,,,,,,,,,,,,,
405943,"Indian River County, FL, USA","Florida, USA","United States",27.652446970549,-80.354781687697,land,saltwater,2026-05-20,"Coastal Connections, Inc.",4,,4,2.26,1.21,0.00,,,9,,4,,1,,14,3,,,8,,,,1,4,3,,,,2,,,,1,,1,1,,,,,1,,41,2,,,,,,,4,100
405944,"Yolo County, CA, USA","California, USA","United States",38.558245,-121.72607166667,land,inland,2026-05-20,"putah creek council",1,,1,0.35,0.55,0.00,,,,,,,,,1,,,,,,,,,1,,,,,,,,,,,,,,,,,,,4,2,,,,,,,3,11
405945,"Maricopa County, AZ, USA","Arizona, USA","United States",33.334500845522,-111.96359457448,land,inland,2026-05-19,,1,,1,0.36,16.09,0.00,,1,2,,9,6,,,,1,4,,,,,,,,,,,,,,,,,,,,,,,,,,,,,,,,,,,23
405946,"Maricopa County, AZ, USA","Arizona, USA","United States",33.407617150806,-111.90665773116,land,inland,2026-05-20,,1,,1,6.80,0.00,0.00,1,,,,,,,,,,,,,,,,,,,,,,,,,,,,,,,,,,,,,,,,,,,,,
405947,"Maricopa County, AZ, USA","Arizona, USA","United States",33.521587061696,-112.11180791259,land,inland,2026-05-20,,1,,1,0.24,0.43,0.00,,5,2,,3,1,,,,,6,,,,,5,1,,,,,,,,,,,,,,,,,,,,,,,,,,,,3,26
405949,"Maricopa County, AZ, USA","Arizona, USA","United States",33.522526002489,-112.11160892621,land,inland,2026-05-20,,1,,1,3.96,0.76,0.00,,11,3,1,44,12,,,,,9,4,4,2,3,11,,,,,,,,,,,,,,1,1,,,,3,8,,,,,,,,,3,120
405950,"King County, WA, USA","Washington, USA","United States",47.291870532247,-122.29125569164,land,freshwater,2026-05-20,"Woodsie’s Warrior",1,,1,0.52,1.80,0.00,,,,,4,1,,,,25,,,,,,3,,,1,,,,,,,,,,,1,,,,,2,,,3,,,,,,,,40
406054,"Maricopa County, AZ, USA","Arizona, USA","United States",33.524599350058,-112.1113327425,land,inland,2026-05-20,,1,,1,1.63,1.19,0.00,,,1,,44,9,,,3,,18,2,18,1,3,,,1,,,,,,,,,,,,,,,,,1,,,,,,,1,,,,102
406055,"Maricopa County, AZ, USA","Arizona, USA","United States",33.524379911833,-112.11492539383,land,inland,2026-05-20,,1,,1,1.90,0.74,0.00,,1,1,,38,6,,,,,18,2,14,,1,4,,1,,,,,,,,,2,,,2,,,,,1,,,,,,,1,,,,92
406056,"Chittenden County, VT, USA","Vermont, USA","United States",44.516230246307,-73.268423489463,land,freshwater,2026-05-20,"Clare (Rozalia Project)",1,,1,0.03,0.10,0.00,,3,,,,,1,,,,,,,,,,,,,,,,,,,,,,,,,,,,,,,,,,,,,,,4
406057,"Maricopa County, AZ, USA","Arizona, USA","United States",33.538234988227,-112.11462096311,land,inland,2026-05-20,,1,,1,0.88,1.20,0.00,,2,,,19,9,,,1,,13,1,6,,,1,,,,,,,,,,,1,,,,,,,,,,,,,,,1,,,,54
406058,"Contra Costa County, CA, USA","California, USA","United States",37.939484928991,-122.06532534101,land,freshwater,2026-05-09,TWP-C-GRAYSON,36,13,49,356.52,0.80,0.00,,33,14,6,18,8,,,5,22,,4,4,7,6,83,2,3,2,2,,,5,,,54,,3,1,14,,,,2,1,7,119,13,,,,7,,,40,485
406059,"Broward County, FL, USA","Florida, USA","United States",25.985848064416,-80.117583587501,land,saltwater,2026-05-20,"Little Earth Hero",3,,3,1.87,0.03,0.00,,4,2,4,12,14,,2,3,1,4,,,,,3,,,,,,,,,,,,,,,,,,,,,6,,,,,,,,5,60
406062,"Williamson County, TX, USA","Texas, USA","United States",30.6332618,-97.6779842,land,inland,2026-05-21,,1,,1,0.04,0.00,0.00,,,,,,,,,,,,,,,1,1,,,,,,,,,,,,,,,,,,,,,,,,,,,,,,2
406063,"Broward County, FL, USA","Florida, USA","United States",25.993488983258,-80.127963874293,underwater,inland,2026-05-21,"Little Earth Hero",3,,3,1.13,0.00,0.00,,2,,3,5,4,,,,,,,,3,4,4,,,,,,,,,,,,,,,,,,,,,,,,,,,,,15,40
406064,"Contra Costa County, CA, USA","California, USA","United States",37.8812127,-122.1426706,land,inland,2026-05-21,,1,,1,8.24,0.00,0.00,,3,4,,6,4,,1,1,4,,3,4,2,,14,3,9,8,9,5,,,,,,,,2,,,,,,,3,,,,,,,,,,85
406065,"San Mateo County, CA, USA","California, USA","United States",37.4760761,-122.4489731,land,saltwater,2026-05-19,fedo,1,,1,0.91,0.00,0.00,1,,,,,,,,,,,,,,,,,,,,,,,,,,,,,,,,,,,,,,,,,,,,,
406073,"Palm Beach County, FL, USA","Florida, USA","United States",26.653922265396,-80.037368545309,land,saltwater,2026-05-21,KPBCB,3,,3,31.30,0.00,0.00,,6,5,4,21,13,6,,214,,11,6,10,11,12,9,15,6,9,2,,,,,6,5,11,10,4,4,,4,5,,4,5,9,4,,,,,,3,304,738
406074,"Okaloosa County, FL, USA","Florida, USA","United States",30.39917514489,-86.603542559892,land,inland,2026-05-20,AOI,1,,1,0.91,0.00,0.00,1,,,,,,,,,,,,,,,,,,,,,,,,,,,,,,,,,,,,,,,,,,,,,
406075,"Okaloosa County, FL, USA","Florida, USA","United States",30.39917514489,-86.603542559892,land,inland,2026-05-21,AOI,1,,1,0.91,0.00,0.00,1,,,,,,,,,,,,,,,,,,,,,,,,,,,,,,,,,,,,,,,,,,,,,
406076,"Miami-Dade County, FL, USA","Florida, USA","United States",25.750867375188,-80.145991221145,land,saltwater,2026-05-21,MUVE,5,,5,11.35,0.30,0.00,,,10,2,8,1,,,28,,,,7,2,2,15,1,3,2,8,,,3,,,2,7,2,1,1,,,3,,5,,21,,,,,,,,10,144
406077,"Monroe County, FL, USA","Florida, USA","United States",25.0094032,-80.5162889,land,saltwater,2026-04-25,"Pascal's Way",8,,8,172.82,0.00,0.00,28,,,,,,,,,,,,,,,,,,,,,,,,,,,,,,,,,,,,,,,,,,,,,
406078,"Monroe County, FL, USA","Florida, USA","United States",25.0094032,-80.5162889,land,saltwater,2026-05-01,"Pascal's Way",4,,4,195.73,0.00,0.00,31,,,,,,,,,,,,,,,,,,,,,,,,,,,,,,,,,,,,,,,,,,,,,
406079,"Western Connecticut Planning Region, CT, USA","Connecticut, USA","United States",41.142848654751,-73.391045238079,land,saltwater,2026-05-13,"Manresa Wilds and NRWA",9,,9,102.06,0.00,0.00,15,,,,,,,,,,,,,,,,,,,,,,,,,,,,,,,,,,,,,,,,,,,,,
406080,"Miami-Dade County, FL, USA","Florida, USA","United States",25.750256024564,-80.145100684922,land,saltwater,2026-05-21,muve,4,,4,4.24,0.00,0.00,,,5,1,,2,,1,7,,,,1,,,2,1,4,,6,1,,,,,1,,,,,,,,,2,2,1,,,,,1,,,15,53
406082,"Fairfax County, VA, USA","Virginia, USA","United States",38.884940422176,-77.273792876003,land,inland,2026-05-21,RBH,1,,1,0.68,4.31,0.00,,,,,2,4,1,1,4,14,,,1,,,16,1,1,3,,,,3,,,,,1,,2,,,,,,,18,34,,,,,,,,106
406083,"Colleton County, SC, USA","South Carolina, USA","United States",32.504795836471,-80.29471601504,land,saltwater,2026-05-21,"EBSP Turtle Patrol",6,,6,0.33,0.05,0.00,,,,,2,1,,,,,,,2,,,,,,1,,,,,,,,,,3,,,,,,,,3,1,,,,,,,,13
406088,"Yolo County, CA, USA","California, USA","United States",38.558583333333,-121.72541166667,land,inland,2026-05-21,"putah creek council",1,,1,0.48,0.00,0.00,,,2,,,,,,,,,,,,,,,,,,,,,,,,,,,,,,,,,1,2,2,,,,,,,1,8
406091,"Cuyahoga County, OH, USA","Ohio, USA","United States",41.611098953773,-81.519712752285,land,freshwater,2026-05-21,,4,,4,4.88,0.99,0.00,,2,2,1,4,1,,2,32,5,7,1,10,,,22,4,12,1,,,,,,,3,,1,7,3,,,,,51,,27,18,,,,7,,,460,683
406096,"Honolulu County, HI, USA","Hawaii, USA","United States",21.441879104843,-157.73730433561,land,saltwater,2026-05-21,,1,,1,4.02,0.01,0.00,,,,,1,,2,,2,,,,,,1,2,,,,2,1,,,,,,,,,,,,2,,1,1,33,,,,,,,,19,67
406097,"Colleton County, SC, USA","South Carolina, USA","United States",32.504110235332,-80.295679851261,land,saltwater,2026-05-21,FRESPACE,2,,2,0.64,1.61,0.00,,,,1,,,,,1,4,,,,,,6,,,1,,,,,,,,,,,,,,,,,1,2,,,,,,,,,16
406098,"Monterey County, CA, USA","California, USA","United States",36.626429866041,-121.9168493564,land,saltwater,2026-05-21,"GSS + Ian Cook",1,,1,6.62,0.27,0.00,,1,,4,,6,,4,5,11,,,,,,7,4,4,,11,,,,,,,,,,,,,,,2,,6,2,,1,,,,,12,80
406099,"Southeastern Connecticut Planning Region, CT, USA","Connecticut, USA","United States",41.300931804646,-72.237490907125,land,saltwater,2026-05-21,"elena's senior project rocky neck",2,,2,4.20,0.13,0.00,,,1,2,3,8,2,1,4,6,,,2,1,3,12,,1,2,1,,,,,,,,,2,1,,,,,,,7,35,,,,,,,39,133
406101,"Brevard County, FL, USA","Florida, USA","United States",28.415473273796,-80.701706059323,land,saltwater,2026-05-18,"McCann Clan",1,,1,0.20,0.00,0.00,,,,,,,,108,,,,,,,,,,,,,,,,,,,,,,,,,,,,,,,,,,,,,,108
406102,"San Mateo County, CA, USA","California, USA","United States",37.569577761133,-122.28945152382,land,saltwater,2026-05-22,"Keira Q3 Part 2",1,,1,0.64,1.33,0.00,,,,,,,2,1,1,22,,2,,,,2,1,,,,,,,,,,,,,,,,,,,,,9,,,,1,,,2,43
406103,"Los Angeles County, CA, USA","California, USA","United States",34.133575830149,-118.02735699625,land,inland,2026-05-22,"Anna Zhou",1,,1,0.23,0.19,0.00,,1,,,1,,,1,1,,,1,,1,1,2,,2,1,,,,,,,,,,,,,,,1,,,1,,,,,2,,,,16
406109,"Volusia County, FL, USA","Florida, USA","United States",28.928286367404,-80.823100571002,land,saltwater,2026-05-22,Ranger,1,,1,0.27,1.61,0.00,,,2,1,,,,1,2,,2,,,,,,,,,,,,,,,,,,,,,,,,,,,,,,,,,,4,12
406110,"Sarasota County, FL, USA","Florida, USA","United States",27.0999805,-82.46001,land,saltwater,2026-05-22,kscb,1,,1,0.31,0.00,0.00,,1,,,2,,,,,,,,,,,,,,,,,,,,,,,,1,,,,,,,,,,,,1,,,,,5
406111,"Okaloosa County, FL, USA","Florida, USA","United States",30.399179676474,-86.603525842566,land,inland,2026-05-22,AOI,1,,1,1.59,4.02,0.00,,,,,3,,,,3,53,,,,,,8,6,3,,,,,,,,,,1,2,,,,,,,2,9,7,,,,,,,30,127
406112,"Colleton County, SC, USA","South Carolina, USA","United States",32.504812195895,-80.294900407213,land,saltwater,2026-05-22,"EBSP Turtle Patrol",6,,6,0.62,0.05,0.00,,,,,,,,,,,1,,,,,,,,,1,,,,,,1,,,,,,,,,,,1,1,,,,,,,,5
406113,"Erie County, NY, USA","New York, USA","United States",42.903869392676,-78.492288865772,land,inland,2026-05-22,BNWaldenintermediatefifthgrade,16,,16,37.32,0.39,0.00,,,2,,2,5,,,11,83,,2,,,1,38,,43,1,2,,,10,,,2,28,10,,2,2,1,,1,2,1,83,238,,,,2,,,41,613
406115,"Virginia Beach, VA, USA","Virginia, USA","United States",36.837120460425,-75.979551869734,land,inland,2026-04-22,"CVW Earth Day Shadowlawn Eats",7,,7,0.00,3.22,0.00,2,2,7,2,1,12,2,3,16,253,,3,9,,12,36,10,24,7,1,,1,24,,5,4,1,1,2,1,4,2,,2,16,,61,57,1,,,7,,1,22,612
406117,"Erie County, NY, USA","New York, USA","United States",42.902706082344,-78.497999769365,land,inland,2026-05-22,"BNW Alden Intermediate",33,,33,29.72,0.00,0.00,,,11,,34,4,2,,3,41,1,2,,1,,54,,,,,,,22,,,,1,3,2,,,5,,,11,2,,5,,,,,,,,204
406118,"Erie County, NY, USA","New York, USA","United States",42.904201532153,-78.492340601898,land,inland,2026-05-22,"BNW Alden Intermediate Fifth Grade",20,,20,168.51,3.54,0.00,,4,27,2,35,15,,11,,37,,5,8,,,107,4,6,,,,,110,3,,10,4,22,1,6,2,5,,2,32,4,8,8,,,,6,,1,7,492
406120,"Erie County, NY, USA","New York, USA","United States",42.904148594505,-78.492887903173,land,inland,2026-05-22,"BNW Alden Intermediate Fifth Grade",14,,14,1.41,2.41,0.00,,1,,1,3,3,,1,1,20,1,2,3,2,1,1,1,7,6,,,,,,,2,,3,1,,,,,,,1,5,4,,,,1,,,2,73
406122,"Yolo County, CA, USA","California, USA","United States",38.55861,-121.72562166667,land,inland,2026-05-22,"putah creek council",1,,1,0.97,0.06,0.00,,,1,,1,2,,1,,,,,,,,1,,,,,,,,,,,,,,,,,,,,,7,8,,,,,,,,21
406123,"Contra Costa County, CA, USA","California, USA","United States",37.8812127,-122.1426706,land,inland,2026-05-21,,1,,1,0.95,8.05,0.00,,2,2,1,2,2,,,1,,,2,3,1,,4,,2,2,1,,,,,,,,,,,,,,,,,,,,,,,,,,25
406127,"San Mateo County, CA, USA","California, USA","United States",37.634938049668,-122.49424432957,land,saltwater,2026-05-22,Abilitypath,6,,6,11.34,1.14,0.00,,,,,,,,7,,123,,,,,,19,,2,1,17,,,1,,,,,16,1,,,,,,,,6,28,,,,1,,,23,245
406128,"Volusia County, FL, USA","Florida, USA","United States",28.928186015661,-80.823967512071,land,saltwater,2026-05-22,Ranger,1,,1,0.97,0.03,0.00,,,4,,,,,,8,,,,,,,,,,,2,,,,,,,,2,1,,,,,,,,,,,,,,,,3,20
406129,"Virginia Beach, VA, USA","Virginia, USA","United States",36.746134770791,-75.944153089511,land,saltwater,2026-05-22,Snook,2,,2,2.36,0.16,0.00,,3,2,,1,2,,1,8,17,,,1,,,15,,8,1,,,,,,1,,2,1,2,,,,1,,1,,22,5,1,,,,,,,95
406130,"San Mateo County, CA, USA","California, USA","United States",37.648795157506,-122.48796296702,land,inland,2026-05-22,"Pacific Beach Coalition - Terri Brown",1,,1,11.74,0.81,0.00,,2,2,21,6,3,,1,6,,,1,2,,,12,6,5,,,,,,,,,,1,1,,3,,,,11,,,94,,1,1,5,,,22,206
406131,"San Mateo County, CA, USA","California, USA","United States",37.650031317025,-122.49107653275,land,inland,2026-05-22,"Pacific Beach Coalition - Terri Brown",1,,1,4.42,0.05,0.00,,,,16,,,,,1,292,,1,,,,,1,2,,,,,,,,,,,,,,,,,,,,11,,,,,,,,324
406132,"South Central Connecticut Planning Region, CT, USA","Connecticut, USA","United States",41.250834123913,-72.545329585748,land,saltwater,2026-05-22,"elena's senior project Hammo",2,,2,2.01,0.54,0.00,,,4,,1,1,,1,4,7,,,,,,6,1,,2,,,,,,,1,,,,1,,,,,,,1,25,,,,,,,18,73
406134,"Erie County, NY, USA","New York, USA","United States",43.053866666667,-78.962001666667,land,inland,2026-05-22,BNW_gwGrandIsland,1,,1,2.10,2.09,0.00,,6,17,4,7,6,9,4,9,77,1,2,3,1,,26,3,,2,,,,,,1,2,,,,,,,,1,,,,1,,,,1,,,2,185
406139,"Los Angeles County, CA, USA","California, USA","United States",34.084398388285,-118.10506501413,land,inland,2026-05-23,,2,,2,1.11,0.03,0.00,,,,2,2,,,4,,5,,2,4,4,,10,2,3,3,,,,,,,3,,5,7,,,,,,,,2,,,1,,1,,,18,78
406140,"Los Angeles County, CA, USA","California, USA","United States",34.259412368389,-118.616336527,land,inland,2026-05-23,"Pierce College Oceanography Extra Credit",1,,1,1.35,1.19,0.00,,,,,1,,1,3,11,12,,,,,,14,,2,,,,,,,,7,,2,,,,,,,,2,7,,,,,1,,,,63
406141,"Los Angeles County, CA, USA","California, USA","United States",34.221909865737,-118.57212910429,land,inland,2026-05-23,"Pierce College Oceanography Extra Credit",1,,1,2.93,0.67,0.00,,,4,,4,,,7,6,1,,,,,,22,4,10,2,,,,,,,19,1,2,,1,,,,,,,20,6,,,,1,,,,110
406142,"Miami-Dade County, FL, USA","Florida, USA","United States",25.611071876546,-80.307733005278,land,inland,2026-05-22,"Cami & Debbie",2,,2,3.40,0.00,0.00,1,,,,,,,,,,,,,,,,,,,,,,,,,,,,,,,,,,,,,,,,,,,,,
406143,"Los Angeles County, CA, USA","California, USA","United States",34.07411867171,-118.11653627435,land,inland,2026-05-23,,2,,2,0.91,0.00,0.00,1,,,,,,,,,,,,,,,,,,,,,,,,,,,,,,,,,,,,,,,,,,,,,
406149,"Colleton County, SC, USA","South Carolina, USA","United States",32.504711302137,-80.294939040959,land,saltwater,2026-05-23,"EBSP Turtle Patrol",4,,4,3.44,0.02,0.00,,,1,,1,,1,,,,,,,,1,3,,,,,,,2,,,,,,,1,,,,,1,1,6,3,,,,,,,50,71
406150,"Palm Beach County, FL, USA","Florida, USA","United States",26.512857393209,-80.057306381375,land,saltwater,2026-05-23,Bocasob,1,,1,3.37,2.65,0.00,,3,26,1,8,1,,,22,,1,,,1,2,,2,3,6,1,,,,,,,12,4,2,1,,,,,,2,1,,,,,1,,,6,106
406151,"Brunswick County, NC, USA","North Carolina, USA","United States",33.896791272488,-78.5845106013,land,saltwater,2026-05-23,"East Sunset Beach",1,,1,0.32,4.83,0.00,,1,1,1,,2,1,,,,,,,,,1,,1,1,,,,,,,,,,1,,,,,,,,,,,,,,,,2,12
406152,"Erie County, NY, USA","New York, USA","United States",43.053446666667,-78.997125,land,inland,2026-05-23,BNW_gwGrandIsland,1,,1,1.52,1.31,0.00,,,6,5,2,10,,3,,5,,,3,,,4,,,,,,,,,,,,,,,,,,,,,,,,,,,,,,38
406153,"Charleston County, SC, USA","South Carolina, USA","United States",32.683999336706,-79.885522743842,land,saltwater,2026-05-23,,1,,1,0.68,2.74,0.00,,1,,,,,1,,3,11,,,,,,2,,2,,1,,,,,,,,,,,,,,,1,,3,,,,,,,,21,46
406154,"Okaloosa County, FL, USA","Florida, USA","United States",30.399164980264,-86.603522017581,land,inland,2026-05-23,AOI,1,,1,1.27,3.86,0.00,,,,,,,,1,21,35,,,1,,,2,,6,2,,3,,,,,,4,,1,,,,,,,5,,,,,,,,,,81
406156,"Newport County, RI, USA","Rhode Island, USA","United States",41.50445436,-71.32769684,land,saltwater,2026-05-23,"Navy CWO/LDO School",2,,2,4.69,1.40,0.00,,,3,2,4,4,5,6,13,11,,6,8,,,10,5,24,,,4,,1,,,4,,5,,,,,,,,,,,,,,7,,,46,168
406157,"San Mateo County, CA, USA","California, USA","United States",37.649884172715,-122.49110327102,land,inland,2026-05-23,"Pacific Beach Coalition - Terri Brown",1,,1,6.22,0.44,0.00,,,1,1,6,5,2,2,8,298,,1,,,2,10,4,6,4,,,,,,,,1,4,,1,,,,,8,,,80,,3,,8,,,20,475
406160,"Yolo County, CA, USA","California, USA","United States",38.558438333333,-121.72527,land,inland,2026-05-23,"putah creek council",1,,1,1.22,0.70,0.00,,,2,,,,,,1,1,,,1,,,1,2,,,,,,,,,,,,,,,,,,,,11,9,,,,,,,3,31
406161,"San Mateo County, CA, USA","California, USA","United States",37.482920873968,-122.45209859849,land,saltwater,2026-05-23,"sea hugger",3,,3,2.88,0.09,0.00,,,4,2,,2,,4,2,25,,2,1,,1,4,,4,,2,,,,,,2,,1,,,,,,1,,,2,17,,1,,1,,,4,82
406162,"Capitol Planning Region, CT, USA","Connecticut, USA","United States",41.92174304,-72.40331559,land,freshwater,2026-05-23,CRC,1,,1,10.59,1.46,0.00,,4,23,1,153,48,11,,6,2,5,6,13,,8,45,19,7,5,,,,,,,10,4,,,8,6,,,1,12,1,24,13,,,,2,,,7,444
406164,"San Mateo County, CA, USA","California, USA","United States",37.494974630871,-122.45594805426,land,saltwater,2026-05-23,"Sea hugger",1,,1,3.15,14.86,0.00,,,,2,3,8,,5,2,6,,2,1,,2,34,2,3,3,,,,,,,,,1,,,,,,1,,3,,19,,,,,,,,97
406165,"Palm Beach County, FL, USA","Florida, USA","United States",26.587228564232,-80.050303586858,land,inland,2026-05-23,"Bocasob- Dmoon",1,,1,3.03,1.56,0.00,,2,3,2,21,18,4,7,25,73,6,9,2,,2,29,10,15,2,,,,,,,1,,,,,2,2,,1,7,,,8,,1,1,2,,,,255
406166,"San Mateo County, CA, USA","California, USA","United States",37.53237439387,-122.26632770596,land,saltwater,2026-05-23,fedo,1,,1,0.47,1.09,0.00,,,,,,1,,,2,3,,,,,,13,4,3,,,,,,,,,,1,,1,,,,,,,1,1,,,,,,,7,37
406167,"Pinellas County, FL, USA","Florida, USA","United States",27.684924342117,-82.737902132158,land,saltwater,2026-05-20,,1,,1,5.35,2.79,0.00,,1,1,,4,1,,2,15,32,,1,2,,2,5,4,11,5,2,,,,,,1,3,13,,,,,,,,7,13,22,,2,,,,,1,150
406169,"Los Angeles County, CA, USA","California, USA","United States",34.05259742611,-118.11422149825,land,inland,2026-05-24,,2,,2,2.86,0.57,0.00,,4,3,3,5,1,,4,7,5,,,,2,1,35,4,,6,,,,,,,6,,2,5,,,,,1,,3,,6,,,,5,,,129,237
406170,"Los Angeles County, CA, USA","California, USA","United States",34.094287522874,-118.3189187633,land,saltwater,2026-05-24,,1,,1,0.01,0.00,0.00,,1,,,,,,,,,,,,,,,,,,,,,,,,,,,,,,,,,,,,,,,,,,,,1
406171,"Sitka City and Borough, Sitka, AK, USA","Alaska, USA","United States",57.307556582348,-134.82836543033,watercraft,saltwater,2026-05-24,Hideaway,2,,2,10.21,0.00,0.00,3,,,,,,,,,,,,,,,,,,,,,,,,,,,,,,,,,,,,,,,,,,,,,
406172,"Volusia County, FL, USA","Florida, USA","United States",28.928393644666,-80.823539879806,land,saltwater,2026-05-24,Ranger,1,,1,1.24,0.02,0.00,,,2,,,,,,1,,,,,,,,,,,,,,1,,,,,,1,,,,,,,,,,,,,,,,,5
406173,"Pinellas County, FL, USA","Florida, USA","United States",27.684735548885,-82.737935316416,land,saltwater,2026-05-24,,1,,1,18.01,3.28,0.00,,,11,,15,5,6,3,15,9,1,,4,1,3,36,10,21,3,1,,,,,1,2,8,19,1,3,,,,,1,38,27,74,,2,,,,,,320
406174,"Colleton County, SC, USA","South Carolina, USA","United States",32.504745147565,-80.294902524866,land,saltwater,2026-05-24,"EBSP Turtle Patrol",4,,4,1.87,0.00,0.00,,,1,,,1,,,,6,,,,,,5,,,,,,,,,,1,,,,1,,,,,,6,3,1,,,,,,,,25
406176,"Yolo County, CA, USA","California, USA","United States",38.55875,-121.72553166667,land,inland,2026-05-24,"putah creek council",1,,1,1.10,0.01,0.00,,,3,,1,,,,3,,,,1,,,2,1,,,,,,,,,,,,,,,,,,,,9,8,,,,,,,3,31
406177,"Erie County, NY, USA","New York, USA","United States",43.049596666667,-78.962073333333,land,inland,2026-05-24,BNW_gwGrandIsland,1,,1,4.90,5.15,0.00,,,15,7,7,9,13,,5,21,3,2,5,2,4,35,8,1,2,2,1,,,,2,8,,1,,,,,,,,,3,1,,3,,,,,2,162
406178,"Monroe County, NY, USA","New York, USA","United States",43.181811792811,-77.630058925451,land,inland,2026-05-24,"SPZ 052426",8,,8,139.64,0.79,0.00,,26,72,14,57,38,,70,55,638,3,21,27,13,48,224,56,70,20,3,,1,25,,,16,10,1,,40,3,13,11,2,203,17,168,176,6,3,,2,14,,7,2173
406179,"Yolo County, CA, USA","California, USA","United States",38.560746666667,-121.74674,land,inland,2026-05-24,"putah creek council",1,,1,20.57,1.36,0.00,,,2,2,3,8,8,6,13,24,2,1,12,1,2,18,15,14,9,,,,3,,,,,5,1,2,,1,,2,4,3,125,120,,2,,,,,149,557
406180,"Palm Beach County, FL, USA","Florida, USA","United States",26.587228564232,-80.050303586858,land,inland,2026-05-24,"Bocasob- Dmoon",1,,1,3.78,0.12,0.00,,1,5,3,13,17,5,5,13,36,2,7,3,,,19,8,2,,,,,1,,,,,,,2,,,,,4,,,7,,1,,1,1,,2,158
406182,"Volusia County, FL, USA","Florida, USA","United States",28.928452631217,-80.823553078284,land,saltwater,2026-05-24,Ranger,1,,1,2.30,0.88,0.00,,,,,1,,,,2,,,,4,,,,1,,,1,,,1,,,,1,,1,,,,,,,,8,,,,,,,,,20
406183,"Los Angeles County, CA, USA","California, USA","United States",34.068463315779,-118.44875691147,land,saltwater,2026-05-24,"Pacific Beach Coalition (Isabella Bringas ADPI x Environmental Student Network UCLA)",10,,10,6.33,8.52,0.00,,,,,,,2,3,6,16,,,1,,2,3,2,1,7,,,,,,,29,,,,,,,,4,1,,1,76,,,,,,,11,165
406184,"Los Angeles County, CA, USA","California, USA","United States",34.069057722725,-118.44847669498,land,saltwater,2026-05-24,"Pacific Beach Coalition (Isabella Bringas ADPI x Environmental Student Network UCLA)",10,,10,4.34,0.01,0.00,,5,,1,4,2,2,3,5,17,2,8,,,2,23,,5,,,4,,,,,23,,,,1,,,,,,,,3,,,,,,,32,142
406185,"Los Angeles County, CA, USA","California, USA","United States",34.011055972258,-118.49765592273,land,saltwater,2026-05-24,"Pacific Beach Coalition (Isabella Bringas ADPI x Environmental Student Network UCLA)",10,,10,2.75,0.64,0.00,,,,,1,2,,3,5,8,,1,4,,,5,2,8,12,1,,,1,,,,,4,,,,,,,,,1,,,,3,,,,6,67
406186,"Los Angeles County, CA, USA","California, USA","United States",34.185922001315,-118.29670479377,land,inland,2026-05-24,,1,,1,0.43,0.31,0.00,,1,5,,11,2,,1,4,32,,,,,,3,,,,,,,,,,,,,,,,,,1,,,,,,,,,,,3,63
406188,"Los Angeles County, CA, USA","California, USA","United States",34.0549076,-118.242643,land,saltwater,2026-05-24,"Pacific Beach Coalition (Isabella Bringas ADPI x Environmental Student Network UCLA)",10,,10,4.98,0.00,0.00,,,3,6,4,7,2,13,9,6,5,5,5,6,,7,,3,15,,,,,,,4,,9,,,3,,2,4,,7,9,,,,,,,,35,169
406189,"Los Angeles County, CA, USA","California, USA","United States",34.089647154286,-118.22492321895,land,inland,2026-05-24,,1,,1,5.94,1.28,0.00,,2,2,1,1,,2,,1,1,,4,4,,,37,,,1,,,,1,,,,1,,,2,,,1,2,1,4,20,18,,,,,,,1,107
406190,"Honolulu County, HI, USA","Hawaii, USA","United States",21.269208811871,-157.8160927141,land,saltwater,2026-05-24,"Sofiia Dickinson",1,,1,0.36,2.41,0.00,,1,,,1,1,,,,,,,,,,3,,,,,,,,,,,,,,,,,,,,1,1,,,,,,,,,8
406191,"Los Angeles County, CA, USA","California, USA","United States",34.013673285186,-118.28452007841,land,inland,2026-05-24,jas,1,,1,0.82,0.60,0.00,,5,,2,4,1,1,,,,,,,5,2,,,5,3,,,,,,,,,,,,,,,,,,,,,,,,,,,28
406200,"Los Angeles County, CA, USA","California, USA","United States",34.2354576,-118.5361381,land,inland,2026-05-25,,1,,1,2.00,0.00,0.00,,4,7,3,7,2,4,4,,9,,,2,,,4,1,4,1,,,,,,1,,2,,,,1,,,,,,3,3,1,1,1,1,,,8,74
406202,"Pinellas County, FL, USA","Florida, USA","United States",27.685634666255,-82.737791425702,land,saltwater,2026-05-25,,1,,1,13.00,3.11,0.00,,,8,1,20,13,4,2,34,31,,2,2,,2,11,4,31,4,4,,,2,,,,4,26,,3,,,2,,1,11,15,43,,2,,,,,1,283
406204,"Southeastern Connecticut Planning Region, CT, USA","Connecticut, USA","United States",41.70874420984,-72.241337995325,land,inland,2026-05-15,LEOS2026,3,,3,17.33,0.01,0.00,,1,1,3,7,2,,,8,59,1,2,3,,1,53,3,6,1,,,,11,,10,,2,3,3,1,4,,,2,4,1,2,16,,2,1,12,,,46,271
406205,"Yolo County, CA, USA","California, USA","United States",38.558625,-121.7253,land,inland,2026-05-25,"putah creek council , davis picks it up",1,,1,1.81,0.61,0.00,,,2,,,,,,,,,,,,,,,,,,,,1,,,,,,,,,,,,,1,3,3,,,,,,,4,14
406206,"Erie County, NY, USA","New York, USA","United States",42.8869004,-78.8788896,land,inland,2026-05-23,"urban run series",27,,27,88.45,0.00,0.00,26,,,,,,,,,,,,,,,,,,,,,,,,,,,,,,,,,,,,,,,,,,,,,
406207,"Virginia Beach, VA, USA","Virginia, USA","United States",36.7824946885,-75.957268097574,land,saltwater,2026-05-25,Scherer-Snook,2,,2,2.65,0.04,0.00,,,1,,,,,,4,,,,1,,,16,,,,1,,,,,,,,,,,,,,,2,3,17,5,,,,,,,11,61
406208,"York County, ME, USA","Maine, USA","United States",43.174193782244,-70.608945673496,land,inland,2026-05-25,emma,2,,2,0.32,0.00,0.00,,1,1,,1,,,2,1,1,,,,,,3,,3,,,,,,,1,,,,,,,,,,,1,,,,,,,,,2,17
406211,"Erie County, NY, USA","New York, USA","United States",42.853263333333,-78.810176666667,land,inland,2026-05-25,"BNW Howells-KingstonPl",1,,1,26.78,10.33,0.00,,30,15,15,24,15,12,12,18,109,6,32,34,1,7,76,23,31,11,,,,13,,1,13,1,9,,6,2,1,,3,16,6,3,9,2,,,8,1,,67,632
406212,"Lower Connecticut River Valley Planning Region, CT, USA","Connecticut, USA","United States",41.269370872665,-72.393069491725,land,saltwater,2026-05-25,"elena's senior project old saybrook town beaches",2,,2,0.65,0.68,0.00,,1,1,,1,2,,,1,11,,3,2,,2,6,1,,,,,,,,,,,,1,,,,,,,,,6,,,,,,,8,46
406213,"Colleton County, SC, USA","South Carolina, USA","United States",32.504733293348,-80.294876620248,land,saltwater,2026-05-25,"EBSP Turtle Patrol",4,,4,0.93,0.00,0.00,,1,1,,2,2,,,1,1,,1,1,,,2,,,4,,,,,,,,,,,1,,,,,,,2,8,,,,,,,,27
406214,"Washington County, RI, USA","Rhode Island, USA","United States",41.37342253,-71.53866328,land,saltwater,2026-05-25,"Blackbeard's Association Matunuck",2,,2,4.72,0.75,0.00,,,,2,10,3,,3,5,18,,,,,,,3,18,8,,,,2,,,6,3,3,2,,,,,,,2,2,3,3,,,1,,,25,122
406215,"Maricopa County, AZ, USA","Arizona, USA","United States",33.414101139642,-111.85731782578,land,inland,2026-05-25,,1,,1,0.87,1.41,0.00,,2,,,20,7,,,,,13,,6,1,,,,,,,,,,,,,1,,,,,,,,,,,,,,,1,,,,51
406216,"Pierce County, WA, USA","Washington, USA","United States",47.160721257027,-122.42127529784,land,freshwater,2026-05-25,"Annie Wright Grade 6 2026",53,,53,32.30,0.50,0.00,,,7,,16,2,,11,43,26,,2,1,,2,158,14,13,8,23,27,,1,,,2,2,3,6,5,,,,16,,1,5,5,,,,1,,1,64,465
406217,"Southeastern Connecticut Planning Region, CT, USA","Connecticut, USA","United States",41.323395909892,-72.17816979801,land,saltwater,2026-05-25,"elena's senior projec niantic",2,,2,3.27,0.01,0.00,,,1,,5,1,1,2,5,17,,1,1,,,1,1,,,,,,,,,,,,1,3,,,,,,4,7,21,,,,1,,,22,95
406218,"Maricopa County, AZ, USA","Arizona, USA","United States",33.414453724399,-111.85619909316,land,inland,2026-05-25,,1,,1,21.03,3.16,0.00,,1,1,1,30,9,,,1,,12,1,17,1,2,1,,2,,,,,1,2,,,,,,,,,1,,,,,,,,,1,,,,84
406219,"Maricopa County, AZ, USA","Arizona, USA","United States",33.387542283162,-111.85541538522,land,inland,2026-05-25,,1,,1,1.28,0.93,0.00,,4,,2,12,6,,,,,,3,9,1,3,,,,,,,,,,1,,1,,,,,,,,,,1,,,,,1,,,,44
406220,"Palm Beach County, FL, USA","Florida, USA","United States",26.587209315616,-80.050316549584,land,inland,2026-05-25,"Bocasob- Dmoon",1,,1,3.06,0.73,0.00,,7,2,3,35,16,2,3,2,9,9,6,2,5,,18,12,2,,,,,,,1,6,,,,,,2,,,3,,,5,,,,,,,2,152
406221,"Franklin County, OH, USA","Ohio, USA","United States",39.996477585397,-83.006409475082,land,inland,2026-05-25,,1,,1,8.89,0.05,0.00,,9,5,13,11,18,3,8,5,9,5,6,6,3,4,4,4,11,13,,,,3,,3,,,,,,3,4,,2,4,2,2,2,,8,,4,,,,174
406222,"Maricopa County, AZ, USA","Arizona, USA","United States",33.390008406714,-111.85694541782,land,inland,2026-05-25,,1,,1,2.48,2.01,0.00,,8,1,4,16,17,,,1,,11,12,12,3,1,2,,1,1,,,,,,,,1,,,,,,,1,,1,,,,,,3,,,,96
406223,"Maricopa County, AZ, USA","Arizona, USA","United States",33.393782274798,-111.85457979329,land,inland,2026-05-25,,1,,1,0.15,0.55,0.00,,1,1,,4,1,,,,,,2,1,,,,,,,,,,,,,,,,,,,,,,,,,,,,,,,,,10
406224,"Erie County, NY, USA","New York, USA","United States",43.026493333333,-78.897166666667,land,inland,2026-05-25,BNW_gwGrandIsland,1,,1,1.81,2.57,0.00,,,3,5,11,3,,1,,38,,,,,,8,,1,1,,,,,,,,1,,,,,,,,,,,2,,,,,,,,74
406232,"Ventura County, CA, USA","California, USA","United States",34.14315187,-119.19437592,land,saltwater,2026-05-25,,1,,1,14.59,1.39,0.00,,2,6,1,10,4,3,,8,6,1,,1,,,16,1,9,2,,,,1,1,,4,,,2,1,,,,,2,,25,27,,,,4,,,22,159
406233,"Palm Beach County, FL, USA","Florida, USA","United States",26.734450268559,-80.037229824811,land,saltwater,2026-05-22,KPBCB,1,,1,4.20,0.02,0.00,,5,4,4,11,8,6,,89,1,10,,7,6,6,12,8,,12,3,,,,,,,5,1,,,,,,,,,,,,,,,,,,198
406235,"Los Angeles County, CA, USA","California, USA","United States",33.980064674532,-117.92861646427,land,inland,2026-05-26,,1,,1,0.52,0.19,0.00,,3,,1,6,1,1,2,,,,,,1,1,2,1,2,4,,,,,,,,,,,,,,,,,,,,,,,,,,,25
406238,"San Francisco County, San Francisco, CA, USA","California, USA","United States",37.788049442333,-122.48631508501,land,saltwater,2026-05-26,,1,,1,0.72,0.00,0.00,,6,,1,2,1,,4,12,20,,,,,,15,2,,6,,,,,,,,,,,,,,,,,,,2,,,,,,1,,72
406244,"San Diego County, CA, USA","California, USA","United States",32.691575629456,-117.09757106945,land,inland,2026-04-18,,1,,1,6.80,0.00,0.00,1,,,,,,,,,,,,,,,,,,,,,,,,,,,,,,,,,,,,,,,,,,,,,
406247,"Erie County, NY, USA","New York, USA","United States",42.988080647128,-78.622427681343,land,freshwater,2026-05-26,BNWJenMemorialDay,1,,1,6.08,1.21,0.00,,,2,2,,2,,,,,,,,,,2,4,,1,2,4,,1,,,,2,,,,,,1,,,1,2,6,,,,,,,,32
406248,"Palm Beach County, FL, USA","Florida, USA","United States",26.762696737424,-80.037802057341,land,saltwater,2026-05-26,KPBCB,2,,2,7.35,0.03,0.00,,3,5,3,10,3,10,,196,4,12,,7,10,8,10,13,2,14,1,,,,,,7,9,7,8,4,,,6,3,3,2,5,8,,,,,,,194,567
406249,"Colleton County, SC, USA","South Carolina, USA","United States",32.504805297709,-80.294790670287,land,saltwater,2026-05-26,EBSPTURTLEPATROL,4,,4,3.36,0.05,0.00,,2,11,,4,,2,,5,7,1,,,,,17,1,3,1,2,,,,,,,,,1,1,,,1,1,,3,,14,,,,,,,8,85
406250,"Lucas County, OH, USA","Ohio, USA","United States",41.6308809,-83.585275,land,inland,2026-05-24,"Toledo ZooTeens",10,,10,37.42,0.00,0.00,6,,,,,,,,,,,,,,,,,,,,,,,,,,,,,,,,,,,,,,,,,,,,,
406252,"Southeastern Connecticut Planning Region, CT, USA","Connecticut, USA","United States",41.314212349263,-72.056037616055,land,saltwater,2026-05-26,"ledyard ece marine sci",4,,4,3.35,0.00,0.00,,2,14,2,9,2,6,,2,1,,2,3,,,3,4,1,1,2,2,,,,,1,,,2,1,,,,,,,2,,,,,,,1,15,78
406253,"Southeastern Connecticut Planning Region, CT, USA","Connecticut, USA","United States",41.3141987,-72.05596778,land,saltwater,2026-05-26,"Ledyard ECE Marine",8,,8,97.23,0.00,0.00,,,3,1,38,55,,,8,1,1,,6,1,2,13,2,5,1,59,2,1,4,,,,5,18,7,4,,,2,,,6,8,9,1,,,,,,36,299
406254,"Brunswick County, NC, USA","North Carolina, USA","United States",33.911204843442,-78.128947477638,land,saltwater,2026-05-26,"Oak Island Beach Service Unit",1,,1,11.09,0.00,0.00,,,,,10,5,,,,,9,,5,,,,,,3,,,,,1,,,,,,,,,,,,7,,,,,,,,,,40
406260,"Newport County, RI, USA","Rhode Island, USA","United States",41.454875841801,-71.356543802511,land,saltwater,2026-05-26,"shorelone walk guys",2,,2,1.18,0.12,0.00,,,,,1,1,,,1,,,,1,1,,,,,,2,,,,,,1,,,2,1,,,,,,,,,,,,,,,,11
406262,"New Castle County, DE, USA","Delaware, USA","United States",39.759702186915,-75.549427153141,land,freshwater,2026-05-17,"Brandywine Zoo Litter Getters - May",20,,20,3.63,1.11,0.03,3,,16,8,33,4,1,30,35,508,2,13,21,3,5,299,9,21,12,4,,,3,,,,3,5,3,3,2,1,1,9,11,,107,183,2,2,,3,5,5,,1372
406263,"Maricopa County, AZ, USA","Arizona, USA","United States",33.451971437283,-111.81423135943,land,inland,2026-05-26,,1,,1,1.58,6.57,0.00,,4,1,1,19,14,,,,2,,5,5,,,1,,1,,,,,,,,,2,,,2,,,,,,,,,,,,2,,,,59
406264,"King County, WA, USA","Washington, USA","United States",47.294945731353,-122.28325690981,land,freshwater,2026-05-26,"Woodsie’s Warrior",1,,1,0.95,2.04,0.00,,,,,2,3,,,,6,,3,1,,,3,2,3,,,,,,,,,,1,,,,,,,1,,1,7,,,1,,1,,,35
406266,"Maricopa County, AZ, USA","Arizona, USA","United States",33.452025994468,-111.83932988177,land,inland,2026-05-26,,1,,1,1.08,1.39,0.00,,,3,,14,6,,,,,3,4,9,,,1,,,,1,,,,,,,,,,,,,,,,,,,,,,,,,,41
406267,"Honolulu County, HI, USA","Hawaii, USA","United States",21.444378217626,-157.73695608332,land,saltwater,2026-05-26,,1,,1,5.70,0.87,0.00,,,1,,1,2,,,7,,,,,1,3,1,,1,,4,1,,1,,,,1,,,,,,,,1,3,20,,,,,1,,,27,76
406268,"Volusia County, FL, USA","Florida, USA","United States",29.0274345,-80.9231601,land,saltwater,2026-05-26,"VOL -",2,,2,0.91,0.00,0.00,1,,,,,,,,,,,,,,,,,,,,,,,,,,,,,,,,,,,,,,,,,,,,,
406269,"San Luis Obispo County, CA, USA","California, USA","United States",35.175805190657,-120.71956424234,land,saltwater,2026-05-26,"ECOSLO & SLO County Parks",21,,21,34.47,1.61,0.00,4,6,13,46,48,96,6,26,11,78,2,5,10,5,8,30,10,8,13,5,,,,,2,,2,1,,13,6,1,4,5,11,,20,37,9,,1,,,1,135,674
406270,"Maricopa County, AZ, USA","Arizona, USA","United States",33.447160055269,-111.82889214455,land,inland,2026-05-26,,1,,1,0.76,1.58,0.00,,2,1,,13,8,,,1,,2,3,5,,1,,,6,3,,,,,,,,,,,1,,,,,1,,,,,,,,,,,47
406271,"Erie County, NY, USA","New York, USA","United States",43.049735,-78.961803333333,land,inland,2026-05-26,BNW_gwGrandIsland,1,,1,4.61,1.76,0.00,,,5,16,9,11,3,,,,1,,2,,,4,3,,,,,,,,1,1,,,,,,,,,1,,,5,,,,,,,,62
406272,"Erie County, NY, USA","New York, USA","United States",42.788186401629,-78.851882862701,land,freshwater,2026-05-26,,1,,1,6.14,1.60,0.00,,,7,,12,5,,,5,,,4,12,,8,,3,1,,2,,,2,,,,,,,7,,,,,2,2,2,5,,,,,,,,79
406273,"Maricopa County, AZ, USA","Arizona, USA","United States",33.451950426255,-111.83930361597,land,inland,2026-05-26,,1,,1,4.40,3.38,0.00,,4,2,5,40,24,,,6,,6,4,8,,2,,,13,3,,,,,,,,1,,,2,,1,,,,5,1,,,,,,,,,127
406274,"Rockingham County, VA, USA","Virginia, USA","United States",38.405880904952,-78.703802335992,land,inland,2026-05-27,RBH,2,,2,0.23,2.74,0.00,,,3,,1,,,1,1,67,1,,,,,8,1,3,2,,,,2,,,,,1,1,,,,,,9,3,10,34,,,,,,,1,149
406276,"Virginia Beach, VA, USA","Virginia, USA","United States",36.830599937988,-75.969043872119,land,saltwater,2026-04-27,"Virginia Beach Oceanfront 1st Cleanup",12,1,13,0.00,3.22,0.00,1,8,35,9,13,3,,13,52,882,3,6,7,2,4,94,19,26,9,9,,,2,,,5,3,1,12,16,1,2,1,39,50,7,130,39,,1,1,2,,2,77,1585
406277,"Virginia Beach, VA, USA","Virginia, USA","United States",36.845466309551,-75.973223257359,land,saltwater,2026-04-22,"Virginia Beach Oceanfront 17th Street Cleanup",3,,3,7.26,3.22,0.00,4,6,2,,2,1,,4,23,253,,3,3,,4,17,5,2,1,1,7,,,,,7,,,3,3,,2,2,,3,3,76,54,,,,,,2,85,574
406278,"Virginia Beach, VA, USA","Virginia, USA","United States",36.859689552185,-75.977173531298,land,saltwater,2026-04-22,"Earth Day Cleanup - 31st Street",6,,6,11.34,3.22,0.00,6,1,12,12,16,28,,16,9,61,,,4,,,31,,14,7,,2,,,,,,8,1,,1,,,,,1,4,25,5,,,,,,,1,259
406281,"Maricopa County, AZ, USA","Arizona, USA","United States",33.447219247822,-111.8288920614,land,inland,2026-05-27,,1,,1,2.01,4.31,0.00,,1,2,1,25,11,,1,2,,9,2,10,,1,4,,4,2,,,,,,,,,,,,2,,,,1,3,,,,,,,,,,81
406282,"Maricopa County, AZ, USA","Arizona, USA","United States",33.452020329553,-111.83935936371,land,inland,2026-05-27,,1,,1,1.10,3.20,0.00,,6,2,,18,6,,,3,,5,,5,1,1,,,3,1,,,,,,,,,,,1,,,,,,1,,,,,,,,,,53
406285,"San Diego County, CA, USA","California, USA","United States",32.801594601462,-116.94862331485,land,inland,2026-05-01,"ecological citizen 1",1,,1,4.72,5.47,0.00,,3,,5,3,9,,7,1,35,3,2,2,,,19,,,9,,,,,,,,,,,2,1,,,5,,,32,11,,,,,,,,149
406286,"San Diego County, CA, USA","California, USA","United States",32.801628867984,-116.94860537569,land,saltwater,2026-05-27,"ecological citizen 2",1,,1,4.31,4.04,0.00,,6,2,4,,7,2,7,,22,,2,3,,,41,,,11,,,,,,2,,,,,1,,,,,,,25,16,,,,,,,,151
406287,"San Diego County, CA, USA","California, USA","United States",32.801596499727,-116.94862500081,land,inland,2026-05-27,"ecological citizen 3",1,,1,2.31,2.09,0.00,,5,,,,,,,,6,48,36,7,,,,,,39,,,,,,,,,,,,,,,36,,,,,,,,,,,,177
406297,"Sarasota County, FL, USA","Florida, USA","United States",27.0954467,-82.1405461,land,saltwater,2026-05-27,,1,,1,0.05,0.00,0.00,,2,,,,,2,,,1,,,,,,2,,,,,,,,,,,,1,,,,,,,,,,,,,,,,,,8
406298,"Pinellas County, FL, USA","Florida, USA","United States",27.685073465135,-82.737855892705,land,saltwater,2026-05-27,,1,,1,13.42,2.82,0.00,,,3,,6,5,3,8,38,46,,,2,,,12,4,24,7,2,,,1,,,,11,43,,1,,1,3,1,,16,47,37,,1,,,,,,322
406299,"Greater Bridgeport Planning Region, CT, USA","Connecticut, USA","United States",41.255007167234,-73.207947206553,land,inland,2026-05-27,"Trumbull cleanup",1,,1,0.63,3.22,0.00,,,,,,,,,1,,,1,,,,5,1,,,,,,,,,,,,,,,,,,,,2,7,,,,,,,13,30
406300,"Baltimore, MD, USA","Maryland, USA","United States",39.285120690494,-76.607684744976,land,saltwater,2026-05-27,,2,,2,18.14,0.40,0.00,2,5,7,1,23,3,,3,65,30,,,12,,2,85,16,27,3,,,,,,,13,3,,,,,,,,72,,7,2,1,,,6,,,325,711
406301,"Indian River County, FL, USA","Florida, USA","United States",27.652474886909,-80.354732335392,land,saltwater,2026-05-21,"Coastal Connections, Inc.",4,,4,1.00,0.80,0.00,,1,,,,,,,1,5,,,,,,2,,,1,2,,,,,,,,,,,,,,,,,16,3,,,,,,,5,36
406302,"Indian River County, FL, USA","Florida, USA","United States",27.652474886909,-80.354732335392,land,saltwater,2026-05-22,"Coastal Connections, Inc.",4,,4,1.41,0.80,0.00,,,,,2,2,,,6,3,,,2,1,1,6,2,2,,1,,,6,,,,2,,1,1,,,,,,1,16,10,,,,,,,3,68
406303,"Indian River County, FL, USA","Florida, USA","United States",27.652474886909,-80.354732335392,land,saltwater,2026-05-23,"Coastal Connections, Inc.",4,,4,3.55,1.21,0.00,,,,,,,,,,,,,,,,,,,,,,,,,,,,,,,,,,,,,,,,,,,,,,
406304,"Indian River County, FL, USA","Florida, USA","United States",27.652474886909,-80.354732335392,land,saltwater,2026-05-24,"Coastal Connections, Inc.",4,,4,2.36,1.21,0.00,,,,,,,,,,,,,,,,,,,,,,,,,,,,,,,,,,,,,,,,,,,,,,
406305,"Indian River County, FL, USA","Florida, USA","United States",27.63386833063,-80.350883666874,land,saltwater,2026-05-23,"Coastal Connections, Inc.",31,,31,9.62,1.61,0.00,,12,12,1,8,8,,2,62,60,,2,4,2,8,70,4,12,6,22,,,11,,,1,1,1,8,10,,,,,3,4,236,91,,,,4,,,358,1023
406306,"Colleton County, SC, USA","South Carolina, USA","United States",32.504722937617,-80.294893564321,land,saltwater,2026-05-27,"Edisto Beach State Park Turtle Patrol",4,,4,3.15,0.00,0.00,,,,,1,,,,,8,,1,,,,3,,2,,1,,,1,,,,,,,1,,1,,,,3,4,5,,,,,,,,31
406309,"Yolo County, CA, USA","California, USA","United States",38.550101666667,-121.69484333333,land,inland,2026-05-25,"putah creek council , davis picks it up",1,,1,0.35,0.10,0.00,,,1,,,,,,,,,,,,,,,,,,,,,,,,3,3,,,,,,,,,,,,,,,,,,7
406312,"Westchester County, NY, USA","New York, USA","United States",41.157396139965,-73.868632095133,land,saltwater,2026-05-27,"Bushwick Inlet Park",20,,20,42.24,0.00,0.00,,6,13,18,43,6,1,15,19,58,,3,2,,12,27,3,8,1,,13,,21,,1,28,,,2,2,2,,,2,12,3,6,7,1,,,1,3,1,10,350
406313,"Volusia County, FL, USA","Florida, USA","United States",28.8182395,-80.7466359,land,inland,2026-05-27,"Canaveral national seashore",1,,1,3.40,0.00,0.00,1,,,,,,,,,,,,,,,,,,,,,,,,,,,,,,,,,,,,,,,,,,,,,
406314,"Santa Barbara County, CA, USA","California, USA","United States",34.40348430424,-119.74344840909,land,inland,2026-05-27,"Adelante, K",60,,60,0.45,0.00,0.00,,,,,1,,,,,7,,1,1,,,20,3,4,,,,,,,,,,,,,,,,,,,,15,,,,,,,51,103
406315,"Southeastern Connecticut Planning Region, CT, USA","Connecticut, USA","United States",41.54798736,-72.07179361,land,freshwater,2026-05-27,Family,3,,3,1.63,0.23,0.00,,,,3,5,4,4,2,4,,,,,,,3,2,5,7,,,,,,,,,,,,,,,,,,,2,,,2,2,,,31,76
406316,"King County, WA, USA","Washington, USA","United States",47.29492192161,-122.28322117601,land,freshwater,2026-05-27,"Woodsie’s Warrior",1,,1,1.84,2.08,0.00,,,,,1,1,,,,8,,3,2,,,4,2,1,,,,,1,,,,,,,,,,,,2,,,7,,,,1,,,,33
406317,"Los Angeles County, CA, USA","California, USA","United States",33.9305304,-118.4356632,land,saltwater,2026-05-27,"Wave Warriors🌊",4,,4,3.72,0.00,0.00,,1,4,3,6,2,4,3,1,10,3,2,5,1,1,11,2,6,8,,,,1,,3,,1,1,,,1,,,,,4,2,1,,3,,2,,,5,97
406318,"Orange County, CA, USA","California, USA","United States",33.6041944,-117.8738554,land,saltwater,2026-05-27,"Wave Warriors🌊",10,,10,2.32,0.00,0.00,,,1,1,2,3,6,1,2,7,4,1,3,,,6,,2,5,,,,1,,2,,,,,,,,,,,2,2,,,1,,,,,8,60
406319,"Rockingham County, VA, USA","Virginia, USA","United States",38.405939812461,-78.703632455284,land,inland,2026-05-27,RBH,1,,1,0.45,4.83,0.00,,4,4,,,,2,2,3,21,1,1,1,,,16,,3,3,,1,,1,,,,,1,,,,,,,4,,7,9,,,,,,1,,85
406324,"Erie County, NY, USA","New York, USA","United States",43.017193721705,-78.68692904023,land,inland,2026-05-22,,1,,1,0.72,0.00,0.00,,1,,,1,2,,4,,6,2,,2,,,2,,,3,,,,,,,,,,,,,,,,,,7,3,,,,,,,,33
406327,"Broward County, FL, USA","Florida, USA","United States",25.985604901959,-80.118255788335,land,saltwater,2026-05-27,"Little Earth Hero",1,,1,1.63,1.70,0.00,,4,3,,1,,4,8,14,4,,4,,,,7,,7,,3,,,,,,,,,,,,,,,,,,,,,,,,,33,92
406328,"Erie County, NY, USA","New York, USA","United States",42.721088238905,-78.742799043762,land,inland,2026-05-27,,1,,1,0.90,0.61,0.00,,1,1,,5,2,2,,1,,,1,2,,,11,,1,1,,,,,,,,,,,,,,,,,1,,5,,,,,,,,34
406329,"Rockingham County, VA, USA","Virginia, USA","United States",38.405844448575,-78.703650864914,land,inland,2026-05-27,RBH,1,,1,0.18,2.45,0.00,,,3,,,,,,,63,,,1,,,13,,,1,,,,,,,,1,1,1,,,,,,1,5,11,10,,,,,,,,111
406330,"Palm Beach County, FL, USA","Florida, USA","United States",26.371773051967,-80.09246037139,land,inland,2026-05-27,"Bocasob- Dmoon",1,,1,3.40,2.85,0.00,,3,4,3,13,2,1,3,16,19,,9,5,1,,39,12,9,6,,,,,,,,,,1,2,6,2,,2,7,,,14,,4,,1,,,6,190
406331,"Los Angeles County, CA, USA","California, USA","United States",34.068596397151,-118.44875851074,land,saltwater,2026-05-24,"Pacific Beach Coalition (Isabella Bringas ADPI x Environmental Student Network UCLA)",10,,10,1.81,0.00,0.00,,,4,,4,2,,2,3,20,,,,,,4,,3,,2,,,,,,16,,2,,,,,,1,,,,,,,,4,,,16,83
406332,"Los Angeles County, CA, USA","California, USA","United States",34.011061134013,-118.49764431329,land,saltwater,2026-05-24,"Pacific Beach Coalition (Isabella Bringas ADPI x Environmental Student Network UCLA)",10,,10,1.26,0.00,0.00,,12,7,2,9,4,3,14,,33,,5,,,,14,4,9,1,,,,,,,,,,,,,,,,,,,,,,,,,,,117
406334,"San Mateo County, CA, USA","California, USA","United States",37.649973146617,-122.49130938202,land,inland,2026-05-28,"Pacific Beach Coalition - Terri Brown",1,,1,19.53,0.24,0.00,,,4,2,1,1,,2,4,325,,3,,,2,12,5,4,5,,,,8,,,,,,,,,1,,,7,,,139,,5,,1,,,14,545
406347,"Greater Bridgeport Planning Region, CT, USA","Connecticut, USA","United States",41.248916428601,-73.201539173724,land,inland,2026-05-28,"Trumbull cleanup",1,,1,0.55,0.71,0.00,,,1,,,,,,,,,,,,,1,,,,,,,,,,,,,,,,1,,,,,3,5,,,,,,,5,16
406349,"Colleton County, SC, USA","South Carolina, USA","United States",32.504734883139,-80.294886775433,land,saltwater,2026-05-28,"EBSP Turtle Patrol",6,,6,0.92,0.00,0.00,,2,1,,2,,2,1,1,,,,1,,1,6,1,1,,,,,,,,1,,,,1,,,,,,,5,4,,,,,,,,30
406351,"Miami-Dade County, FL, USA","Florida, USA","United States",25.75080198,-80.14602865,land,saltwater,2026-05-28,MUVE,1,,1,4.45,0.18,0.00,,4,15,2,6,,,,16,,,2,1,,,11,2,2,1,3,,,,,,2,2,1,1,1,,,1,,3,2,17,,,,,,,,29,124
406352,"Miami-Dade County, FL, USA","Florida, USA","United States",25.750845429648,-80.145995446335,land,saltwater,2026-05-28,MUVE,5,,5,10.41,0.38,0.00,,1,8,2,17,1,,,30,,2,,3,1,,8,3,9,5,4,,,4,,,,2,3,2,2,,,3,,3,,24,,,,,,,,7,144
406356,"Yolo County, CA, USA","California, USA","United States",38.558405,-121.72524833333,land,inland,2026-05-28,"putah creek council , davis picks it up",1,,1,2.61,0.45,0.00,,,2,,1,,,3,,2,,,,,,1,,,,,,,2,,,,,,,,,,,,,,1,1,,,,,,,2,15
406357,"San Mateo County, CA, USA","California, USA","United States",37.485048613838,-122.44863856999,land,saltwater,2026-05-28,"Sea Hugger",1,,1,0.73,0.40,0.00,,,,,,,1,,5,14,,,,,,4,2,,1,,,,,,,,,,,3,,,1,,,,,,,,,,,,30,61
406358,"King County, WA, USA","Washington, USA","United States",47.287924433936,-122.29147247827,land,freshwater,2026-05-28,"Woodsie’s Warrior",1,,1,0.69,0.01,0.00,,,1,,1,2,,,1,15,,,1,,,7,,1,,,,,,,,2,,1,,,,,,,,,,7,,,,,,,,39
406359,"San Mateo County, CA, USA","California, USA","United States",37.466927968033,-122.44372351903,land,saltwater,2026-05-28,"Sea Hugger",3,,3,0.31,2.02,0.00,,,1,,,2,1,,,2,,,,,,,,,,,,,,,,,,1,,,,,1,,,,1,,,,,,,,4,13
406363,"Kings County, Brooklyn, NY, USA","New York, USA","United States",40.696582084545,-73.999103983835,land,saltwater,2026-05-28,,10,1,11,15.31,0.01,0.00,5,8,43,11,43,10,1,1,214,95,,2,34,5,39,245,26,179,5,20,25,,7,,1,119,1,2,,2,,1,1,,13,11,149,66,1,1,,,2,12,240,1635
406364,"Orange County, CA, USA","California, USA","United States",33.716195,-118.01896,land,saltwater,2026-05-28,"Broc A Benson",1,,1,66.00,5.63,0.00,,4,1,10,7,10,1,3,6,1,2,6,7,3,3,,3,5,4,2,3,2,6,1,7,5,6,,4,3,5,5,4,2,2,3,,1,1,1,2,1,5,1,7,155
406365,"Erie County, NY, USA","New York, USA","United States",42.884096838574,-78.89011960484,land,freshwater,2026-05-28,"BNW YELP",15,,15,4.76,0.62,0.00,,,1,1,20,5,,1,4,131,,1,,1,1,28,1,2,2,1,,,2,,1,,,,,2,,,,,9,,4,,,,,,,,69,287
406366,"Rockingham County, VA, USA","Virginia, USA","United States",38.405769400587,-78.703439108864,land,inland,2026-05-28,RBH,2,,2,0.45,4.02,0.00,,,2,,,,1,1,2,80,,,,,,10,,2,,,,,1,,,2,,,,,,,,,4,,11,17,,,,,,,,133
406367,"Erie County, NY, USA","New York, USA","United States",43.049603333333,-78.962015,land,inland,2026-05-28,BNW_gwGrandIsland,1,,1,3.18,6.60,0.00,,2,5,5,17,12,3,2,,15,5,1,,,4,11,3,,,,,,,,,14,3,,,,1,,,1,3,,2,,,,,,,,4,113
406368,"San Francisco County, San Francisco, CA, USA","California, USA","United States",37.739268520388,-122.4909561132,land,saltwater,2026-05-25,"Orange Sonions",4,,4,0.54,0.05,0.00,,,,2,1,,9,,,6,,,,,,,,,,,,,,,,,,,,,,,,,,,,,,,,,,,,18
406369,"Chittenden County, VT, USA","Vermont, USA","United States",44.515576492137,-73.268955594647,land,freshwater,2026-05-25,"Clare (Rozalia Project)",1,,1,0.39,0.01,0.00,,,,,,,,,,,,,,,,3,,,,,,,,,,,,,,,,,,,,,3,3,,,,,,,1,10
406371,"San Mateo County, CA, USA","California, USA","United States",37.484716869713,-122.44907871392,land,saltwater,2026-05-28,"Sea Hugger",2,,2,3.04,0.32,0.00,,,1,,,,,,1,4,,,,,,,,2,,1,,,2,,,,,1,,,,,,,,,,2,,,,,,,12,26
406374,"Colleton County, SC, USA","South Carolina, USA","United States",32.504726062381,-80.294866845592,land,saltwater,2026-05-29,"Edisto Beach State Park Turtle Patrol",4,,4,0.70,0.04,0.00,,,1,,1,,,,,,,,1,,1,1,,,,,,,,,,,,,,2,,,1,,,,2,,,,,,,,,10
406375,"Greater Bridgeport Planning Region, CT, USA","Connecticut, USA","United States",41.259824030113,-73.2052923801,land,inland,2026-05-29,"Trumbull cleanup",1,,1,1.19,0.08,0.00,,,1,,8,2,,,1,2,,2,3,,,5,,1,,,,,,,,1,,,,,,,,2,2,,,11,,,,,,,,41
406381,"Suffolk County, NY, USA","New York, USA","United States",41.282427122811,-72.009705558982,land,saltwater,2026-05-29,"Project Oceanology- TRMS Liscif",5,,5,2.50,0.20,0.00,,,1,,2,1,,,10,,,,,,1,2,1,1,,2,,,1,,,,,1,6,,,,,,2,,2,1,,,,1,,,5,40
406382,"Montgomery County, MD, USA","Maryland, USA","United States",39.057661783333,-77.091749,land,inland,2026-05-29,"MRB TeamMA Park Clean Up",1,,1,5.25,0.09,0.00,,2,3,11,26,83,1,4,5,,,2,3,,,7,6,,,,,,,,,,,,,,,,,1,,,2,6,,,,7,,,7,176
406383,"Yolo County, CA, USA","California, USA","United States",38.558631666667,-121.725205,land,inland,2026-05-29,"putah creek council , davis picks it up",1,,1,1.52,0.04,0.00,,,1,,,,,,1,,,,,,,,,,,,,,1,,,,,,,,,,,,,,3,2,,,,,,,15,23
406384,"Erie County, NY, USA","New York, USA","United States",43.006157960822,-78.861852942722,watercraft,inland,2026-05-28,,1,,1,10.87,0.94,0.00,,5,3,5,1,3,,3,,3,2,3,1,2,,4,1,,,,,,,1,2,,,,,,,,1,,,,,2,,,,,,,2,44
406385,"Mendocino County, CA, USA","California, USA","United States",39.226347,-123.7674293,land,saltwater,2026-05-24,"Noyo center for Marine research Mayo center for Marine research",3,,3,0.91,0.00,0.00,1,,,,,,,,,,,,,,,,,,,,,,,,,,,,,,,,,,,,,,,,,,,,,
406386,"King County, WA, USA","Washington, USA","United States",47.287869342987,-122.29149946714,land,freshwater,2026-05-29,"Woodsie’s Warrior",1,,1,1.02,0.01,0.00,,,,,2,,,,1,8,,1,1,,,4,2,2,,,,,,,,,,,,,1,5,,,5,,1,8,,,,,,,,41
406387,"Southeastern Connecticut Planning Region, CT, USA","Connecticut, USA","United States",41.32264681241,-72.055084966348,land,saltwater,2026-05-29,"Project Oceanology- TRMS BWET",4,,4,3.05,2.25,0.00,,,2,1,3,,,1,5,,,,1,,,4,3,1,,5,,,,,,,,,1,,,,,,3,,6,,,,,,,,2,38
406388,"San Mateo County, CA, USA","California, USA","United States",37.59776916191,-122.50270481113,land,saltwater,2026-05-29,Abilitypath,5,,5,5.54,0.10,0.00,,,,1,2,2,1,,6,21,,1,,,,10,2,1,,,1,,,,,1,,5,,3,,,,1,3,5,1,35,,,2,1,,3,6,114
406389,"Rockingham County, VA, USA","Virginia, USA","United States",38.397289519495,-78.809119747264,land,inland,2026-05-29,RBH,2,,2,0.45,2.90,0.00,,,10,1,2,,,1,11,45,2,,1,,,45,,5,3,10,8,,2,,,,,,4,1,,,,,1,,8,31,,,,,,,1,192
406390,"Virginia Beach, VA, USA","Virginia, USA","United States",36.780830836607,-75.955995774831,land,saltwater,2026-05-29,Scherer-Snook,1,,1,2.34,0.02,0.00,,,,,,,,,4,2,1,1,2,1,1,14,,1,,1,,,,,,3,,,,,,,,,1,1,17,5,,,,,,,5,60
406392,"Charleston County, SC, USA","South Carolina, USA","United States",32.622638498103,-80.344093093583,land,saltwater,2026-05-29,Frespace,1,,1,0.68,1.61,0.00,,2,1,1,,,,1,,1,,,,2,,,,1,,,,,,,,,,,,1,,,1,,,,,,,,,,,,,11
406394,"Orange County, CA, USA","California, USA","United States",33.712743333333,-118.00741833333,land,inland,2026-05-29,"BrocBenson, Kara Castanon",2,,2,65.41,4.99,0.00,,3,4,7,5,4,2,2,5,3,2,4,1,1,,3,,1,3,1,3,1,1,,,2,1,,2,2,1,1,3,1,1,2,,,,1,1,,1,1,9,85
406395,"Erie County, NY, USA","New York, USA","United States",43.0546,-78.987483333333,land,inland,2026-05-29,BNW_gwGrandIsland,1,,1,2.18,3.38,0.00,,,,1,10,7,5,2,2,6,4,3,4,1,,11,1,3,2,,,,,,,21,,1,,1,,,1,1,1,,,1,,,,,,,15,104
406396,"San Mateo County, CA, USA","California, USA","United States",37.590923294564,-122.4972177091,land,saltwater,2026-05-30,,2,,2,0.06,0.01,0.00,,,,,1,,,,1,55,,,,,,1,1,,,,,,,,,,,,,,,,,,1,,,,,1,,,,,1,62
406402,"Volusia County, FL, USA","Florida, USA","United States",28.927919519968,-80.823948265984,land,saltwater,2026-05-30,Ranger,1,,1,1.27,3.22,0.00,,,4,,,,,,1,,,,,,,,,,,,,,1,,,,,,,,,,,,,,,,,,,,,,,6
406403,"Suffolk County, NY, USA","New York, USA","United States",40.96500474607,-73.031691402752,land,saltwater,2026-05-29,,1,,1,1.95,1.29,0.00,,1,3,,1,,,1,10,4,,,,,,5,3,8,1,10,,,,,,2,,2,5,2,,,,,2,2,3,7,,,,2,,,27,101
406405,"Greater Bridgeport Planning Region, CT, USA","Connecticut, USA","United States",41.248107282424,-73.201136599691,land,inland,2026-05-30,"Trumbull cleanup",1,,1,0.57,1.96,0.00,,,,,,,,,,,,,,,,,,,,,,,,,,,,,,,,,,,,,,9,,,,,,,8,17
406406,"Colleton County, SC, USA","South Carolina, USA","United States",32.504621679926,-80.295073340758,land,saltwater,2026-05-30,EBSPTURTLEPATROL,2,,2,0.80,0.04,0.00,,,,,,1,,,1,3,,,1,,,5,,,,,,,,,,,,,1,,,,,,,,7,5,,,,,,,,24
406410,"Yolo County, CA, USA","California, USA","United States",38.558515,-121.72527666667,land,inland,2026-05-30,"putah creek council , davis picks it up",1,,1,1.47,0.01,0.00,,,8,,,,2,,,,,,2,,,4,,,1,,,,,,,,,,,,,,,,,,11,11,,,,,,,13,52
406411,"San Mateo County, CA, USA","California, USA","United States",37.504719930291,-122.48207200396,land,saltwater,2026-05-30,PBC,1,,1,1.99,1.31,0.00,,,,2,2,,6,3,,52,1,1,1,,,16,4,2,2,,,,,,,,2,1,,,,2,,,,,3,11,,1,,1,,,8,121
406412,"Dale County, AL, USA","Alabama, USA","United States",31.30107861,-85.71618776,land,inland,2026-05-30,Daleville,9,,9,3.40,0.00,0.00,1,,,,,,,,,,,,,,,,,,,,,,,,,,,,,,,,,,,,,,,,,,,,,
406413,"Rockbridge County, VA, USA","Virginia, USA","United States",37.929746559798,-79.450485996122,land,inland,2026-05-30,RBH,1,,1,0.05,0.48,0.00,,,,,,,,1,1,23,,,,,,2,,,,,,,,,,,,,,,,,,,,,2,2,,,,,,,,31
406414,"King County, WA, USA","Washington, USA","United States",47.287871539816,-122.29156528239,land,freshwater,2026-05-30,"Woodsie’s Warrior",1,,1,1.51,0.02,0.00,,,,,1,4,,,,7,,1,1,,,4,1,,,2,,,,,,,,,,,,,,,,,,7,,2,,,,,,30
406415,"Palm Beach County, FL, USA","Florida, USA","United States",26.5046094,-80.0522789,land,saltwater,2026-05-30,"Sea Turtle Adventures",20,,20,17.78,0.00,0.00,,8,3020,2,6,,,9,150,25,9,3,2,5,1,1,9,9,9,7,3,,3,,,2,6,2,2,1,,,3,,2,1,12,5,,,,2,1,2,3094,6416
406416,"St. Johns County, FL, USA","Florida, USA","United States",29.691753469796,-81.227758048633,watercraft,saltwater,2026-03-22,"Matanzas River Keeper",8,,8,26.08,0.40,0.00,,22,3,12,10,40,15,,80,,,,,,2,,,1,2,4,,,16,,,2,,2,,3,,,1,,3,5,35,10,,,,,,,1250,1518
406417,"St. Johns County, FL, USA","Florida, USA","United States",29.846531697457,-81.309799757611,watercraft,saltwater,2026-03-31,"Matanzas Riverkeeper",8,,8,63.32,0.40,0.00,,6,9,8,45,15,,1,15,,25,,12,20,5,16,1,10,2,10,,,18,,,31,4,,,1,,,11,2,5,10,13,,,,,1,,,35,331
406418,"Palm Beach County, FL, USA","Florida, USA","United States",26.762921414338,-80.037726704031,land,saltwater,2026-05-26,KPBCB,2,,2,6.43,0.17,0.00,,8,6,,8,6,5,,7,,,9,15,10,11,12,16,9,11,2,,,,,,,7,7,21,3,,,8,6,2,,9,,,,,,,,,198
406419,"Flagler County, FL, USA","Florida, USA","United States",29.646753164632,-81.216289462473,watercraft,saltwater,2026-04-02,"Matanzas Riverkeeper",9,,9,69.85,0.40,0.00,,35,30,13,34,78,2,,15,,5,3,5,1,11,6,3,,1,25,5,5,28,1,,20,10,,3,6,,1,6,1,2,8,20,11,,,1,,,1,95,491
406420,"Rockingham County, VA, USA","Virginia, USA","United States",38.405654645058,-78.703918593466,land,inland,2026-05-31,RBH,1,,1,0.09,3.22,0.00,,,,,,,,,1,32,,,,,,11,,,,,,,,,,,,,,,,,,,3,2,2,4,,,,,,,,55
406421,"San Mateo County, CA, USA","California, USA","United States",37.446498218375,-122.44457543785,land,saltwater,2026-05-30,fedo,1,,1,0.91,0.00,0.00,,1,11,,,,,,,,,,,,,27,,1,,2,,,,,,,,1,1,,,,,,,1,,,,,,,,,5,50
406422,"St. Johns County, FL, USA","Florida, USA","United States",29.688537287024,-81.225070070901,watercraft,saltwater,2026-04-10,"Matanzas Riverkeeper",7,,7,84.82,0.40,0.00,,11,,26,31,41,2,,10,,1,,7,10,1,10,,,,37,6,,19,1,1,2,,,,7,,,5,,4,5,21,5,,,,,,,75,338
406423,"Williamson County, TX, USA","Texas, USA","United States",30.6332618,-97.6779842,land,inland,2026-05-31,,1,,1,0.18,0.00,0.00,,,,,1,1,,,2,,,,,,,,,,,,,,,,,,,,,,,,,,1,,,2,,,,,,,,7
406424,"Flagler County, FL, USA","Florida, USA","United States",29.581727928028,-81.193565727801,watercraft,saltwater,2026-04-16,"Matanzas Riverkeeper",9,,9,94.35,0.40,0.00,,27,6,2,35,12,,3,38,,3,,7,1,3,,6,,,15,2,,92,,,9,3,3,,7,,,8,1,,7,9,38,,,,,,,306,643
406425,"St. Johns County, FL, USA","Florida, USA","United States",29.675372119036,-81.22279855838,watercraft,saltwater,2026-05-06,"Matanzas Riverkeeper",4,,4,95.07,0.40,0.00,,5,,,,5,,,3,,1,,,,1,1,,,,3,,,1,,,1,,,,,,,2,,1,,,,,,,,,,8,32
406426,"Los Angeles County, CA, USA","California, USA","United States",34.152771287226,-118.65117474095,land,saltwater,2026-05-30,Chávez,4,,4,0.67,16.09,0.00,,2,1,,3,1,1,,1,2,6,4,2,1,,2,1,1,4,,,,,,1,,2,,,,,1,,1,,,,1,,,,,,,9,47
406428,"Pinellas County, FL, USA","Florida, USA","United States",27.685393224847,-82.737928890862,land,saltwater,2026-05-31,,1,,1,10.74,2.68,0.00,,,7,,11,2,4,3,14,30,1,,1,,,18,3,9,4,2,,,,,,1,9,17,,1,,1,3,2,1,11,6,68,,,,,,,2,231
406429,"Volusia County, FL, USA","Florida, USA","United States",28.927905317453,-80.823976933583,land,saltwater,2026-05-31,Ranger,1,,1,2.27,3.22,0.00,,,4,,,,,,3,,,,,,,,,,,,1,,,,,,,1,1,,,,,,,,,,,,,,,,,10
406430,"Colleton County, SC, USA","South Carolina, USA","United States",32.504852636258,-80.294683986166,land,saltwater,2026-05-31,"EBSP Turtle Patrol",4,,4,1.60,0.04,0.00,,,,,2,,1,,,8,,,,,1,2,1,3,,3,,,,,,,,,,,,,,,,,,2,,,,,,,,23
406431,"Greater Bridgeport Planning Region, CT, USA","Connecticut, USA","United States",41.267748065331,-73.199844863334,land,inland,2026-05-31,"Trumbull cleanup",1,,1,0.88,0.04,0.00,,,1,,1,5,,,1,,,2,2,,,1,2,1,1,,,,,,,,,,,1,,1,,,1,,2,6,,,,,,,,28
406432,"Okaloosa County, FL, USA","Florida, USA","United States",30.399155646273,-86.603520277801,land,inland,2026-05-31,AOI,1,,1,1.27,2.90,0.00,,,,,2,1,,1,3,11,,,,1,,10,1,2,2,,,,,,,,,,,,,1,,,,5,6,1,,1,,,,,18,66
406433,"Sussex County, VA, USA","Virginia, USA","United States",36.786872932166,-77.444596565523,watercraft,inland,2026-05-28,"Blackwater Nottoway Riverguard",1,,1,0.91,0.00,0.00,1,,,,,,,,,,,,,,,,,,,,,,,,,,,,,,,,,,,,,,,,,,,,,
406435,"Los Angeles County, CA, USA","California, USA","United States",34.0380585,-118.6923438,land,inland,2026-05-29,Chávez,2,,2,0.91,0.00,0.00,1,,,,,,,,,,,,,,,,,,,,,,,,,,,,,,,,,,,,,,,,,,,,,
406436,"Yolo County, CA, USA","California, USA","United States",38.558466666667,-121.72549166667,land,inland,2026-05-31,"putah creek council , davis picks it up",1,,1,1.96,0.02,0.00,,,2,,1,,3,,,,,,,,,3,1,,,,,,1,,,,,,,,,,,,,,6,5,,,,,,,2,24
406438,"Harrisonburg, VA, USA","Virginia, USA","United States",38.444661319074,-78.896844596648,land,inland,2026-05-31,RBH,2,,2,0.45,3.41,0.00,,,3,,6,,1,,5,5,,,1,,,11,,,1,,,,,,,,,1,,4,,,,,,,5,13,,,,,,,1,57
406439,"Broward County, FL, USA","Florida, USA","United States",25.993436615512,-80.127809890837,land,inland,2026-05-31,"Little Earth Hero",1,,1,0.14,0.05,0.00,,,,,,,,,2,,,,,,,,,,,,,,,,,,,,31,,,,,,,,,,,,,,,,,33
406440,"Charleston County, SC, USA","South Carolina, USA","United States",32.52360786,-80.31537916,land,saltwater,2026-05-31,Frespace,1,,1,3.49,2.41,0.00,,,,,1,3,1,,3,7,,,,,,14,,2,1,,,,,,,21,,,,,,,,,,2,13,20,,,,,,,,88
406441,"King County, WA, USA","Washington, USA","United States",47.294852378578,-122.28339318469,land,freshwater,2026-05-31,"Woodsie’s Warrior",1,,1,0.56,0.03,0.00,,,,,3,2,,,,8,,3,,,,4,2,,,,,,,,,,,,,,,,,,,,,6,,,,,,,,28
406442,"Santa Barbara County, CA, USA","California, USA","United States",34.961128460823,-120.56878883503,land,saltwater,2026-05-31,manny,1,,1,0.47,0.04,0.00,,,2,,12,8,,,,,,,,,,4,,,,,,,,,,,,,,,,,,,,,,,,,,,,,,26
406443,"Erie County, NY, USA","New York, USA","United States",42.96027907327,-78.953309852947,land,freshwater,2026-05-31,bnw_beaverisland,2,,2,3.36,0.26,0.00,,5,1,,9,6,1,8,9,5,,1,2,,2,24,,,3,,,,,,,2,3,,,2,,,,1,6,2,2,14,,,1,3,,,30,142
406444,"San Luis Obispo County, CA, USA","California, USA","United States",35.1353628388,-120.61008123842,land,saltwater,2026-05-31,manny,1,,1,0.60,1.61,0.00,,,4,,14,10,,,,,,,,,,6,,1,,,,,,,,,,,,,,,,,,,,,,,,,,,,35
406445,"Miami-Dade County, FL, USA","Florida, USA","United States",25.25034404,-80.43642639,land,inland,2026-05-31,"trashy thursday",4,,4,6.80,0.00,0.00,2,,,,,,,,,,,,,,,,,,,,,,,,,,,,,,,,,,,,,,,,,,,,,
406446,"Southeastern Connecticut Planning Region, CT, USA","Connecticut, USA","United States",41.462737572679,-72.1674018105,land,inland,2026-05-31,LEOS2026-Montville,8,,8,54.66,3.06,0.00,,17,38,79,126,186,9,9,15,34,5,10,48,1,5,48,34,41,5,,,,4,,,1,77,2,,9,2,,,4,10,1,132,89,,,,4,,,17,1062
406447,"Alameda County, CA, USA","California, USA","United States",37.860615196127,-122.29487532952,land,saltwater,2026-05-31,,1,,1,8.21,0.54,0.00,,2,1,4,3,8,19,8,10,8,4,8,,,,6,10,8,9,4,3,,,,,13,4,6,,4,1,,2,3,4,,12,4,2,,,3,,1,29,203
406448,"Erie County, NY, USA","New York, USA","United States",43.057365,-78.971368333333,land,inland,2026-05-31,BNW_gwGrandIsland,1,,1,1.45,1.13,0.00,,,7,5,1,5,3,1,1,9,,,,,2,4,1,1,,,,,,,,,,,,,,,,,,,,,,,,,,,,40
406449,"Indian River County, FL, USA","Florida, USA","United States",27.650416158547,-80.354166491478,land,saltwater,2026-05-25,"Coastal Connections, Inc.",4,,4,3.27,1.21,0.00,,,,,,,,,,,,,,,,,,,,,,,,,,,,,,,,,,,,,,,,,,,,,,
406450,"Indian River County, FL, USA","Florida, USA","United States",27.650416158547,-80.354166491478,land,saltwater,2026-05-26,"Coastal Connections, Inc.",4,,4,2.27,1.21,0.00,,,,,,,,,,,,,,,,,,,,,,,,,,,,,,,,,,,,,,,,,,,,,,
406451,"Indian River County, FL, USA","Florida, USA","United States",27.650416158547,-80.354166491478,land,saltwater,2026-05-27,"Coastal Connections, Inc.",4,,4,2.39,1.21,0.00,,2,2,,3,2,1,1,4,2,1,3,2,,1,8,1,8,,1,,,2,,,,2,1,,5,,,,,1,4,29,16,,,,,,,7,109
406452,"Chautauqua County, NY, USA","New York, USA","United States",42.473120219983,-79.332901594418,land,freshwater,2026-06-01,BNW_lonebluejay,1,,1,6.80,0.00,0.00,2,,,,,,,,,,,,,,,,,,,,,,,,,,,,,,,,,,,,,,,,,,,,,
406453,"Indian River County, FL, USA","Florida, USA","United States",27.650416158547,-80.354166491478,land,saltwater,2026-05-28,"Coastal Connections, Inc.",4,,4,1.12,1.21,0.00,,,,,,,,,1,2,,,1,,,,,1,,1,,,,,,,,,,,,,,,,,6,2,,,,,,,,14
406454,"Indian River County, FL, USA","Florida, USA","United States",27.650416158547,-80.354166491478,land,saltwater,2026-05-29,"Coastal Connections, Inc.",4,,4,1.04,1.21,0.00,,,,,,,,,,,,,,,,,,,,,,,,,,,,,,,,,,,,,,,,,,,,,,
406455,"Indian River County, FL, USA","Florida, USA","United States",27.650416158547,-80.354166491478,land,saltwater,2026-05-30,"Coastal Connections, Inc.",4,,4,2.31,1.21,0.00,,,,2,3,1,,2,2,4,,,,,,5,,2,1,,,,,,,,1,,,,,,,,,2,4,4,,,,,,,1,34
406456,"Erie County, NY, USA","New York, USA","United States",42.721480978021,-78.744756899897,land,inland,2026-05-31,,1,,1,2.36,1.55,0.00,,,2,,7,1,,,4,19,,8,,,3,11,,4,,,,,,,1,,,,,,,,,1,,3,16,4,,,,2,,,,86
406458,"Los Angeles County, CA, USA","California, USA","United States",34.454407193534,-118.41309121478,land,inland,2026-05-31,Chávez,4,,4,0.89,0.00,0.00,,1,1,1,1,1,,,6,,,1,1,,,9,,1,,1,,,,,,,,,,,,,,,,,,,,,,,,,8,32
406461,"Rockingham County, VA, USA","Virginia, USA","United States",38.407165396114,-78.705791444892,land,inland,2026-06-01,RBH,2,,2,0.14,2.93,0.00,,,,,1,,2,,,75,,,,,,7,,3,1,,,,,,,,,1,,,,,,,,4,4,33,,,,,,,,131
406462,"Los Angeles County, CA, USA","California, USA","United States",34.083542971025,-118.06923436074,land,inland,2026-06-01,,1,,1,0.48,0.00,0.00,,,3,,,,,4,,,,,,,,5,,4,1,,,,,,,,,,4,1,,,,,10,,1,,,,,1,,,10,44
406463,"Erie County, NY, USA","New York, USA","United States",43.0374773,-78.9333307,land,freshwater,2026-05-10,,1,,1,7.71,0.00,0.00,3,,,,,,,,,,,,,,,,,,,,,,,,,,,,,,,,,,,,,,,,,,,,,
406464,"Erie County, NY, USA","New York, USA","United States",42.9619001,-78.9495321,land,inland,2026-05-03,"hayden west",1,,1,3.40,0.00,0.00,1,,,,,,,,,,,,,,,,,,,,,,,,,,,,,,,,,,,,,,,,,,,,,
406465,"Erie County, NY, USA","New York, USA","United States",42.9883498,-78.958565,land,inland,2026-04-26,"hayden west",1,,1,3.40,0.00,0.00,1,,,,,,,,,,,,,,,,,,,,,,,,,,,,,,,,,,,,,,,,,,,,,
406466,"Erie County, NY, USA","New York, USA","United States",43.0158018,-78.9716008,land,inland,2026-04-19,"hayden west",1,,1,6.80,0.00,0.00,1,,,,,,,,,,,,,,,,,,,,,,,,,,,,,,,,,,,,,,,,,,,,,
406474,"Carteret County, NC, USA","North Carolina, USA","United States",34.7953752,-76.68132024,land,saltwater,2026-06-01,"Carteret Big Sweep",2,,2,129.45,0.00,0.00,,1,,,,,,,,,,,,,,,,,,,,2,1,1,2,,10,,,2,1,,1,6,2,3,1,2,,,1,2,,,12,50
406475,"Carteret County, NC, USA","North Carolina, USA","United States",34.9019263,-76.5488232,land,saltwater,2026-06-01,"Carteret Big Sweep",2,,2,18.82,0.00,0.00,5,,,,,,,,,,,,,,,,,,,,,,,,,,,,,,,,,,,,,,,,,,,,,
406476,"Greater Bridgeport Planning Region, CT, USA","Connecticut, USA","United States",41.248839408227,-73.201268745731,land,inland,2026-06-01,"Trumbull cleanup",1,,1,0.56,0.07,0.00,,,1,,2,,,,2,,,,,,,,,,,,,,,,,,,,,,,,,,,,1,7,,,,,,,10,23
406477,"Okaloosa County, FL, USA","Florida, USA","United States",30.399281075337,-86.603482710293,land,inland,2026-06-01,AOI,1,,1,2.04,3.54,0.00,,,,1,2,1,,1,4,16,,,1,,,3,4,3,3,,,,,,,,,2,,1,1,1,,,,11,,1,,,1,,,,22,79
406478,"Colleton County, SC, USA","South Carolina, USA","United States",32.504746907277,-80.294841947107,land,saltwater,2026-06-01,"EBSP Turtle Patrol",4,,4,1.43,0.01,0.00,,,1,,1,,,,,,,,,,,,,,,,,,1,,,,,,5,,,,,,,,3,,,,,,,,,11
406479,"Colleton County, SC, USA","South Carolina, USA","United States",32.504747490158,-80.294807223361,land,saltwater,2026-06-01,EBSPTURTLEPATROL,2,,2,4.78,0.07,0.00,,4,4,,2,,,,1,5,,,,,,6,,1,,4,1,,,,,1,,,,4,,,,,,3,7,8,,,,,,,4,55
406480,"Brazoria County, TX, USA","Texas, USA","United States",28.937135304947,-95.29685972661,land,saltwater,2026-06-01,"team Q",17,,17,120.38,0.32,0.00,,91,12,11,233,123,,7,263,11,22,4,12,7,2,39,5,16,29,91,,,30,,1,,,6,,10,,2,8,,7,5,,408,,,,,1,,,1456
406487,"Yolo County, CA, USA","California, USA","United States",38.558541666667,-121.72531833333,land,inland,2026-06-01,"putah creek council , davis picks it up",1,,1,0.55,0.62,0.00,,,2,,,,,,,,,,,,,1,,,,,,,,,,,,,,,,,,,,,6,3,,,,,,,3,15
406494,"Washington County, RI, USA","Rhode Island, USA","United States",41.308598737271,-71.85381280265,land,saltwater,2026-06-01,,2,,2,9.07,4.02,0.00,,4,5,,3,1,2,1,23,7,,,1,1,,8,2,8,,10,1,,,1,,6,,2,,2,,,,2,7,2,96,21,,,,,,,33,249
406496,"Volusia County, FL, USA","Florida, USA","United States",28.911208333333,-80.812161666667,land,inland,2026-06-01,"Canaveral national seashore",1,,1,6.34,4.27,0.00,,4,12,1,2,2,,1,49,1,1,,6,,,8,9,19,14,,,,3,,,,6,4,5,1,,,2,,2,,8,2,,,,,,,40,202
406497,"King County, WA, USA","Washington, USA","United States",47.287942611627,-122.2915003668,land,inland,2026-06-01,"Woodsie’s Warrior",1,,1,0.92,1.39,0.00,,,1,1,2,,,,2,11,,3,1,,1,4,1,,,,,,,,,,,,,,,,,,,,,8,,,,,,,,35
406498,"Contra Costa County, CA, USA","California, USA","United States",37.997444079271,-122.0274281551,land,saltwater,2026-06-01,"Shark Stewards",9,,9,55.43,1.61,0.00,,5,26,13,54,8,3,,37,144,4,11,12,2,12,58,13,10,1,4,,,2,,,46,5,,,4,,,,,10,,251,377,85,,,15,,3,133,1348
406499,"Harrisonburg, VA, USA","Virginia, USA","United States",38.428936762265,-78.860772421772,land,inland,2026-06-01,RBH,1,,1,0.05,1.61,0.00,,1,1,,,,,,1,2,1,2,,,,3,,,,1,,,,,,,,,,2,,,1,1,,,3,6,,,1,,,,9,35
406500,"Santa Clara County, CA, USA","California, USA","United States",37.3900264,-122.0812304,land,inland,2026-04-22,,1,,1,3.40,0.00,0.00,1,,,,,,,,,,,,,,,,,,,,,,,,,,,,,,,,,,,,,,,,,,,,,
406502,"Miami-Dade County, FL, USA","Florida, USA","United States",25.5247123,-80.1760815,land,saltwater,2026-06-01,"World Ocean Celebration",1,,1,3.06,0.00,0.00,,,3,,3,4,,8,3,9,,,,,,57,,2,4,2,,,,,,,,3,1,,,,2,,1,,,8,,,1,,,,12,123
406503,"Palm Beach County, FL, USA","Florida, USA","United States",26.371855335219,-80.092612806688,land,inland,2026-06-01,"Bocasob- Dmoon",1,,1,2.65,0.26,0.00,,4,2,1,22,5,2,6,16,39,3,6,4,2,1,29,5,5,,,,,,,1,4,,,,1,4,1,,,3,,,11,,2,,1,,,5,185
406504,"San Diego County, CA, USA","California, USA","United States",32.7447861,-117.2476146,land,inland,2026-06-01,JP,1,,1,2.50,0.00,0.00,,,,,,,,,,34,,1,1,,,3,1,1,1,,,,,,,,,,,1,,,,1,2,,1,34,,,,1,,,3,85
406505,"Erie County, NY, USA","New York, USA","United States",42.841102727471,-78.859169364383,land,freshwater,2026-06-01,,1,,1,3.69,1.93,0.00,,,7,,6,4,,1,13,17,1,2,4,,,29,,7,3,4,,,,,,,,,3,1,1,,,,,1,1,6,,,1,4,,,,116
406510,"King County, WA, USA","Washington, USA","United States",47.528176183913,-122.38484709686,land,saltwater,2026-05-01,"Protect Where We Play -",1,,1,12.02,0.00,0.00,4,,,,,,,,,,,,,,,,,,,,,,,,,,,,,,,,,,,,,,,,,,,,,
406520,"Colleton County, SC, USA","South Carolina, USA","United States",32.505065587618,-80.294551928684,land,saltwater,2026-06-02,"EBSP Turtle Patrol",2,,2,0.06,0.07,0.00,,,1,,,,,,,1,,,,,,1,1,,,,,,,,,1,,,,,,,,,,,,,,,,,,,,5
406521,"Colleton County, SC, USA","South Carolina, USA","United States",32.504582047318,-80.294955843265,land,saltwater,2026-06-02,"EBSP Turtle Patrol",2,,2,1.50,0.06,0.00,,,,,1,,,,,,,,,,,1,,,,,,,1,,,2,1,,,,,,,,,,,1,,,,,,,,7
406523,"Monroe County, FL, USA","Florida, USA","United States",24.6446351,-81.3748271,land,saltwater,2026-06-02,"Seacamp Norfolk",10,,10,2.59,0.97,0.00,,,2,1,,,,,,,,,,,,,,,1,4,,,,,,,2,,,,,,,,,1,1,,,,,,,,,12
406524,"Indian River County, FL, USA","Florida, USA","United States",27.650845782729,-80.354285318737,land,saltwater,2026-05-31,"Coastal Connections, Inc.",4,,4,4.29,1.21,0.00,,,,,,,,,,,,,,,,,,,,,,,,,,,,,,,,,,,,,,,,,,,,,,
406528,"Lucas County, OH, USA","Ohio, USA","United States",41.6179211,-83.5802026,land,freshwater,2026-06-01,"Toledo ZooTeens",8,,8,38.56,0.00,0.00,10,,,,,,,,,,,,,,,,,,,,,,,,,,,,,,,,,,,,,,,,,,,,,
406529,"Yolo County, CA, USA","California, USA","United States",38.558658333333,-121.72532666667,land,inland,2026-06-02,"putah creek council , davis picks it up",1,,1,1.15,0.65,0.00,,,2,,,,,2,2,1,,,,,,1,,,1,,,,,,,,,,,,,,,,,,11,8,,,,,,,9,37
406530,"King County, WA, USA","Washington, USA","United States",47.287844776213,-122.29154959947,land,freshwater,2026-06-02,"Woodsie’s Warrior",1,,1,1.37,1.09,0.00,,,,,,2,,,,13,,,,,,4,,1,,2,,,,,,,,,,,,,,,,,,6,,,,,,,,28
406531,"Monroe County, FL, USA","Florida, USA","United States",24.647255030412,-81.565961647516,watercraft,saltwater,2026-01-11,"LKGA NOAA Community Cleanup - Get Trashed",63,,63,"1,099.96",0.80,0.00,,,,26,41,52,,64,82,,,,,,,,,,,149,17,,43,8,,,,19,,,,,6,,,15,,,,,,,,,250,772
406532,"San Diego County, CA, USA","California, USA","United States",32.6809697,-117.1783208,land,inland,2026-05-31,,5,,5,0.91,0.00,0.00,1,,,,,,,,,,,,,,,,,,,,,,,,,,,,,,,,,,,,,,,,,,,,,
406534,"Erie County, NY, USA","New York, USA","United States",43.006012050515,-78.86209872671,land,inland,2026-06-02,,1,,1,27.48,0.42,0.00,,16,15,15,8,5,,5,2,15,6,,5,1,3,1,2,,,,,,4,2,,3,,,,,,,,,,,,2,,,,,,,,110
406535,"Rockingham County, VA, USA","Virginia, USA","United States",38.397855819809,-78.810385077357,land,inland,2026-06-02,RBH,1,,1,0.23,4.83,0.00,,,2,2,4,,4,4,8,16,,,,,,29,,,,,,,,,,,,1,3,1,,1,,,1,1,15,28,,,,,,,2,122
406536,"Harford County, MD, USA","Maryland, USA","United States",39.462489031653,-76.255048560701,land,inland,2026-05-27,WaveCrestSavingOurOceans,1,,1,3.40,0.00,0.00,1,,,,,,,,,,,,,,,,,,,,,,,,,,,,,,,,,,,,,,,,,,,,,
406537,"Baltimore County, MD, USA","Maryland, USA","United States",39.2905023,-76.6104072,land,inland,2026-05-31,"BMore Cleanup Crew",35,,35,74.84,0.00,0.00,11,,,,,,,,,,,,,,,,,,,,,,,,,,,,,,,,,,,,,,,,,,,,,
406538,"Okaloosa County, FL, USA","Florida, USA","United States",30.399240965284,-86.603512707085,land,inland,2026-06-02,AOI,1,,1,1.13,3.54,0.00,,,,,2,1,,,3,16,,,1,,,3,2,3,,1,,,,,,,,,,1,,,,,,6,,,,,,,,,17,56
406539,"Rockingham County, VA, USA","Virginia, USA","United States",38.398015533348,-78.807311328417,land,inland,2026-06-02,RBH,2,,2,0.36,2.09,0.00,,,2,,1,,,,3,18,,,,1,,4,1,2,,,,,,,,,,,,,,,,,,,2,2,,1,,,,,,37
406540,"Erie County, NY, USA","New York, USA","United States",42.764502448737,-78.878035885,land,freshwater,2026-06-02,,1,,1,3.82,1.28,0.00,,2,3,1,4,5,,6,8,10,2,1,13,1,1,8,4,5,5,4,,,,,1,,,,2,1,1,,,,1,2,8,1,,,,2,,,,102
406541,"Erie County, NY, USA","New York, USA","United States",43.049615,-78.961895,land,inland,2026-06-02,BNW_gwGrandIsland,1,,1,1.45,7.40,0.00,,2,7,1,15,9,3,3,2,53,1,4,1,1,1,10,3,,1,,,,,,,4,,,,,3,,,,4,,,1,1,4,,,,,4,138
406542,"Erie County, NY, USA","New York, USA","United States",42.877835957838,-78.71625723667,land,inland,2026-06-03,,1,,1,1.05,1.34,0.00,,9,4,3,8,,1,12,2,16,1,,,1,,,,,,,,,,,,,,,,,,,,,,,,,,,,,,,,57
406544,"Colleton County, SC, USA","South Carolina, USA","United States",32.5068602,-80.291318,land,saltwater,2026-05-30,"EBSP Turtle Team",2,,2,0.95,0.00,0.00,,,,,1,,,,1,8,,12,2,,1,16,,2,4,,,,,,,1,,1,1,,,,,1,,2,,,,,,,,,3,56
406546,"Williamson County, TX, USA","Texas, USA","United States",30.6332618,-97.6779842,land,inland,2026-06-03,"Me, myself and I",1,,1,0.06,0.00,0.00,,,,,,,,,,,,,,,,,,,,,,,,,,,,,,,,,,,,,,1,,,,,,,4,5
406550,"New Hanover County, NC, USA","North Carolina, USA","United States",34.193892291463,-77.806280198674,land,saltwater,2026-06-03,"Wrightsville Beach Sea Turtle Project",1,,1,7.67,0.07,0.00,,,,,,,,,6,,,,,,,2,3,,2,,,,,,,,,,,,,,,,,32,3,3,,,,,,,11,62
406551,"Colleton County, SC, USA","South Carolina, USA","United States",32.504718026163,-80.294802739016,land,saltwater,2026-06-03,"EBSP Turtle Patrol",2,,2,0.14,0.03,0.00,,,,,,,,,,,,,,,,2,,,,,,,,,,,,,,,,,,,,,2,,,,,,,,,4
406552,"Colleton County, SC, USA","South Carolina, USA","United States",32.504699502422,-80.294852086045,land,saltwater,2026-06-03,"Edisto Beach State Park Turtle Patrol",3,,3,0.31,0.02,0.00,,,,,1,,,,,,,,,,,,,,,,,,,,,,,,,,,,,,,1,,1,,,,,,,,3
406554,"Greater Bridgeport Planning Region, CT, USA","Connecticut, USA","United States",41.280530295489,-73.222557586353,land,inland,2026-06-02,"Trumbull cleanup",1,,1,1.20,0.30,0.00,,,,1,,,1,,1,,,,2,1,,5,1,,,,,,,,,,,,,1,,,,,,,8,4,,,,,,,12,37
406555,"Genesee County, NY, USA","New York, USA","United States",42.993401080219,-77.988309967207,land,inland,2026-06-03,BNWLeRoy,3,,3,2.90,0.01,0.00,,1,1,8,7,8,,1,,2,1,,1,1,1,1,1,,,,,,,,,,,,,3,,,1,,,,,,,,,,,,1,39
406556,"Genesee County, NY, USA","New York, USA","United States",42.9978603,-77.9796826,land,inland,2026-06-02,BNWLeRoy,2,,2,3.63,0.00,0.00,4,,,,,,,,,,,,,,,,,,,,,,,,,,,,,,,,,,,,,,,,,,,,,
406559,"Palm Beach County, FL, USA","Florida, USA","United States",26.884756531605,-80.056126425313,land,saltwater,2026-03-20,"Loggerhead Marinelife Center",1,,1,4.76,0.80,0.00,1,,,,,,,,,,,,,,,,,,,,,,,,,,,,,,,,,,,,,,,,,,,,,
406560,"Palm Beach County, FL, USA","Florida, USA","United States",26.884756531605,-80.056126425313,land,saltwater,2026-03-21,"Loggerhead Marinelife Center",62,,62,43.81,0.80,0.00,1,15,,2,9,1,,,136,3,,,8,,21,15,21,52,29,1,,,,,,25,,,2,3,3,,11,,3,2,,,,,,,,,,362
406561,"Palm Beach County, FL, USA","Florida, USA","United States",26.884756531605,-80.056126425313,land,saltwater,2026-03-22,"Loggerhead Marinelife Center",1,,1,8.26,0.80,0.00,1,,,,,,,,,,,,,,,,,,,,,,,,,,,,,,,,,,,,,,,,,,,,,
406562,"Palm Beach County, FL, USA","Florida, USA","United States",26.884756531605,-80.056126425313,land,saltwater,2026-03-24,"Loggerhead Marinelife Center",1,,1,6.06,0.80,0.00,1,,,,,,,,,,,,,,,,,,,,,,,,,,,,,,,,,,,,,,,,,,,,,
406563,"Palm Beach County, FL, USA","Florida, USA","United States",26.884756531605,-80.056126425313,land,saltwater,2026-03-24,"Loggerhead Marinelife Center",1,,1,2.09,0.80,0.00,1,,,,,,,,,,,,,,,,,,,,,,,,,,,,,,,,,,,,,,,,,,,,,
406564,"Monterey County, CA, USA","California, USA","United States",36.61993205,-121.93685937,land,freshwater,2026-06-03,,1,,1,0.25,0.01,0.00,,30,,,,1,1,,1,,,,1,,,,,,,,,,,,,,,,,,,,,,,,,,,,,,,,,34
406565,"Palm Beach County, FL, USA","Florida, USA","United States",26.884756531605,-80.056126425313,land,saltwater,2026-03-24,"Loggerhead Marinelife Center",30,,30,8.53,0.80,0.00,1,65,,4,68,11,,12,1,64,,,13,,7,65,15,10,11,3,,,,,,31,,,1,22,6,,3,,6,7,,,,,,,,,,425
406566,"Yolo County, CA, USA","California, USA","United States",38.558573333333,-121.72527666667,land,inland,2026-06-03,"putah creek council , davis picks it up",1,,1,2.78,0.01,0.00,,,,,,,,,2,2,,,,,,,,,,,,,2,,,,,,,,,,,,,,4,2,,,,,,,1,13
406567,"Santa Barbara County, CA, USA","California, USA","United States",34.403622073028,-119.74391880626,land,saltwater,2026-06-03,"WRC Coastline Christian Academy 1 6/3/26",24,,24,1.04,0.00,0.00,,,3,,1,,,,6,1,,,1,,,2,,,,1,,,,,,,,,,,,,,,,,8,1,,,,,,,5,29
406568,"Okaloosa County, FL, USA","Florida, USA","United States",30.399177807912,-86.6035170311,land,inland,2026-06-03,AOI,1,,1,1.91,2.90,0.00,,,4,,3,,,5,,64,,,,,,4,2,7,1,2,,,,,,,,6,5,3,,,2,,1,3,,4,,,,,,,12,128
406569,"Honolulu County, HI, USA","Hawaii, USA","United States",21.44549545374,-157.73797878854,land,saltwater,2026-06-03,,1,,1,2.45,1.12,0.00,,,,,,1,,,,1,,,,,,,,,1,5,,,,,,,,,,,,,,,,,3,,,,,,,,,11
406570,"Palm Beach County, FL, USA","Florida, USA","United States",26.371767463191,-80.092559666853,land,inland,2026-06-03,"Bocasob- Dmoon",1,,1,5.11,0.00,0.00,,7,4,9,12,17,2,6,10,,3,15,,3,1,46,7,3,2,,,,,,1,,,1,2,1,6,1,1,,2,,,15,,,,1,,,6,184
406571,"Rockingham County, VA, USA","Virginia, USA","United States",38.405756684256,-78.70390162104,land,inland,2026-06-03,RBH,1,,1,0.36,4.12,0.00,,,3,,1,,,,3,27,,,1,,,15,,2,,2,,,,,,,,,,,,,,,,1,20,20,,,1,,,,14,110
406585,"Williamson County, TX, USA","Texas, USA","United States",30.6332618,-97.6779842,land,inland,2026-06-04,"Me, myself and I",1,,1,0.44,0.00,0.00,,,,,4,2,,,1,,,,1,,,2,,,,,,,,,,,,,,,,,,,,,4,1,,,,,,,5,20
406598,"San Mateo County, CA, USA","California, USA","United States",37.60831326102,-122.49754421809,land,saltwater,2026-06-03,,2,,2,3.05,0.09,0.00,,,,,1,1,,,,17,,,1,,,,1,6,1,4,,,,,,2,,4,3,,,,3,,,2,,,,,,,,,1,47
406602,"Southeastern Connecticut Planning Region, CT, USA","Connecticut, USA","United States",41.315826664314,-72.091627390663,land,saltwater,2026-06-04,"Save the Sound",1,,1,0.04,0.31,0.00,,,,,1,,,,1,,,,,,,1,,,,,,,,,,,,,,,,,,,,,,,,,,,,,,3
406603,"Pinellas County, FL, USA","Florida, USA","United States",27.683461595407,-82.7376803325,land,saltwater,2026-06-04,,1,,1,6.53,2.55,0.00,,,3,,4,4,1,1,6,31,1,1,2,,,2,3,11,2,5,,,,,,,6,7,,1,,,2,,,5,8,18,,3,,,,,1,128
406604,"Monroe County, NY, USA","New York, USA","United States",43.153487416919,-77.588020420596,land,freshwater,2026-06-02,"Sodus BayWatch",15,,15,10.25,0.00,0.00,,,3,,,,1,1,5,,,3,1,1,,1,,2,1,1,,,,1,,1,,,,,,,,,3,,7,2,,,,,1,2,,37
406605,"Monroe County, NY, USA","New York, USA","United States",43.153460830234,-77.588021929966,land,freshwater,2026-06-02,"Sodus BayWatch",15,,15,3.48,0.00,0.00,,,5,,2,,1,,22,2,,1,,,4,4,3,2,4,2,,,,,,2,3,,,,,,,,,2,25,,,,,,,2,,86
406611,"Colleton County, SC, USA","South Carolina, USA","United States",32.504748318234,-80.294928225517,land,saltwater,2026-06-04,"Edisto Beach State Park Turtle Patrol",2,,2,0.50,0.02,0.00,,,,,,,,,,,,,1,,,2,1,2,,1,,,,,,,,,,,,,,,,,,,,,,,,,,7
406612,"Colleton County, SC, USA","South Carolina, USA","United States",32.504740711332,-80.294923307449,land,saltwater,2026-06-04,"EBSP Turtle Patrol",1,,1,0.45,0.00,0.00,,,,,,,,,,,,,,,,,,,,1,,,,,,,,,,,,,,,,,,,,,,,,,,1
406613,"Greater Bridgeport Planning Region, CT, USA","Connecticut, USA","United States",41.260997403819,-73.20645324916,land,inland,2026-06-04,"Trumbull cleanup",1,,1,1.21,0.41,0.00,,,,,1,,,,,,,1,,,,5,2,1,,,,,,,,,,,,,,,,1,2,,4,13,,,,,,,3,33
406614,"South Central Connecticut Planning Region, CT, USA","Connecticut, USA","United States",41.246323984667,-72.534301535071,land,saltwater,2026-06-04,"Save the Sound & True Benefit",1,,1,2.63,2.93,0.00,,,,1,,1,,6,6,13,,,1,,1,35,1,2,2,1,,,,,,,,,3,1,,1,,,,,10,10,,,,,,,47,142
406615,"Miami-Dade County, FL, USA","Florida, USA","United States",25.75119571,-80.14632234,land,saltwater,2026-06-04,MUVE,1,,1,13.88,0.12,0.00,,7,13,,4,,,,49,,,1,6,3,2,31,8,8,8,6,,,5,,1,,4,1,1,,,,3,1,7,5,30,,1,,,,,1,40,246
406616,"Miami-Dade County, FL, USA","Florida, USA","United States",25.750373242992,-80.145625591988,land,saltwater,2026-06-04,muve,4,,4,3.10,0.00,0.00,,2,10,1,9,1,,8,48,,1,,3,,,17,2,2,4,1,,,1,,,2,1,1,,1,,,,,1,,1,1,,,,,,,18,136
406617,"South Central Connecticut Planning Region, CT, USA","Connecticut, USA","United States",41.258753221354,-72.55303470919,land,saltwater,2026-06-04,"Save the Sound",5,,5,6.37,3.45,0.00,,,1,,,4,,,20,41,,,,,,32,1,8,1,,,,,,,,1,,1,,,1,,,,,55,42,,3,,1,,,,212
406618,"Palm Beach County, FL, USA","Florida, USA","United States",26.879330412147,-80.054435980029,land,saltwater,2026-03-28,"Loggerhead Marinelife Center",160,,160,21.95,0.80,0.00,1,62,,,14,9,,1,11,35,,,7,,9,65,8,44,16,,,,,,,,,,4,,2,,1,,2,3,,,,,,,1,,250,544
406619,"Palm Beach County, FL, USA","Florida, USA","United States",26.879330412147,-80.054435980029,land,saltwater,2026-03-30,"Loggerhead Marinelife Center",1,,1,6.80,0.80,0.00,,,,,,,,,,,,,,,,,,,,,,,,,,,,,,,,,,,,,,,,,,,,,,
406620,"Palm Beach County, FL, USA","Florida, USA","United States",26.879330412147,-80.054435980029,land,saltwater,2026-04-04,"Loggerhead Marinelife Center",99,,99,27.89,0.80,0.00,1,75,,,10,2,,,100,15,,,4,,9,60,17,10,6,,,,,,,,,,3,4,1,,8,,1,1,,,,,,,1,,,327
406621,"South Central Connecticut Planning Region, CT, USA","Connecticut, USA","United States",41.2666982,-72.5584208,land,saltwater,2026-06-04,"true benefit amwins",1,,1,3.72,0.00,0.00,,4,4,1,,3,,8,16,31,,5,1,,1,16,1,2,1,,1,,,,,,,3,,,,,,,,,3,36,,,,,,1,18,156
406622,"South Central Connecticut Planning Region, CT, USA","Connecticut, USA","United States",41.2792847,-72.5984382,land,saltwater,2026-06-04,"true benefit",3,,3,10.99,0.00,0.00,,,3,2,1,,,15,27,46,1,3,,,1,92,,12,2,,,,,,,,3,1,,,3,,,2,,,118,35,,3,,3,,,,373
406623,"Rockingham County, VA, USA","Virginia, USA","United States",38.406370513586,-78.705142381357,land,inland,2026-06-04,RBH,1,,1,0.45,3.98,0.00,,,,,1,,,1,2,21,,,,,,11,,1,,1,,,1,,,,,1,,1,,,,,,1,14,21,,,,,,,,77
406624,"Palm Beach County, FL, USA","Florida, USA","United States",26.877125533283,-80.054521810717,land,saltwater,2026-04-04,"Loggerhead Marinelife Center",1,,1,6.44,0.80,0.00,1,,,,,,,,,,,,,,,,,,,,,,,,,,,,,,,,,,,,,,,,,,,,,
406625,"Palm Beach County, FL, USA","Florida, USA","United States",26.616529577218,-80.070900472916,land,saltwater,2026-04-11,"Loggerhead Marinelife Center",15,,15,15.65,0.80,0.00,1,16,,2,10,3,,19,19,37,,,11,,26,19,7,23,30,2,,,,,,,,,13,1,4,,7,,4,6,,,,,,,,,19,278
406627,"Maricopa County, AZ, USA","Arizona, USA","United States",33.447216547868,-111.82888981907,land,inland,2026-06-04,,1,,1,1.27,1.77,0.00,,6,1,1,24,14,,1,1,,12,4,8,,,,,10,1,,,,,,,,,,,,,,,,,,,,,,,,,,,83
406628,"Maricopa County, AZ, USA","Arizona, USA","United States",33.447216547868,-111.82888981907,land,inland,2026-06-04,,1,,1,0.14,0.02,0.00,,1,,,3,3,,,,,3,,,,,,,,,,,,,,,,,,,,,,,,,,,,,,,,,,,10
406630,"Los Angeles County, CA, USA","California, USA","United States",34.190550746597,-118.52699637444,land,freshwater,2026-06-04,"TEST prod long cleanup",2,,2,0.06,0.01,0.00,,,,,,2,3,,,,,,,,,,2,1,1,,,,,,,,,,,,,,,,,,,,,,,,,,,9
406633,"Palm Beach County, FL, USA","Florida, USA","United States",26.616529577218,-80.070900472916,land,saltwater,2026-04-11,"Loggerhead Marinelife Center",54,,54,19.69,0.80,0.00,1,23,,1,27,4,,1,253,8,,,13,,18,,36,26,36,,,,,,,,,,5,3,4,,8,,4,2,,,,,,,,,253,725
406634,"Okaloosa County, FL, USA","Florida, USA","United States",30.419052432863,-86.606646885395,land,inland,2026-06-04,AOI,1,,1,1.59,3.06,0.00,,,,,4,2,,2,6,32,,,1,,,10,2,7,1,,,,,,,,,3,,1,,,,,,9,,,,,,,,,30,110
406635,"Yolo County, CA, USA","California, USA","United States",38.558473333333,-121.72524,land,inland,2026-06-04,"putah creek council , davis picks it up",1,,1,0.81,0.01,0.00,,,1,,,,1,1,,1,,,,,,,,,,,,,,,,,,,,1,,,,,,,6,5,,,,,,,4,20
406636,"Palm Beach County, FL, USA","Florida, USA","United States",26.616529577218,-80.070900472916,land,saltwater,2026-04-12,"Loggerhead Marinelife Center",8,,8,2.86,0.80,0.00,1,2,,,1,1,,,1,8,,,6,,7,15,1,2,1,3,,,,,,,,,3,2,1,,1,,1,2,,,,,,2,,,95,155
406637,"Palm Beach County, FL, USA","Florida, USA","United States",26.616529577218,-80.070900472916,land,saltwater,2026-04-12,"Loggerhead Marinelife Center",8,,8,2.86,0.80,0.00,1,2,,,1,1,,,1,8,,,6,,7,15,1,2,1,3,,,,,,,,,3,2,1,,1,,1,2,,,,,,2,,,95,155
406640,"King County, WA, USA","Washington, USA","United States",47.294843662982,-122.28342591705,land,freshwater,2026-06-04,"Woodsie’s Warrior",1,,1,0.74,0.08,0.00,,,,,1,2,,,1,18,,1,,,,,,,,,,,,,,,,,,,,,,,,1,,7,,2,,,,,,33
406641,"South Central Connecticut Planning Region, CT, USA","Connecticut, USA","United States",41.26336505,-72.56087978,land,saltwater,2026-06-04,"Save the Sound Amwins",2,,2,0.91,1.29,0.00,,,,2,,,,6,5,61,1,1,,1,3,7,3,5,3,,1,,6,,,1,2,,1,,,,,,8,,10,109,,,,,,,121,357
406642,"South Central Connecticut Planning Region, CT, USA","Connecticut, USA","United States",41.2602557,-72.5587472,land,saltwater,2026-06-05,"Save the Sound Amwins",2,,2,0.91,0.00,0.00,1,,,,,,,,,,,,,,,,,,,,,,,,,,,,,,,,,,,,,,,,,,,,,
406643,"Miami-Dade County, FL, USA","Florida, USA","United States",25.5247123,-80.1760815,land,saltwater,2026-06-01,"World Ocean Celebration",1,,1,3.06,0.00,0.00,,,3,,3,4,,8,3,9,,,,,,57,,2,4,2,,,3,,,,,3,1,,,,2,,1,,5,8,,,1,,,,4,123
406652,"Volusia County, FL, USA","Florida, USA","United States",28.928174708684,-80.823954952653,land,saltwater,2026-06-05,Ranger,1,,1,4.54,2.41,0.00,,,5,,,,,,10,,,,1,,,,,,1,,,,,,1,,,1,3,,,,,,,1,,1,,,,,,1,20,45
406655,"Colleton County, SC, USA","South Carolina, USA","United States",32.504775386461,-80.294833321428,land,saltwater,2026-06-05,EBSPTURTLEPATROL,4,,4,1.90,0.11,0.00,,,4,,1,,1,,2,4,,2,2,,,3,,,,1,,,,,,,1,,1,,,,,,1,4,1,3,,,,1,,,4,36
406656,"Greater Bridgeport Planning Region, CT, USA","Connecticut, USA","United States",41.252242720008,-73.206224505523,land,inland,2026-06-05,"Trumbull cleanup",1,,1,0.65,0.89,0.00,,,1,,,1,,,1,,,,,,,1,,,,,,,,,,,,,,,,,,,,,3,7,,,,,,,12,26
406657,"Virginia Beach, VA, USA","Virginia, USA","United States",36.74609228,-75.94485405,land,saltwater,2026-06-05,Convergint,2,,2,3.54,2.41,0.00,,,,,1,2,,5,3,8,,,,,,8,2,,,,,,,,,1,,,,4,,,,,9,1,33,9,,,,,,,2,88
406661,"Western Connecticut Planning Region, CT, USA","Connecticut, USA","United States",41.09865358026,-73.407142367008,land,saltwater,2026-06-05,"Save the Sound",4,,4,1.78,0.42,0.00,,1,8,1,6,1,1,17,17,31,1,2,1,1,1,35,,6,2,,,,,,,2,1,,,,1,,1,,2,,2,2,,,,1,,,26,170
406662,"Western Connecticut Planning Region, CT, USA","Connecticut, USA","United States",41.0982446,-73.410041,land,saltwater,2026-06-05,FactSet,5,,5,4.42,0.00,0.00,,4,6,5,8,3,,14,9,151,2,4,3,1,2,24,,6,8,,,,,,,1,,4,,,1,,,3,,4,11,11,,,,,,,70,355
406663,"Western Connecticut Planning Region, CT, USA","Connecticut, USA","United States",41.098554619982,-73.408163480596,land,saltwater,2026-06-05,"Save the Sound",4,,4,3.70,0.18,0.00,,,,,2,,2,2,,22,3,4,11,5,,47,4,5,,,,,,,,1,1,,,1,,,,3,,,23,16,,,,,,,4,156
406664,"Western Connecticut Planning Region, CT, USA","Connecticut, USA","United States",41.098986953635,-73.407682449285,land,saltwater,2026-06-05,,4,,4,6.18,0.00,0.00,,,,,1,,,3,5,53,2,,,,,26,,2,,3,,,2,,,,,,,3,1,,,,1,2,8,10,,1,,,,,41,164
406665,"Okaloosa County, FL, USA","Florida, USA","United States",30.399196272728,-86.603510945533,land,inland,2026-06-05,AOI,1,,1,1.77,3.06,0.00,,1,1,,2,,,2,5,55,,,1,,,25,1,5,1,,,,,,,,,8,3,1,,,1,,3,4,,,,,,,,,16,135
406666,"Miami-Dade County, FL, USA","Florida, USA","United States",25.741975599313,-80.310676906533,land,inland,2026-06-05,"Titan Florida",1,,1,1.40,0.40,0.00,,1,3,2,1,,1,2,1,3,1,4,1,3,,8,2,,,,,,,,1,,,,1,,,,,,,,2,8,,,,,,1,7,53
406667,"Miami-Dade County, FL, USA","Florida, USA","United States",25.74264425623,-80.310467631044,land,inland,2026-06-05,"Titan Florida",2,,2,0.36,1.29,0.00,,,,,3,1,1,,2,7,1,5,,,1,4,1,,1,,,,,,,,,,1,,1,,,,5,,,1,,,,,,,22,57
406668,"Yolo County, CA, USA","California, USA","United States",38.557681666667,-121.72564333333,land,inland,2026-06-05,"putah creek council , davis picks it up",1,,1,1.29,0.31,0.00,,,1,,1,,1,,,,,,,,,2,1,,,,,,,,,,,,,,,,,,,,12,9,,,,,,,4,31
406670,"Volusia County, FL, USA","Florida, USA","United States",28.936965,-80.830501666667,land,inland,2026-06-05,"Canaveral national seashore",1,,1,4.94,9.33,0.00,,2,7,2,13,2,1,,148,,,,2,,1,14,3,25,18,,,,1,,,,2,2,5,1,,,2,,6,,18,6,,2,,,,,55,338
406673,"King County, WA, USA","Washington, USA","United States",47.294949864424,-122.28386851861,land,freshwater,2026-06-05,"Woodsie’s Warrior",1,,1,0.40,0.05,0.00,,,,,1,1,,,,5,,,,,,3,,,,,,,,,,,,,,,,,,,,,,5,,,,,,,,15
406674,"San Mateo County, CA, USA","California, USA","United States",37.634688199928,-122.49365752443,land,saltwater,2026-06-05,Abilitypath,7,,7,4.79,0.07,0.00,,,,,1,,1,2,1,72,,,,,,32,,1,1,6,,,,,,,1,7,1,,,,,1,,,2,21,,,,,,,17,167
406676,"Alameda County, CA, USA","California, USA","United States",37.565419743403,-122.03110720904,land,freshwater,2026-06-05,,1,,1,1.81,0.00,0.00,2,,,,,,,,,,,,,,,,,,,,,,,,,,,,,,,,,,,,,,,,,,,,,
406677,"Maricopa County, AZ, USA","Arizona, USA","United States",33.447272879735,-111.82886108326,land,inland,2026-06-05,,1,,1,1.27,1.40,0.00,,4,1,,34,6,,,1,,3,,8,,,1,,11,1,,,,,,,,,,,,,,1,,,,,,,,,2,,,,73
406678,"Maricopa County, AZ, USA","Arizona, USA","United States",33.435773609294,-111.82308286965,land,inland,2026-06-05,,1,,1,1.75,1.52,0.00,,,,,2,10,,,,,1,3,7,,,,,3,,,,,1,,,,,,,,,,1,,,,,,,,,,,,,28
406680,"Erie County, OH, USA","Ohio, USA","United States",41.4508081961,-82.673485054697,land,inland,2026-06-06,,1,,1,1.48,0.02,0.00,,6,4,,4,8,,2,3,4,,,,,,12,,6,4,2,,,,,,,,3,,,4,,,,2,,,,,3,,2,,,,69
406681,"Maricopa County, AZ, USA","Arizona, USA","United States",33.447216979392,-111.82888969498,land,inland,2026-06-06,,1,,1,0.50,1.72,0.00,,,,,13,5,,,,,3,3,2,,1,1,,9,1,,,,,,,,,,,,,,,,,,,,,1,,1,,,,40
406689,"Colleton County, SC, USA","South Carolina, USA","United States",32.504820710067,-80.294883225596,land,saltwater,2026-06-06,"EBSP Turtle Patrol",3,,3,0.01,0.00,0.00,,1,,,,,,,,,,,,,,,,,,,,,,,,,,,,,,,,,,,,,,,,,,,,1
406690,"Colleton County, SC, USA","South Carolina, USA","United States",32.50519233,-80.29443907,land,saltwater,2026-06-06,"Edisto Beach",2,,2,2.15,0.04,0.00,,,1,,,1,,,,,,1,,,,10,,,,,,,,,,,,,,,,,,,4,4,7,10,,,,,,,,38
406691,"Volusia County, FL, USA","Florida, USA","United States",28.927607408955,-80.824207727709,land,saltwater,2026-06-06,Ranger,1,,1,1.50,1.61,0.00,,,5,2,2,,,,4,,,,,,2,,1,,,,1,,,,,,,,,,,,,,,,6,,,,,,,,,23
406692,"Currituck County, NC, USA","North Carolina, USA","United States",36.4449707,-75.84627427,land,saltwater,2026-06-06,NEST,1,,1,2.04,16.09,0.00,,2,,,3,1,,,2,,,,,,,2,,1,,,,,,,,,1,,5,,,,,,,2,1,,,,,,,,2,22
406693,"Pinellas County, FL, USA","Florida, USA","United States",27.684977450434,-82.737947758364,land,saltwater,2026-06-06,,1,,1,5.10,2.79,0.00,,,3,,,4,3,3,13,30,1,,2,,2,4,3,16,5,2,,,,,1,,1,6,,3,,,,1,,4,13,26,,1,,,,,1,148
406694,"Currituck County, NC, USA","North Carolina, USA","United States",36.44524161,-75.84616173,land,saltwater,2026-06-06,NEST,2,,2,9.53,16.09,0.00,,4,3,,4,2,2,,3,,,,,,1,2,,2,,,,,2,,,2,1,,12,,,,1,1,,,,2,,,,,,,3,47
406695,"Greater Bridgeport Planning Region, CT, USA","Connecticut, USA","United States",41.258795432796,-73.211953822377,land,inland,2026-06-06,"Trumbull cleanup",1,,1,0.12,0.02,0.00,,,,,,,,,1,1,,,,,,,,,,,,,,,,,,,,,,,,,,,1,1,,,,,,,8,12
406696,"Newport County, RI, USA","Rhode Island, USA","United States",41.50612532,-71.32784447,land,saltwater,2026-06-06,"LDO/CWO School",2,,2,4.81,0.16,0.00,,,1,7,8,7,,4,5,19,6,,9,,,4,4,11,5,4,,,,,,2,1,1,4,,,,,,2,2,1,1,,,,4,,,58,170
406698,"Western Connecticut Planning Region, CT, USA","Connecticut, USA","United States",41.1015336,-73.41681781,land,freshwater,2026-06-06,"soleil group",3,,3,4.46,0.00,0.00,,3,1,,3,,1,5,11,25,,6,5,1,1,25,1,6,1,,2,,,,,2,,,,,1,,,,,,8,34,,,,,,,154,296
406699,"Western Connecticut Planning Region, CT, USA","Connecticut, USA","United States",41.102066480324,-73.416642643119,land,freshwater,2026-06-06,"ECHO Choice",1,,1,3.40,0.16,0.00,,2,9,5,7,,1,6,9,1,,,4,,1,21,2,3,1,,,,,,,8,,,1,,,1,,,4,,6,13,,,,2,,,17,124
406700,"Western Connecticut Planning Region, CT, USA","Connecticut, USA","United States",41.101906840873,-73.416732145556,land,freshwater,2026-06-06,"ECHO choice",3,,3,1.82,0.10,0.00,,,7,,10,1,4,3,2,10,2,3,5,7,1,19,1,1,,,,,,,,,,,,,,,,,,4,,,,,,,,,5,85
406704,"Okaloosa County, FL, USA","Florida, USA","United States",30.399246840702,-86.603502708118,land,inland,2026-06-06,AOI,1,,1,1.45,3.22,0.00,,,,,4,1,3,,13,34,,,,,,,1,2,3,1,,,,,,,,6,,1,,,1,,2,3,,3,,,,,,,33,111
406707,"Erie County, NY, USA","New York, USA","United States",42.729866014928,-78.846004517005,land,inland,2026-03-29,"BNW Kat cleans",1,,1,2.22,0.00,0.00,,5,1,1,3,10,1,,2,2,,1,,2,2,16,2,2,1,,,,,,1,,1,,,,,,,1,2,,4,15,,,,1,,,1,77
406708,"Capitol Planning Region, CT, USA","Connecticut, USA","United States",41.71937647,-72.62604884,watercraft,freshwater,2026-06-06,CRC,2,,2,0.10,0.00,0.00,,,,,,,,,,2,,,,,,1,,,,,,,,,,,,,,,,,,,2,,1,,,,,,,,3,9
406710,"Brunswick County, NC, USA","North Carolina, USA","United States",33.902675549632,-78.079001004915,land,saltwater,2026-06-06,"Oak Island Beach Service Unit",1,,1,3.04,16.09,0.00,,5,,,5,10,,,,,,,,,,,,,,3,,,,,,,,,3,,,,,,,6,,,,,,,,,,32
406711,"Palm Beach County, FL, USA","Florida, USA","United States",26.893185438299,-80.056393222271,land,saltwater,2026-04-14,"Loggerhead Marinelife Center",1,,1,4.04,0.80,0.00,1,,,,,,,,,,,,,,,,,,,,,,,,,,,,,,,,,,,,,,,,,,,,,
406712,"Yolo County, CA, USA","California, USA","United States",38.558541666667,-121.72526833333,land,inland,2026-06-06,"putah creek council , davis picks it up",1,,1,1.32,0.07,0.00,,,2,,1,,,,2,,,,,,,4,1,1,,,,,1,,,,,1,,,,,,,,,,,,,,,,,40,53
406713,"Charleston County, SC, USA","South Carolina, USA","United States",32.512918630947,-80.315928108943,land,inland,2026-06-06,EBSPTURTLEPATROL,1,,1,13.75,0.10,0.00,,12,35,5,12,10,7,5,11,3,3,5,6,5,2,28,4,,2,4,,,4,,,4,5,7,,4,,,,5,4,,5,38,,,,,,,13,248
406715,"Napa County, CA, USA","California, USA","United States",38.504991768895,-122.11700979632,land,inland,2026-06-06,"solano county lake clean up",1,,1,4.70,0.00,0.00,,,,15,,,,,,1,,,,,1,,,,,,,,,,,,1,,,5,,,,,,,4,2,,,,,,,,29
406717,"King County, WA, USA","Washington, USA","United States",47.294949864424,-122.28386851861,land,freshwater,2026-06-05,"Woodsie’s Warrior",1,,1,0.40,0.05,0.00,,,,,1,1,,,,5,,,,,,3,,,,,,,,,,,,,,,,,,,,,,5,,,,,,,,15
406718,"King County, WA, USA","Washington, USA","United States",47.2948893224,-122.28344521609,land,freshwater,2026-06-06,"Woodsie’s Warrior",1,,1,0.39,0.01,0.00,,,,,1,1,,,2,6,,1,,,2,2,1,,,,,,,,,,,,,,,,,,,,,4,,,,,,,,20
406719,"Orange County, CA, USA","California, USA","United States",33.542051690436,-117.78449039617,land,saltwater,2026-06-06,,1,,1,0.08,0.00,0.00,,,1,,,,,2,,,,2,2,,,,,4,4,,,,,,,,,,,,,,,,,,,,,,,,,,,15
406720,"San Mateo County, CA, USA","California, USA","United States",37.648899336832,-122.48939978625,land,inland,2026-06-06,"Pacific Beach Coalition - Terri Brown",1,,1,15.00,1.27,0.00,,4,10,4,21,3,1,7,23,,,7,2,,8,15,12,6,5,,,,1,,,,1,12,,5,3,,,2,22,,,161,,5,,13,,,27,380
406721,"Erie County, NY, USA","New York, USA","United States",43.01978077576,-78.671749718739,land,inland,2026-06-03,"Blake Langlotz SLA",1,,1,12.88,4.35,0.00,,4,4,1,3,3,3,,1,5,1,,,1,1,2,,,,2,,,,,1,,,,,,,,,,,,,,,,,2,1,,,35
406722,"San Mateo County, CA, USA","California, USA","United States",37.648316611683,-122.48714845159,land,inland,2026-06-06,"Pacific Beach Coalition - Terri Brown",1,,1,0.01,0.06,0.00,,,,,,,,,,488,,,,,,,,,,,,,,,,,,,,,,,,,,,,,,,,,,,,488
406723,"Erie County, NY, USA","New York, USA","United States",42.96422881622,-78.598314558603,land,inland,2026-06-06,"Blake Langlotz SLA",1,,1,31.35,6.23,0.00,,6,6,4,1,3,1,9,5,8,5,4,4,5,1,5,,3,2,,3,,,,,,,,3,,2,,2,3,,5,4,4,,1,,1,2,1,,103
406724,"Erie County, NY, USA","New York, USA","United States",42.96425784342,-78.59841930002,land,inland,2026-06-06,"Blake Langlotz SLA",1,,1,30.75,6.60,0.00,,1,1,1,2,4,1,2,3,2,1,1,1,14,13,7,15,12,9,3,1,2,2,20,6,6,6,8,,,,,,,,,,,,,,,,,,144
406726,"Pinellas County, FL, USA","Florida, USA","United States",27.684627592961,-82.737992285187,land,saltwater,2026-06-06,,2,,2,0.32,3.22,0.00,,,,,,,,,,,,,,,,,,,,,,,,,,,1,,,,,,,,,1,,,,,,,,,,2
406728,"Broward County, FL, USA","Florida, USA","United States",25.985120121718,-80.117806011211,land,saltwater,2026-06-06,"Little Earth Hero",1,,1,3.10,2.20,0.00,,5,5,2,5,6,,3,4,21,,5,1,,,4,1,,1,,,,,,,,1,,2,1,,5,1,,,,25,2,,,,,,,36,136
406732,"Volusia County, FL, USA","Florida, USA","United States",28.927404257578,-80.824274760799,land,saltwater,2026-06-07,Ranger,1,,1,0.09,1.61,0.00,,,3,,,1,,,1,,,,,,1,,,,,,,,,,,,,,,,,,,,,,,,,,,,,,3,9
406733,"Pinellas County, FL, USA","Florida, USA","United States",27.684447704839,-82.737846251901,land,saltwater,2026-06-07,,1,,1,8.55,3.04,0.00,,,6,1,15,13,4,2,25,13,2,4,5,,3,12,5,8,,3,,,,,,,4,5,,1,,,4,,2,11,9,23,,,,,,,,180
406734,"Volusia County, FL, USA","Florida, USA","United States",29.38030481,-81.08317076,land,saltwater,2026-06-07,"VOL - Sea Oats Terrace",1,,1,2.09,0.01,0.00,,,2,5,2,,1,9,9,,,,,,,,,2,2,,,,,,,,,,,,,,,,,,15,,,,,,,,,47
406735,"Volusia County, FL, USA","Florida, USA","United States",29.38037183,-81.08312348,land,saltwater,2026-06-07,"VOL - Sea Oats Terrace",1,,1,1.04,4.83,0.00,,,1,,2,,1,,9,,,,,2,,2,,2,2,,,,,,,,,,2,,,,1,,,1,8,,,,,,,,,33
406736,"Greater Bridgeport Planning Region, CT, USA","Connecticut, USA","United States",41.264240834187,-73.202123623159,land,inland,2026-06-07,"Trumbull cleanup",1,,1,1.13,0.98,0.00,,,,1,11,3,1,,,,,1,5,,,13,4,2,2,,,,,,,,,,,,1,,,3,2,,2,1,,,,,,,2,54
406737,"Colleton County, SC, USA","South Carolina, USA","United States",32.504740764203,-80.29478368608,land,saltwater,2026-06-07,EBSPTURTLEPATROL,4,,4,1.05,0.05,0.00,,,1,,1,3,1,,,,,2,1,,,,,,1,1,,,,,,,,,,,,,,,,1,,4,,,,,,,3,19
406738,"Charlotte County, FL, USA","Florida, USA","United States",26.860334127807,-82.300147812084,land,inland,2026-06-07,"Bocasob- Dmoon",1,,1,2.18,0.71,0.00,,3,1,,8,1,,2,8,4,,1,,,,5,1,,1,,,,1,,,,,1,,,,2,,,2,,,8,,,,,,,4,53
406739,"Erie County, NY, USA","New York, USA","United States",42.877834266814,-78.716261258579,land,inland,2026-06-07,,1,,1,1.13,0.05,0.00,,9,,1,7,1,,9,,11,1,,2,,2,6,1,,1,,,,,,,,,,,,,,,,,,,,,,,,,,,51
406741,"Okaloosa County, FL, USA","Florida, USA","United States",30.399248996808,-86.603505001692,land,inland,2026-06-07,AOI,1,,1,1.86,3.06,0.00,,,,,3,,,,7,39,,3,1,,,15,2,11,1,1,,,,,,,,8,14,2,,,2,,4,1,,,,,,,,,26,140
406743,"Yolo County, CA, USA","California, USA","United States",38.558496666667,-121.725265,land,inland,2026-06-07,"putah creek council , davis picks it up",1,,1,2.52,0.04,0.00,,,2,,,,,,1,1,,,,,,1,,,,,,,1,,,,,,,,,,,,,1,11,7,,,,,,,6,31
406746,"King County, WA, USA","Washington, USA","United States",47.294885018748,-122.28356792867,land,freshwater,2026-06-07,"Woodsie’s Warrior",1,,1,0.54,0.02,0.00,,,,,2,,,,,7,,1,1,,4,,2,2,,,,,,,,,,,,,,,,1,,,,5,,,,,,,,25
406747,"Alameda County, CA, USA","California, USA","United States",37.565489443926,-122.0310288401,land,freshwater,2026-06-07,,2,,2,2.72,0.00,0.00,3,,,,,,,,,,,,,,,,,,,,,,,,,,,,,,,,,,,,,,,,,,,,,
406748,"Nevada County, CA, USA","California, USA","United States",39.28275068,-121.09085613,land,freshwater,2026-06-07,syrcl,1,,1,4.80,0.02,0.00,,2,2,7,10,9,2,5,4,12,,1,1,1,,9,1,,1,1,,,,,,,,,1,2,,,3,,,3,,,,,2,,,2,16,97
406749,"Milwaukee County, WI, USA","Wisconsin, USA","United States",43.148105771774,-87.931146494194,land,inland,2026-06-07,Peter,1,,1,0.31,1.06,0.00,,2,,,2,2,,,,,,,,,,,,,,,,,,,,,,,,,,,,,,,4,,,,,,,,5,15
406750,"Carteret County, NC, USA","North Carolina, USA","United States",34.79537958,-76.68127576,land,saltwater,2026-06-07,"Carteret Big Sweep",2,,2,28.72,0.02,0.00,,6,2,11,15,8,,3,8,44,9,1,4,1,,11,3,7,2,6,,,1,2,3,,7,,,1,2,1,3,,1,4,3,8,,,,,2,,,179
406751,"Milwaukee County, WI, USA","Wisconsin, USA","United States",43.142802602242,-87.926437121846,land,inland,2026-06-07,Peter,1,,1,0.13,1.12,0.00,,2,,,3,,,,,2,,,,,,,,,,,,,,,,,,,,,,,,,,,,,1,,,,,,22,30
406752,"Palm Beach County, FL, USA","Florida, USA","United States",26.428858431225,-80.069402541721,land,saltwater,2026-06-07,KPBCB,1,,1,0.91,0.00,0.00,1,,,,,,,,,,,,,,,,,,,,,,,,,,,,,,,,,,,,,,,,,,,,,
406754,"Yuba County, CA, USA","California, USA","United States",39.4521323,-121.048598,land,inland,2026-06-08,SYRCLL,2,,2,4.54,1.61,0.00,,,,,1,1,1,1,1,1,,,,,,1,,,,,,,,,,,,,,,,,,,,,,1,,,,,,1,1,10
406755,"Charleston County, SC, USA","South Carolina, USA","United States",32.52356387,-80.31537594,land,saltwater,2026-06-08,Frespace,2,,2,2.59,0.80,0.00,,,1,,2,,,,4,1,1,,,,,16,,2,1,2,,,,,,,,,,2,,,,,3,3,1,5,,,,,,,,44
406761,"South Central Connecticut Planning Region, CT, USA","Connecticut, USA","United States",41.246357556931,-72.534356034909,land,saltwater,2026-06-04,"Save the Sound & True Benefit",1,,1,3.17,2.92,0.00,,,,,,,,,2,9,,1,2,,,8,,6,1,,,,2,,,1,,2,,,,,,,,,2,7,,,,,,,40,83
406762,"Alameda County, CA, USA","California, USA","United States",37.834875379247,-122.22177256909,land,inland,2026-06-07,pacificbeachconservency,1,,1,2.70,0.01,0.00,,6,3,,3,7,,3,6,2,,5,,,,6,,,3,,,,1,,2,4,,2,3,1,,3,1,,,1,,1,2,,,1,,,13,79
406765,"Los Angeles County, CA, USA","California, USA","United States",34.099935233214,-117.9531525745,land,inland,2026-06-08,"viv n ivan go clean :3!",2,,2,2.49,0.00,0.00,,,5,,,,,4,,2,,,,,,,,,,,,,2,,,,,,,,,,,,,,,,,,,,,,,13
406768,"Los Angeles County, CA, USA","California, USA","United States",34.146682569441,-118.14894811329,land,inland,2026-06-06,,1,,1,0.91,0.00,0.00,1,,,,,,,,,,,,,,,,,,,,,,,,,,,,,,,,,,,,,,,,,,,,,
406772,"Los Angeles County, CA, USA","California, USA","United States",34.146670736777,-118.14892084702,land,inland,2026-06-08,,1,,1,1.50,0.00,0.00,,1,,2,4,1,,,,7,,1,1,,1,16,1,1,1,,,,,,1,1,2,1,,,,,,1,2,,6,,,,,1,,,,52
406773,"Los Angeles County, CA, USA","California, USA","United States",34.168829002914,-118.10114261788,land,inland,2026-06-08,,1,,1,1.82,0.00,0.00,,2,,5,2,,,1,,7,,,,,,3,,1,,,,,,,1,2,1,1,,1,,,,1,1,,3,,,,,,,,,32
406774,"Los Angeles County, CA, USA","California, USA","United States",34.168829002914,-118.10114261788,land,inland,2026-06-08,,1,,1,11.68,0.00,0.00,,1,,1,,4,,,,,,1,,1,1,,1,1,1,1,1,,1,1,,,,,,,,,,,,,,,,3,,,,,,19
406775,"Currituck County, NC, USA","North Carolina, USA","United States",36.40944206,-75.83230463,land,saltwater,2026-06-08,NEST,2,,2,2.54,16.09,0.00,,,1,2,2,20,2,,,,,,1,,,1,,,,,,,1,,,,,,5,,,,,,,2,,,,,,,,,,37
406776,"Volusia County, FL, USA","Florida, USA","United States",28.927832911501,-80.824024084964,land,saltwater,2026-06-08,Ranger,1,,1,1.27,1.61,0.00,,1,1,,1,,,,,,,,,,,,,,,,,,1,,,,,,,,,,,,,,,,,,,,,,,4
406777,"Erie County, NY, USA","New York, USA","United States",42.989688877235,-78.69625484717,land,inland,2026-06-08,,2,,2,2.68,6.44,0.00,,18,3,2,8,,17,8,12,,6,7,7,8,18,12,3,6,,,,,,,1,,,,,,,,,,,3,,,,,,,,,,139
406778,"Colleton County, SC, USA","South Carolina, USA","United States",32.504723738255,-80.294985141011,land,saltwater,2026-06-08,"Edisto Beach State Park Turtle Patrol",5,,5,1.27,0.05,0.00,,,,,,1,,,,,,,,,,1,,,,1,,,,,,,,,,,,,,,4,1,,8,,,,,,,,16
406780,"Charlotte County, FL, USA","Florida, USA","United States",26.860285230302,-82.30018238762,land,inland,2026-06-08,"Bocasob- Dmoon",1,,1,1.51,1.84,0.00,,1,1,,3,,,2,3,1,,,,1,,3,,1,,1,1,,,,,,,5,1,,,,,,,,,5,,,,,,,,29
406781,"Greater Bridgeport Planning Region, CT, USA","Connecticut, USA","United States",41.247515128947,-73.200732627527,land,inland,2026-06-08,"Trumbull cleanup",1,,1,0.27,0.06,0.00,,,,,,,,1,,,,,1,,,2,1,,,,,,,,,,,,,,,,,,,,3,1,,,,,,,10,19
406782,"Indian River County, FL, USA","Florida, USA","United States",27.651813582032,-80.354561803223,land,saltwater,2026-06-01,"Coastal Connections, Inc.",4,,4,4.24,1.21,0.00,,2,,2,,8,,,,2,,,,1,,7,2,2,1,1,,,1,,,4,,,,,,,,,,3,3,6,,,,,,1,2,48
406783,"Indian River County, FL, USA","Florida, USA","United States",27.651813582032,-80.354561803223,land,saltwater,2026-06-02,"Coastal Connections, Inc.",4,,4,6.17,1.21,0.00,,1,,,,,,5,2,19,,,3,,,7,1,3,,1,,,1,,,,1,,,1,,,,,2,,20,9,,,,,,,4,80
406784,"Indian River County, FL, USA","Florida, USA","United States",27.651813582032,-80.354561803223,land,saltwater,2026-06-03,"Coastal Connections, Inc.",4,,4,1.18,1.21,0.00,,,,,,,,,,,,,,,,,,,,,,,,,,,,,,,,,,,,,,,,,,,,,,
406785,"Indian River County, FL, USA","Florida, USA","United States",27.651813582032,-80.354561803223,land,saltwater,2026-06-04,"Coastal Connections, Inc.",4,,4,1.99,1.21,0.00,,,1,1,1,,,,4,7,,,4,,,2,,1,2,1,,,2,,,,,,2,,,,,,,3,21,2,,,,,,,9,63
406787,"Indian River County, FL, USA","Florida, USA","United States",27.651813582032,-80.354561803223,land,saltwater,2026-06-05,"Coastal Connections, Inc.",4,,4,1.30,1.21,0.00,,,2,,,,,,2,,,,2,,,2,1,1,,,,,,,,,5,,,,,,,,,,7,1,,,,,,,,23
406788,"Indian River County, FL, USA","Florida, USA","United States",27.651813582032,-80.354561803223,land,saltwater,2026-06-06,"Coastal Connections, Inc.",4,,4,2.57,1.21,0.00,,,,,,,,,,,,,,,,,,,,,,,,,,,,,,,,,,,,,,,,,,,,,,
406789,"Indian River County, FL, USA","Florida, USA","United States",27.651813582032,-80.354561803223,land,saltwater,2026-06-07,"Coastal Connections, Inc.",4,,4,3.29,1.21,0.00,,,,,,,,,,,,,,,,,,,,,,,,,,,,,,,,,,,,,,,,,,,,,,
406790,"Indian River County, FL, USA","Florida, USA","United States",27.651813582032,-80.354561803223,land,saltwater,2026-06-08,"Coastal Connections, Inc.",4,,4,2.36,1.21,0.00,,,,,,,,,,,,,,,,,,,,,,,,,,,,,,,,,,,,,,,,,,,,,,
406792,"Okaloosa County, FL, USA","Florida, USA","United States",30.399210870588,-86.603502734886,land,inland,2026-06-08,AOI,1,,1,1.72,2.90,0.00,,2,4,,5,,,1,5,13,5,,,,,,3,5,1,1,,,,,,,,3,,2,,,,,3,3,,,,,,,,,26,82
406796,"Rockingham County, VA, USA","Virginia, USA","United States",38.406906286958,-78.70065245773,land,inland,2026-06-08,RBH,1,,1,0.54,3.94,0.00,,2,11,,,,,,2,32,,,,,,8,,1,,,,,,,,1,,,,1,,2,,,2,1,4,36,,,,,,,3,106
406797,"Essex County, MA, USA","Massachusetts, USA","United States",42.830758219686,-70.814407284262,land,saltwater,2026-06-08,mohawk,35,,35,29.21,0.75,0.00,,3,57,9,30,19,,2,30,90,,3,6,,,,5,17,6,16,20,,2,,,43,7,10,,6,1,,4,1,,,,1,,,,2,,,57,447
406798,"Fairfax County, VA, USA","Virginia, USA","United States",38.86204059594,-77.19545558502,land,freshwater,2026-06-08,"GSS - Sarah Weller",2,,2,11.75,0.80,0.00,,,,,2,,,,2,29,,,,,,2,,,,2,,,,1,,3,,,,2,,,2,,,,3,3,,,2,,,,112,165
406799,"Fairfax County, VA, USA","Virginia, USA","United States",38.862055546792,-77.195402104376,land,inland,2026-06-07,"GSS - Sarah Weller",1,,1,0.91,0.00,0.00,1,,,,,,,,,,,,,,,,,,,,,,,,,,,,,,,,,,,,,,,,,,,,,
406800,"Brunswick County, NC, USA","North Carolina, USA","United States",33.889214477337,-78.434873374277,land,saltwater,2026-06-08,"Museum of Coastal Carolina",8,,8,71.84,0.00,0.00,,3,52,4,13,21,2,11,27,133,6,3,1,4,12,90,14,15,14,4,2,1,,,,1,,7,3,2,,1,1,,4,11,44,15,1,3,1,2,,,79,607
406801,"Yolo County, CA, USA","California, USA","United States",38.55852,-121.72534,land,inland,2026-06-08,"putah creek council , davis picks it up",1,,1,3.36,0.77,0.00,,,1,,,,,,,,,,,,,4,,,,,,,2,,,,,,,,,,,,,1,6,5,,,,,,,1,20
406802,"Volusia County, FL, USA","Florida, USA","United States",28.911148333333,-80.81214,land,inland,2026-06-08,"Canaveral national seashore",1,,1,6.73,7.60,0.00,,4,11,1,13,2,,2,46,3,7,1,5,2,4,7,7,15,9,,,,2,,,2,10,,6,,,,,,,2,14,10,,2,,,,2,40,229
406803,"King County, WA, USA","Washington, USA","United States",47.287906444636,-122.29147856786,land,freshwater,2026-06-08,"Woodsie’s Warrior",1,,1,0.82,1.03,0.00,,,,,,1,,,,15,,,,,1,6,,,,,,,,,,,,,,,,,,1,2,,,10,,,,,,,,36
406804,"Dare County, NC, USA","North Carolina, USA","United States",35.584419508637,-75.461772380663,land,saltwater,2026-06-08,"family Bǒlli",3,,3,0.43,0.60,0.00,,,,,1,,,,1,,,,,,,1,,,,,,,,,,,,1,,,,,,,,1,3,,,,,,,,2,10
406806,"Alameda County, CA, USA","California, USA","United States",37.565472655184,-122.03102559439,land,freshwater,2026-06-08,,2,,2,2.72,0.00,0.00,3,,,,,,,,,,,,,,,,,,,,,,,,,,,,,,,,,,,,,,,,,,,,,
406807,"Los Angeles County, CA, USA","California, USA","United States",34.105532455385,-117.95603539609,land,inland,2026-06-08,"viv n ivan go clean :3!",2,,2,3.63,2.57,0.00,,,,1,2,10,1,1,,3,7,1,2,,,,,,,,,,4,,,,,,,,,,,,,,,,,,,,,,,32
406808,"Broward County, FL, USA","Florida, USA","United States",25.985787070877,-80.117561080902,land,saltwater,2026-06-08,"Little Earth Hero",1,,1,4.04,0.11,0.00,,1,1,,2,1,,1,25,20,,,,,,,,18,4,3,,,,,,,1,,2,1,1,,,,1,,41,,,,,,,,32,155
406809,"Virginia Beach, VA, USA","Virginia, USA","United States",36.910715322621,-76.084504466067,land,saltwater,2026-06-08,"cvw 2026",3,,3,3.49,1.13,0.00,,1,5,2,4,,,,2,1,,,1,,,5,1,2,,,,,1,,,,,,,,,,,,,4,12,,,,,,,,,41
406810,"Virginia Beach, VA, USA","Virginia, USA","United States",36.911302014569,-76.084439720785,land,saltwater,2026-06-08,"CVW world ocean 26",2,,2,4.54,0.32,0.00,,4,3,,5,1,1,,19,1,,2,1,,1,1,,5,,1,,,6,1,,8,,1,,,,,,,8,,4,63,1,,,2,,,45,184
406811,"Virginia Beach, VA, USA","Virginia, USA","United States",36.91154153,-76.08468501,land,saltwater,2026-06-08,"CVW World Ocean Day 2026",1,,1,13.08,1.28,0.00,,,3,,1,1,,,3,7,,1,4,,2,4,,9,,,,,10,,,,,,,,,,,,,2,1,3,,,,1,,,,52
406812,"Virginia Beach, VA, USA","Virginia, USA","United States",36.910980741436,-76.084342216501,land,saltwater,2026-06-08,"CVW World Oceans Day 2026",1,,1,9.07,0.16,0.00,,4,1,,,3,,,2,2,,,1,2,,18,1,2,,6,5,,7,,,3,,3,2,5,,,1,,6,3,22,16,,,,,,,6,121
406813,"Virginia Beach, VA, USA","Virginia, USA","United States",36.919683362357,-76.131951184943,land,saltwater,2026-06-08,cvwworldocean26,1,,1,2.31,1.57,0.00,,,1,,1,3,2,1,6,23,,,,,,8,2,2,,2,,,,,,8,,,,,,,,1,,1,9,2,,,,,,,9,81
406814,"Niagara County, NY, USA","New York, USA","United States",43.027477666511,-78.854163987387,land,inland,2026-06-08,SPRUCE,1,,1,7.58,0.05,0.00,,4,4,1,108,82,1,,4,,1,4,36,,,78,8,5,1,,,,,,2,2,5,,,3,2,,,2,2,,3,5,,,1,2,,,,366
406818,"Western Connecticut Planning Region, CT, USA","Connecticut, USA","United States",41.099119626877,-73.409001154064,land,saltwater,2026-06-05,"Save the Sound",4,,4,3.43,0.48,0.00,,,,,3,,1,37,15,226,,,,,,14,,4,4,,,,,,,2,2,3,,,,2,,6,2,,31,11,,3,,,,1,167,534
406819,"Miami-Dade County, FL, USA","Florida, USA","United States",25.739288598005,-80.310100673429,land,inland,2026-06-05,"Youth Commission",5,,5,0.10,0.03,0.00,,,,,,,,3,,,,,,,1,1,,,,,,,,,,,,,,,,,,,,,,,,,,,,,,5
406821,"Los Angeles County, CA, USA","California, USA","United States",34.099974935613,-117.9531042285,land,inland,2026-06-08,"vivian cleans !",1,,1,1.41,1.56,0.00,,2,,,,2,3,2,,5,2,3,,,,2,,7,7,,,,,,2,,,,10,,,,,1,,5,,,,,,,1,,16,70
406827,"Dare County, NC, USA","North Carolina, USA","United States",35.590420092937,-75.462513053863,land,saltwater,2026-06-09,"family Bǒlli",1,,1,0.39,1.37,0.00,,,,,3,2,,,1,3,,,,,,,,,,,,,,,,,2,,2,,,,,,,,1,,,,,,,,,14
406828,"Volusia County, FL, USA","Florida, USA","United States",28.928295099249,-80.823859447354,land,saltwater,2026-06-09,Ranger,1,,1,0.33,0.22,0.00,,,4,,,,,,,,,,,,,,1,,,,,,,,,,1,,2,,,,,,,,3,,,,,,,,4,15
406829,"Greater Bridgeport Planning Region, CT, USA","Connecticut, USA","United States",41.247055372672,-73.20038410098,land,inland,2026-06-09,"Trumbull cleanup",1,,1,0.64,0.12,0.00,,,1,,,,,,1,,,,,,,4,,,,,,,,,,,,,,1,,,,1,,,,6,,,,,,,3,17
406831,"Baltimore, MD, USA","Maryland, USA","United States",39.285199008281,-76.607714796632,land,saltwater,2026-05-30,"National Aquarium Weekly Harbor Wetland Cleanup- May 30",3,,3,45.36,0.40,0.00,5,21,28,2,47,8,,9,95,76,5,5,35,,17,100,45,70,9,2,,,,,1,21,9,,2,,,,,,131,,19,14,3,,,5,,,2550,3329
406832,"Baltimore, MD, USA","Maryland, USA","United States",39.285199008281,-76.607714796632,land,saltwater,2026-06-06,"National Aquarium Weekly Harbor Wetland Cleanup- June 6",3,,3,36.29,0.40,0.00,4,11,16,,21,6,,,35,50,,,26,,4,38,23,24,1,,,,,,1,19,3,,1,,,,1,,88,,10,12,3,,,4,,1,675,1073
406833,"Colleton County, SC, USA","South Carolina, USA","United States",32.504815972922,-80.29471175261,land,saltwater,2026-06-09,"EBSP Turtle Patrol",2,,2,1.44,0.02,0.00,,,1,1,,1,,,1,6,,,,,,1,1,1,2,,,,,,,,,1,,,,,,,,2,7,5,,,,,,,,30
406835,"Flagler County, FL, USA","Florida, USA","United States",29.472586358574,-81.125509292304,land,saltwater,2026-06-06,"Keep Flagler Beach Beautiful - World Oceans Day Event",24,,24,57.02,3.22,0.00,,,,,,,,,,,,,,,,,,,,,,,,,,,,,,,,,,,,,,,,,,,,,,
406836,"Flagler County, FL, USA","Florida, USA","United States",29.476173020349,-81.127912551581,land,saltwater,2026-05-30,"Keep Flagler Beach Beautiful",32,,32,42.32,2.82,0.00,,,,,,,,,,7200,,,,,,,,,,,,,,,,,,,,,,,,,,,,,,,,,,,,7200
406837,"Rockingham County, VA, USA","Virginia, USA","United States",38.396872929333,-78.809724161475,land,inland,2026-06-09,RBH,1,,1,0.18,4.83,0.00,,,1,,5,,,,7,27,,,,,,18,,1,,,,,,,,,,,1,,,,,,1,2,8,29,,,,,,,12,112
406838,"King County, WA, USA","Washington, USA","United States",47.53173003919,-122.39659281482,land,saltwater,2026-06-06,"Puget Soundkeeper Alliance - World Oceans Day Event",26,,26,43.54,3.22,0.00,,,,,,,,,,,,,,,,,,,,,,,,,,,,,,,,,,,,,,,,,,,,,,
406840,"Lucas County, OH, USA","Ohio, USA","United States",41.6308809,-83.585275,land,inland,2026-06-08,"Toledo ZooTeens",10,,10,34.02,0.00,0.00,5,,,,,,,,,,,,,,,,,,,,,,,,,,,,,,,,,,,,,,,,,,,,,
406841,"Okaloosa County, FL, USA","Florida, USA","United States",30.399213018683,-86.60350384753,land,inland,2026-06-09,AOI,1,,1,1.68,2.90,0.00,,1,,,4,2,,,3,27,,,,,,8,1,4,1,1,,,,,,,,,1,,1,,,,3,8,,,,,,,,,33,98
406842,"Volusia County, FL, USA","Florida, USA","United States",29.0274345,-80.9231601,land,saltwater,2026-05-25,,1,,1,0.91,0.00,0.00,1,,,,,,,,,,,,,,,,,,,,,,,,,,,,,,,,,,,,,,,,,,,,,
406843,"Western Connecticut Planning Region, CT, USA","Connecticut, USA","United States",41.11298179498,-73.327316433776,land,saltwater,2026-06-09,"Save the Sound & Tauck",2,,2,6.11,0.43,0.00,,1,4,4,3,8,1,2,7,15,,6,14,,3,39,5,2,9,,,,,,,,1,4,1,1,,,1,1,7,3,20,26,,,,,,,15,203
406844,"Western Connecticut Planning Region, CT, USA","Connecticut, USA","United States",41.113863391849,-73.325763151043,land,saltwater,2026-06-09,"Save the Sound & Tauck",2,,2,0.75,0.14,0.00,,,,,,,,,2,5,,,,,,5,,1,,,,,,,,,,,,,,,,2,1,,5,5,,,,,,,5,31
406845,"Western Connecticut Planning Region, CT, USA","Connecticut, USA","United States",41.11399610955,-73.32546556931,land,inland,2026-06-09,"Save the Sound",5,,5,6.27,1.33,0.00,,4,5,3,1,2,,6,15,10,2,4,1,1,2,2,,9,3,2,,,,,,4,4,1,,2,,,1,3,6,10,5,7,,,,1,2,,21,139
406846,"Volusia County, FL, USA","Florida, USA","United States",29.0810843,-80.921179,land,saltwater,2026-05-31,"meet America",2,,2,5.44,0.00,0.00,6,,,,,,,,,,,,,,,,,,,,,,,,,,,,,,,,,,,,,,,,,,,,,
406847,"Volusia County, FL, USA","Florida, USA","United States",29.0810843,-80.921179,land,saltwater,2026-06-01,"meet America",2,,2,4.54,0.00,0.00,5,,,,,,,,,,,,,,,,,,,,,,,,,,,,,,,,,,,,,,,,,,,,,
406848,"Volusia County, FL, USA","Florida, USA","United States",29.15696571,-80.97147794,land,saltwater,2026-05-24,"meet America",2,,2,4.54,0.00,0.00,5,,,,,,,,,,,,,,,,,,,,,,,,,,,,,,,,,,,,,,,,,,,,,
406849,"Volusia County, FL, USA","Florida, USA","United States",29.0810843,-80.921179,land,saltwater,2026-06-08,"meet America",2,,2,2.72,0.00,0.00,3,,,,,,,,,,,,,,,,,,,,,,,,,,,,,,,,,,,,,,,,,,,,,
406850,"Volusia County, FL, USA","Florida, USA","United States",29.15696571,-80.97147794,land,saltwater,2026-06-09,"meet America",2,,2,1.81,0.00,0.00,2,,,,,,,,,,,,,,,,,,,,,,,,,,,,,,,,,,,,,,,,,,,,,
406851,"Volusia County, FL, USA","Florida, USA","United States",28.926530606613,-80.866583688282,land,saltwater,2026-06-09,Ranger,1,,1,3.18,2.41,0.00,,,3,,,,,,3,,,,2,,,,,,1,,1,,,,,1,,,1,,,,,,,2,5,,,,,,,,3,22
406852,"Alameda County, CA, USA","California, USA","United States",37.565432785358,-122.03111011596,land,inland,2026-06-09,,2,,2,2.72,0.00,0.00,3,,,,,,,,,,,,,,,,,,,,,,,,,,,,,,,,,,,,,,,,,,,,,
406853,"Palm Beach County, FL, USA","Florida, USA","United States",26.512822203228,-80.057261481112,land,saltwater,2026-06-09,Bocasob,1,,1,2.73,0.28,0.00,,2,3,,,1,,,4,,3,,,1,1,,1,2,1,1,1,,,,1,,2,2,,,,,3,,1,2,2,2,,,,,,,,36
406854,"Rockingham County, VA, USA","Virginia, USA","United States",38.405758275276,-78.703921098866,land,inland,2026-06-09,RBH,2,,2,2.95,2.37,0.00,,,1,,1,1,,,3,56,,,,1,,10,,1,1,,,,,,,2,,,,,,,,,2,2,12,24,,1,,,,,,118
406860,"San Francisco County, San Francisco, CA, USA","California, USA","United States",37.735658828169,-122.50682319514,land,saltwater,2026-06-06,"San Francisco Zoo",1,,1,0.26,0.01,0.00,,,1,,,1,,1,,,,,,1,,1,,,,,,,,,,1,,1,,1,,,,,,,,,,,,,,,1,9
406874,"Williamson County, TX, USA","Texas, USA","United States",30.6332618,-97.6779842,land,inland,2026-06-10,"Me, myself and I",1,,1,2.71,0.00,0.00,,,,,1,,,,1,,,,,1,,,,1,,,,,2,,,,,,,,,,,,,1,,,,,,,,,7,14
406882,"Colleton County, SC, USA","South Carolina, USA","United States",32.504933639844,-80.294512736477,land,saltwater,2026-06-10,"EBSP Turtle Patrol",3,,3,1.67,0.07,0.00,,,,,,,,,3,1,,,,,,3,1,,,,,,,,,,,,,2,,,1,,,1,14,2,,,,,,,,28
406883,"Colleton County, SC, USA","South Carolina, USA","United States",32.504735343104,-80.294865711259,land,saltwater,2026-06-10,"EBSP Turtle Patrol",3,,3,0.48,0.00,0.00,,1,,,1,,,,,,,,,,,,,,,1,,,,,,,,,,,,,,,,,,,,,,,,,,3
406884,"Greater Bridgeport Planning Region, CT, USA","Connecticut, USA","United States",41.247217677204,-73.200334190899,land,inland,2026-06-10,"Trumbull cleanup",1,,1,0.62,0.24,0.00,,,1,,,,,,,1,,,,,,1,,,,,,,,,,,,,,,,,,,,,4,6,,,,,,,5,18
406886,"Okaloosa County, FL, USA","Florida, USA","United States",30.399219535279,-86.603501519963,land,inland,2026-06-10,AOI,1,,1,1.27,3.38,0.00,,1,3,,3,2,,,7,19,,,,,,8,1,3,1,,,,,,,,,3,1,2,1,,,,,6,,,,,,,,,13,74
406887,"Yolo County, CA, USA","California, USA","United States",38.558451666667,-121.72525166667,land,inland,2026-06-10,"putah creek council , davis picks it up",1,,1,0.36,0.01,0.00,,,2,,1,1,,,,1,,,,,,1,,,,,,,,,,,,,,,,,,,,,3,2,,,,,,,,11
406889,"King County, WA, USA","Washington, USA","United States",47.294948743701,-122.28323953238,land,freshwater,2026-06-10,"Woodsie’s Warrior",1,,1,1.81,2.19,0.00,,,1,2,,1,,,,8,,2,,,,2,,1,,1,,,,,,,,2,,,2,,,,1,1,1,8,,,,,,,,33
406890,"Williamson County, TX, USA","Texas, USA","United States",30.688583866079,-97.683695755741,land,inland,2026-06-10,"GSS TRISHIA HYDEN",1,,1,1.16,1.55,0.00,,1,4,2,3,1,,2,6,11,5,3,3,2,,5,5,8,4,,,,,,1,1,,2,,,2,1,,1,2,,1,1,,,,,,,,77
406891,"San Diego County, CA, USA","California, USA","United States",32.7447861,-117.2476146,land,inland,2026-06-10,JP,1,,1,3.99,0.00,0.00,,,,,1,1,,1,1,45,,1,,,1,18,2,7,,,,,,,,4,1,,,2,,,,1,7,,16,33,,1,,,,,8,151
406892,"Alameda County, CA, USA","California, USA","United States",37.565472192493,-122.03102581201,land,inland,2026-06-10,,1,,1,0.91,0.00,0.00,1,,,,,,,,,,,,,,,,,,,,,,,,,,,,,,,,,,,,,,,,,,,,,
406893,"Santa Barbara County, CA, USA","California, USA","United States",34.71163809247,-120.47105156235,land,saltwater,2026-06-10,,5,,5,0.27,0.00,0.00,,,,,,,,,,2,,,,,,,,,,,,,,,,,,,,,,,,,,,,4,,,,,,,7,13
406894,"Broward County, FL, USA","Florida, USA","United States",25.992071859972,-80.1267920781,underwater,inland,2026-06-11,"Little Earth Hero",1,,1,1.52,0.22,0.00,,13,2,4,4,4,1,,6,4,,,,,,5,,,,,,,,,,,1,,,,,,,2,,,1,,,,,,,,8,55
406896,"Williamson County, TX, USA","Texas, USA","United States",30.6332618,-97.6779842,land,inland,2026-06-11,"Me, myself and I",1,,1,0.05,0.00,0.00,,,,,1,,,,1,,,,,,1,,,,,,,,,,,,,,,,,,,,,,,,,,,,,,5,8
406897,"Los Angeles County, CA, USA","California, USA","United States",34.103403291697,-118.26327726256,land,inland,2026-06-08,kenia,1,,1,0.35,0.07,0.00,,2,2,1,2,2,,,,,1,,,,,,,,1,,,,,,,,,,,,,,,,,,,,,,,,,,1,12
406898,"Los Angeles County, CA, USA","California, USA","United States",33.800891165623,-118.19898195107,land,inland,2026-06-10,,1,,1,0.60,1.66,0.00,,,,,2,1,,,,,,2,1,2,,5,1,1,1,,,,,,1,,2,,,1,,,,,,,,,,,,,,,,20
406899,"Los Angeles County, CA, USA","California, USA","United States",33.800302373026,-118.19836608289,land,inland,2026-06-09,,1,,1,0.91,0.00,0.00,1,,,,,,,,,,,,,,,,,,,,,,,,,,,,,,,,,,,,,,,,,,,,,
406902,"Chautauqua County, NY, USA","New York, USA","United States",42.495129832353,-79.321313520781,land,freshwater,2026-06-10,,2,,2,0.91,0.00,0.00,1,,,,,,,,,,,,,,,,,,,,,,,,,,,,,,,,,,,,,,,,,,,,,
406904,"Pinellas County, FL, USA","Florida, USA","United States",27.6848119314,-82.737859513848,land,saltwater,2026-06-11,,1,,1,6.64,2.95,0.00,,,1,,1,2,1,2,13,25,,,2,,,17,5,16,2,2,,,,,,,3,21,,1,,2,2,1,,5,11,40,,1,,,,,1,177
406905,"Greater Bridgeport Planning Region, CT, USA","Connecticut, USA","United States",41.253487749936,-73.206592936235,land,inland,2026-06-11,"Trumbull cleanup",1,,1,0.34,0.77,0.00,,,2,,,,,,1,1,,,,,,1,,,,,,,,,,,,,,,,,,,,,1,4,,,,,,,9,19
406906,"Colleton County, SC, USA","South Carolina, USA","United States",32.508533568338,-80.290182042577,land,saltwater,2026-06-10,"Edisto Beach Turtle Patrol",2,,2,0.37,0.00,0.00,,,,,5,,,,,,,,,,,3,,,,,,,,,,,,,1,,,,,1,,,2,1,,,,,,,1,14
406907,"Colleton County, SC, USA","South Carolina, USA","United States",32.504758479971,-80.294850419637,land,saltwater,2026-06-11,"Edisto Beach Turtle Patrol",3,,3,0.08,0.00,0.00,,,3,,,1,,,2,4,,,,,,2,,,,,,,,,,,,,,,,,,,,,,,,,,,,,,12
406913,"Miami-Dade County, FL, USA","Florida, USA","United States",25.75084,-80.14605227,land,saltwater,2026-06-11,MUVE,1,,1,7.00,0.40,0.00,,5,7,1,3,,1,,23,,3,1,6,3,4,15,,14,4,7,,,1,,,1,3,4,,1,,,,,1,1,15,,1,,,,,,21,146
406919,"King County, WA, USA","Washington, USA","United States",47.294834874102,-122.28345072895,land,freshwater,2026-06-11,"Woodsie’s Warrior",1,,1,0.29,0.02,0.00,,,,,1,2,,,,5,,,,,,2,,,,,,,,,,,,,,,,,,,1,,,3,,,,,,,,14
406921,"Yolo County, CA, USA","California, USA","United States",38.558555,-121.72536,land,inland,2026-06-11,"putah creek council , davis picks it up",1,,1,0.58,0.01,0.00,,,1,,,3,,,,,,,,,,,,,,,,,,,,,,,,,,,,,,,6,3,,,,,,,3,16
406922,"Virginia Beach, VA, USA","Virginia, USA","United States",36.883431674635,-76.133991092191,land,saltwater,2026-06-08,,2,,2,4.54,1.61,0.00,1,3,,,,,,,7,3,,,,,,2,1,1,,3,1,,8,,,,,,,2,3,,1,1,5,2,2,3,,,,,,,15,63
406924,"Queens County, NY, USA","New York, USA","United States",40.585866042929,-73.809860872882,land,saltwater,2026-06-11,7,4,,4,18.34,0.21,0.00,,5,4,3,4,2,3,5,1,12,2,,,1,,5,2,2,2,3,,,11,,,,,1,4,,1,3,,1,1,4,1,22,,,,,,,,105
406925,"Capitol Planning Region, CT, USA","Connecticut, USA","United States",41.776653832099,-72.521694888718,land,inland,2026-06-11,IT,2,,2,3.29,2.17,0.00,,,17,7,11,2,,2,10,40,4,2,2,1,4,38,,5,2,,,,,,,,,,,,,,,,,,3,5,,,,,,,4,159
406926,"Queens County, NY, USA","New York, USA","United States",40.584471523221,-73.812266000171,land,saltwater,2026-06-11,"group 8",4,,4,4.19,0.31,0.00,,1,5,4,7,4,,3,4,,,1,3,1,4,6,,2,,1,1,,,,1,1,2,,,,,,,5,14,1,10,4,,,,,,,3,88
406927,"Volusia County, FL, USA","Florida, USA","United States",28.936193333333,-80.829258333333,land,inland,2026-06-11,"Canaveral national seashore",1,,1,11.02,1.13,0.00,,8,15,3,14,4,1,1,35,5,,1,5,2,6,10,5,16,12,3,3,,2,,,,4,,7,2,,,,,2,2,12,27,1,3,,3,,1,20,235
406928,"Queens County, NY, USA","New York, USA","United States",40.584547976377,-73.811859732009,land,saltwater,2026-06-11,"Team 6",4,,4,7.67,1.93,0.00,,7,2,3,21,15,2,7,14,57,,18,2,,2,9,1,7,8,,,,,,,4,,,22,3,2,,1,2,,,18,59,,,,,,,95,381
406931,"Queens County, NY, USA","New York, USA","United States",40.584808618892,-73.811844123552,land,saltwater,2026-06-11,"CNS Group 5",3,,3,8.71,0.48,0.00,,11,5,9,12,9,5,,13,34,1,5,11,,4,87,4,9,17,,,,1,,,,4,,1,5,1,2,1,4,,5,6,2,,2,,,,,13,283
406932,"Queens County, NY, USA","New York, USA","United States",40.592312127697,-73.788359400192,land,saltwater,2026-06-11,"CNS Green Team",4,,4,7.67,0.00,0.00,,5,9,9,7,2,10,4,7,36,6,6,1,,4,6,5,6,1,,,,4,,,,,,,,1,,,1,,,,,,,,,,1,23,154
406933,"Queens County, NY, USA","New York, USA","United States",40.58462224472,-73.8118500178,land,saltwater,2026-06-11,,3,,3,4.76,0.16,0.00,,4,8,3,8,4,1,11,11,154,1,22,7,,4,25,2,8,4,1,,,,,,,,,,3,1,,,7,,,5,23,,,,2,,,10,329
406934,"Queens County, NY, USA","New York, USA","United States",40.584683359742,-73.812334615926,land,saltwater,2026-06-11,"group 1",4,,4,0.30,0.62,0.00,,2,5,,3,,1,,5,7,,12,3,,,,1,,1,,,,,,,,,,,,,,,,,,,,,,,,,,,40
406935,"Queens County, NY, USA","New York, USA","United States",40.584172457574,-73.813904398931,land,saltwater,2026-06-11,"team 4",4,,4,6.80,0.88,0.00,,6,8,6,12,7,5,10,19,78,,10,7,3,1,38,24,19,12,,,,,,,,4,,,4,,,,9,2,2,6,26,,,,9,3,,70,400
406936,"Loudoun County, VA, USA","Virginia, USA","United States",38.908734162046,-77.56587273099,land,freshwater,2026-06-11,,2,,2,10.85,0.06,0.00,,13,42,4,67,39,7,,15,2,3,6,12,,4,57,6,5,3,,,,,,1,19,1,,,,1,,,5,1,18,15,1,1,,,1,,,4,353
406937,"Okaloosa County, FL, USA","Florida, USA","United States",30.399276924398,-86.603524430301,land,inland,2026-06-11,AOI,1,,1,1.36,3.54,0.00,,,,1,3,,,1,4,24,,3,1,,,3,2,4,1,,,,,,,,,6,,3,,,,,1,2,,3,,,1,,,,19,82
406938,"Erie County, NY, USA","New York, USA","United States",42.843669588243,-78.859251208653,land,freshwater,2026-06-11,"BNW GLGR Gallagher",26,,26,3.95,2.68,0.00,,,4,2,17,5,,,105,149,1,1,15,,,50,,69,,2,,,,,,2,,2,19,,,,,,44,,,,4,,,,,,31,522
406939,"Colleton County, SC, USA","South Carolina, USA","United States",32.504037142072,-80.297331836589,land,saltwater,2026-06-11,Frespace,2,,2,1.50,2.25,0.00,,2,1,1,,1,,,,,,,,,,2,,2,,,,,,,,,,,,2,,,,,,4,,,,,,,1,,,16
406940,"Essex County, MA, USA","Massachusetts, USA","United States",42.824816245602,-70.812476706443,land,inland,2026-06-08,MA-CZM-,1,,1,7.99,0.19,0.00,,13,,20,,1,,1,,21,,,,,,,,9,,7,,,,,,,,,,,2,1,,,,,,,,,,,,2,18,95
406942,"Virginia Beach, VA, USA","Virginia, USA","United States",36.919409437146,-76.131811221351,land,saltwater,2026-06-08,"CVW world ocean 26",1,,1,0.33,1.46,0.00,,,,,1,,,4,5,12,,,,,,3,,4,,,,,,,,,,,1,1,,,,,3,,1,,,,,,,,4,39
406944,"Williamson County, TX, USA","Texas, USA","United States",30.6332618,-97.6779842,land,inland,2026-06-12,"Me, myself and I",1,,1,0.29,0.00,0.00,,,,,2,,,,1,1,,,,,,2,,,,,,,,,,,,,,1,,,,,,,,1,,,,,,,8,16
406947,"Los Angeles County, CA, USA","California, USA","United States",34.151808448232,-118.11307512493,land,inland,2026-06-12,"pcc geography",1,,1,60.44,5.55,0.00,,6,3,,7,9,,,,,1,1,3,1,3,1,2,,,,2,1,,,,,,1,,,,,,6,1,,1,6,,,,,,,2,57
406948,"Mendocino County, CA, USA","California, USA","United States",39.445723,-123.8052935,land,saltwater,2026-06-11,,1,,1,0.91,0.00,0.00,1,,,,,,,,,,,,,,,,,,,,,,,,,,,,,,,,,,,,,,,,,,,,,
406951,"Sussex County, VA, USA","Virginia, USA","United States",36.786872932166,-77.444596565523,watercraft,inland,2026-06-10,"Blackwater Nottoway Riverguard",1,,1,0.91,0.00,0.00,1,,,,,,,,,,,,,,,,,,,,,,,,,,,,,,,,,,,,,,,,,,,,,
406953,"Brunswick County, NC, USA","North Carolina, USA","United States",33.867757716713,-78.506630540929,land,saltwater,2026-06-12,"East Sunset Beach",4,,4,1.09,0.00,0.00,,,1,1,1,1,,1,,,,,1,,,,1,1,2,,1,,,,,,,,,,,,,,,,4,,,,,,,,7,22
406954,"Southeastern Connecticut Planning Region, CT, USA","Connecticut, USA","United States",41.316535351372,-72.090730335102,land,saltwater,2026-06-12,"Save the Sound",1,,1,0.07,0.13,0.00,,,,,,,,,2,5,,,,,,4,,,2,,,,,,,,,,,,,,,,,,,,,,,,,,,13
406955,"Volusia County, FL, USA","Florida, USA","United States",28.928286603864,-80.823860800011,land,saltwater,2026-06-12,Ranger,1,,1,2.54,0.00,0.00,,,4,,,,,,2,,,,2,,,,,,,1,1,,1,,,,2,,3,,,,,,,,,,,,,,,,5,21
406957,"Greater Bridgeport Planning Region, CT, USA","Connecticut, USA","United States",41.253328283115,-73.206548668291,land,inland,2026-06-12,"Trumbull cleanup",1,,1,0.12,0.18,0.00,,,,,,,,,,,,,,,,,,,,,,,,,,,,,,,,,,,,,1,1,,,,,,,3,5
406958,"Colleton County, SC, USA","South Carolina, USA","United States",32.504734025469,-80.29479341386,land,saltwater,2026-06-12,EBSPTURTLEPATROL,2,,2,2.55,0.07,0.00,,,3,,,,2,,2,9,,1,2,,,7,,2,1,1,,,,,,1,,1,1,5,,,,,,3,,7,,,,,,,8,56
406962,"Okaloosa County, FL, USA","Florida, USA","United States",30.399206295467,-86.603507905076,land,inland,2026-06-12,AOI,1,,1,1.72,3.06,0.00,,1,,,4,1,,1,6,26,,2,,1,2,6,,2,1,1,,,,,,,2,3,,3,,,,,,3,,4,,,,1,,,8,78
406963,"Rockingham County, VA, USA","Virginia, USA","United States",38.405408000668,-78.721202064808,land,inland,2026-06-12,RBH,2,,2,0.36,2.90,0.00,,,,,,,,,,5,,,,,,4,,1,,1,,,,,,,,,,,,,,,,,7,6,,,,,,,3,27
406966,"Pinellas County, FL, USA","Florida, USA","United States",28.019784478553,-82.743329015936,land,saltwater,2026-06-12,"Tiffanie Kaiyen",1,,1,3.17,0.00,0.00,,6,,7,,6,,7,,7,,,,5,6,,1,8,,1,1,,,,26,,,,,,,,,,,,,,,,,,,,,81
406967,"Alameda County, CA, USA","California, USA","United States",37.565478335493,-122.03103999837,land,freshwater,2026-06-12,,2,,2,1.81,0.00,0.00,2,,,,,,,,,,,,,,,,,,,,,,,,,,,,,,,,,,,,,,,,,,,,,
406968,"Yolo County, CA, USA","California, USA","United States",38.558173333333,-121.72547,land,inland,2026-06-12,"putah creek council , davis picks it up",1,,1,0.21,1.09,0.00,,,4,,,,,,,,,,,,,,,,,,,,,,,,,,,,,,,,,,2,1,,,,,,,1,8
406969,"Delaware County, PA, USA","Pennsylvania, USA","United States",39.990940138934,-75.29252812783,land,inland,2026-06-12,"gss-cindy mcgoldrick",1,,1,2.13,0.00,0.00,,2,5,2,8,5,1,2,7,2,,,1,,,48,1,1,,1,,,,,,,,,,1,,,,,,,,1,,,,,,,,88
406970,"San Mateo County, CA, USA","California, USA","United States",37.597189025066,-122.50356543815,land,saltwater,2026-06-12,Abilitypath,6,,6,6.71,1.99,0.00,,,1,2,2,7,4,12,4,58,,6,5,,2,42,10,10,1,,,,,,,,2,6,,5,,,,,,4,12,43,,1,,,,,19,258
406971,"Virginia Beach, VA, USA","Virginia, USA","United States",36.911335765447,-76.105395565585,land,saltwater,2026-06-12,,1,,1,3.38,0.53,0.00,,,,1,,,,1,1,2,,,,,,1,,2,,,,,2,,1,,,,,1,,,1,,,1,1,1,,,,,,,1,17
406972,"San Mateo County, CA, USA","California, USA","United States",37.464524909507,-122.44558986227,land,saltwater,2026-06-11,fedo,1,,1,0.21,0.03,0.00,,,,,1,,,2,,1,,,,,,5,1,1,,,,,,,,,,1,,,,,,,,,2,,,,,,,,,14
406973,"St. Lucie County, FL, USA","Florida, USA","United States",27.416225742225,-80.281764852559,watercraft,saltwater,2026-05-17,freese,1,,1,0.23,0.02,0.00,,,,,,,,,,,,,,,,,,,,,,,,,,,,,,,,,,,,1,,,,,,,,,,1
406974,"San Mateo County, CA, USA","California, USA","United States",37.479662860573,-122.44860937619,land,saltwater,2026-06-12,fedo,1,,1,0.23,0.16,0.00,,,,,,,,1,,19,,,,,,9,,,,,,,,,,,,,1,,,,,,,,1,2,,,,,,,3,36
406976,"Western Connecticut Planning Region, CT, USA","Connecticut, USA","United States",41.113512227306,-73.32687522737,land,saltwater,2026-06-09,"Save the Sound Tauck",4,,4,10.96,2.37,0.00,,,4,,,2,,5,17,56,,,6,,,36,1,4,7,,,,,,,5,4,1,2,1,,,,,,,102,68,,,,,,,3,324
406977,"Western Connecticut Planning Region, CT, USA","Connecticut, USA","United States",41.112692443107,-73.327516647756,land,saltwater,2026-06-09,"Save the Sound & Tauck",1,,1,2.82,0.25,0.00,,,,,1,1,,,6,2,,,,,,6,1,4,6,3,,,,,,,,1,,,,,,,,1,8,10,,,,,,,10,60
406978,"Rockingham County, VA, USA","Virginia, USA","United States",38.405893271322,-78.703483238807,land,inland,2026-06-13,RBH,1,,1,0.09,2.88,0.00,,,1,,,,,1,1,13,,,,,,6,,,,,,,,,,,,,,,,,,,1,3,4,5,,,,,,,,35
406980,"King County, WA, USA","Washington, USA","United States",47.287899056721,-122.29147091819,land,freshwater,2026-06-12,"Woodsie’s Warrior",1,,1,0.17,1.01,0.00,,,,,,3,1,,,6,,5,,,,1,2,,,,,,,,,,,,,,1,,,,3,,,,,1,,,,,,23
406982,"Honolulu County, HI, USA","Hawaii, USA","United States",21.444335016667,-157.73704103333,land,saltwater,2026-06-13,,1,,1,3.55,0.93,0.00,,,,,,,,,,,,,,,,,,,,4,,,,,,,1,,,,,,1,,,,26,,,,,,,,18,50
406987,"Kings County, Brooklyn, NY, USA","New York, USA","United States",40.645517869265,-73.902661387232,land,saltwater,2026-06-13,"NYC H2O Canarsie Beach Cleanup 6/13",1,,1,0.01,0.04,0.00,,1,,,,,,,,,,,,,,,,,,,,,,,,,,,,,,,,,,,,,,,,,,,,1
406988,"Greater Bridgeport Planning Region, CT, USA","Connecticut, USA","United States",41.259840651185,-73.204871909821,land,inland,2026-06-13,"Trumbull cleanup",1,,1,1.92,0.85,0.00,,,2,,5,2,,,,,,3,2,,,5,5,4,2,,,,,,,,,,,2,,,,1,,,7,14,,,,,,,,54
406989,"Kings County, Brooklyn, NY, USA","New York, USA","United States",40.632405937605,-73.883252790944,land,saltwater,2026-06-13,"NYC H2O",1,,1,4.90,0.57,0.00,,26,1,13,2,1,,1,31,,,,5,,,18,5,7,,,,,,,,,,,,5,,,,,,,8,1,,,,1,,,21,146
406990,"Colleton County, SC, USA","South Carolina, USA","United States",32.50495892,-80.29463268,land,saltwater,2026-06-13,"Edisto Beach",2,,2,0.46,0.04,0.00,,,1,,,,,,,,,1,,,,1,,,2,,,,,,,2,,,,,,,,,4,1,,1,,,,,,,,13
406991,"Erie County, NY, USA","New York, USA","United States",42.938132343441,-78.892937817059,land,inland,2026-06-13,"BNW-Believe in Black Rock",1,,1,2.09,0.07,0.00,,,1,1,2,3,1,4,5,30,,2,1,,,10,5,2,,,,,,,,,,,,,,,1,,,,20,4,,,,1,,,9,102
406994,"Virginia Beach, VA, USA","Virginia, USA","United States",36.815347540919,-75.988926640852,land,inland,2026-06-13,,1,,1,4.81,0.00,0.00,1,,,,,,,,,,,,,,,,,,,,,,,,,,,,,,,,,,,,,,,,,,,,,
406995,"Okaloosa County, FL, USA","Florida, USA","United States",30.399202703235,-86.603515710859,land,inland,2026-06-13,AOI,1,,1,2.72,4.02,0.00,,1,7,,9,7,,,15,40,6,7,,,,12,6,16,,,,,,,,,,7,2,3,,,,,4,4,5,5,,,,,,,26,182
406996,"Southeastern Connecticut Planning Region, CT, USA","Connecticut, USA","United States",41.335715,-72.033408333333,land,saltwater,2026-06-13,"Mystic Aquarium",1,,1,1.08,0.02,0.00,,,2,,,,,1,1,,,,1,,1,3,,2,,,,,,,,,,1,,1,,,,,,,,13,,,,,,,2,28
406997,"Rockingham County, VA, USA","Virginia, USA","United States",38.40534047842,-78.708236997171,land,inland,2026-06-13,RBH,1,,1,0.09,4.51,0.00,,,,,,,1,,,13,,,,,,4,,1,,,,,,,,,,,,,,,,,,2,2,9,,,,,,,2,34
406999,"St. Clair County, MI, USA","Michigan, USA","United States",43.019356345844,-82.430135830757,land,freshwater,2026-06-13,GLGR,1,,1,0.91,0.00,0.00,1,,,,,,,,,,,,,,,,,,,,,,,,,,,,,,,,,,,,,,,,,,,,,
407000,"St. Clair County, MI, USA","Michigan, USA","United States",43.019171527259,-82.430644892364,land,freshwater,2026-06-13,GLGR,1,,1,4.89,0.08,0.00,,,,,1,1,,56,71,251,,,,,,10,,4,1,,,,,,,,,,,,,,,,,,67,13,,1,,,,,310,786
407001,"Alameda County, CA, USA","California, USA","United States",37.565471807397,-122.0310258658,land,inland,2026-06-13,,2,,2,2.72,0.00,0.00,3,,,,,,,,,,,,,,,,,,,,,,,,,,,,,,,,,,,,,,,,,,,,,
407002,"Miami-Dade County, FL, USA","Florida, USA","United States",25.715513814435,-80.151291236863,land,saltwater,2026-06-13,"MAST @ Homestead Key Club",3,,3,5.45,0.12,0.00,,,1,5,60,1,,,3,,,2,1,,2,,1,,,,,,1,,,,2,1,,4,,,2,,,,2,4,,,,,,,46,138
407003,"Providence County, RI, USA","Rhode Island, USA","United States",41.824139443495,-71.40849057015,land,inland,2026-06-13,"Ranti and Adedayo",2,,2,4.69,0.13,0.00,,,,2,9,5,4,1,1,27,1,3,2,1,,3,2,4,,,1,,2,,,,,,,2,,1,,,,,,7,,,,,,,1,79
407004,"Providence County, RI, USA","Rhode Island, USA","United States",41.82486245,-71.40917139,land,saltwater,2026-06-13,UYS,1,,1,1.38,0.83,0.00,,4,,5,2,3,,,1,81,,2,,,,,,,,,,,,,,,,,,,,,,1,3,,,,,,,,,,,102
407005,"Providence County, RI, USA","Rhode Island, USA","United States",41.823906980221,-71.408585832016,land,inland,2026-06-13,"United Youth Subcommittee",15,,15,13.46,0.55,0.00,,21,16,30,18,14,4,24,7,159,4,2,,2,,7,1,14,,,,,,,,,5,,,10,35,,,4,50,7,5,,3,,,,5,,12,459
407006,"King County, WA, USA","Washington, USA","United States",47.29481926668,-122.28344594181,land,freshwater,2026-06-13,"Woodsie’s Warrior",1,,1,2.17,0.00,0.00,,,,,1,1,,,,,,,,,,5,1,,,,,,1,,,,,,,,,,,,1,,6,8,,,,,,,,24
407007,"Providence County, RI, USA","Rhode Island, USA","United States",41.846841863136,-71.436460764527,land,inland,2026-06-13,"United Youth Subcommittee",15,,15,13.61,0.00,0.00,2,,,,,,,,,,,,,,,,,,,,,,,,,,,,,,,,,,,,,,,,,,,,,
407008,"Virginia Beach, VA, USA","Virginia, USA","United States",36.8516437,-75.9792194,land,saltwater,2026-06-12,,1,,1,0.22,0.00,0.00,,4,,,3,,,,3,3,5,,2,,2,,,,,,,,,,,,,3,,,,,,,,,,,,,,,,,,25
407009,"Kings County, Brooklyn, NY, USA","New York, USA","United States",40.630010218076,-73.885006157928,land,saltwater,2026-06-13,"NYC H2O",1,,1,4.98,0.10,0.00,,16,10,2,33,4,3,,61,8,1,1,7,,,62,2,25,5,,,,,,,,1,,2,,,,,,1,3,29,,,,,1,,,1,278
407011,"San Mateo County, CA, USA","California, USA","United States",37.579829847205,-122.47284350493,land,inland,2026-06-14,"pacifica beach coalition",1,,1,0.17,0.15,0.00,,1,1,,1,,,,1,,,,,,,,,,,,,,,,,,,,,,,,,,,,,2,,,,,,,,6
407015,"St. Clair County, MI, USA","Michigan, USA","United States",43.019287122835,-82.427979883737,land,freshwater,2026-06-13,GLGR,2,,2,1.32,2.09,0.00,,1,,,,,,3,7,11,1,,,,,2,1,2,,,,,,,,,,,,,,,,,,1,,16,,,,,,,11,56
407022,"Greater Bridgeport Planning Region, CT, USA","Connecticut, USA","United States",41.251520492962,-73.20514432848,land,inland,2026-06-14,"Trumbull cleanup",1,,1,1.85,3.55,0.00,,,4,,3,,,,,,,,1,,,1,,,,,,,,,,,,,,,,,,2,,,2,24,,,,,,,,37
407023,"Colleton County, SC, USA","South Carolina, USA","United States",32.504768936071,-80.294757075203,land,saltwater,2026-06-14,"EBSP Turtle Patrol",5,,5,1.01,0.08,0.00,,,,,3,7,1,1,3,6,1,,1,,1,4,2,1,,,,,,,,,,,,,,,1,,,,7,2,,,,,,,,41
407027,"Okaloosa County, FL, USA","Florida, USA","United States",30.398977799263,-86.60282445083,land,inland,2026-06-14,AOI,1,,1,1.59,3.54,0.00,,1,6,,13,3,,,8,28,,,,,2,,,3,,,,,,,,,,3,2,2,,,,,2,5,,,1,,,,,,17,96
407028,"Yolo County, CA, USA","California, USA","United States",38.558596666667,-121.72531333333,land,inland,2026-06-14,"putah creek council , davis picks it up",1,,1,54.69,0.03,0.00,,6,1,33,44,33,,7,10,55,4,2,4,3,2,1,33,33,22,2,,,2,1,,,2,4,2,22,,3,2,,,9,222,222,,3,,1,,,223,1013
407029,"Loudoun County, VA, USA","Virginia, USA","United States",38.90088919626,-77.55733697917,land,inland,2026-06-14,"gautam reshma",1,,1,3.50,0.03,0.00,,2,3,,4,5,2,2,,,,,,,,7,,,1,3,2,,,,,,,,,3,,,,,,1,,,,,,,,,1,36
407031,"Grand Traverse County, MI, USA","Michigan, USA","United States",44.756660903863,-85.608631331286,land,freshwater,2026-06-14,glgr,2,,2,0.73,0.10,0.00,,1,2,,10,9,,,,2,,2,,,,,,,1,,,,,,,,,2,,,,,,,,,,4,1,4,,,,5,,43
407032,"Grand Traverse County, MI, USA","Michigan, USA","United States",44.757056739181,-85.612495886162,land,freshwater,2026-06-14,,1,,1,7.17,0.11,0.00,,6,,6,,10,,2,3,11,,,,,,6,3,4,,1,,,3,,,1,2,2,,2,2,,2,,5,,,5,,,,,,,10,86
407033,"Virginia Beach, VA, USA","Virginia, USA","United States",36.672549188483,-75.915666142722,land,saltwater,2026-06-14,"CVW  Back Bay NWR",1,,1,0.87,0.08,0.00,,1,,1,,,1,,2,2,,,1,,,2,1,1,,1,,,,,,2,,2,2,,,,,,3,,,,,,,,,,10,32
407034,"Rockingham County, VA, USA","Virginia, USA","United States",38.405903140524,-78.703850641185,land,inland,2026-06-14,RBH,1,,1,0.14,0.80,0.00,,,,,,,,,,15,,,1,,,4,,,,,,,,,,,,1,,,,1,,,1,1,7,4,,,,,,,,35
407035,"Grand Traverse County, MI, USA","Michigan, USA","United States",44.75685631001,-85.608794513675,land,freshwater,2026-06-14,GLGR,2,,2,2.47,0.07,0.00,,6,,1,4,3,,6,4,30,,,,,,5,,4,3,,3,,,,,,,5,,,,,,,,,1,3,,,,,,,,78
407036,"Virginia Beach, VA, USA","Virginia, USA","United States",36.674094133641,-75.913086148807,land,saltwater,2026-06-14,CVW,1,,1,1.13,0.03,0.00,,,,,1,,,,,,,,,,,,1,,,2,,,,,,,,,2,,,,,,1,,2,1,,,,,,,,10
407037,"Loudoun County, VA, USA","Virginia, USA","United States",38.908148877472,-77.5669813193,land,freshwater,2026-06-14,,3,,3,11.92,0.44,0.00,,1,11,2,36,7,5,2,9,1,3,,10,4,2,59,1,2,3,,,,,,,8,9,7,,,2,,,9,4,11,52,34,,,,4,,,34,332
407038,"Yolo County, CA, USA","California, USA","United States",38.558628333333,-121.725375,land,inland,2026-06-14,"putah creek council , davis picks it up",1,,1,0.28,0.60,0.00,,,1,,,2,1,,1,,,,,,,,,,,,,,,,,,,,,,,,,,,,2,2,,,,,,,2,11
407039,"Loudoun County, VA, USA","Virginia, USA","United States",38.912534070746,-77.531565580325,land,inland,2026-06-14,ymsl,2,,2,3.52,1.73,0.00,,,4,3,11,7,,,7,9,2,,1,2,1,6,2,1,1,,,,,,,2,14,1,,,,,,1,1,,7,2,,,,,,,6,91
407040,"Harrisonburg, VA, USA","Virginia, USA","United States",38.44356260266,-78.897277666329,land,inland,2026-06-14,RBH,1,,1,1.27,2.96,0.00,,1,2,,15,1,6,5,30,54,,1,3,,,43,2,6,6,,,,,,,,,,13,9,,,,1,,,12,55,,,,,,,,265
407041,"King County, WA, USA","Washington, USA","United States",47.294870013407,-122.28348402998,land,freshwater,2026-06-14,"Woodsie’s Warrior",1,,1,0.65,0.05,0.00,,,,1,1,2,,,,6,,1,,,,3,1,1,,,,,,,,,,,,,,,,,,,1,4,,,,,,,,21
407043,"Contra Costa County, CA, USA","California, USA","United States",37.884807504034,-122.13893497918,land,inland,2026-06-14,jackw,2,,2,5.26,4.83,0.00,,,1,1,2,1,,7,6,30,,,,,,14,,3,2,9,,,,,,,,,6,1,1,,1,,,,,4,,,,2,,,16,107
407044,"Palm Beach County, FL, USA","Florida, USA","United States",26.588314911371,-80.051672382008,land,inland,2026-06-14,"Bocasob- Dmoon",1,,1,3.40,0.00,0.00,1,,,,,,,,,,,,,,,,,,,,,,,,,,,,,,,,,,,,,,,,,,,,,
407045,"Palm Beach County, FL, USA","Florida, USA","United States",26.587240288799,-80.050294946441,land,inland,2026-06-14,"Bocasob- Dmoon",1,,1,3.40,0.00,0.00,1,,,,,,,,,,,,,,,,,,,,,,,,,,,,,,,,,,,,,,,,,,,,,
407046,"Loudoun County, VA, USA","Virginia, USA","United States",38.890841140445,-77.493641150448,land,freshwater,2026-06-14,reidy,2,,2,2.00,4.02,0.00,,,6,4,3,2,8,1,,4,6,3,4,2,4,10,1,6,1,1,,,,,,,,,,,,,,,,,,,,,,,,,,66
407047,"Charleston County, SC, USA","South Carolina, USA","United States",32.52352367,-80.31536921,land,saltwater,2026-06-14,Frespace,2,,2,3.45,1.61,0.00,,,1,,1,,,,3,14,,,,,,15,,3,,,,,,,,,,,3,,,,2,,2,,27,20,,,,1,,,,92
407048,"Santa Clara County, CA, USA","California, USA","United States",37.446233929437,-122.09401608147,land,saltwater,2026-06-14,fedo,1,,1,0.33,0.03,0.00,,,,,,,,,1,6,,,,,,7,,,,,,,,,,,,3,,,,,,,,,3,1,,,,1,,,10,32
407052,"Miami-Dade County, FL, USA","Florida, USA","United States",25.750245137792,-80.145226730816,land,saltwater,2026-06-11,muve,4,,4,1.92,0.00,0.00,,,13,1,2,3,,,13,,,,1,,,7,,4,1,1,,,,,,,,,,,,,,,1,2,5,2,,,,,,,17,73
407060,"Currituck County, NC, USA","North Carolina, USA","United States",36.42422041,-75.83644488,land,saltwater,2026-06-15,NEST,2,,2,0.89,16.09,0.00,,,,,5,12,1,,,,,,2,,,,,,,,,,,,,,3,,1,,,,,,,,4,,,,,,,,,28
407061,"Volusia County, FL, USA","Florida, USA","United States",28.928256693627,-80.823853901848,land,saltwater,2026-06-15,Ranger,1,,1,6.80,2.41,0.00,,,3,,1,,,,,,,,,,,2,2,,1,,2,,2,,,1,1,1,2,,,,1,,,,,,,,,,,,4,23
407062,"Greater Bridgeport Planning Region, CT, USA","Connecticut, USA","United States",41.255098759555,-73.208514344462,land,inland,2026-06-15,"Trumbull cleanup",1,,1,0.18,0.13,0.00,,,,,,,,,,2,,,,,,,,,1,,,,,,,,,,,,,,,,,,2,1,,,,,,,4,10
407064,"Baltimore County, MD, USA","Maryland, USA","United States",39.3639151,-76.3403818,land,freshwater,2026-06-15,"Baltimore Underground Science Space",11,,11,2.99,0.80,0.00,,21,1,,,2,,3,13,32,,2,2,,7,38,,4,5,3,,,,,,3,,5,4,1,1,,,3,,,,,,,1,,,,27,178
407066,"Jackson County, MS, USA","Mississippi, USA","United States",30.34329957875,-88.534401650637,land,saltwater,2026-05-30,,31,,31,52.22,0.80,0.00,8,3,18,15,24,8,,9,73,206,4,1,20,10,9,94,6,24,7,7,3,1,3,1,,19,5,1,9,2,2,,1,3,15,6,89,27,,,,,1,,249,975
407067,"Colleton County, SC, USA","South Carolina, USA","United States",32.504554058304,-80.295058506767,land,saltwater,2026-06-15,"Edisto Beach Turtle Patrol",6,,6,0.76,0.07,0.00,,,12,,1,,,,1,,1,,1,1,,8,,,,,,,,,,,,1,,1,,,1,,,,1,,,,,10,,,2,41
407068,"Yolo County, CA, USA","California, USA","United States",38.5585,-121.72538666667,land,inland,2026-06-15,"putah creek council , davis picks it up",1,,1,0.63,0.26,0.00,,,2,,1,,,,,,,,,,,,,,,,,,,,,,,,,,,,,,,,5,5,,,,,,,8,21
407069,"Volusia County, FL, USA","Florida, USA","United States",28.936236666667,-80.829386666667,land,inland,2026-06-15,"Canaveral national seashore",1,,1,6.62,9.66,0.00,,2,10,4,8,9,2,12,65,6,1,3,6,2,,14,7,14,2,,,,2,,,3,4,1,3,1,,,3,,1,,9,7,,,,,1,,50,252
407070,"Okaloosa County, FL, USA","Florida, USA","United States",30.419244265668,-86.606743715218,land,inland,2026-06-15,AOI,1,,1,3.99,3.54,0.00,,1,5,,10,4,,8,1,28,,14,,,,9,2,9,3,,,,,,,,2,11,1,5,,,2,,1,12,,,,,,2,,,17,147
407071,"Virginia Beach, VA, USA","Virginia, USA","United States",36.673488935466,-75.912480595404,land,saltwater,2026-06-14,"CVW Shellebration",2,1,3,0.68,1.61,0.00,1,,,,,,,,1,,1,,,,,9,3,,,3,,,,,,,,,,,,,,,,,,1,,,,,,,1,19
407072,"Virginia Beach, VA, USA","Virginia, USA","United States",36.673488935466,-75.912480595404,land,saltwater,2026-06-14,"CVW Shellebration",2,,2,0.45,1.61,0.00,1,,,,,,,,,2,1,,,,,4,,,,2,,,,,,,,,1,,,,,,,,3,1,,,,,,,,14
407073,"Virginia Beach, VA, USA","Virginia, USA","United States",36.673488935466,-75.912480595404,land,saltwater,2026-06-14,"CVW Shellebration",2,,2,0.34,1.61,0.00,1,,,,,,,,,,,,,,,1,,,,,,,,,,1,,,1,,,,,,,1,4,,,,,,,,1,9
407074,"Virginia Beach, VA, USA","Virginia, USA","United States",36.673488935466,-75.912480595404,land,saltwater,2026-06-14,"CVW Shellebration",2,2,4,0.34,1.61,0.00,1,,,,,,,,3,2,1,,2,,,,,,,1,,,,,,,,,,,,,,,,,,,,,,,,,10,19
407075,"Virginia Beach, VA, USA","Virginia, USA","United States",36.673488935466,-75.912480595404,land,saltwater,2026-06-14,"CVW Shellebration",2,,2,0.34,1.61,0.00,1,,,,,,,,4,,,,,,2,2,,1,,2,,,,,,,,,,,,,,,,2,1,,,,,,,,15,29
407076,"Virginia Beach, VA, USA","Virginia, USA","United States",36.673488935466,-75.912480595404,land,saltwater,2026-06-14,"CVW Shellebration",1,,1,2.27,1.61,0.00,,1,2,,,,,,,,,,,,,,,,,1,,,3,,,,1,,,1,,,,,,,,1,,,,,,,3,13
407077,"Virginia Beach, VA, USA","Virginia, USA","United States",36.673488935466,-75.912480595404,land,saltwater,2026-06-14,"CVW Shellebration",1,,1,2.27,1.61,0.00,1,,,,,,,,1,5,,,,,,1,,,,3,,,3,,,,,4,1,1,,,,,,,1,1,,,,,,1,,22
407078,"Rockingham County, VA, USA","Virginia, USA","United States",38.397716666667,-78.810083333333,land,inland,2026-06-15,RBH,1,,1,0.82,3.65,0.00,,1,6,,9,6,7,,14,52,,1,,,,11,3,3,3,,,,,,,1,,1,1,1,,,,,,2,48,66,,1,,,,1,1,239
407079,"Virginia Beach, VA, USA","Virginia, USA","United States",36.673556100224,-75.912266086978,land,saltwater,2026-06-14,"CVW Shellebration",2,1,3,0.00,1.40,0.00,1,,2,,1,,,,,4,,,,,,1,,,,,,,,,,,,,,,,,,,,,4,,,,,,,,9,21
407080,"Indian River County, FL, USA","Florida, USA","United States",27.652015372707,-80.354595669348,land,saltwater,2026-06-09,"Coastal Connections, Inc.",4,,4,5.17,1.21,0.00,,,,2,3,,,,2,,,,,,,5,,,,5,,,4,,,,,,2,3,,,,,,,3,6,,,,,,,25,60
407081,"Indian River County, FL, USA","Florida, USA","United States",27.652015372707,-80.354595669348,land,saltwater,2026-06-10,"Coastal Connections, Inc.",5,,5,1.41,1.21,0.00,,,,,,,,,,,,,,,,,,,,,,,,,,,,,,,,,,,,,,,,,,,,,,
407082,"King County, WA, USA","Washington, USA","United States",47.287898803218,-122.29135990123,land,freshwater,2026-06-15,"Woodsie’s Warrior",1,,1,1.05,1.03,0.00,,,,,1,1,,,,9,,,1,,,6,2,,,2,,,,,,,,2,,,,,,,,,,,,,,,,,,24
407083,"Indian River County, FL, USA","Florida, USA","United States",27.652015372707,-80.354595669348,land,saltwater,2026-06-11,"Coastal Connections, Inc.",5,,5,1.72,1.21,0.00,,1,,,,2,,,3,,,,1,,,2,,,1,,,,1,,,,,,,1,,,,,,3,2,,,,,,,,2,19
407084,"Indian River County, FL, USA","Florida, USA","United States",27.652015372707,-80.354595669348,land,saltwater,2026-06-12,"Coastal Connections, Inc.",4,,4,1.66,1.21,0.00,,,2,,1,,,,2,,,,1,,,1,,,,1,,,3,,,,1,2,,1,,,,,1,6,5,4,,,,,,,3,34
407085,"Indian River County, FL, USA","Florida, USA","United States",27.652015372707,-80.354595669348,land,saltwater,2026-06-13,"Coastal Connections, Inc.",4,,4,1.14,1.21,0.00,,,,1,1,,,,1,,,,,,,,1,,,,,,,,,,,,,,,,,,,,3,1,,,,1,,,1,10
407086,"Indian River County, FL, USA","Florida, USA","United States",27.652015372707,-80.354595669348,land,saltwater,2026-06-14,"Coastal Connections, Inc.",4,,4,2.72,1.21,0.00,,,,,,,,,,,,,,,,,,,,,,,,,,,,,,,,,,,,,,,,,,,,,,
407087,"Indian River County, FL, USA","Florida, USA","United States",27.652015372707,-80.354595669348,land,saltwater,2026-06-15,"Coastal Connections, Inc.",5,,5,1.59,1.21,0.00,,1,,,2,,,,3,,,,1,2,,,,3,,,,,,,,,,,,,,,,,,1,8,7,,,,,,,1,29
407088,"Erie County, NY, USA","New York, USA","United States",42.832017475779,-78.773879539295,land,inland,2026-06-15,BNWTylerHarper,1,,1,8.62,4.02,0.00,,4,4,2,5,13,3,3,5,71,,4,2,2,4,10,3,8,2,,,,2,,2,1,2,3,,6,1,,,1,2,1,39,21,,,,1,,,22,249
407089,"Alameda County, CA, USA","California, USA","United States",37.857162893657,-122.22359675561,land,inland,2026-06-15,"Susan & Haley Shinoff",2,,2,6.35,0.02,0.00,,6,10,,3,2,22,17,67,4,3,4,2,,7,203,11,8,8,1,3,,7,,1,2,1,1,1,,1,,,,1,2,350,,,,,,,,505,1253
407090,"Alameda County, CA, USA","California, USA","United States",37.565405084939,-122.03112182708,land,freshwater,2026-06-15,,2,,2,2.72,0.00,0.00,3,,,,,,,,,,,,,,,,,,,,,,,,,,,,,,,,,,,,,,,,,,,,,
407091,"Berrien County, MI, USA","Michigan, USA","United States",41.877451350321,-86.637610944438,land,freshwater,2026-05-27,,2,,2,0.91,0.00,0.00,1,,,,,,,,,,,,,,,,,,,,,,,,,,,,,,,,,,,,,,,,,,,,,
407092,"Berrien County, MI, USA","Michigan, USA","United States",41.8713477,-86.6313097,land,freshwater,2026-06-15,,2,,2,1.81,0.00,0.00,2,,,,,,,,,,,,,,,,,,,,,,,,,,,,,,,,,,,,,,,,,,,,,
407093,"Virginia Beach, VA, USA","Virginia, USA","United States",36.919441578638,-76.13181881612,land,saltwater,2026-06-08,"CVW World Oceans Day Cleanup",10,1,11,0.00,1.61,0.00,1,1,5,,4,10,,4,27,8,,1,2,,3,14,1,1,1,2,5,,1,,,9,,3,1,1,1,,1,,,4,6,5,,,,,,1,3,125
407095,"Erie County, NY, USA","New York, USA","United States",42.8110318,-78.7514307,land,inland,2026-06-15,BNWTylerHarper,1,,1,28.76,13.84,0.00,,16,14,6,20,46,12,10,19,274,2,16,7,8,14,39,10,31,8,,,,5,,8,4,8,9,1,21,4,,2,4,4,5,129,82,,,,3,,,86,927
407096,"Calhoun County, TX, USA","Texas, USA","United States",28.457997875575,-96.41230322521,land,saltwater,2026-06-15,"4-H Intercoastal",4,,4,13.93,1.93,0.00,,2,2,10,5,22,,12,10,17,,2,2,,1,7,18,9,10,8,,,1,,,,7,2,,10,,,13,,6,3,4,,,,,,,,,183
407100,"Williamson County, TX, USA","Texas, USA","United States",30.6332618,-97.6779842,land,inland,2026-06-16,"Me, myself and I",1,,1,0.02,0.00,0.00,,,1,,,,,,2,,,,,,,,,,,,,,,,,,,1,,,,,,,,,,,,,,,,,5,9
407101,"San Mateo County, CA, USA","California, USA","United States",37.585254553129,-122.34424133708,land,saltwater,2026-06-16,"the trail group",1,,1,0.01,0.00,0.00,,,1,,,,,,,,,,,,,,,,,,,,,,,,,,,,,,,,,,,,,,,,,,,1
407102,"Rockingham County, VA, USA","Virginia, USA","United States",38.405734709051,-78.703886760225,land,inland,2026-06-16,RBH,1,,1,0.18,2.09,0.00,,,,,,,,,2,36,,,,,,11,,,,,,,,,,,,,,,1,,,,,1,9,12,,,,,,,1,73
407106,"Charleston County, SC, USA","South Carolina, USA","United States",32.51292063001,-80.315929945183,land,saltwater,2026-06-16,EBSPTURTLEPATROL,2,,2,3.48,0.00,0.00,,1,5,,2,1,3,1,2,13,1,1,1,2,,12,1,2,2,1,,,,,,,4,1,1,5,,,,1,,2,2,13,,,,,,,9,89
407109,"Erie County, NY, USA","New York, USA","United States",42.8110318,-78.7514307,land,inland,2026-06-16,BNWTylerHarper,1,,1,0.00,0.00,0.00,,,,,,,,,,,,,,,,,,,,,,,,,,,,,,,,,,,,,,,,,,,,,999,999
407110,"Volusia County, FL, USA","Florida, USA","United States",28.928324366448,-80.823763045922,land,saltwater,2026-06-16,Ranger,1,,1,0.40,0.49,0.00,,,2,1,,,,,,,,,,,,,,,,,,,,,,,,,,1,,,,,,,,,,,,,,,2,6
407112,"Okaloosa County, FL, USA","Florida, USA","United States",30.399202319472,-86.603517777987,land,inland,2026-06-16,AOI,1,,1,1.72,1.93,0.00,,,5,,5,2,,1,4,17,,,3,,,3,,2,,1,,,,,,,,5,,,,,,,2,4,1,1,,,,,,,25,81
407113,"Escambia County, FL, USA","Florida, USA","United States",30.335392700501,-87.118269133495,land,saltwater,2026-06-16,"pensacola trash cleaners",3,,3,0.42,0.97,0.00,,,,,,,,,1,,,,,,,,,,,,,,,,,,,,,1,,,,,,,5,,,,,,,,1,8
407115,"Escambia County, FL, USA","Florida, USA","United States",30.337285777694,-87.108996861176,land,saltwater,2026-06-16,"pensacola trash cleaners",1,,1,0.01,0.03,0.00,,,,,,,,,,,,,,,,1,,,,,,,,,,,,,,,,,,,,,,,,,,,,,,1
407116,"Colleton County, SC, USA","South Carolina, USA","United States",32.503977387625,-80.295999705305,land,saltwater,2026-06-16,"EBSP Turtles",5,,5,0.46,0.19,0.00,,,2,,,5,1,,,8,,,,,,1,,,,,,,,,,,,,,,,,,,,,4,2,,,,,,,,23
407118,"Yolo County, CA, USA","California, USA","United States",38.558508333333,-121.72517666667,land,inland,2026-06-16,"putah creek council , davis picks it up",1,,1,0.64,0.29,0.00,,,,,,,,,,,,,,,,,,,,,,,,,,,,,,,,,,1,1,,5,5,,,,,,,2,14
407122,"King County, WA, USA","Washington, USA","United States",47.29484099185,-122.28345414252,land,freshwater,2026-06-16,"Woodsie’s Warrior",1,,1,0.51,0.01,0.00,,,,,,,1,,,5,,,,,,2,,2,,,,,,,,,,,,2,,,,,,,1,2,,,,,,,,15
407124,"Virginia Beach, VA, USA","Virginia, USA","United States",36.673798184016,-75.912517360226,land,saltwater,2026-06-14,"CVW Shellebration",5,,5,1.13,1.61,0.00,1,,1,,,,,,1,,,,,,,,,1,,7,,,,,,5,,,,,,,,,,,,,,,,,,,,15
407125,"Alameda County, CA, USA","California, USA","United States",37.49436298,-121.91817464,land,inland,2026-06-16,monkeys,3,,3,5.95,0.01,0.00,,1,4,16,3,5,3,3,3,26,2,,,2,2,27,4,4,3,,,,,,1,,2,7,,1,,1,,4,1,,6,9,,,,2,,,5,147
407126,"Yolo County, CA, USA","California, USA","United States",38.538398333333,-121.74708833333,land,inland,2026-06-16,"putah creek council , davis picks it up",1,,1,0.92,0.07,0.00,,,,,1,1,,,,,,,,,,,,,,,,,,,,,,,,,,1,,,,,6,8,,,,,,,4,21
407127,"Mendocino County, CA, USA","California, USA","United States",39.445723,-123.8052935,land,saltwater,2026-06-03,,1,,1,0.91,0.00,0.00,1,,,,,,,,,,,,,,,,,,,,,,,,,,,,,,,,,,,,,,,,,,,,,
407128,"Volusia County, FL, USA","Florida, USA","United States",29.14300622,-80.98888843,land,saltwater,2026-06-14,"meet America",2,,2,1.81,0.00,0.00,2,,,,,,,,,,,,,,,,,,,,,,,,,,,,,,,,,,,,,,,,,,,,,
407129,"Volusia County, FL, USA","Florida, USA","United States",29.14300622,-80.98888843,land,saltwater,2026-06-15,"meet America",2,,2,2.72,0.00,0.00,3,,,,,,,,,,,,,,,,,,,,,,,,,,,,,,,,,,,,,,,,,,,,,
407130,"Volusia County, FL, USA","Florida, USA","United States",29.14300622,-80.98888843,land,inland,2026-06-16,"meet America",2,,2,4.31,0.00,0.00,2,,,,,,,,,,,,,,,,,,,,,,,,,,,,,,,,,,,,,,,,,,,,,
407131,"Volusia County, FL, USA","Florida, USA","United States",28.926923253667,-80.852978710107,land,saltwater,2026-06-16,Ranger,1,,1,1.36,1.61,0.00,,,2,,1,,,,1,,,,,,,,,,1,,,,2,,,,,,,,,,,,,,3,,,,,,,,,10
407132,"Cuyahoga County, OH, USA","Ohio, USA","United States",41.374032951655,-81.832032605895,land,inland,2026-06-16,,1,,1,6.76,0.01,0.00,,4,75,,69,4,,1,1,100,,,20,,,18,,12,,,,,1,,5,10,1,,1,8,1,1,,1,2,2,2,3,,,,3,,,81,426
407133,"San Luis Obispo County, CA, USA","California, USA","United States",35.185133640799,-120.70347468961,land,inland,2026-06-13,"World Oceans Day ECOSLO Cleanup",12,,12,3.63,4.83,0.00,2,2,9,6,9,18,,1,6,5,2,7,2,2,3,25,3,5,,1,,,,1,,3,,,,1,,,,,3,,40,5,,1,,,,,6,166
407134,"Kings County, Brooklyn, NY, USA","New York, USA","United States",40.649588231642,-73.974100404285,land,saltwater,2026-05-26,test,1,,1,0.02,0.00,0.00,,,,,,1,1,,1,,,,,,,,,,,,,,,,,,,,,,,,,,,,,,,,,,,,,3
407135,"San Luis Obispo County, CA, USA","California, USA","United States",35.185133640799,-120.70347468961,land,saltwater,2026-06-13,"World Oceans Day ECOSLO Cleanup",12,,12,9.07,6.44,0.00,,,6,2,,3,,8,29,43,,2,5,9,10,54,5,14,13,2,,,,,,7,,28,1,17,,,,3,,8,50,229,,1,,,,,89,638
407136,"San Luis Obispo County, CA, USA","California, USA","United States",35.174763837433,-120.75476111402,land,saltwater,2026-06-13,"World Oceans Day ECOSLO Cleanup",13,,13,8.16,1.21,0.00,3,7,9,7,13,10,2,11,27,336,,1,3,,8,73,6,20,5,7,,,9,,,2,,3,,4,4,1,2,9,7,3,107,130,,4,2,,,,241,1073
407137,"Rockingham County, VA, USA","Virginia, USA","United States",38.398174979226,-78.807164737788,land,inland,2026-06-16,RBH,1,,1,0.54,4.83,0.00,,,2,1,1,6,1,4,8,43,,,1,,,13,1,,,,1,,,,,,,,2,,,1,,,1,,16,31,,,,,,1,2,136
407141,"Chittenden County, VT, USA","Vermont, USA","United States",44.516219368097,-73.268887985744,land,freshwater,2026-06-16,"Clare (Rozalia Project)",1,,1,9.16,0.15,0.00,,1,,,,,,,,,,,,,,,,,,,,,,1,,2,,,,,,,,,,,,,,,,,,,1,5
407143,"Escambia County, FL, USA","Florida, USA","United States",30.336912254469,-87.109293107211,land,saltwater,2026-06-16,"pensacola trash cleaners",1,,1,0.61,0.62,0.00,,,,,1,,,,2,,,,,,,2,1,,,,,,,,,,,2,,,,,,,,,9,1,,,,,,,,18
407150,"Mendocino County, CA, USA","California, USA","United States",39.501061826538,-123.7860718514,land,saltwater,2026-06-17,"Noyo Center",1,,1,0.91,3.22,0.00,,,2,,,,,,,1,,,,,,1,,1,,,,,,,,,,,,1,,,,,,,1,1,,,,,,,1,9
407170,"New Hanover County, NC, USA","North Carolina, USA","United States",34.193764317708,-77.806038928216,land,saltwater,2026-06-17,"Wrightsville Beach Sea Turtle Project",1,,1,1.44,0.00,0.00,,,2,,,3,,1,,7,,2,,,,3,,4,2,1,,,,,,3,,1,,1,,,,,5,1,3,2,,,,,,,17,58
407171,"Greater Bridgeport Planning Region, CT, USA","Connecticut, USA","United States",41.251859726206,-73.205256041645,land,inland,2026-06-17,"Trumbull cleanup",1,,1,1.27,0.75,0.00,,,1,,13,2,,,,,,,,,,,,,,,,,,,,,,,,,,,,,,,2,13,,,,,,,5,36
407173,"Colleton County, SC, USA","South Carolina, USA","United States",32.50469141,-80.29479852,land,saltwater,2026-06-17,"Edisto Beach",2,,2,1.91,0.02,0.00,,,,,,,,,,,,,2,,,1,,,,,,,1,,,,,,,1,,,,,,2,1,,,,,,,,,8
407174,"San Diego County, CA, USA","California, USA","United States",32.7447861,-117.2476146,land,saltwater,2026-06-17,JP,1,,1,4.69,0.00,0.00,,,3,,4,9,,3,11,10,,,1,,,5,,2,1,1,2,,,,,,1,,,5,,,,,2,,21,11,,,,,,,81,173
407175,"Miami-Dade County, FL, USA","Florida, USA","United States",25.735248232913,-80.156594786243,land,saltwater,2026-06-17,"PWWP Sarah",1,,1,1.17,0.21,0.00,,,5,,2,,1,28,22,29,,,,,,23,1,5,4,,,,,,,6,,7,1,,,,,,2,,7,,,,,,,,16,159
407179,"Okaloosa County, FL, USA","Florida, USA","United States",30.399200703771,-86.603517106715,land,inland,2026-06-17,AOI,1,,1,2.90,3.38,0.00,,2,5,,5,11,,1,5,28,,,9,,,6,4,7,2,1,,,,,,,,10,4,5,,,,,3,11,,6,,3,,,,,21,149
407180,"Miami-Dade County, FL, USA","Florida, USA","United States",25.73442398175,-80.155693474256,land,saltwater,2026-06-17,"Hard Rock",1,,1,2.68,0.48,0.00,,9,3,3,5,6,,31,7,11,3,1,11,3,6,43,8,3,8,,,,,,1,,,2,,2,,,,2,,,1,2,,1,,,1,,35,208
407181,"Broward County, FL, USA","Florida, USA","United States",25.993444079917,-80.127794759437,underwater,inland,2026-06-17,"Little Earth Hero",1,,1,0.37,0.03,0.00,,3,2,,10,1,,,,,1,2,,,,5,,,,,,,,,,,,,,,,,,,,,,,,,,,,,10,34
407182,"Yolo County, CA, USA","California, USA","United States",38.558546666667,-121.725515,land,inland,2026-06-17,"putah creek council , davis picks it up",1,,1,0.93,0.69,0.00,,,1,,,1,,,1,,,,,,,1,,,,,,,,,,,,,,,,,,,,,7,8,,,,,,,9,28
407184,"Miami-Dade County, FL, USA","Florida, USA","United States",25.799813057438,-80.205079362105,land,saltwater,2026-06-17,"Hard Rock",1,,1,2.63,0.48,0.00,,9,4,3,5,6,2,31,7,11,3,1,11,3,6,43,8,,8,,,,,,1,,,2,,2,,,,2,,,,2,,,,,1,,35,206
407185,"Bristol County, MA, USA","Massachusetts, USA","United States",41.69191862251,-71.178430433571,land,saltwater,2026-05-18,"Save the Bay - Kuss Middle School",73,,73,7.03,1.61,0.00,,10,22,4,14,4,1,4,23,18,1,9,8,,1,26,2,10,2,6,,,29,1,1,,13,,,5,9,,,7,4,4,49,73,1,,,10,1,1,,373
407186,"Bristol County, MA, USA","Massachusetts, USA","United States",41.691813215607,-71.178592503049,land,saltwater,2026-05-15,"Save the Bay - Kuss Middle School",53,,53,154.67,1.61,0.00,,26,34,5,42,8,8,13,39,17,6,14,12,3,11,64,40,23,1,9,,1,,,,4,4,4,1,3,6,,1,26,,5,25,20,3,3,,6,3,,19,509
407187,"King County, WA, USA","Washington, USA","United States",47.294935270146,-122.28365056457,land,freshwater,2026-06-17,"Woodsie’s Warrior",1,,1,1.42,0.05,0.00,,,,1,1,,,1,1,10,,,,,,1,,,,2,,,,,,,,,,,,,,,,,1,3,,,,,,,,21
407189,"South Central Connecticut Planning Region, CT, USA","Connecticut, USA","United States",41.199791076967,-73.068388063672,land,saltwater,2026-06-17,"Save the Sound",3,,3,2.87,1.05,0.00,,,2,3,5,2,,4,6,28,2,7,4,2,2,33,1,3,2,1,,,,,,,,2,,1,,1,,1,,,1,8,1,,,1,,,25,148
407190,"Brunswick County, NC, USA","North Carolina, USA","United States",33.90242872294,-78.076183078811,land,saltwater,2026-06-17,"Oak Island Beach Service Unit",1,,1,5.32,0.00,0.00,,20,8,5,16,10,,,,,5,,5,,,10,,,,3,,,,,,,,,3,,,,,,,8,,,,,,,,,,93
407191,"Miami-Dade County, FL, USA","Florida, USA","United States",25.735437788456,-80.155289093875,land,saltwater,2026-06-17,"PWWP - June 17 2026",60,,60,44.00,0.40,0.00,8,,4,,2,,,9,5,16,1,,3,,1,4,1,3,,,,,1,,,14,,,2,,,,2,,1,,11,3,,,,,1,,8,92
407192,"Palm Beach County, FL, USA","Florida, USA","United States",26.587229906735,-80.050293048804,land,inland,2026-06-14,"Bocasob- Dmoon",1,,1,1.72,1.42,0.00,,7,2,1,9,6,,5,18,26,3,10,4,2,,25,5,6,1,,,,,,,,,,,,1,1,1,,9,,,2,,3,,,,,7,154
407193,"Rockingham County, VA, USA","Virginia, USA","United States",38.397559054288,-78.810231066253,land,inland,2026-06-17,RBH,1,,1,0.82,4.92,0.00,,1,1,,2,,5,,10,36,,,,,,36,3,8,2,,,,,,,,,1,4,,,,,,,,50,26,,3,,1,,,12,201
407195,"San Mateo County, CA, USA","California, USA","United States",37.517616598164,-122.51282621628,land,saltwater,2026-06-14,,2,,2,0.02,0.00,0.00,,,,,,,,,10,,,,,,,,,,,,,,,,,,,,,,,,,,,,,,,,,,,,,10
407196,"Pinellas County, FL, USA","Florida, USA","United States",27.685845350961,-82.737562226527,land,saltwater,2026-06-14,,1,,1,10.59,3.26,0.00,,,8,1,11,3,,2,16,25,,2,,1,,16,5,10,1,5,1,,,,,1,4,15,1,,,,2,1,2,2,21,66,,1,,1,,,,224
407197,"Virginia Beach, VA, USA","Virginia, USA","United States",36.674336788296,-75.912964085411,land,saltwater,2026-06-14,,3,,3,1.97,0.46,0.00,,,,,,,,,2,,,,,,,,,1,,2,,,,,,,,,1,2,,,,,,3,,1,,,,,,,,12
407199,"Loudoun County, VA, USA","Virginia, USA","United States",38.910032766667,-77.582374716667,land,inland,2026-06-14,Ymsl-Davey,2,,2,11.74,0.74,0.00,,2,3,,4,2,,1,4,,,,1,,1,9,,,,9,,,6,,,,,,,,,,,1,,,,,,,,,,,,43
407202,"Alameda County, CA, USA","California, USA","United States",37.565471115788,-122.03102626042,land,inland,2026-06-18,,2,,2,0.91,0.00,0.00,1,,,,,,,,,,,,,,,,,,,,,,,,,,,,,,,,,,,,,,,,,,,,,
407203,"Williamson County, TX, USA","Texas, USA","United States",30.6332618,-97.6779842,land,inland,2026-06-18,"Me, myself and I",1,,1,1.33,0.00,0.00,,,,,,,,1,2,,,,,,,,,,,,,,1,,,,,,,,,,,,,,2,,,,,,,,7,13
407218,"Broward County, FL, USA","Florida, USA","United States",26.207842231664,-80.114677358179,land,saltwater,2026-06-18,"Kate's Clean Up",1,,1,1.91,5.15,0.00,,2,5,,4,,2,1,2,,1,1,5,,1,6,2,,,1,,,,,,3,,,1,,,,,,,2,7,2,,,,,,,,48
407221,"Broward County, FL, USA","Florida, USA","United States",26.207854380615,-80.114689308348,land,saltwater,2026-06-10,"Kate’s Clean Up",1,,1,3.40,0.00,0.00,1,,,,,,,,,,,,,,,,,,,,,,,,,,,,,,,,,,,,,,,,,,,,,
407222,"Pinellas County, FL, USA","Florida, USA","United States",27.684704749788,-82.737843226592,land,saltwater,2026-06-18,,1,,1,11.33,3.12,0.00,,,11,,8,7,5,,19,15,3,,12,,,31,15,20,5,4,,,,,1,2,5,7,,2,1,1,,2,2,8,21,68,,3,,,,,1,279
407223,"Greater Bridgeport Planning Region, CT, USA","Connecticut, USA","United States",41.248930354681,-73.201614033715,land,inland,2026-06-18,"Trumbull cleanup",1,,1,1.36,5.95,0.00,,,1,2,11,2,,,,,,1,2,,,2,2,,,,,,,,,,,,,,,,,,,,4,5,,,,,,,3,35
407225,"Okaloosa County, FL, USA","Florida, USA","United States",30.399197502443,-86.603539106865,land,inland,2026-06-18,AOI,1,,1,3.54,2.90,0.00,,,5,,5,,,1,8,55,,,2,,,10,3,5,2,,,,,,,,1,3,1,5,,,,,3,8,,7,,1,,,,,8,133
407226,"Miami-Dade County, FL, USA","Florida, USA","United States",25.75080233,-80.14604792,land,saltwater,2026-06-18,MUVE,1,,1,6.52,0.38,0.00,,3,5,6,3,7,1,,19,,,1,1,2,2,12,,1,,3,,,2,,,1,,,,,,,,,,2,5,,,,,,,,27,103
407229,"Yolo County, CA, USA","California, USA","United States",38.55856,-121.72527166667,land,inland,2026-06-18,"putah creek council , davis picks it up",1,,1,1.32,0.01,0.00,,,,,,,1,,1,2,,,,,,1,,1,,,,,,,,,,,,,,,,,,,11,11,,,,,,,12,40
407230,"King County, WA, USA","Washington, USA","United States",47.294825229192,-122.28344683675,land,freshwater,2026-06-18,"Woodsie’s Warrior",1,,1,0.30,0.00,0.00,,,2,,,,,,,5,,,,,,2,1,,,,,,,,,,,,,,,,,,,,,4,,,,,,,,14
407231,"Kings County, Brooklyn, NY, USA","New York, USA","United States",40.696546281327,-73.999186704744,land,saltwater,2026-06-13,,21,,21,16.01,0.12,0.00,13,4,26,,90,1,2,3,292,14,6,2,27,10,35,357,59,147,6,1,2,1,4,1,,204,2,,2,,5,,1,1,5,16,194,8,1,,,1,2,11,334,1877
407232,"Harrisonburg, VA, USA","Virginia, USA","United States",38.4435,-78.877133333333,land,inland,2026-06-18,RBH,1,,1,0.18,3.22,0.00,,,,,,,,,6,15,,,,,,14,,3,,,,,,,,,,,4,,,,,1,,,13,20,,,,,,,,76
407233,"Kings County, Brooklyn, NY, USA","New York, USA","United States",40.649673260208,-73.974164517952,land,saltwater,2026-06-18,test,1,,1,0.31,0.00,0.00,,1,,1,1,,1,,,,1,,,,1,1,,1,,,,,,,,,,,,,,,,,,,,,,,,,,,,8
407234,"Kings County, Brooklyn, NY, USA","New York, USA","United States",40.649673259109,-73.974164517369,land,freshwater,2026-06-18,test,1,,1,0.26,0.00,0.00,,,1,1,,1,1,,,,,,,,,,,,,,,,,,,,,,,,,,,,,,,,,,,,,,,4
407235,"Lucas County, OH, USA","Ohio, USA","United States",41.6179211,-83.5802026,land,inland,2026-06-16,"Toledo ZooTeens",9,,9,17.01,0.00,0.00,3,,,,,,,,,,,,,,,,,,,,,,,,,,,,,,,,,,,,,,,,,,,,,
407243,"Volusia County, FL, USA","Florida, USA","United States",28.928279940131,-80.823852783924,land,saltwater,2026-06-19,Ranger,1,,1,0.02,0.38,0.00,,,2,,,,,,,,,,,,,,,,,,,,,,,,,,,,,,,,,,,,,,,,,,,2
407245,"Greater Bridgeport Planning Region, CT, USA","Connecticut, USA","United States",41.248339548852,-73.201337172382,land,inland,2026-06-19,"Trumbull cleanup",1,,1,0.45,0.53,0.00,,,,,7,2,,,,,,,,,,,,,,,,,,,,,,1,,,,,,,,,,4,,,,,,,7,21
407251,"Okaloosa County, FL, USA","Florida, USA","United States",30.399198484738,-86.603517760978,land,inland,2026-06-19,AOI,1,,1,3.86,3.06,0.00,,1,5,,1,,,1,52,155,,2,,,,,3,3,,,,,1,,,,5,8,3,4,,,1,,4,7,2,,,1,,,,,45,304
407253,"Allegheny County, PA, USA","Pennsylvania, USA","United States",40.419896156433,-80.051118266777,land,freshwater,2026-06-19,,1,,1,1.90,1.47,0.00,,2,,,3,2,2,,,,,,,,,6,2,,,2,,,,,,,,,,1,,,3,,1,,,,,,,,,,,24
407254,"Yolo County, CA, USA","California, USA","United States",38.55866,-121.72533333333,land,inland,2026-06-19,"putah creek council , davis picks it up",1,,1,0.72,0.02,0.00,,,1,,,,,,1,,,,,,,,1,,,,,,,,,,,,,,,,,,,,6,6,,,,,,,3,18
407255,"Scott County, IA, USA","Iowa, USA","United States",41.526942046212,-90.516693732533,land,inland,2026-06-19,"52 week challenge",1,,1,6.80,0.00,0.00,1,,,,,,,,,,,,,,,,,,,,,,,,,,,,,,,,,,,,,,,,,,,,,
407256,"Volusia County, FL, USA","Florida, USA","United States",28.911171666667,-80.811905,land,inland,2026-06-19,"Canaveral national seashore",1,,1,10.16,16.09,0.00,,11,13,3,3,8,3,4,35,4,,,6,,1,16,2,17,6,1,,,4,,,1,4,3,5,2,,,4,1,1,1,9,14,,,,,1,,20,203
407258,"King County, WA, USA","Washington, USA","United States",47.295031220526,-122.28365376137,land,freshwater,2026-06-19,"Woodsie’s Warrior",1,,1,1.33,0.10,0.00,,,,,2,,,,,13,,1,,,,,,,,,,,,,,,,,,,,,,,,2,,13,,,,,,,1,32
407259,"Alameda County, CA, USA","California, USA","United States",37.565471286042,-122.03102617651,land,inland,2026-06-19,,1,,1,1.81,0.00,0.00,2,,,,,,,,,,,,,,,,,,,,,,,,,,,,,,,,,,,,,,,,,,,,,
407260,"Rockingham County, VA, USA","Virginia, USA","United States",38.412145780767,-78.708891138699,land,inland,2026-06-20,RBH,1,,1,0.64,5.15,0.00,,1,1,,1,,3,,2,37,,,,,,11,1,,,1,,,1,,,1,,,,1,,,,,,4,10,87,,,,,,,,162
407261,"Escambia County, FL, USA","Florida, USA","United States",30.337745885464,-87.10810977532,land,saltwater,2026-06-16,"Pcola Beach Trip",1,,1,0.25,0.00,0.00,,1,1,1,,,,,,,,,,,,,,,,,,,,,,,,,,,,,,,,,,,,,,,,,,3
407262,"Marquette County, MI, USA","Michigan, USA","United States",46.537409262118,-87.393915180166,land,freshwater,2026-06-16,GLGR,3,,3,2.09,0.03,0.00,,,,3,,,,,,7,,,,,,,,,,,,,1,,,3,,,,,,,,,,,,1,,,,,,,15,30
407263,"Suffolk County, NY, USA","New York, USA","United States",40.866633714484,-72.890296395559,land,saltwater,2026-06-16,"Scuba Dogs Society",1,,1,80.68,0.00,0.00,,,8,4,118,,,5,112,16,,2,4,1,,1,,1,4,1,,1,,2,,,,,,,,,,,,,,,,,,,,,,280
407264,"Santa Rosa County, FL, USA","Florida, USA","United States",30.377377184983,-86.888823918145,land,saltwater,2026-06-20,"Gulf Blvd",1,,1,0.06,0.00,0.00,,,,,,,,,,,,,,,,,,,,,,,,,,,,,,,,,,,,,,1,,,,,,,,1
407267,"Sarasota County, FL, USA","Florida, USA","United States",27.245934861922,-82.47122494007,land,saltwater,2026-06-20,,1,,1,0.91,0.00,0.00,1,,,,,,,,,,,,,,,,,,,,,,,,,,,,,,,,,,,,,,,,,,,,,
407274,"Pinellas County, FL, USA","Florida, USA","United States",27.684757228108,-82.73793841094,land,saltwater,2026-06-20,,1,,1,11.60,3.08,0.00,,,20,,7,2,5,1,21,15,1,,1,1,,38,6,10,4,2,,,,,,2,4,10,,5,,,1,,1,11,23,69,,2,,,,,1,263
407275,"Greater Bridgeport Planning Region, CT, USA","Connecticut, USA","United States",41.257822959843,-73.20386715713,land,inland,2026-06-20,"Trumbull cleanup",1,,1,2.56,0.12,0.00,,1,,,14,7,,,3,1,,1,3,,,14,2,1,,,,,,,,,,,1,,,,,2,1,,6,19,,,1,,,,7,84
407276,"Colleton County, SC, USA","South Carolina, USA","United States",32.504883936558,-80.294788537779,land,saltwater,2026-06-20,"Edisto Beach Turtle Patrol",5,,5,1.26,0.03,0.00,,,2,3,,1,,,,,,2,2,,,,,,,1,,,,,,,,6,,,2,,,,,,,,,,,,,,,19
407279,"Okaloosa County, FL, USA","Florida, USA","United States",30.399196956513,-86.603514375581,land,inland,2026-06-20,AOI,1,,1,3.18,2.41,0.00,,1,4,,2,,,1,36,68,2,,,,,3,5,6,5,1,,,,,,,5,2,1,2,,,2,,3,4,,8,,2,,,,,50,213
407281,"Galveston County, TX, USA","Texas, USA","United States",29.290967124699,-94.798334828624,land,saltwater,2026-06-20,"Galveston Surfrider",12,,12,18.14,0.00,0.00,20,,,,,,,,,,,,,,,,,,,,,,,,,,,,,,,,,,,,,,,,,,,,,
407282,"Broward County, FL, USA","Florida, USA","United States",25.98385430238,-80.118486528352,land,saltwater,2026-06-20,"Little Earth Hero",10,,10,10.41,0.23,0.00,,42,16,13,18,18,,16,23,22,29,11,9,10,6,35,14,22,15,,,,,,,,18,,40,,3,,5,6,,2,8,6,,,,,,,51,458
407283,"Santa Rosa County, FL, USA","Florida, USA","United States",30.373930307191,-86.900098916921,land,saltwater,2026-06-20,"sage coastal",1,,1,8.35,0.03,0.00,,3,5,4,10,12,3,13,4,25,6,2,7,,,10,9,8,,3,4,,,,,7,4,3,2,5,,,2,1,4,2,3,4,2,,,,,,17,184
407284,"Santa Rosa County, FL, USA","Florida, USA","United States",30.374937867439,-86.899605772664,land,saltwater,2026-06-20,"Sage Coastal",3,,3,24.41,0.08,0.00,,74,28,14,34,47,30,57,71,51,20,24,8,11,8,31,19,23,19,5,13,,,,14,10,3,5,3,15,3,3,3,4,6,10,5,5,2,2,1,4,2,5,83,775
407285,"King County, WA, USA","Washington, USA","United States",47.29487523103,-122.28338581206,land,freshwater,2026-06-20,"Woodsie’s Warrior",1,,1,4.15,0.05,0.00,,,,,2,2,1,,,10,,1,,,,2,1,,1,,,,3,,,,,,,,,,,,,,,6,,,,,,,,29
407286,"Santa Rosa County, FL, USA","Florida, USA","United States",30.375698641777,-86.894567684964,land,saltwater,2026-06-20,"beach accesses",2,,2,12.32,2.31,0.00,,,5,,1,4,,3,13,25,1,,,1,,5,1,1,3,1,,,9,,,1,,,,1,1,1,,,,1,,2,1,,,2,,,1,84
407289,"Alameda County, CA, USA","California, USA","United States",37.565471156354,-122.03102625123,land,inland,2026-06-20,,2,,2,1.81,0.00,0.00,2,,,,,,,,,,,,,,,,,,,,,,,,,,,,,,,,,,,,,,,,,,,,,
407290,"King County, WA, USA","Washington, USA","United States",47.306282804207,-122.18795786799,land,freshwater,2026-06-20,,1,,1,3.21,0.05,0.00,,,,1,,2,,,1,,1,,,,,,,,,3,,,,,,,1,,3,1,,,6,,,,1,,,,,,,,,20
407291,"Rockingham County, VA, USA","Virginia, USA","United States",38.405756921281,-78.703874058817,land,inland,2026-06-21,RBH,1,,1,0.36,3.86,0.00,,,1,,1,,2,,5,36,,1,2,,,15,1,1,,,1,,,,,,,,6,1,,,,,4,2,20,17,,,,,,,,116
407292,"Bexar County, TX, USA","Texas, USA","United States",29.573082892343,-98.462922368161,land,inland,2026-06-21,Fletchers,4,,4,0.91,0.00,0.00,1,,,,,,,,,,,,,,,,,,,,,,,,,,,,,,,,,,,,,,,,,,,,,
407293,"Bexar County, TX, USA","Texas, USA","United States",29.573082892343,-98.462922368161,land,inland,2026-06-18,"River Warriors Volunteer",1,,1,2.27,0.00,0.00,1,,,,,,,,,,,,,,,,,,,,,,,,,,,,,,,,,,,,,,,,,,,,,
407297,"Greater Bridgeport Planning Region, CT, USA","Connecticut, USA","United States",41.248781707981,-73.201196122927,land,inland,2026-06-21,"Trumbull cleanup",1,,1,1.31,0.17,0.00,,,,,8,4,,,1,,,,1,,,1,1,1,,,,,,,,,,,,2,,,,,,,3,9,,,,,,,10,41
407298,"Colleton County, SC, USA","South Carolina, USA","United States",32.50482296716,-80.294703392041,land,saltwater,2026-06-21,"Edisto Beach Turtle Patrol",5,,5,0.62,0.07,0.00,,,5,1,1,,,,,2,,8,,,,7,,,,,,,,,,,,1,1,1,,,,,,,,,,,,,,,,27
407302,"Indian River County, FL, USA","Florida, USA","United States",27.650908461993,-80.354303034729,land,saltwater,2026-06-16,"Coastal Connections, Inc.",4,,4,2.63,1.21,0.00,,,,,,,,,5,5,,,12,,,,2,9,,4,,,2,,,,1,1,,4,,,,2,,7,12,6,,,,1,,,2,75
407303,"Indian River County, FL, USA","Florida, USA","United States",27.650908461993,-80.354303034729,land,saltwater,2026-06-17,"Coastal Connections, Inc.",4,,4,0.99,1.21,0.00,,,,1,,,1,,,,,,1,,,,,,,1,,,,,,,,,,,,,,,,,,6,,,,,,,,10
407304,"Indian River County, FL, USA","Florida, USA","United States",27.650908461993,-80.354303034729,land,saltwater,2026-06-18,"Coastal Connections, Inc.",4,,4,0.00,1.21,0.00,,,,,4,,,,2,3,2,,,,,1,,1,,,,,,,,,,,,,,,,,,,4,12,,,,,,,,29
407305,"Indian River County, FL, USA","Florida, USA","United States",27.650908461993,-80.354303034729,land,saltwater,2026-06-19,"Coastal Connections, Inc.",4,,4,2.13,1.21,0.00,,,,,,,,,,,,,,,,,,,,,,,,,,,,,,,,,,,,,,,,,,,,,,
407306,"Skagit County, WA, USA","Washington, USA","United States",48.50016851225,-122.69056964702,land,saltwater,2026-06-21,Backroads,2,,2,4.19,2.44,0.00,,,3,2,9,4,12,,3,60,,3,5,,,20,,1,,,,,2,,,2,1,1,,,,1,,,,,4,2,,2,,,,,73,210
407307,"Skagit County, WA, USA","Washington, USA","United States",48.500443017534,-122.69088542001,land,saltwater,2026-06-21,"will n john",2,,2,2.22,0.00,0.00,,,2,,1,1,1,,4,16,,1,,,,6,,,,,,,,,,,,,,1,,,,,,,26,8,,,,,,,39,106
407308,"San Mateo County, CA, USA","California, USA","United States",37.633161740552,-122.47376837572,land,inland,2026-04-19,myself,1,,1,6.80,0.00,0.00,2,,,,,,,,,,,,,,,,,,,,,,,,,,,,,,,,,,,,,,,,,,,,,
407309,"San Mateo County, CA, USA","California, USA","United States",37.633156497228,-122.47376893519,land,inland,2026-06-21,myself,1,,1,2.36,0.00,0.00,,5,12,5,5,2,3,,5,21,4,6,4,4,5,12,4,1,3,,,,,,1,6,,,1,,,,,2,,,,,,,,,,,,111
407310,"Indian River County, FL, USA","Florida, USA","United States",27.785212096747,-80.408350521704,land,saltwater,2026-06-06,"Coastal Connections, Inc. - World Oceans Day Event",84,2,86,39.02,1.61,0.00,,17,21,19,42,26,3,28,112,319,10,4,13,3,20,167,10,39,9,75,,,37,,,6,8,4,9,28,4,5,,10,20,6,672,149,4,,4,16,2,2,297,2220
407311,"Miami-Dade County, FL, USA","Florida, USA","United States",25.866150066485,-80.118942318077,land,saltwater,2026-06-06,"Clean Miami Beach - World Oceans Day Event",109,,109,241.31,1.61,0.00,,250,175,55,110,200,,356,210,1200,15,4,17,10,10,170,37,24,30,7,310,,7,,,,22,4,6,37,5,2,8,21,5,7,91,52,3,22,1,10,,9,175,3677
407312,"Miami-Dade County, FL, USA","Florida, USA","United States",25.769361424398,-80.131102822322,land,saltwater,2026-06-08,"Clean Miami Beach - World Oceans Day Event",40,,40,58.06,1.61,0.00,,31,21,25,75,31,,42,123,750,9,12,10,4,8,1,16,136,37,16,22,,7,,,,,5,1,7,3,,4,4,3,24,7,4,2,1,,,,,9,1450
407313,"King County, WA, USA","Washington, USA","United States",47.631842470805,-122.33952995344,land,freshwater,2026-06-11,"Puget Soundkeeper Alliance - World Oceans Day Event",12,,12,5.90,2.90,0.00,,,,,,,,,,,,,,,,,,,,,,,,,,,,,,,,,,,,,,,,,,,,,,
407314,"Chatham County, GA, USA","Georgia, USA","United States",32.026641044648,-80.85159222547,land,freshwater,2026-06-07,"Tybee Beach Clean Volunteers - World Oceans Day Event",47,,47,32.21,2.41,0.00,,,,,,,,,,,,,,,,,,,,,,,,,,,,,,,,,,,,,,,,,,,,,,
407316,"Hillsborough County, FL, USA","Florida, USA","United States",27.89219951906,-82.540365328064,land,saltwater,2026-06-08,"Keep Tampa Bay Beautiful - World Oceans Day Event",111,,111,495.32,1.61,0.00,,,,,,,,,,,,,,,,,,,,,,,,,,,,,,,,,,,,,,,,,,,,,,
407317,"Washington County, RI, USA","Rhode Island, USA","United States",41.492644735013,-71.420991760886,land,saltwater,2026-06-21,"URI Fairy",1,,1,3.38,0.00,0.00,,,,,2,1,1,,,3,,1,1,,,,,,,3,1,,1,,,,,,,1,,,,,,,,,,,,,,,,15
407318,"Washington County, RI, USA","Rhode Island, USA","United States",41.492570514871,-71.420481542828,land,saltwater,2026-06-21,metcalf,1,,1,14.30,0.01,0.00,,,1,,2,2,5,3,7,13,4,,2,,1,14,2,,,17,,,4,,,1,,3,,4,4,,,,,,5,6,,,,1,,,12,113
407319,"Washington County, RI, USA","Rhode Island, USA","United States",41.492582118623,-71.420414160424,land,saltwater,2026-06-21,,1,,1,5.17,0.00,0.00,,,3,,,,,,,14,,,,,,13,5,1,1,9,,,,,,1,,1,,,,,,,,,,9,,,1,,,,1,59
407320,"Washington County, RI, USA","Rhode Island, USA","United States",41.492893903803,-71.421077534656,land,saltwater,2026-06-21,Metcalf,1,,1,2.34,0.50,0.00,,,2,1,1,,2,,,8,,2,2,,,4,,,,1,,,1,,,2,,1,,1,,,,,,,,1,,,,,,,,29
407321,"Mendocino County, CA, USA","California, USA","United States",39.4091776,-123.8094833,land,saltwater,2026-06-21,,1,,1,1.52,0.00,0.00,,,,,1,1,,,2,2,,,,,,,1,,,3,,,,,,3,,,,,,,,,,,,,,,,,,,74,87
407324,"San Mateo County, CA, USA","California, USA","United States",37.601470504457,-122.50046927929,land,saltwater,2026-06-21,"pacifica beach coalition",1,,1,4.83,0.26,0.00,,,1,,,,,,2,31,,,1,,,2,1,1,,1,,,3,,,,,,,,,,,,,1,6,2,,1,,,,,5,58
407325,"Charleston County, SC, USA","South Carolina, USA","United States",32.52362514,-80.31537595,land,saltwater,2026-06-21,Frespace,2,,2,4.58,1.61,0.00,,,3,,,2,,,,6,1,,,,,6,1,3,,,,,2,,,,,,2,1,,,,,,3,10,10,,,,,,,,50
407326,"Santa Clara County, CA, USA","California, USA","United States",37.434622282716,-122.09990070703,land,saltwater,2026-06-21,fedo,1,,1,0.21,0.46,0.00,,,,,,,,,1,7,,,,,,7,,,,,,,,,,,,1,,,,,,,,,1,1,,,,,,,15,33
407330,"King County, WA, USA","Washington, USA","United States",47.294830726504,-122.28338780824,land,freshwater,2026-06-21,"Woodsie’s Warrior",1,,1,0.28,0.03,0.00,,,1,,1,1,,1,,12,,,,,,3,1,1,,,,,,,,,,,,,,,,,,,,3,,,,,,,,24
407332,"Ventura County, CA, USA","California, USA","United States",34.40984582,-118.79460402,land,inland,2026-06-22,"Hill People",1,,1,1.81,0.03,0.00,,,2,,1,,,,1,,1,,,,2,3,3,2,,,,,,,,1,,,,,,,,,,,4,22,,3,,,,,21,66
407336,"Volusia County, FL, USA","Florida, USA","United States",28.927524442935,-80.824169098812,land,saltwater,2026-06-22,Ranger,1,,1,0.05,2.41,0.00,,,3,,,,,,,,,,,,,,,,,,,,,,,,,,1,,1,,,,,,,,,,,,,,,5
407338,"Currituck County, NC, USA","North Carolina, USA","United States",36.44498099,-75.84554692,land,saltwater,2026-06-22,NEST,2,,2,2.49,16.09,0.00,,2,1,1,6,1,1,,,3,,2,1,,,,,,1,2,,,,,,,2,1,1,,,,,,2,3,1,2,,,,,,,,33
407339,"Colleton County, SC, USA","South Carolina, USA","United States",32.504733686546,-80.294811275308,land,saltwater,2026-06-22,EBSPTURTLEPATROL,3,,3,3.59,0.09,0.00,,,1,,1,9,,,1,15,,1,4,,,1,,2,,3,,,1,,,,,,,,,,,,,2,1,4,,,,,,,,46
407340,"Okaloosa County, FL, USA","Florida, USA","United States",30.399199249581,-86.603511280553,land,inland,2026-06-22,AOI,1,,1,2.95,3.54,0.00,,2,4,,15,3,,,17,101,,,6,2,,3,4,14,,1,,,,,,4,3,3,3,,,,,2,3,3,,5,,1,,,,,26,225
407341,"Alameda County, CA, USA","California, USA","United States",37.565496872822,-122.03102644952,land,inland,2026-06-21,,2,,2,2.72,0.00,0.00,3,,,,,,,,,,,,,,,,,,,,,,,,,,,,,,,,,,,,,,,,,,,,,
407343,"Erie County, NY, USA","New York, USA","United States",42.853972394509,-78.753521888106,land,inland,2026-06-22,"Naomi & Maggie",5,,5,10.67,0.86,0.00,,,12,3,5,2,3,3,5,13,1,9,10,,7,57,15,11,4,2,,,,,,1,1,,,8,,,1,,5,3,10,66,,,2,,,1,37,297
407345,"Alameda County, CA, USA","California, USA","United States",37.56549676266,-122.03102661882,land,freshwater,2026-06-22,,2,,2,4.31,0.00,0.00,2,,,,,,,,,,,,,,,,,,,,,,,,,,,,,,,,,,,,,,,,,,,,,
407348,"Orange County, CA, USA","California, USA","United States",33.613131161421,-117.93271323579,land,saltwater,2026-06-22,,2,,2,1.63,0.12,0.00,,2,3,,,,,,5,8,1,3,1,,,9,,7,,2,,,,,,1,,,,1,,,1,1,,,,1,,,,,,,25,71
407350,"King County, WA, USA","Washington, USA","United States",47.294898103632,-122.2834720041,land,freshwater,2026-06-22,"Woodsie’s Warrior",1,,1,1.98,0.03,0.00,,,,,1,1,,,,5,,,,,,,,,,,,,1,,,,,,,1,,,,,5,,,8,,,,,,,,22
407351,"Charleston County, SC, USA","South Carolina, USA","United States",32.51292001412,-80.315930413225,land,saltwater,2026-06-22,EBSPTURTLEPATROL,1,,1,0.91,2.41,0.00,,,1,,3,2,2,,1,2,,,,,,2,,1,1,,,,,,,,,1,,,,,,,,1,,8,,,,,,,3,28
407352,"Erie County, NY, USA","New York, USA","United States",42.830044982271,-78.745512817808,land,inland,2026-06-22,"Naomi & Maggie",3,,3,3.30,1.73,0.00,,5,2,1,13,6,,2,,15,,1,3,,1,15,1,4,,1,,,,,,18,2,,1,2,,,,,1,,5,6,,1,,2,,,1,109
407353,"Erie County, NY, USA","New York, USA","United States",42.830674410637,-78.745630945593,land,inland,2026-06-22,Naomi,2,,2,3.36,1.93,0.00,,1,3,,7,1,,,1,9,,,,,,4,,,,,,,1,,,1,2,,,,,,,,2,1,11,12,,,,,,,9,65
407354,"Greater Bridgeport Planning Region, CT, USA","Connecticut, USA","United States",41.253807392918,-73.197500236686,land,inland,2026-06-22,"Trumbull cleanup",1,,1,0.96,0.69,0.00,,,2,,12,2,,,2,,,,2,,,2,2,2,,,,,,,,,,,,1,,,,,,,2,5,,,,,,,7,41
407355,"Erie County, NY, USA","New York, USA","United States",42.880022046092,-78.881554497142,land,inland,2026-06-22,"Naomi & Maggie 1",3,,3,3.12,0.99,0.00,,,,1,5,6,1,3,3,12,,7,6,,1,38,3,4,,,,,,,,,,,,1,,,,,13,,14,14,,,,1,,2,,135
407356,"Napa County, CA, USA","California, USA","United States",38.512072552532,-122.10529846467,land,freshwater,2026-06-06,"Solano RCD",1,,1,0.45,0.40,0.00,1,,,4,5,2,,13,3,7,,1,,,3,2,,,,2,,,,,,,,,,2,,,,,1,,,,,,,,,,,45
407357,"Napa County, CA, USA","California, USA","United States",38.512072552532,-122.10529846467,land,saltwater,2026-06-06,"Solano RCD",1,,1,0.45,0.40,0.00,1,,,,1,1,,,,3,,,,,,,,,,3,,,,,,,,,,,,,,,,,,,,,,,,,,8
407358,"Napa County, CA, USA","California, USA","United States",38.512072552532,-122.10529846467,land,saltwater,2026-06-06,"Solano RCD",1,,1,0.45,0.40,0.00,1,,,2,1,,,6,1,9,,,,,,5,,,,1,,,,,,,,,,1,,1,,,,,9,20,1,3,,,,,,60
407359,"Napa County, CA, USA","California, USA","United States",38.512072552532,-122.10529846467,land,saltwater,2026-06-06,"Solano RCD",2,,2,36.29,0.80,0.00,6,6,4,8,12,35,,25,12,50,,,8,,2,,6,,5,,,,,1,,,,,,1,2,,,,20,,,,,,,,,,50,247
407360,"Napa County, CA, USA","California, USA","United States",38.512072552532,-122.10529846467,land,saltwater,2026-06-06,"Solano RCD",1,,1,0.91,0.40,0.00,2,,,4,1,1,,,,5,,,,,,1,1,,,,,,,,,,,,,1,,,,,,,,12,,,,1,,,,27
407361,"Napa County, CA, USA","California, USA","United States",38.512072552532,-122.10529846467,land,saltwater,2026-06-22,"Solano RCD",3,,3,0.68,0.40,0.00,,,,2,,2,,2,1,10,,,,,,,,,,,,,,,,,,,,,,,,,,,6,,,,,,,,,23
407362,"Erie County, NY, USA","New York, USA","United States",42.880205127523,-78.881790960618,land,inland,2026-06-22,"Naomi and Maggie",2,,2,2.77,0.59,0.00,,3,3,1,9,8,,,3,5,,1,3,1,,16,6,6,2,,,,,,,,,,,3,1,,,,8,,6,14,1,,,,,1,5,106
407363,"Napa County, CA, USA","California, USA","United States",38.512072552532,-122.10529846467,land,saltwater,2026-06-06,"Solano RCD",1,,1,0.00,0.00,0.00,,,,10,5,8,,20,18,6,,4,1,,,20,2,2,,,,,,,,8,,,,3,,,,,,,,,,,,,,,,107
407364,"Napa County, CA, USA","California, USA","United States",38.512072552532,-122.10529846467,land,saltwater,2026-06-06,"Solano RCD",2,,2,0.00,0.00,0.00,2,,5,4,4,15,,1,1,1,,,1,,2,5,4,1,,2,,,,,1,,,,,3,,,,,1,,4,6,,,,,,,1,62
407365,"Napa County, CA, USA","California, USA","United States",38.512072552532,-122.10529846467,land,saltwater,2026-06-22,"Solano RCD",1,,1,0.00,0.00,0.00,2,2,1,4,,4,,4,3,2,,1,4,,,5,3,1,,2,,,,,,,,,,1,,,,,,,,1,,,,,,,8,46
407366,"Napa County, CA, USA","California, USA","United States",38.512072552532,-122.10529846467,land,saltwater,2026-06-06,"Solano RCD",5,,5,0.00,0.00,0.00,,8,6,14,11,16,1,8,4,2,5,3,2,,,6,2,1,1,2,,,2,,1,,,,1,2,,,,2,,,7,1,,,,,,,,108
407367,"Napa County, CA, USA","California, USA","United States",38.512072552532,-122.10529846467,land,saltwater,2026-06-06,"Solano RCD",3,1,4,0.00,0.00,0.00,,,6,6,7,8,,5,17,8,3,,,,,2,,1,1,,,,,,,2,,,2,,1,,,2,1,,,,3,1,,,,,7,83
407368,"Napa County, CA, USA","California, USA","United States",38.512072552532,-122.10529846467,land,saltwater,2026-06-06,"Solano RCD",4,,4,0.00,0.00,0.00,4,1,3,8,10,17,,11,1,11,1,5,1,,2,16,,,,21,,,,,1,,,,3,3,1,1,,3,2,,13,21,,,,,,,6,162
407369,"Napa County, CA, USA","California, USA","United States",38.512072552532,-122.10529846467,land,saltwater,2026-06-06,"Solano RCD",4,,4,0.00,0.00,0.00,4,1,3,8,10,17,,11,1,11,1,5,1,,2,16,,,,21,,,,,1,,,,3,3,1,1,,3,2,,13,21,,,,,,,6,162
407370,"Napa County, CA, USA","California, USA","United States",38.512072552532,-122.10529846467,land,saltwater,2026-06-22,,1,,1,0.00,0.00,0.00,,,,,,,,,,,,,,,,,,,,,,,,,,,,,,,,,,,,,,,,,,,,,,
407371,"Erie County, NY, USA","New York, USA","United States",42.880043982043,-78.881821810405,land,freshwater,2026-06-22,"Niaomi and Maggie",1,,1,7.66,0.82,0.00,,4,1,,19,10,,4,6,20,3,9,13,1,15,32,8,11,5,,,,1,,,,,,,2,,1,,,25,,19,44,2,,,,,,3,258
407372,"San Diego County, CA, USA","California, USA","United States",32.685381543028,-117.23434578138,land,saltwater,2026-06-05,"Laudato si",2,,2,15.88,0.16,0.00,,,1,,1,,,,,,,,,,,,,,,,,,7,,,,,,,,,,,,,,,,,,,,,,,9
407373,"San Mateo County, CA, USA","California, USA","United States",37.591852179438,-122.50019673269,land,inland,2026-06-22,"pacifica beach coalition",2,,2,2.78,0.32,0.00,,,2,,,,,1,1,9,,,,,,1,,1,,,,,2,,,,,,,,,,,,,,,5,,,,,,,4,26
407374,"Palm Beach County, FL, USA","Florida, USA","United States",26.371767399558,-80.092581234868,land,inland,2026-06-22,Bocasab-Dmoon,1,,1,6.02,0.01,0.00,,4,5,1,28,14,,12,17,31,11,13,4,4,1,47,6,9,3,,,,,,2,2,,1,3,1,4,1,,6,15,,,47,,,,3,,,24,319
407376,"Bexar County, TX, USA","Texas, USA","United States",29.57308495362,-98.46295346613,land,inland,2026-06-23,Flechers,2,,2,0.45,0.00,0.00,1,,,,,,,,,,,,,,,,,,,,,,,,,,,,,,,,,,,,,,,,,,,,,
407379,"Broward County, FL, USA","Florida, USA","United States",25.993446936775,-80.12780082984,land,inland,2026-06-23,"Little Earth Hero",1,,1,0.83,0.03,0.00,,15,3,,1,,,,,,,,,,,12,,,,1,,,,,,,,,,,,,,,,,1,,,,,,,,20,53
407385,"Pinellas County, FL, USA","Florida, USA","United States",27.684811483221,-82.737843440243,land,saltwater,2026-06-21,,1,,1,11.11,2.72,0.00,,,15,1,26,20,3,6,23,8,,2,9,1,3,25,4,11,4,2,,,,,,,1,5,,2,,1,,1,1,22,8,36,,2,,1,,,,243
407386,"Orange County, CA, USA","California, USA","United States",33.716355334036,-118.02367025055,land,saltwater,2026-06-23,"Broc Benson,Brady Benson, Kara Castanon",3,,3,142.88,9.01,0.00,,1,,1,1,1,,,,,1,1,1,1,1,1,,2,1,3,1,2,2,2,2,18,1,8,3,10,5,5,4,1,,,,,2,7,1,2,6,1,46,145
407387,"Orange County, CA, USA","California, USA","United States",33.716355334036,-118.02367025055,land,inland,2026-05-28,"Broc Benson,Brady Benson, Kara Castanon",1,,1,47.63,0.00,0.00,7,,,,,,,,,,,,,,,,,,,,,,,,,,,,,,,,,,,,,,,,,,,,,
407388,"Orange County, CA, USA","California, USA","United States",33.716355334036,-118.02367025055,land,inland,2026-06-23,"Broc Benson,Brady Benson, Kara Castanon",3,,3,64.00,14.32,0.00,,5,2,2,13,11,1,1,4,,1,4,2,1,1,,,10,6,4,1,1,1,,1,1,,,8,,,10,,,,,,,2,2,2,3,4,2,16,122
407389,"Orange County, CA, USA","California, USA","United States",33.716355334036,-118.02367025055,land,inland,2026-05-19,"Broc Benson,Brady Benson, Kara Castanon",3,,3,36.74,0.00,0.00,10,,,,,,,,,,,,,,,,,,,,,,,,,,,,,,,,,,,,,,,,,,,,,
407390,"Orange County, CA, USA","California, USA","United States",33.716355334036,-118.02367025055,land,inland,2026-06-04,"Broc Benson,Brady Benson, Kara Castanon",3,,3,70.76,0.00,0.00,17,,,,,,,,,,,,,,,,,,,,,,,,,,,,,,,,,,,,,,,,,,,,,
407391,"Orange County, CA, USA","California, USA","United States",33.716355334036,-118.02367025055,land,inland,2026-06-01,"Broc Benson,Brady Benson, Kara Castanon",3,,3,30.62,0.00,0.00,6,,,,,,,,,,,,,,,,,,,,,,,,,,,,,,,,,,,,,,,,,,,,,
407392,"Pinellas County, FL, USA","Florida, USA","United States",27.684389218781,-82.737750650297,land,saltwater,2026-06-23,,1,,1,9.43,3.14,0.00,,,12,,9,5,6,1,20,32,2,1,5,,,15,2,3,3,2,,,,,,1,5,7,2,2,,2,2,1,,9,17,52,,,,,,,2,220
407393,"Colleton County, SC, USA","South Carolina, USA","United States",32.504735300383,-80.294797762617,land,saltwater,2026-06-23,EBSPTURTLEPATROL,2,,2,0.73,1.61,0.00,,,1,,,,2,,2,3,,,,1,,5,1,1,1,,,,,,,,,1,,,,,,2,,,1,7,,,,,,,3,31
407394,"Colleton County, SC, USA","South Carolina, USA","United States",32.504736083145,-80.294874221869,land,saltwater,2026-06-23,"Edisto Beach State Park Turtle Patrol",3,,3,1.14,0.00,0.00,,,,,1,,,,,,1,,,,1,,1,,,2,,,,,,,,,,,,,,,,,2,1,,,,,,,,9
407396,"Erie County, NY, USA","New York, USA","United States",42.86382204673,-78.851437620753,land,inland,2026-06-23,"naomi & maggie",2,,2,3.49,0.53,0.00,,1,4,1,24,5,4,1,18,5,2,1,4,,1,7,3,3,,1,,,,,,,1,,,,1,,,,2,1,17,9,,,,1,,2,35,154
407397,"Erie County, NY, USA","New York, USA","United States",42.863619118791,-78.852156002762,land,freshwater,2026-06-23,"Niaomi and Maggie",2,,2,8.19,0.12,0.00,,1,1,,19,5,2,3,13,6,1,3,5,1,2,13,4,3,,1,1,,1,,,,3,,,4,,,2,,5,5,36,8,,,,1,,1,27,177
407400,"Okaloosa County, FL, USA","Florida, USA","United States",30.399197991978,-86.603510601988,land,inland,2026-06-23,AOI,1,,1,2.59,3.06,0.00,,,6,,6,,,,7,41,5,,,,,3,3,5,2,1,,,,,,,2,4,,1,,,1,,3,3,,4,,1,1,,,,36,135
407401,"Erie County, NY, USA","New York, USA","United States",42.859995025908,-78.825792084397,land,inland,2026-06-23,"naomi & maggie",2,,2,2.03,0.24,0.00,,2,,1,11,11,8,1,5,19,,1,,,4,4,1,1,,1,,,,,1,,,,,,,,,,1,,5,6,,,,2,,,,85
407402,"Erie County, NY, USA","New York, USA","United States",42.859459184685,-78.825401134072,land,freshwater,2026-06-23,"Niaomi and Maggie [higgins]",2,,2,4.75,0.64,0.00,,1,2,,7,3,1,6,4,27,,,,,,10,,2,,6,,,,,1,,,,1,,,,,,5,,18,9,,,,1,,,10,114
407405,"Nevada County, CA, USA","California, USA","United States",39.25886224,-121.01738716,land,inland,2026-06-23,syrcl,1,,1,0.54,0.00,0.00,,8,,,3,6,,2,5,11,,,,,1,,,,,,,,,,,,,,2,,1,,,,,,,,,,1,1,,1,,42
407406,"Kings County, Brooklyn, NY, USA","New York, USA","United States",40.649688369768,-73.974171051309,land,freshwater,2026-06-23,test,1,,1,0.04,0.00,0.00,,,,,,,,,1,1,,,,,1,1,,1,,,,,,,,,,,,,,,,,,,,,,,,,,,,5
407407,"Yolo County, CA, USA","California, USA","United States",38.558478333333,-121.72534,land,inland,2026-06-23,"putah creek council , davis picks it up",1,,1,4.96,0.03,0.00,,,,,1,,,,1,,,,,,,,,,,,,,3,,,,,,,,,,,,,,11,11,,,,,,,11,38
407411,"King County, WA, USA","Washington, USA","United States",47.29484685122,-122.2834481134,land,freshwater,2026-06-23,"Woodsie’s Warrior",1,,1,0.80,0.03,0.00,,,1,,1,1,,,,9,,,,,,4,2,1,,,,,,,,,,,,1,,,,1,,,1,7,,,,,,,,29
407412,"Miami-Dade County, FL, USA","Florida, USA","United States",25.731757101276,-80.163092895078,land,saltwater,2026-06-23,"the goats",2,,2,1.29,0.23,0.00,,,,,12,1,,,,,1,,1,,,1,,,,1,,,,,,,,,,3,,,,,,,,1,,,,,,,,21
407413,"Miami-Dade County, FL, USA","Florida, USA","United States",25.731880459616,-80.163415943793,land,saltwater,2026-06-23,,1,,1,1.27,0.87,0.00,,1,3,1,2,10,,,,1,,,,2,1,,4,,,1,,,,,,,,,,,,,,,,,,,,,1,,,,2,29
407414,"Miami-Dade County, FL, USA","Florida, USA","United States",25.731696882183,-80.161818506555,land,saltwater,2026-06-23,"fishes savor",2,,2,0.48,0.37,0.00,,,2,,3,6,1,3,1,,2,,,,,1,,,,,,,,,,,,,,,,,1,,,,1,,,,,,,,,21
407415,"Miami-Dade County, FL, USA","Florida, USA","United States",25.731889110251,-80.163441346562,land,saltwater,2026-06-23,,1,,1,3.88,0.07,0.00,,4,4,4,15,15,5,1,2,,,,,,,1,,,,1,,,,,,4,,,,1,,,1,,2,,,20,,,,,,,5,85
407416,"Alameda County, CA, USA","California, USA","United States",37.565471555596,-122.03102614391,land,freshwater,2026-06-23,,2,,2,4.31,0.00,0.00,2,,,,,,,,,,,,,,,,,,,,,,,,,,,,,,,,,,,,,,,,,,,,,
407417,"Erie County, NY, USA","New York, USA","United States",42.860900156997,-78.821207636662,land,inland,2026-06-23,"Niaomi and Maggie [mungovan]",2,,2,5.04,0.22,0.00,,,,1,4,3,,,7,,,,5,,1,13,,2,1,,,,,,,,1,,,2,,1,,,2,,41,26,,,,4,,,20,134
407418,"Kings County, Brooklyn, NY, USA","New York, USA","United States",40.696581707133,-73.999121652734,land,saltwater,2026-06-16,"Brooklyn Bridge Park Volunteers",6,,6,13.36,0.14,0.00,4,1,27,3,51,4,1,7,105,19,,9,23,1,29,29,7,69,5,,,,1,,,165,,,1,,1,1,3,1,24,6,193,49,1,,,2,2,8,85,933
407419,"Erie County, NY, USA","New York, USA","United States",42.861080450818,-78.821466492303,land,inland,2026-06-23,"naomi & maggie",2,,2,4.93,0.19,0.00,,,1,1,9,1,1,,16,6,,2,4,,1,36,5,2,1,,,,,,,,,,6,1,,,,,1,,38,25,,,,,,,13,170
407420,"Miami-Dade County, FL, USA","Florida, USA","United States",25.731863939366,-80.163398608207,land,saltwater,2026-06-23,,1,,1,2.94,0.00,0.00,,2,,12,3,5,1,,,,,,,,,,,,,,,,,,,,,,,,,,,,,,,,,,,,,,,23
407422,"Miami-Dade County, FL, USA","Florida, USA","United States",25.731643333333,-80.162126666667,land,saltwater,2026-06-23,,1,,1,4.00,0.38,0.00,,8,,2,33,1,1,3,1,,,5,1,,1,2,4,1,,,,,1,,,6,,4,,5,,,1,,,,2,1,,,,,,2,7,92
407424,"Erie County, NY, USA","New York, USA","United States",42.865237262579,-78.867563439519,land,freshwater,2026-06-23,"Niaomi and Maggie [buffalo river]",2,,2,1.00,0.09,0.00,,,4,,1,1,,,,3,,,2,,,5,,2,,,,,,,,,,,,,,,,,1,,8,6,,,,,,,16,49
407425,"Erie County, NY, USA","New York, USA","United States",42.865197600736,-78.867461410024,land,inland,2026-06-23,"naomi & maggie",2,,2,1.84,0.51,0.00,,1,,,,,,1,2,6,,,1,,,12,1,2,,1,,,,,,1,,,,,,,,,2,,9,10,,1,,1,,,,51
407426,"Pinellas County, FL, USA","Florida, USA","United States",27.735625,-82.69138,land,saltwater,2026-06-23,WHALESHARK,6,,6,42.35,0.00,0.00,,2,2,,6,1,,2,4,2,,1,1,,3,1,,2,,3,5,,4,,,,,,,1,,,,,,1,,,,,,,,,27,68
407427,"Pinellas County, FL, USA","Florida, USA","United States",27.735748077074,-82.691205773022,land,saltwater,2026-06-23,"ocg cleanup",6,,6,48.99,0.00,0.00,,4,6,2,2,2,1,,5,1,2,2,2,1,1,1,1,1,,,3,,9,,,2,2,2,,2,1,,,2,3,,2,7,2,,,,,,6,77
407428,"Pinellas County, FL, USA","Florida, USA","United States",27.735176301782,-82.690675728151,land,saltwater,2026-06-23,"ocg 2026",5,,5,40.22,0.48,0.00,,1,1,,1,3,4,3,2,8,1,,6,,3,10,,,,4,2,,8,,,1,1,,,1,,,,1,,,7,4,,,,,,,,72
407429,"Pinellas County, FL, USA","Florida, USA","United States",27.735691485806,-82.691031888746,land,saltwater,2026-06-23,"ocg 2026 brianna",5,,5,9.65,0.00,0.00,,2,,1,5,2,,,,,1,,,4,6,3,,,,1,,,,1,,,,,,1,1,,,,2,,,,,,,,,,8,38
407430,"Cuyahoga County, OH, USA","Ohio, USA","United States",41.403790107341,-81.800076107959,land,inland,2026-06-23,"CCBH Interns ‘26",4,,4,13.90,0.23,0.00,,14,72,14,12,75,3,,,,3,1,8,1,1,36,1,1,,,,,,,,,1,3,,6,2,1,,31,,5,18,51,,,,3,,,15,378
407431,"Pinellas County, FL, USA","Florida, USA","United States",27.735667654081,-82.691077646709,land,inland,2026-06-23,,5,,5,20.17,0.32,0.00,,,1,,2,1,,,12,1,,,,,1,3,,,,1,,,,,,1,1,,,1,,,3,,,,7,3,,,,1,,,24,63
407432,"San Luis Obispo County, CA, USA","California, USA","United States",35.448772687376,-120.90585193605,land,saltwater,2026-06-20,"Cayucos Pier Cleanup with ECOSLO",12,,12,6.80,0.80,1.29,3,3,6,,4,1,,,12,99,1,,,,4,36,12,4,2,16,,,4,,,26,1,,,1,,,3,,1,,101,35,,,,,,1,104,477
407434,"Broward County, FL, USA","Florida, USA","United States",26.03921686229,-80.175227133723,land,inland,2026-06-23,"Little Earth Hero",1,,1,0.52,7.07,0.00,,5,,1,4,2,,,4,,1,1,3,1,,3,,1,,,,,,,,,,,,,,,,,,,,,,,,,,,3,29
407440,"Erie County, NY, USA","New York, USA","United States",42.929554264975,-78.905770013955,land,inland,2026-06-24,"Naomi & Maggie 1",2,,2,8.64,0.34,0.00,,1,4,,2,1,,5,5,32,,,2,1,1,25,,3,1,9,,,,,,11,,,,,,,,,9,,10,42,,,1,1,,,,166
407441,"Erie County, NY, USA","New York, USA","United States",42.930283475146,-78.907965337368,land,inland,2026-06-24,"naomi & maggie",2,,2,8.21,2.76,0.00,,8,6,3,12,5,,13,9,46,,5,7,2,13,9,12,5,4,,,,,,1,2,,,1,2,,1,1,,8,,59,36,,,,8,,,22,300
407442,"Okaloosa County, FL, USA","Florida, USA","United States",30.399194509427,-86.603512305446,land,inland,2026-06-24,AOI,1,,1,2.99,3.70,0.00,,1,4,,9,,,1,11,42,,3,,1,,5,3,6,3,,,,,,,,,14,1,4,,,,,3,7,,5,,,,,,,21,144
407444,"San Mateo County, CA, USA","California, USA","United States",37.47848136,-122.41453666,land,saltwater,2026-06-24,"Sea Hugger",1,,1,1.04,0.08,0.00,,,,,,,,,7,,,,,,,,1,1,1,1,,,,,,,,,,,,,,,,1,6,,,,,,,,1,19
407445,"Miami-Dade County, FL, USA","Florida, USA","United States",25.7364607833,-80.15657384088,land,saltwater,2026-06-24,Gen2050,4,,4,3.93,0.06,0.00,,5,,3,1,1,7,3,16,3,1,,,,,10,,2,1,2,,,1,,,,,2,4,,1,,,,,1,,9,,,,,,,12,85
407446,"Miami-Dade County, FL, USA","Florida, USA","United States",25.724922558827,-80.155541829717,land,inland,2026-06-24,"clean up on aisle 3",3,,3,1.22,1.45,0.00,,1,8,,1,,3,4,9,2,,1,1,,,12,,7,,,,,,,,2,,,1,,,,,,,,4,9,,,,,,,6,71
407447,"New Castle County, DE, USA","Delaware, USA","United States",39.754861053583,-75.551627000175,land,freshwater,2026-06-19,"Brandywine Zoo Monthly Litter Getters- June",15,1,16,5.81,0.40,0.03,1,2,9,3,10,2,2,18,17,87,1,17,8,3,6,100,5,4,14,1,,,3,,,4,,1,,1,2,,,2,8,1,54,140,,1,2,2,,,93,623
407450,"Erie County, NY, USA","New York, USA","United States",42.914205422929,-78.902814844936,land,inland,2026-06-24,"naomi and maggie",2,,2,9.85,0.00,0.00,,6,,3,7,6,,6,17,171,3,3,8,4,2,36,9,16,2,10,,,,,,1,,1,2,4,,1,,,11,,22,22,,1,,2,,,12,388
407455,"Pulaski County, VA, USA","Virginia, USA","United States",37.058862185209,-80.631669692109,land,freshwater,2026-06-24,"Claytor Lake State Park",5,45,50,11.34,0.00,0.00,10,,,,,,,,,,,,,,,,,,,,,,,,,,,,,,,,,,,,,,,,,,,,,
407456,"Pulaski County, VA, USA","Virginia, USA","United States",37.058862185209,-80.631669692109,land,saltwater,2026-06-24,"Claytor Lake State Park",50,3,53,4.54,1.61,0.00,,,,,,,,,,,,,,,,,,,,,,,,,,,,,,,,,,,,,,,,,,,,,,
407457,"King County, WA, USA","Washington, USA","United States",47.287834484238,-122.29151719069,land,freshwater,2026-06-24,"Woodsie’s Warrior",1,,1,3.15,0.02,0.00,,,,,3,2,,,,6,,3,,,,8,2,2,,,,,2,,,,,,,,1,,,,,1,,4,,,,,,,,34
407459,"Yolo County, CA, USA","California, USA","United States",38.558538333333,-121.72536,land,inland,2026-06-24,"putah creek council , davis picks it up",1,,1,0.72,0.84,0.00,,,1,,,,,,1,,,,,,,,,,,,,,,,,,,,,,,,,,,,6,6,,,,,,,9,23
407461,"Indian River County, FL, USA","Florida, USA","United States",27.650220179887,-80.354060335065,land,saltwater,2026-06-20,"Coastal Connections, Inc.",4,,4,1.13,1.21,0.00,,,,1,1,3,,1,2,2,,1,3,,,2,,,,,,,1,,,,,,,2,,,,,1,5,7,3,,,,,,,,35
407462,"Charleston County, SC, USA","South Carolina, USA","United States",32.583607687881,-80.132103788647,land,saltwater,2026-06-24,,1,,1,0.14,2.34,0.00,,,2,,,,,,,,,,,,,1,,,,,,,,,,,,,,,,,,,,,2,,,,,,,,1,6
407463,"Alameda County, CA, USA","California, USA","United States",37.565436066988,-122.03105445726,land,inland,2026-06-24,,2,,2,2.72,0.00,0.00,3,,,,,,,,,,,,,,,,,,,,,,,,,,,,,,,,,,,,,,,,,,,,,
407464,"Erie County, NY, USA","New York, USA","United States",42.845339785096,-78.861838698458,land,freshwater,2026-06-24,"Naomi & Maggie 1",2,,2,3.65,1.33,0.00,,,3,,4,,2,2,5,23,1,1,1,,,21,,2,2,,,,,,,1,,1,3,1,,,,,,2,8,33,,,,,,,,116
407465,"Cuyahoga County, OH, USA","Ohio, USA","United States",41.405234393448,-81.551752174986,land,inland,2026-06-24,"CCBH Interns ‘26",3,,3,20.14,0.00,0.00,,47,12,2,18,13,1,,2,1,3,3,4,,1,69,13,14,2,,,,2,1,,2,1,2,10,10,,1,,1,3,2,51,14,,,,5,,,48,358
407466,"Oklahoma County, OK, USA","Oklahoma, USA","United States",35.635418134754,-97.503729114009,land,inland,2026-06-24,"Respect The Land Oklahoma",1,,1,1.04,0.29,0.00,,1,9,1,13,4,,,,1,5,1,4,,,2,1,2,,,,,,,,,,,,,,,,,,1,,,,,,,,,3,48
407467,"Indian River County, FL, USA","Florida, USA","United States",27.650326455185,-80.354017969365,land,saltwater,2026-06-24,"Coastal Connections, Inc.",3,,3,4.01,1.21,0.00,,,,,1,7,,,3,5,,,5,,,3,,11,,,,,,,,,,,,4,,,,,,3,8,7,,,,,,,1,58
407468,"Bexar County, TX, USA","Texas, USA","United States",29.573106187377,-98.462951631724,land,inland,2026-06-21,Fletchers,4,,4,1.32,0.00,0.00,,,,2,1,2,,2,,30,3,,4,,,3,3,5,,,,,,,,,,,,,,,,,1,,10,2,,,,,,,49,117
407471,"San Mateo County, CA, USA","California, USA","United States",37.545130648155,-122.25831870131,land,freshwater,2026-06-21,"Team Smith",1,,1,0.81,0.24,0.00,,,5,,1,1,,,3,,,1,1,,,2,,,,,,,,,,,,,1,1,,,,,,2,1,,,,,,,,2,21
407472,"Orange County, CA, USA","California, USA","United States",33.716167621315,-118.01904318854,land,inland,2026-06-25,"Broc Benson,Brady Benson, Kara Castanon",3,,3,30.53,6.76,0.00,,5,3,7,8,5,5,9,7,3,2,4,,,4,5,,4,5,13,,,1,,15,11,,3,5,3,6,3,2,,3,3,3,1,1,1,1,1,2,1,20,175
407479,"Colleton County, SC, USA","South Carolina, USA","United States",32.50489835,-80.29469483,land,saltwater,2026-06-25,"Edisto Beach",2,,2,0.09,0.01,0.00,,,,,,,,,1,,,,,,,,,,,,,,,,,,,,,,,,,,2,,,1,,,,,,,,4
407480,"Colleton County, SC, USA","South Carolina, USA","United States",32.504727042322,-80.294814360443,land,saltwater,2026-06-25,EBSPTURTLEPATROL,2,,2,0.65,0.03,0.00,,,2,,1,,1,,1,3,,,,,,,,1,,,,,,,,,,,,1,,,,,,,,7,,,,,,,,17
407481,"Erie County, NY, USA","New York, USA","United States",42.851013360047,-78.808247891919,land,inland,2026-06-25,"Naomi & Maggie 1",1,,1,5.01,1.08,0.00,,1,6,,6,18,1,,6,3,,6,1,,,59,2,2,,,,,,,,1,,1,,2,,1,,1,7,4,14,23,,,,,,,6,171
407482,"Erie County, NY, USA","New York, USA","United States",42.851212760504,-78.809065548425,land,inland,2026-06-25,"naomi & maggie",2,,2,7.00,0.41,0.00,,5,3,,4,6,1,2,3,,,4,6,,1,29,5,,,3,,,,,,1,,,,3,1,,2,3,2,1,15,43,,,,,,,1,144
407483,"Okaloosa County, FL, USA","Florida, USA","United States",30.399211688784,-86.603491502308,land,inland,2026-06-25,AOI,1,,1,3.45,3.06,0.00,,1,7,,7,,,1,19,28,,2,,,,4,3,6,2,,,,,,,,,4,,9,,,1,,4,8,2,,,,,,,,35,143
407485,"Miami-Dade County, FL, USA","Florida, USA","United States",25.754417465213,-80.146498308289,land,saltwater,2026-06-25,MUVE,3,,3,16.33,0.01,0.00,,7,15,,10,,,,24,,,1,1,2,,4,1,12,,21,,,3,,,2,,1,2,1,,,3,,1,,24,1,1,,1,,,,62,200
407486,"Fairfax County, VA, USA","Virginia, USA","United States",38.862021562512,-77.195413542884,watercraft,freshwater,2026-06-25,"sw testing 6.25",2,,2,0.34,0.00,0.00,,,,,,,,,,,,,2,,2,3,,,,,,,,,,1,,,,,,,,,,,2,1,,,,1,,,53,65
407487,"Fairfax County, VA, USA","Virginia, USA","United States",38.86202169621,-77.195413962806,land,saltwater,2026-06-25,"sw testing 6.25 italiano",1,,1,1.32,0.32,0.00,,1,2,3,4,,,,,,,,,,,,,,,,,,,,,,,,,2,,,1,,,,,,,,,,,,12,25
407488,"Erie County, NY, USA","New York, USA","United States",42.845952881778,-78.861986766733,land,freshwater,2026-06-24,"naomi and maggie",4,,4,2.36,0.62,0.00,,5,,,2,3,,,6,15,,,,,1,36,1,,3,,,,,,,,,,,1,,,,1,1,,10,15,,,,1,,,10,111
407489,"Erie County, NY, USA","New York, USA","United States",42.888998624829,-78.66094461397,land,inland,2026-06-25,"Naomi & Maggie 1",2,,2,0.97,0.63,0.00,,2,,,3,7,,1,3,10,,,,,,11,,1,1,,,,,,,,,1,1,,,,,,,,2,8,,,,,,,32,83
407490,"Erie County, NY, USA","New York, USA","United States",42.888985905705,-78.660956328106,land,inland,2026-06-25,"naomi and maggie",2,,2,2.49,0.31,0.00,,,,2,1,5,1,1,2,11,,1,4,2,,16,2,4,1,,,,,,,,,,,1,,,,,,4,4,4,1,,,,,,2,69
407491,"King County, WA, USA","Washington, USA","United States",47.294852822395,-122.28344352934,land,freshwater,2026-06-25,"Woodsie’s Warrior",1,,1,0.41,0.00,0.00,,,,,1,,,,,8,,,,,,5,1,1,,,,,,,,,,,,,,,,,,,,5,,,,,,,,21
407492,"Erie County, NY, USA","New York, USA","United States",42.895807953867,-78.690764512418,land,inland,2026-06-25,"Naomi & Maggie 1",1,,1,4.55,0.47,0.00,,1,6,2,,5,,,,,,,,,,21,1,2,,,,,2,,,,,1,,,,,,,,1,8,9,,,,,,,,59
407493,"Volusia County, FL, USA","Florida, USA","United States",28.936376666667,-80.829408333333,land,inland,2026-06-25,"Canaveral national seashore",1,,1,4.22,9.66,0.00,,1,10,,4,1,5,4,29,4,,,,1,,11,3,10,7,1,,,1,,,,1,1,4,5,,,1,1,,,6,9,,,,,2,,40,162
407494,"Erie County, NY, USA","New York, USA","United States",42.894904568868,-78.69264650875,land,inland,2026-06-25,"naomi & maggie",2,,2,2.83,0.50,0.00,,1,,,1,1,1,3,5,2,,1,,2,,18,2,2,1,,,,1,,,,,,,,,,,,,,11,5,1,1,1,3,1,,1,65
407496,"Yolo County, CA, USA","California, USA","United States",38.558585,-121.725375,land,inland,2026-06-25,"putah creek council , davis picks it up",1,,1,0.72,0.02,0.00,,,,,,,,,2,2,,,,,,,,,,,,,,,,,,,,,,,,,,,5,7,,,,,,,2,18
407499,"Cook County, IL, USA","Illinois, USA","United States",42.0596215859,-88.253446873004,land,inland,2026-06-25,Amanda,1,,1,1.91,0.02,0.00,,,10,,1,2,1,,,3,,,,,1,6,,,,,,,1,,,1,,,,,,,,,,,,6,,,,1,,,,33
407500,"Oklahoma County, OK, USA","Oklahoma, USA","United States",35.637395504404,-97.501725074398,land,inland,2026-06-25,"Respect The Land Oklahoma",1,,1,0.34,0.38,0.00,,1,2,,5,,,,,,4,,4,1,,3,,,,,,,,,,,,,,,,,,,,,1,,,,,1,,,14,36
407501,"Erie County, NY, USA","New York, USA","United States",42.829078486224,-78.773934203542,land,inland,2026-06-25,"Naomi & Maggie 1",2,,2,110.14,0.00,0.00,,1,7,,1,1,,,2,20,1,,2,,1,23,,3,,,,,88,,,1,,,1,4,,1,,,,4,7,14,,,,2,,,5,189
407502,"Clermont County, OH, USA","Ohio, USA","United States",39.174601759699,-84.298581048574,land,freshwater,2026-06-25,"Green Spoon",1,,1,13.48,0.02,0.00,,1,,3,,7,2,3,3,9,1,2,,,,,3,,,2,,,2,1,,,,,,1,,,,,,,,1,,,,,,,,41
407504,"Pinellas County, FL, USA","Florida, USA","United States",27.6956855,-82.7367372,land,saltwater,2026-06-26,"Sea Turtle Trackers",1,,1,5.76,0.00,0.00,,4,12,,,,26,7,13,106,,,,,40,16,,24,5,4,,,,,,,,15,4,,1,1,,,1,3,1,18,1,1,1,,,,114,418
407507,"Charleston County, SC, USA","South Carolina, USA","United States",32.592264854758,-80.273812809804,land,saltwater,2026-06-26,Frespace,2,,2,0.41,1.61,0.00,,2,1,1,,,1,,2,1,,,,,,,,1,1,,,,,,,,,,1,1,,,,,,,,,,,,,,,3,15
407513,"Greater Bridgeport Planning Region, CT, USA","Connecticut, USA","United States",41.262630532822,-73.196822615621,land,inland,2026-06-23,"Trumbull cleanup",1,,1,1.40,1.53,0.00,,,4,1,13,3,,,,4,,,2,,,1,1,2,,,,,,,,,,,,,1,1,,,,,2,9,,,,,,,15,59
407514,"Greater Bridgeport Planning Region, CT, USA","Connecticut, USA","United States",41.259283394377,-73.204270807623,land,inland,2026-06-26,"Trumbull cleanup",1,,1,4.55,0.09,0.00,,1,,10,2,10,,,,,,,4,,,8,,2,,,,,,,,2,,,,1,,,,,,,1,25,,,,,,,6,72
407516,"Prince George's County, MD, USA","Maryland, USA","United States",38.99446965,-76.9185057,land,inland,2026-06-26,"Green Spoon TeamMA Park Clean Up",1,,1,4.26,0.00,0.00,,9,4,10,31,8,2,4,7,1,1,,,1,,9,1,,3,,,,,,,,,,,5,6,,,,,,,,,,,,,,,102
407517,"Taney County, MO, USA","Missouri, USA","United States",36.776071818503,-93.046163736442,land,saltwater,2026-06-13,,92,,92,8.39,1.61,0.00,1,25,,1,18,12,,5,46,14,2,,4,,7,42,28,11,9,4,,,,,,,,,,5,,,6,,2,6,,112,,,,,,,,359
407518,"Palm Beach County, FL, USA","Florida, USA","United States",26.863099034168,-80.09805513565,land,saltwater,2026-04-25,"Loggerhead Marinelife Center",178,,178,34.29,1.61,0.00,,,87,4,6,10,,2,112,27,,,,,,83,,22,13,6,,,,,,,,,16,,,,5,,8,4,701,240,,,,5,,,155,1506
407519,"Palm Beach County, FL, USA","Florida, USA","United States",26.863099034168,-80.09805513565,land,saltwater,2026-04-18,"Loggerhead Marinelife Center",164,,164,24.45,1.61,0.00,,,85,4,14,22,,3,44,45,,,,,,87,,27,11,16,,,,,,,,,10,,2,,2,,,3,286,80,,,,5,,,86,832
407520,"Palm Beach County, FL, USA","Florida, USA","United States",26.88052470428,-80.05211855144,land,saltwater,2026-06-19,PBCU26-LEXISNEXIS,75,1,76,0.09,1.61,0.00,,,,,,,,,2,1,,,,,,,,1,,11,,,,,,,,,,,,,,,1,1,,,,,,,,,5,22
407521,"Palm Beach County, FL, USA","Florida, USA","United States",26.879912247124,-80.051534902496,land,saltwater,2026-04-28,"Loggerhead Marinelife Center",1,,1,3.31,1.21,0.00,,,,,,,,,,,,,,,,,,,,,,,,,,,,,,,,,,,,,,,,,,,,,,
407522,"Palm Beach County, FL, USA","Florida, USA","United States",26.879912247124,-80.051534902496,land,saltwater,2026-05-12,"Loggerhead Marinelife Center",1,,1,5.17,1.21,0.00,,,,,,,,,,,,,,,,,,,,,,,,,,,,,,,,,,,,,,,,,,,,,,
407523,"Harrison County, MS, USA","Mississippi, USA","United States",30.3468414696,-89.140880187607,land,saltwater,2026-05-23,Mcadams,10,1,11,21.50,0.40,0.00,3,1,4,,,,,3,9,16,,,1,,,3,1,5,,,,,,,,11,1,,,,,,,,,,6,7,,1,,,,1,25,95
407524,"Palm Beach County, FL, USA","Florida, USA","United States",26.879912247124,-80.051534902496,land,saltwater,2026-05-17,"Loggerhead Marinelife Center",5,,5,2.04,1.21,0.00,,,5,,2,4,,5,34,4,,,,,,6,,,2,2,,,,,,,,,1,,1,,1,,,2,53,15,,,,4,,,5,146
407525,"Palm Beach County, FL, USA","Florida, USA","United States",26.88052470428,-80.05211855144,land,saltwater,2026-06-19,PBCU26-LexisNexis,75,,75,1.00,1.61,0.00,1,,,,26,,,,26,32,,,,,,21,,7,2,12,,,,,,,,,,,,,,,,1,,,,,,1,,,10,138
407526,"Palm Beach County, FL, USA","Florida, USA","United States",26.879912247124,-80.051534902496,land,saltwater,2026-05-01,"Loggerhead Marinelife Center",1,,1,6.30,1.21,0.00,,,,,,,,,,,,,,,,,,,,,,,,,,,,,,,,,,,,,,,,,,,,,,
407527,"Palm Beach County, FL, USA","Florida, USA","United States",26.879912247124,-80.051534902496,land,saltwater,2026-05-02,"Loggerhead Marinelife Center",107,,107,23.22,1.61,0.00,,,35,8,18,15,,6,59,38,,,,,,42,,4,5,2,,,,,,,,,11,,6,,3,,,9,225,44,,,,10,,,11,551
407528,"Palm Beach County, FL, USA","Florida, USA","United States",26.88052470428,-80.05211855144,land,saltwater,2026-06-19,"PBCU26-LEXIS NEXIS",75,,75,0.59,0.00,0.00,1,,1,,,,,,28,,1,,,,,13,,6,,10,,,,,,,,,,,1,,,,6,2,,,,,,11,,,12,91
407529,"Palm Beach County, FL, USA","Florida, USA","United States",26.88052470428,-80.05211855144,land,saltwater,2026-06-19,"PBCU26-LEXIS NEXIS",75,,75,0.59,0.00,0.00,1,,1,,,,,,28,,1,,,,,13,,6,,10,,,,,,,,,,,1,,,,6,2,,,,,,11,,,12,91
407531,"Palm Beach County, FL, USA","Florida, USA","United States",26.879912247124,-80.051534902496,land,saltwater,2026-05-16,"Loggerhead Marinelife Center",138,,138,14.25,1.61,0.00,,,50,,8,12,,3,100,56,,,,,,25,,9,7,12,,,,,,,,,43,,9,,2,,,4,214,55,,,,1,,,34,644
407532,"Palm Beach County, FL, USA","Florida, USA","United States",26.879912247124,-80.051534902496,land,saltwater,2026-05-23,"Loggerhead Marinelife Center",53,,53,14.47,1.61,0.00,,,67,2,14,15,,,53,7,,,,,,56,,22,9,3,,,,,,,,,9,,2,,4,,,9,268,84,,,,,,,20,644
407533,"Palm Beach County, FL, USA","Florida, USA","United States",26.879912247124,-80.051534902496,land,saltwater,2026-05-30,"Loggerhead Marinelife Center",24,,24,23.36,1.61,0.00,,,30,3,26,46,,,70,200,,,,,,88,,47,11,6,,,,,,,,,41,,,,,,,21,169,,,,,,,,,758
407534,"Palm Beach County, FL, USA","Florida, USA","United States",26.774947885651,-80.054943392938,land,saltwater,2026-06-13,PBCU26-COX,7,,7,5.53,1.61,0.00,1,,9,5,36,22,,21,46,58,,,10,,10,197,3,11,7,15,,,,,,,,,2,5,,1,,,6,5,,,,,,7,,,38,514
407535,"Palm Beach County, FL, USA","Florida, USA","United States",26.879912247124,-80.051534902496,land,saltwater,2026-05-02,"Loggerhead Marinelife Center",9,,9,2.27,1.21,0.00,,,2,,5,2,,,14,75,,,,,,4,,3,,5,,,,,,,,,1,,,,,,,3,15,,,,,,,,,129
407536,"Palm Beach County, FL, USA","Florida, USA","United States",26.879912247124,-80.051534902496,land,saltwater,2026-06-26,"Loggerhead Marinelife Center",58,,58,21.37,1.61,0.00,,,4,2,13,7,,1,99,6,,,,,,65,,17,12,3,,,,,,,,,1,,4,,2,,1,1,36,55,,,,,1,,3,333
407537,"Palm Beach County, FL, USA","Florida, USA","United States",26.879912247124,-80.051534902496,land,saltwater,2026-05-09,"Loggerhead Marinelife Center",84,,84,26.17,1.61,0.00,,,4,1,12,8,,,83,6,,,,,,12,,10,11,2,,,,,,,,,,,7,,,,,,29,8,,,,27,,,49,269
407538,"Palm Beach County, FL, USA","Florida, USA","United States",26.879912247124,-80.051534902496,land,saltwater,2026-05-05,"Loggerhead Marinelife Center",1,,1,5.85,1.61,0.00,,,,,,,,,,,,,,,,,,,,,,,,,,,,,,,,,,,,,,,,,,,,,,
407539,"Palm Beach County, FL, USA","Florida, USA","United States",26.879912247124,-80.051534902496,land,saltwater,2026-05-14,"Loggerhead Marinelife Center",1,,1,5.72,0.00,0.00,,,,,,,,,,,,,,,,,,,,,,,,,,,,,,,,,,,,,,,,,,,,,,
407540,"Palm Beach County, FL, USA","Florida, USA","United States",26.879912247124,-80.051534902496,land,saltwater,2026-05-16,,1,,1,5.94,1.61,0.00,,,,,,,,,,,,,,,,,,,,,,,,,,,,,,,,,,,,,,,,,,,,,,
407541,"Palm Beach County, FL, USA","Florida, USA","United States",26.879912247124,-80.051534902496,land,saltwater,2026-05-18,"Loggerhead Marinelife Center",1,,1,3.76,1.21,0.00,,,,,,,,,,,,,,,,,,,,,,,,,,,,,,,,,,,,,,,,,,,,,,
407542,"Palm Beach County, FL, USA","Florida, USA","United States",26.879912247124,-80.051534902496,land,saltwater,2026-05-22,"Loggerhead Marinelife Center",1,,1,3.99,0.00,0.00,,,,,,,,,,,,,,,,,,,,,,,,,,,,,,,,,,,,,,,,,,,,,,
407543,"Palm Beach County, FL, USA","Florida, USA","United States",26.879912247124,-80.051534902496,land,saltwater,2026-05-25,"Loggerhead Marinelife Center",1,,1,5.17,1.61,0.00,,,,,,,,,,,,,,,,,,,,,,,,,,,,,,,,,,,,,,,,,,,,,,
407544,"Palm Beach County, FL, USA","Florida, USA","United States",26.87926916567,-80.05658174724,land,saltwater,2026-06-06,SGBCU26-June-1,92,,92,8.98,1.61,0.00,1,,60,1,28,8,,,93,24,,,8,,7,27,45,27,15,2,,,,,,,,,4,,,,12,,9,5,,46,,,,,,,20,441
407545,"Yolo County, CA, USA","California, USA","United States",38.558373333333,-121.72538166667,land,inland,2026-06-26,"putah creek council , davis picks it up",1,,1,2.33,0.64,0.00,,,3,,,,,,2,4,,,,,,1,,,,,,,1,,,,,,1,,,,,,,,9,9,,,,,,,8,38
407547,"King County, WA, USA","Washington, USA","United States",47.287165695635,-122.28990312195,land,freshwater,2026-06-26,"Woodsie’s Warrior",1,,1,0.65,1.14,0.00,,,,,,1,,1,1,6,,2,,,,3,2,1,,,,,,,,,,,,1,,,,1,,,,6,,,,,,,,25
407548,"Fairfax County, VA, USA","Virginia, USA","United States",38.885155735281,-77.27338511673,land,inland,2026-06-26,RBH,1,,1,0.23,3.70,0.00,,,1,,2,,2,1,9,26,1,,1,,,11,,3,2,,,,,,,,,,,1,,,,2,3,5,20,23,,,,,,,1,114
407551,"Martin County, FL, USA","Florida, USA","United States",27.149424912347,-80.194558547325,watercraft,saltwater,2026-06-17,freese,1,,1,0.03,0.03,0.00,,,1,,,1,,,,,,,,,,,,,,,,,,,,,,,,,,,,,,,,,,,,,,,,2
407555,"Walton County, FL, USA","Florida, USA","United States",30.493277,-86.124182,land,saltwater,2026-06-23,,1,,1,0.03,0.00,0.00,,,,,1,,,,2,,,,,,,,1,,,,,,,,,,,,,,,,,,,,,,,,,,,,3,7
407556,"Williamson County, TX, USA","Texas, USA","United States",30.6332618,-97.6779842,land,inland,2026-06-27,"Me, myself and I",1,,1,0.10,0.00,0.00,,,,,1,,,,1,,,1,,,,,,,,,,,,,,,,,,,,,,,,,,1,,,,,,,,4
407560,"Greater Bridgeport Planning Region, CT, USA","Connecticut, USA","United States",41.247437254525,-73.20046285897,land,inland,2026-06-27,"Trumbull cleanup",1,,1,0.90,0.42,0.00,,,1,,5,4,,,,,,,,,,,,,,,,,,,,,,,,,,,,1,,,3,8,,,,,,,8,30
407569,"Colleton County, SC, USA","South Carolina, USA","United States",32.504938757726,-80.294647813931,land,saltwater,2026-06-27,"Edisto Beach State Park Turtle Patrol",5,,5,0.67,0.01,0.00,,,,,,,,,,,,,2,,,5,1,1,,,,,,,,1,,,,,,,,,6,,6,2,,,,,,,,24
407570,"Brunswick County, NC, USA","North Carolina, USA","United States",33.905697067376,-78.092234768503,land,saltwater,2026-06-27,"Oak Island Beach Service Unit",1,,1,5.16,12.72,0.00,,10,8,,,16,7,,,,,,4,,,,,,,,,,,,,,,,3,,,,6,,,15,,,,,,,,,,69
407571,"San Mateo County, CA, USA","California, USA","United States",37.650239104405,-122.49127686024,land,inland,2026-06-27,"Pacific Beach Coalition - Terri Brown",1,,1,10.33,0.48,0.00,,2,2,3,3,8,1,7,6,,,2,5,,4,8,8,9,9,,,,1,,,,,4,1,3,,1,,3,7,,,107,,1,1,6,,,23,235
407572,"Capitol Planning Region, CT, USA","Connecticut, USA","United States",41.71925872,-72.62636883,watercraft,freshwater,2026-06-27,CRC,2,,2,0.08,0.00,0.00,,,,,1,,,,,,,,1,,1,,,,,,,,,,,,,,,,,,,,1,,,,,,,,,,2,6
407573,"Yolo County, CA, USA","California, USA","United States",38.558803333333,-121.72521333333,land,inland,2026-06-27,"putah creek council , davis picks it up",1,,1,4.22,0.22,0.00,,,5,,1,1,,,,,,,,,,3,,,,,,,,,,,,,,,,,,,,,11,55,,,,,,,24,100
407574,"San Mateo County, CA, USA","California, USA","United States",37.5027831,-122.47712732,land,saltwater,2026-06-27,"Pacific Beach Coalition",2,,2,1.91,0.00,0.00,,,,,2,,,2,,8,,,,,,,,,,,,,,,,,,2,,,,,,,,1,25,4,,,,,,,2,46
407575,"King County, WA, USA","Washington, USA","United States",47.294937437544,-122.28328360212,land,freshwater,2026-06-27,"Woodsie’s Warrior",1,,1,0.17,0.00,0.00,,,,,2,,,,,8,,,,,,3,,,,,,,,,,,,,,,1,,,,1,,,1,,,,,,,,16
407576,"San Mateo County, CA, USA","California, USA","United States",37.647425481346,-122.48805794266,land,saltwater,2026-06-27,PBC,1,,1,3.60,3.10,0.00,,1,2,2,3,1,7,,,68,,3,3,,,18,,6,1,2,,,,,,,,6,,7,,,,,1,,7,5,,2,,1,,,11,157
407577,"San Mateo County, CA, USA","California, USA","United States",37.482920475339,-122.45208249439,land,inland,2026-06-27,ymsl,2,,2,3.46,0.00,0.00,,,7,5,2,3,2,2,1,7,3,4,1,2,,12,1,1,2,,1,,,,,2,3,1,,,,,,4,,,8,,,,1,,,,16,91
407578,"San Mateo County, CA, USA","California, USA","United States",37.483312083079,-122.4523538406,land,saltwater,2026-06-27,,3,,3,1.18,0.06,0.00,,,,1,3,,,1,3,12,2,,,3,,30,2,2,1,,,,,,,,,,,,,,,1,,1,2,,,,,,,,1,65
407580,"Alameda County, CA, USA","California, USA","United States",37.661511559782,-121.77440927698,land,saltwater,2026-06-26,"Sea hugger",3,,3,0.71,0.01,0.00,,,2,2,1,,,,3,,,,,,1,,2,3,2,,,,,,,1,,,1,,,,,,,,2,,,,,,,,,20
407581,"Volusia County, FL, USA","Florida, USA","United States",29.169777693866,-80.982123800916,land,saltwater,2026-06-26,"Shores Beach Buddies",1,,1,20.41,0.00,0.00,6,,,,,,,,,,,,,,,,,,,,,,,,,,,,,,,,,,,,,,,,,,,,,
407582,"Gloucester County, NJ, USA","New Jersey, USA","United States",39.679528296878,-75.210739738923,land,freshwater,2026-06-27,,1,,1,0.84,0.00,0.00,,3,3,3,1,1,1,1,1,1,1,2,2,,,,,,,,,,,,,,,,,,,,,,,,,,,,,,,,,20
407584,"San Mateo County, CA, USA","California, USA","United States",37.483342290314,-122.45256575912,land,saltwater,2026-06-27,"sea huggers",6,,6,1.56,0.53,0.00,,1,1,2,1,,,2,3,1,,,,2,2,4,2,3,3,,,,,,,,,3,,2,,,,,,2,2,,,,,,,,,36
407586,"Niagara County, NY, USA","New York, USA","United States",43.2609015,-79.054656,land,freshwater,2026-06-25,rachelle,1,,1,1.81,0.00,0.00,2,,,,,,,,,,,,,,,,,,,,,,,,,,,,,,,,,,,,,,,,,,,,,
407593,"Greater Bridgeport Planning Region, CT, USA","Connecticut, USA","United States",41.261774975817,-73.206118365746,land,inland,2026-06-28,"Trumbull cleanup",1,,1,1.78,0.28,0.00,,,,,17,5,,5,1,,,,3,,,1,,2,,,,,,,,,,,,2,,,,,1,,1,14,,,,,,,2,54
407594,"Pinellas County, FL, USA","Florida, USA","United States",27.685492862381,-82.737761865442,land,saltwater,2026-06-28,,1,,1,9.70,2.87,0.00,,,11,,4,2,5,2,14,28,,1,6,1,1,18,9,18,6,6,,,,,,,7,28,,3,1,,1,,2,3,24,43,,,,1,,,,245
407598,"Colleton County, SC, USA","South Carolina, USA","United States",32.504894152689,-80.294798745898,land,saltwater,2026-06-28,"EBSP Turtle Team",4,,4,1.47,0.06,0.00,,1,,,2,,,,3,8,,,1,,,2,,,1,1,,,,,,,,,1,1,,,,,,,,12,,,,,,,,33
407600,"Yolo County, CA, USA","California, USA","United States",38.545581666667,-121.740845,land,inland,2026-06-28,"putah creek council , davis picks it up",11,,11,16.01,0.54,0.00,,,2,6,2,2,,,5,81,,1,4,,1,3,9,8,5,,,,1,,,,,,,,,,,,2,,111,111,,,,,,,99,453
407602,"Sussex County, DE, USA","Delaware, USA","United States",38.716592971076,-75.075996890178,land,saltwater,2026-06-28,"Cam and Drea",2,,2,9.42,1.53,0.00,,,4,8,7,104,6,2,8,17,1,1,,1,1,15,,1,1,,,,1,,,,,7,1,6,1,,4,2,,4,10,14,,,,1,,4,23,255
407603,"Hillsborough County, FL, USA","Florida, USA","United States",28.08196285,-82.56411068,land,inland,2026-06-28,cleanbeach,1,,1,0.25,0.03,0.00,,,1,,,,1,2,,1,,,,,,,,1,,,,,,,,1,,,,,,,,,1,,1,2,,,,,,,15,26
407604,"King County, WA, USA","Washington, USA","United States",47.29484269117,-122.28342151452,land,freshwater,2026-06-28,"Woodsie’s Warrior",1,,1,4.35,0.00,0.00,,,1,1,3,3,,,1,13,,1,3,,,1,3,3,,,,,3,,,,,,,,1,,,,1,,,4,,,,,,,,42
407605,"Palm Beach County, FL, USA","Florida, USA","United States",26.371876143917,-80.092701049926,land,inland,2026-06-28,Bocasab-Dmoon,1,,1,4.52,0.07,0.00,,4,5,2,14,4,1,16,14,19,4,11,9,4,1,27,11,6,6,,,,1,,,,,1,5,,3,1,,5,11,,,17,,2,,1,,,10,215
407606,"San Mateo County, CA, USA","California, USA","United States",37.589708796805,-122.50180887999,land,inland,2026-06-28,"pacifica beach coalition",1,,1,0.40,0.62,0.00,,1,1,,,,,,,40,,,,,,,,,,,,,,,,,,,,,,,,,,,,6,,,,1,,,,49
407607,"Charleston County, SC, USA","South Carolina, USA","United States",32.52345694,-80.31538171,land,saltwater,2026-06-29,Frespace,2,,2,2.99,1.61,0.00,,2,6,1,1,,,,2,1,,,,,,17,1,1,,,,,,,,1,1,,,,,,1,,1,2,11,16,,,,,,,,65
407608,"San Francisco County, San Francisco, CA, USA","California, USA","United States",37.770753760218,-122.51120876111,land,saltwater,2026-06-28,CCF1,3,,3,2.35,0.41,0.00,,,1,1,4,3,1,,5,5,4,,,,,2,2,,7,,,,1,,,,,,,,,,,,,,5,6,,,,,,,20,67
407609,"San Francisco County, San Francisco, CA, USA","California, USA","United States",37.772040032596,-122.51158662338,land,saltwater,2026-06-28,CCF2,3,,3,4.36,0.44,0.00,,4,7,3,3,6,1,3,8,5,3,4,10,1,,5,5,1,,2,,,1,,,,,,,4,,1,,1,,,4,1,,,,,,,13,96
407613,"Volusia County, FL, USA","Florida, USA","United States",28.927910561885,-80.82402557932,land,saltwater,2026-06-29,Ranger,1,,1,0.00,0.14,0.00,,,,,,,,,1,,,,,,,,1,,,,,,,,,,,,,,,,,,,,,,,,,,,,,2
407614,"Currituck County, NC, USA","North Carolina, USA","United States",36.44504344,-75.84615082,land,saltwater,2026-06-29,NEST,2,,2,1.96,16.09,0.00,,,5,,4,3,,,,,,,3,,,,,,,1,,,,,,,,1,1,4,,,,,,2,4,,,,,,,,,28
407615,"Greater Bridgeport Planning Region, CT, USA","Connecticut, USA","United States",41.247896152849,-73.200750276013,land,inland,2026-06-29,"Trumbull cleanup",1,,1,0.74,1.77,0.00,,,1,,4,,,,,,,,,,,2,,,,,,,,,,,,,,,,,,,,,3,7,,,,,,,13,30
407616,"Colleton County, SC, USA","South Carolina, USA","United States",32.504811731881,-80.294873690127,land,saltwater,2026-06-29,"EBSP Turtle Team",4,,4,1.09,0.08,0.00,,1,,,4,1,,,2,,,,7,,,8,,3,,,,,,,,,,,,,1,,1,,,2,2,,,,,,,,,32
407617,"Colleton County, SC, USA","South Carolina, USA","United States",32.504774911466,-80.29477423905,land,saltwater,2026-06-29,"EBSP Turtle Team",2,,2,2.08,0.02,0.00,,,4,,,,,,1,10,1,,,,1,11,,1,1,1,,,,,,,,,,,,,1,,,3,,8,,,,,,,4,47
407618,"Indian River County, FL, USA","Florida, USA","United States",27.652401829489,-80.354765594443,land,saltwater,2026-06-22,"Coastal Connections, Inc.",5,,5,4.20,0.80,0.00,,,,,,,,,,,,,,,,,,,,,,,,,,,,,,,,,,,,,,,,,,,,,,
407619,"Indian River County, FL, USA","Florida, USA","United States",27.652401829489,-80.354765594443,land,saltwater,2026-06-23,"Coastal Connections, Inc.",6,,6,5.76,0.80,0.00,,,,,,,,,,,,,,,,,,,,,,,,,,,,,,,,,,,,,,,,,,,,,,
407620,"Brevard County, FL, USA","Florida, USA","United States",27.860936073642,-80.45077106412,land,saltwater,2026-06-23,"Coastal Connections, Inc.",12,,12,15.75,1.21,0.00,,6,2,,9,16,,11,87,136,,,,,7,40,3,16,7,76,,,3,,,,3,3,4,13,1,,,,4,13,266,54,,,2,17,,,462,1261
407621,"Indian River County, FL, USA","Florida, USA","United States",27.652183251465,-80.354744136771,land,saltwater,2026-06-24,"Coastal Connections, Inc.",4,,4,1.83,0.80,0.00,,,,,,,,,,,,,,,,,,,,,,,,,,,,,,,,,,,,,,,,,,,,,,
407623,"Indian River County, FL, USA","Florida, USA","United States",27.652183251465,-80.354744136771,land,saltwater,2026-06-25,"Coastal Connections, Inc.",4,,4,1.36,0.80,0.00,,,,,4,,,,1,2,,,,,,2,,7,,1,,,2,,,,,,,,,,,,2,,13,4,,,,,,,,38
407624,"Indian River County, FL, USA","Florida, USA","United States",27.652183251465,-80.354744136771,land,saltwater,2026-06-26,"Coastal Connections, Inc.",4,,4,1.54,0.80,0.00,,,,1,,,,2,,4,,,,,,2,1,,,1,,,,,,1,,,,4,,,,,1,,5,3,,,,,,,,25
407625,"Fairfax County, VA, USA","Virginia, USA","United States",38.885246892727,-77.275510498942,land,inland,2026-06-29,RBH,1,,1,1.27,5.07,0.00,,,,,2,2,,1,11,22,,,,,,8,,1,1,,,,,,,,,,1,1,,,,,,,7,8,,,,,,,,65
407626,"Alameda County, CA, USA","California, USA","United States",37.49387263,-121.92884456,land,inland,2026-06-29,monkeys,2,,2,5.84,0.41,0.00,,2,2,2,4,4,,1,2,,,,,2,9,3,4,2,,,,,3,,,1,6,1,,,,,,3,,,2,4,,1,,,,,,58
407627,"Lucas County, OH, USA","Ohio, USA","United States",41.6251708,-83.5658629,land,inland,2026-06-22,"Toledo ZooTeens",8,,8,11.34,0.00,0.00,6,,,,,,,,,,,,,,,,,,,,,,,,,,,,,,,,,,,,,,,,,,,,,
407632,"Dare County, NC, USA","North Carolina, USA","United States",35.5584932,-75.4665158,land,saltwater,2026-06-21,"Mia Bella Vita",3,,3,20.41,0.00,0.00,3,,,,,,,,,,,,,,,,,,,,,,,,,,,,,,,,,,,,,,,,,,,,,
407633,"Lucas County, OH, USA","Ohio, USA","United States",41.6308809,-83.585275,land,inland,2026-06-29,"Toledo ZooTeens",9,,9,4.31,0.00,0.00,2,,,,,,,,,,,,,,,,,,,,,,,,,,,,,,,,,,,,,,,,,,,,,
407636,"King County, WA, USA","Washington, USA","United States",47.286440815019,-122.29164318184,land,freshwater,2026-06-29,"Woodsie’s Warrior",1,,1,0.51,1.14,0.00,,,,,1,,1,,3,5,,,2,,,2,1,1,,,,,,,,,,,,2,,,,,,,,2,,,,,,,,20
407638,"Erie County, NY, USA","New York, USA","United States",42.850756181299,-78.807719978973,land,inland,2026-06-29,BNW,1,,1,0.70,0.09,0.00,,,,3,,,1,,,,,,,,,,,,,,,,,,,,,,,,,,,,,,,,,,,,,,,4
407639,"Alameda County, CA, USA","California, USA","United States",37.565472236887,-122.03102604472,land,freshwater,2026-06-29,,2,,2,2.72,0.00,0.00,3,,,,,,,,,,,,,,,,,,,,,,,,,,,,,,,,,,,,,,,,,,,,,
407640,"Palm Beach County, FL, USA","Florida, USA","United States",26.371770481846,-80.092583356256,land,inland,2026-06-29,Bocasab-Dmoon,1,,1,4.55,2.28,0.00,,1,3,4,29,14,2,15,16,18,,11,4,,1,26,5,6,5,,,,,,,,,1,1,3,6,,,6,12,,,14,,,1,5,,,5,214
407644,"Williamson County, TX, USA","Texas, USA","United States",30.6332618,-97.6779842,land,inland,2026-06-30,"Me, myself and I",1,,1,0.17,0.00,0.00,,,,,,1,,,,,,,,,1,1,,,,,,,,,,,,1,,,,,,,,,2,,,,,,,,4,10
407653,"Escambia County, FL, USA","Florida, USA","United States",30.3035037,-87.4273172,land,saltwater,2026-06-23,"Mills Family",5,,5,3.40,0.00,0.00,1,,,,,,,,,,,,,,,,,,,,,,,,,,,,,,,,,,,,,,,,,,,,,
407654,"Escambia County, FL, USA","Florida, USA","United States",30.3035037,-87.4273172,land,saltwater,2026-06-25,"Mills Family",5,,5,3.40,0.00,0.00,1,,,,,,,,,,,,,,,,,,,,,,,,,,,,,,,,,,,,,,,,,,,,,
407655,"Escambia County, FL, USA","Florida, USA","United States",30.3035037,-87.4273172,land,saltwater,2026-06-24,"Mills Family",5,,5,3.40,0.00,0.00,1,,,,,,,,,,,,,,,,,,,,,,,,,,,,,,,,,,,,,,,,,,,,,
407656,"Greater Bridgeport Planning Region, CT, USA","Connecticut, USA","United States",41.248742584472,-73.201522325459,land,inland,2026-06-30,"Trumbull cleanup",1,,1,0.45,0.68,0.00,,,3,,7,1,,,1,,,,,,,,,,1,,,,,,,,,,,,,,,,,,2,2,,,,,,,8,25
407657,"Colleton County, SC, USA","South Carolina, USA","United States",32.504780615401,-80.294711405376,land,saltwater,2026-06-30,"EBSP Turtle Team",3,,3,1.56,0.05,0.00,,1,,,1,,,,1,8,,,,,,6,1,,,,,,,,,,,,,,,,2,,,4,,2,,,,,,,1,27
407658,"Colleton County, SC, USA","South Carolina, USA","United States",32.50495394,-80.29468312,land,saltwater,2026-06-30,"Edisto Beach",3,,3,0.99,0.00,0.00,,,,,,1,,,,,,,,,,,,,,1,,,,,,,,,1,,,,,,,2,,1,,,,,,,,6
407659,"Charleston County, SC, USA","South Carolina, USA","United States",32.65435791,-79.94558715,land,saltwater,2026-06-30,,1,,1,1.48,5.32,0.00,,,,,,,,,4,4,1,,,2,,3,,2,,,,,1,,,,,,,,,,,,,,3,,,,,,,,7,27
407661,"Alameda County, CA, USA","California, USA","United States",37.565472227909,-122.03102588823,land,inland,2026-06-30,,2,,2,1.81,0.00,0.00,2,,,,,,,,,,,,,,,,,,,,,,,,,,,,,,,,,,,,,,,,,,,,,
407662,"Baltimore County, MD, USA","Maryland, USA","United States",39.257402540951,-76.365304881871,land,saltwater,2026-06-13,,5,,5,18.14,0.40,0.00,2,,13,,11,2,,,24,,,1,1,,,,12,1,,4,,,,,,,,,,,,,,,,,,,,,,,,,50,119
407663,"New York County, New York, NY, USA","New York, USA","United States",40.700862108179,-73.996818068029,land,saltwater,2026-06-30,"Brooklyn Bridge Park Volunteers",19,1,20,26.97,0.14,0.00,13,29,81,3,129,4,4,,391,19,23,10,41,3,38,296,32,259,22,9,149,1,6,,1,417,9,5,9,2,,,1,1,23,24,459,76,3,2,,4,6,17,474,3082
407665,"Yolo County, CA, USA","California, USA","United States",38.558395,-121.72533833333,land,inland,2026-06-30,"putah creek council , davis picks it up",1,,1,5.41,0.03,0.00,,,2,,1,,1,,,1,,,,,,2,,,1,,,,2,,,,1,1,,1,,,,1,,,22,22,,,,1,,,3,62
407666,"King County, WA, USA","Washington, USA","United States",47.294846086643,-122.28332013251,land,freshwater,2026-06-30,"Woodsie’s Warrior",1,,1,2.70,0.02,0.00,,,,,1,1,,,,13,,,,,,2,,1,,,,,2,,,,,,,,,,,,1,,,3,,,,,,,,24
407669,"Yolo County, CA, USA","California, USA","United States",38.53831,-121.74720833333,land,inland,2026-06-30,"putah creek council , davis picks it up",1,,1,0.60,0.03,0.00,,,,,,,,,,5,,,,,,,,,,,,,,,,,,3,,,,,,,,,5,5,,,,,,,2,20
407670,"San Mateo County, CA, USA","California, USA","United States",37.64843640849,-122.48723602854,land,inland,2026-06-30,"Pacific Beach Coalition - Terri Brown",1,,1,0.81,0.03,0.00,,1,2,,4,,,,,284,,,1,,,3,,,,,,,,,,,,,,,,,,,,,,10,,,,,,,,305
407672,"Santa Clara County, CA, USA","California, USA","United States",37.437314456596,-122.09863203957,land,saltwater,2026-06-30,fedo,1,,1,1.06,1.23,0.00,,,2,,,,,,1,1,,,,,,4,,,1,1,,,,,,,,1,,2,,,,,,1,,,,,,,,,21,35
407673,"San Mateo County, CA, USA","California, USA","United States",37.482945937197,-122.45207556412,land,saltwater,2026-06-27,"sea hugger",3,,3,0.82,0.03,0.00,,,,1,,1,,,6,,,,,,,,,2,,,,,,,,,5,,,,,,,,,,,,,,,,,,,15
407679,"Greater Bridgeport Planning Region, CT, USA","Connecticut, USA","United States",41.249005519462,-73.201919437704,land,inland,2026-07-01,"Trumbull cleanup",1,,1,1.45,0.14,0.00,,1,1,,1,1,,,,,,,1,,,,1,,,,,,,,,,,,,,,,,,1,,4,18,,,,,,,4,33
407680,"Pinellas County, FL, USA","Florida, USA","United States",27.685169949884,-82.737976468429,land,saltwater,2026-07-01,,1,,1,10.21,2.94,0.00,,,3,,3,2,4,1,19,16,,,,,4,11,3,11,,4,,,1,,,,6,20,,2,,,,1,2,7,15,51,,1,,1,,,4,192
407682,"Colleton County, SC, USA","South Carolina, USA","United States",32.504717935545,-80.294900626158,land,saltwater,2026-07-01,"Edisto Beach Turtle Patrol",3,,3,0.23,0.00,0.00,,,,,,,,,1,,,3,,,,1,,,,,,,,,,,,,1,1,,,,,,,,,,,,8,,,,15
407683,"Okaloosa County, FL, USA","Florida, USA","United States",30.399163373236,-86.603508265899,land,inland,2026-07-01,AOI,1,,1,2.22,3.54,0.00,,5,4,,8,,,3,5,22,,4,,1,,,2,3,1,1,,,,,,,,2,,1,,,1,,2,4,1,1,,,,,,,18,89
407684,"Miami-Dade County, FL, USA","Florida, USA","United States",25.736233405902,-80.156444414439,land,saltwater,2026-07-01,Gen2050,1,,1,2.45,0.76,0.00,,,,,2,2,,9,7,6,,,,,,13,,1,2,,,,,,,1,6,,4,,,,,1,,,15,9,,,,,,,,78
407685,"Yolo County, CA, USA","California, USA","United States",38.558183333333,-121.72504,land,inland,2026-07-01,"putah creek council , davis picks it up",1,,1,4.94,0.19,0.00,,,3,,,,1,,,1,,1,,,,3,,,,,,,1,,,,,,,,,,,,,5,11,11,,,,,,,17,54
407686,"King County, WA, USA","Washington, USA","United States",47.294865064711,-122.2833931118,land,freshwater,2026-07-01,"Woodsie’s Warrior",1,,1,0.69,0.00,0.00,,,,,2,1,,,,11,,,,,,9,,,,,,,,,,,,,,,,,,,,,,8,,,,,,,,31
407687,"San Mateo County, CA, USA","California, USA","United States",37.488130971906,-122.23217116376,land,inland,2026-07-01,testing,1,,1,0.02,0.01,0.00,,2,1,,,,,,,,,,,,,,,,,,,,,,,,,,,,,,,,,,,,,,,,,,,3
407688,"Baltimore, MD, USA","Maryland, USA","United States",39.285247496157,-76.607708339769,land,saltwater,2026-06-13,"National Aquarium Weekly Harbor Wetland Cleanup- June 13",4,,4,36.29,0.40,0.00,,10,21,,30,6,,,65,55,,,38,,3,85,41,50,4,,,,,,1,11,4,,,,,,,21,125,,20,19,3,,,10,1,,805,1428
407689,"Baltimore, MD, USA","Maryland, USA","United States",39.285251671755,-76.6077320752,land,saltwater,2026-06-27,"National Aquarium Weekly Harbor Wetland Cleanup- June 27",3,,3,27.22,0.40,0.00,,15,7,8,70,12,,6,70,110,3,2,60,,6,50,75,45,8,1,,,,,1,10,12,,1,,,,,,180,,3,28,2,,,3,2,,575,1365
407690,"Guilford County, NC, USA","North Carolina, USA","United States",36.056674340102,-79.951680489438,land,inland,2026-04-25,"My Environment Triad Chapter",15,,15,37.42,0.00,0.00,11,,,,,,,,,,,,,,,,,,,,,,,,,,,,,,,,,,,,,,,,,,,,,
407691,"Waukesha County, WI, USA","Wisconsin, USA","United States",43.18013084,-88.12583444,land,inland,2026-07-01,"GSS Kaleigh Roberts",1,,1,1.72,6.92,0.00,,2,6,2,10,3,,3,10,77,2,9,1,,,2,,1,4,,,,,,,,,,,1,,,,,1,,2,7,,,,,,,37,180
407692,"Santa Barbara County, CA, USA","California, USA","United States",34.403606182263,-119.7434489883,land,saltwater,2026-07-01,"Aliso FITS, TK-1",37,,37,0.45,0.00,0.00,,,3,,1,,,2,,5,,,1,,,10,,1,2,,,,,,,,,,,,,,,,,,,2,,,,,,,21,48
407706,"Pinellas County, FL, USA","Florida, USA","United States",27.684890194822,-82.7379118,land,saltwater,2026-07-02,,1,,1,8.78,2.82,0.00,,,2,2,8,2,3,4,12,25,,2,4,,2,8,5,10,,5,,,,,,,4,8,,4,1,,,,4,3,17,44,,1,,,,,1,181
407707,"Greater Bridgeport Planning Region, CT, USA","Connecticut, USA","United States",41.249858586547,-73.202820057944,land,inland,2026-07-02,"Trumbull cleanup",1,,1,0.23,0.32,0.00,,,2,,2,1,,,1,1,,,1,,,1,1,1,,,,,,,,,,,,,,,,,,,1,1,,,,,,,,13
407708,"Colleton County, SC, USA","South Carolina, USA","United States",32.504600163061,-80.294999783634,land,saltwater,2026-07-02,"EBSP Turtle Team",3,,3,0.06,0.02,0.00,,1,,,1,,,,,,,,,,1,,,1,,,,,,,,,,,1,,,,,,,,,,,,,,,,,5
407709,"Miami-Dade County, FL, USA","Florida, USA","United States",25.75447455,-80.14644215,land,saltwater,2026-07-02,MUVE,5,,5,13.03,0.41,0.00,,3,8,1,8,,,1,49,,,2,13,,,31,4,12,5,6,2,,3,,,5,4,,2,,,,1,,2,3,50,,,,,1,,,67,283
407710,"Essex County, MA, USA","Massachusetts, USA","United States",42.622412899223,-70.631899341746,land,inland,2026-07-01,"Haverhill CJSC",5,,5,9.66,0.00,0.00,,7,6,25,47,34,,1,,,9,2,,5,3,13,5,,,,,,,,2,,,,,3,,,1,,,2,,1,,,2,,,,,168
407713,"Broward County, FL, USA","Florida, USA","United States",26.02141911693,-80.115102771297,land,saltwater,2026-07-02,"Little Earth Hero",3,,3,2.22,0.03,0.00,,4,3,,4,3,,15,10,9,3,,,,,,,5,,,,,,,,,,,5,2,,,,,,,30,,,,,,,,13,106
407715,"Okaloosa County, FL, USA","Florida, USA","United States",30.398865459377,-86.603122548816,land,inland,2026-07-02,AOI,1,,1,3.63,3.22,0.00,,,4,,4,5,,,4,14,,,3,,,4,2,3,2,1,,,,,,,,6,,1,,,1,,,9,3,4,,1,,,,,17,88
407716,"Charleston County, SC, USA","South Carolina, USA","United States",32.754162168924,-79.91665719942,land,saltwater,2026-07-02,,1,,1,1.69,0.08,0.00,,,2,1,,,4,1,1,,,,,,,3,,,,,,,1,,,1,,,,,,,,,1,,2,,,,,,,,2,19
407717,"San Diego County, CA, USA","California, USA","United States",32.684782600262,-117.23486851945,land,saltwater,2026-07-02,"Laudato si",1,,1,5.01,0.09,0.00,,,,,2,3,,,,,,,,,,,,,,,,,4,,,,,,,,,,,,,,,1,,,,,,,10,20
407720,"King County, WA, USA","Washington, USA","United States",47.294928463937,-122.28331470515,land,freshwater,2026-07-03,"Woodsie’s Warrior",1,,1,2.95,0.00,0.00,,,,,1,5,,,2,10,,,,,,2,,1,,3,,,1,,,,,,,,,,,,,,1,3,,,,,,,,29
407724,"Greater Bridgeport Planning Region, CT, USA","Connecticut, USA","United States",41.248537774947,-73.20121279939,land,inland,2026-07-03,"Trumbull cleanup",1,,1,0.23,0.07,0.00,,,1,,6,1,,,1,,,,,,,,,,,,,,,,,,,,,,,,,,,,,1,,,,,,,1,11
407728,"Colleton County, SC, USA","South Carolina, USA","United States",32.50503092,-80.29447504,land,saltwater,2026-07-03,"Edisto Beach",3,,3,1.43,0.01,0.00,,,,,1,,,,,,,,,,,,,,,,,,1,,,,,,1,,,,,,,,,3,,,,,,,,6
407731,"Alameda County, CA, USA","California, USA","United States",37.48935053,-121.9299421,land,inland,2026-07-03,monkeys,3,,3,2.38,1.89,0.00,,11,2,,5,3,4,,2,7,3,,3,3,,20,3,5,5,,,,1,,,,4,2,,,,,,,,,,,,,,,,,,83
407733,"Colleton County, SC, USA","South Carolina, USA","United States",32.495575905626,-80.345739755213,land,saltwater,2026-07-03,FRESPACE,2,,2,1.63,1.61,0.00,,,,,,,,,1,,,,,,,3,,,,,,,,,,,,,,,,,,,,3,3,12,,,,,,1,,23
407734,"Pinellas County, FL, USA","Florida, USA","United States",27.891704459117,-82.850542350819,land,saltwater,2026-07-03,,1,,1,0.50,0.45,0.00,,2,1,,,1,,,,13,,1,,,,,,,,,,,,,,,,,,,,,,,,2,,,,,,,,,4,24
407737,"King County, WA, USA","Washington, USA","United States",47.294842133595,-122.28340467117,land,freshwater,2026-07-03,"Woodsie’s Warrior",1,,1,0.77,0.02,0.00,,,,1,1,2,,,,10,,,3,,,4,3,2,,,,,,,,,,,,,,,,1,2,,,5,,,,,,,,34
407738,"Placer County, CA, USA","California, USA","United States",38.742372815002,-121.3732791761,land,freshwater,2026-07-03,"GSS - Jessica Clancy",1,,1,1.52,1.16,0.00,,3,4,1,1,2,,5,3,2,,3,,1,1,3,1,,,1,,,,,2,1,,,,2,,,,,,,2,2,,,,,,,,40
407739,"Alameda County, CA, USA","California, USA","United States",37.565471511703,-122.03102533753,land,freshwater,2026-07-03,,2,,2,6.12,0.00,0.00,4,,,,,,,,,,,,,,,,,,,,,,,,,,,,,,,,,,,,,,,,,,,,,
407740,"Okaloosa County, FL, USA","Florida, USA","United States",30.399154481433,-86.603504777137,land,inland,2026-07-03,AOI,1,,1,2.95,3.38,0.00,,,3,1,6,1,,,8,,,,,,,5,3,4,1,,,,,,,,,8,,6,,,1,,,5,2,1,,1,,,,,18,74
407741,"Manatee County, FL, USA","Florida, USA","United States",27.499299039282,-82.615302980061,land,saltwater,2026-06-27,"The SeaTurtle Savers",1,,1,0.91,0.00,0.00,1,,,,,,,,,,,,,,,,,,,,,,,,,,,,,,,,,,,,,,,,,,,,,
407746,"Greater Bridgeport Planning Region, CT, USA","Connecticut, USA","United States",41.247150870247,-73.200231354751,land,inland,2026-07-04,"Trumbull cleanup",1,,1,0.39,0.10,0.00,,,1,,4,,,,2,2,,,,,,3,,,,,,,,,,,,,,,,,,,,,1,3,,,,,,,7,23
407747,"Erie County, NY, USA","New York, USA","United States",42.729890793873,-78.846031329545,land,inland,2026-06-06,"BNW Kat cleans",1,,1,1.59,0.00,0.00,,1,2,3,2,7,,3,2,7,,,,1,1,2,1,1,1,,,,,,,1,,,,,,,,,1,,1,8,,,,,,,3,48
407748,"Currituck County, NC, USA","North Carolina, USA","United States",36.44499583,-75.84609615,land,saltwater,2026-07-04,NEST,2,,2,5.50,16.09,0.00,,1,5,1,6,2,1,,,,,,2,,2,1,,1,,1,,,,,,,,,,8,,,9,,,4,,8,,,,,,1,2,55
407749,"Colleton County, SC, USA","South Carolina, USA","United States",32.504883087735,-80.294838600337,land,saltwater,2026-07-04,"Edisto Beach Turtle Patrol",6,,6,0.25,0.00,0.00,,,,1,,,,1,,,,,,,,1,,,,,,,,,,,,,,,,,,,,,,,,,,,,,,3
407750,"Colleton County, SC, USA","South Carolina, USA","United States",32.504754994395,-80.294869620111,land,saltwater,2026-07-04,"EBSP Turtle Team",3,,3,0.52,0.06,0.00,,,,,1,,,,1,,,,,,,2,,1,,,,,,,,,,,,1,,,,,,,,5,,,,,,,3,14
407751,"Charleston County, SC, USA","South Carolina, USA","United States",32.889591946353,-79.627968752926,land,saltwater,2026-07-04,,1,,1,6.53,0.32,0.00,,2,,1,13,,,,13,,,,,,,2,,1,,3,,,3,,,,,,12,,,,2,,4,,8,,,,,,,,,64
407753,"Okaloosa County, FL, USA","Florida, USA","United States",30.399152560472,-86.603509999171,land,inland,2026-07-04,AOI,1,,1,2.45,3.38,0.00,,1,1,,5,1,,1,8,23,,,4,,,3,3,8,1,,,,,,,,1,19,1,1,,,,1,1,5,,11,,1,,,,,28,128
407755,"King County, WA, USA","Washington, USA","United States",47.294962462727,-122.28329577118,land,freshwater,2026-07-04,"Woodsie’s Warrior",1,,1,0.30,0.00,0.00,,,,,1,,,,,15,,1,,,,2,,,,,,,,,,,,,,,,,,,,,1,3,,,,,,,,23
407757,"Niagara County, NY, USA","New York, USA","United States",43.232571409702,-79.052596496334,land,freshwater,2026-07-04,,1,,1,0.09,0.16,0.00,,,,,,,,1,,1,,,,,,1,,1,1,,,,,,,,,,,,,,,,,,3,1,,,,,,,5,14
407758,"Palm Beach County, FL, USA","Florida, USA","United States",26.414351825634,-80.093020191495,land,inland,2026-07-04,Bocasab-Dmoon,1,,1,3.77,0.65,0.00,,4,3,6,8,,,9,5,62,4,15,6,7,,25,3,6,,,,,,,,2,,1,,1,3,1,,6,6,,,11,,,,5,,,10,209
407762,"Alameda County, CA, USA","California, USA","United States",37.56545579748,-122.03108579561,land,inland,2026-07-04,,2,,2,6.12,0.00,0.00,4,,,,,,,,,,,,,,,,,,,,,,,,,,,,,,,,,,,,,,,,,,,,,
407765,"El Dorado County, CA, USA","California, USA","United States",38.877724112971,-120.06688259495,land,inland,2026-07-03,"sheri & steve",2,,2,0.91,0.00,0.00,1,,,,,,,,,,,,,,,,,,,,,,,,,,,,,,,,,,,,,,,,,,,,,
407766,"El Dorado County, CA, USA","California, USA","United States",38.9024485,-120.0614551,land,inland,2026-07-04,"sheri & steve",2,,2,0.91,0.00,0.00,1,,,,,,,,,,,,,,,,,,,,,,,,,,,,,,,,,,,,,,,,,,,,,
407767,"Palm Beach County, FL, USA","Florida, USA","United States",26.371776210323,-80.092580435576,land,inland,2026-07-04,Bocasab-Dmoon,1,,1,2.96,0.00,0.00,,8,6,1,12,2,3,3,11,9,4,10,6,1,6,28,5,3,1,1,,,,,2,1,,,,,,1,,6,2,,1,9,1,2,,1,1,,37,184
407768,"Palm Beach County, FL, USA","Florida, USA","United States",26.5270157,-80.0483747,land,saltwater,2026-06-20,"Sea Turtle Adventures",15,,15,319.78,0.00,0.00,47,,,,,,,,,,,,,,,,,,,,,,,,,,,,,,,,,,,,,,,,,,,,,
407769,"San Mateo County, CA, USA","California, USA","United States",37.545928383627,-122.25619975864,land,inland,2026-07-01,"Team Smith",1,,1,12.84,6.49,0.00,,4,12,2,12,7,2,3,19,16,2,,,,2,71,1,2,3,,1,,6,,,,1,12,1,2,,,1,1,,6,4,6,,,1,2,,,14,216
407770,"King County, WA, USA","Washington, USA","United States",47.306277028434,-122.18804492941,land,freshwater,2026-07-05,,1,,1,11.20,0.01,0.00,,,1,1,3,16,,,1,,,,,,,3,,,,2,,,,1,,,,,2,1,1,,1,,1,1,,,,,,,,,,35
407774,"Pinellas County, FL, USA","Florida, USA","United States",27.684089009328,-82.73771848687,land,saltwater,2026-07-03,,1,,1,8.28,2.27,0.00,,,4,,6,4,3,2,17,23,,2,1,,1,20,4,8,,2,,,,,,1,3,11,1,4,,,2,1,1,6,10,53,,,,1,,,,191
407776,"Colleton County, SC, USA","South Carolina, USA","United States",32.504715173243,-80.294985245263,land,saltwater,2026-07-05,"EBSP Turtle Team",3,,3,2.76,0.06,0.00,,,,,4,3,,,2,9,,,2,,,15,1,3,1,,,,1,,,,,2,,2,,,,,,1,6,5,,,,,,,,57
407778,"Greater Bridgeport Planning Region, CT, USA","Connecticut, USA","United States",41.258292367639,-73.198413572574,land,inland,2026-07-05,"Trumbull cleanup",1,,1,1.61,0.25,0.00,,,,3,14,4,,1,1,,,,5,,,3,5,4,2,,,,,,,,,,,,,,,1,,,2,4,,,,,,,6,55
407781,"Okaloosa County, FL, USA","Florida, USA","United States",30.399152601327,-86.603509413588,land,inland,2026-07-05,AOI,1,,1,1.81,3.06,0.00,,,,,9,3,,3,8,54,2,,1,1,1,8,4,9,3,,,,,,,,,,,3,,,,,3,,,9,,1,1,,,,24,147
407787,"Brunswick County, NC, USA","North Carolina, USA","United States",33.90214434627,-78.075336017092,land,saltwater,2026-07-05,"Oak Island Beach Service Unit",1,,1,8.48,8.07,0.00,,10,8,3,12,11,,,,,4,,,,,9,,,,,,,3,,,,,,,,,,,,,15,,,,,,,,,,75
407788,"Clermont County, OH, USA","Ohio, USA","United States",39.174222742062,-84.298739009788,land,freshwater,2026-07-05,"Green Spoon",1,,1,1.96,3.07,0.00,,1,2,1,2,5,1,3,2,5,,,,,1,2,,1,,,2,,,,,,,1,,1,,,,,,1,,,,,,,,,,31
407790,"San Mateo County, CA, USA","California, USA","United States",37.647428638116,-122.48806200961,land,saltwater,2026-07-05,PBC,1,,1,4.64,2.17,0.00,,,1,,1,1,4,2,2,48,,,1,,1,7,1,1,1,,,,,,,,,1,,2,,,,,,8,12,26,,2,,,,,11,133
407791,"Volusia County, FL, USA","Florida, USA","United States",28.936148333333,-80.830341666667,land,inland,2026-07-05,"Canaveral national seashore",1,,1,7.03,8.05,0.00,,1,7,3,3,7,15,8,40,8,,,3,1,,11,2,19,5,2,,,1,,,,,2,2,5,,1,4,,1,2,16,9,,,,,1,,42,221
407793,"Yolo County, CA, USA","California, USA","United States",38.558253333333,-121.72523833333,land,inland,2026-07-05,"putah creek council , davis picks it up",1,,1,1.33,0.04,0.00,,,2,,,,,,1,,,,,,,1,,1,,,,,,,,,,,,,,,,,,,11,11,,,,,,,18,45
407794,"Erie County, NY, USA","New York, USA","United States",42.857351701319,-78.783265808502,land,inland,2026-07-05,"BNW - Switzer Park",1,,1,5.99,1.82,0.00,,,,1,5,3,,6,5,,3,,2,,,1,2,,,,,,,,,,,,3,,,,,,4,,100,,,,,,,,,135
407795,"Palm Beach County, FL, USA","Florida, USA","United States",26.371776210323,-80.092580435576,land,inland,2026-07-05,Bocasab-Dmoon,1,,1,1.64,0.28,0.00,,4,3,1,22,15,,3,8,1,4,8,5,1,3,15,6,4,4,,,,,,,,,8,,,1,,,1,2,,,,,,,,,,7,126
407796,"King County, WA, USA","Washington, USA","United States",47.287864614787,-122.29147107922,land,freshwater,2026-07-05,"Woodsie’s Warrior",1,,1,1.62,0.00,0.00,,,,2,2,3,,,2,11,,,,,,,,,,,,,,,,,,,,,,,,,,,2,15,,,,,,,,37
407798,"Oklahoma County, OK, USA","Oklahoma, USA","United States",35.454295947516,-97.529006201931,land,freshwater,2026-07-05,,10,,10,0.00,13.42,0.00,,,,,,,,2,,,,,,,,,,,,,,,,,,,,,,,,,,,,,,,,,,,,,,2
407799,"Palm Beach County, FL, USA","Florida, USA","United States",26.584246653596,-80.048048526597,land,inland,2026-07-05,Bocasab-Dmoon,1,,1,3.54,0.04,0.00,,6,3,2,14,7,2,15,14,96,9,14,6,7,1,24,13,7,4,,,,,,3,,,8,3,1,2,2,1,1,13,,3,7,1,1,1,5,1,,33,330
407802,"Charleston County, SC, USA","South Carolina, USA","United States",32.52358969,-80.3153852,land,saltwater,2026-07-05,Frespace,2,,2,6.12,1.61,0.00,,,1,1,10,3,1,,,12,,1,4,,,18,2,5,,,,,,,,,,,,3,,,2,,,4,24,35,,,,1,,,,127
407803,"Charleston County, SC, USA","South Carolina, USA","United States",32.52354923,-80.31535858,land,saltwater,2026-07-03,Frespace,2,,2,3.40,0.00,0.00,1,,,,,,,,,,,,,,,,,,,,,,,,,,,,,,,,,,,,,,,,,,,,,
407804,"King County, WA, USA","Washington, USA","United States",47.6917517,-122.4030912,land,saltwater,2026-07-05,,1,,1,34.02,0.00,0.00,5,,,,,,,,,,,,,,,,,,,,,,,,,,,,,,,,,,,,,,,,,,,,,
407805,"Capitol Planning Region, CT, USA","Connecticut, USA","United States",41.93645125,-72.45211087,land,freshwater,2026-07-05,CRC,1,,1,3.47,0.67,0.00,,1,,4,31,9,2,1,4,20,,3,2,,1,5,4,3,1,,,,,,,2,,1,,2,,,,,13,,7,9,,,,,,,4,129
407806,"San Mateo County, CA, USA","California, USA","United States",37.633145088905,-122.47376562762,land,inland,2026-07-06,myself,1,,1,2.38,0.05,0.00,,2,7,2,3,4,4,,2,25,3,2,1,2,,31,6,2,,,,,,,,7,1,,,,,,,8,,,,7,,2,,1,,,14,136
407808,"Atlantic County, NJ, USA","New Jersey, USA","United States",39.3636917,-74.4291041,land,inland,2026-07-04,"WaveCrest Saving Our Oceans",1,,1,5.44,0.00,0.00,6,,,,,,,,,,,,,,,,,,,,,,,,,,,,,,,,,,,,,,,,,,,,,
407809,"Alameda County, CA, USA","California, USA","United States",37.565470968893,-122.03102498317,land,inland,2026-07-06,,2,,2,3.63,0.00,0.00,4,,,,,,,,,,,,,,,,,,,,,,,,,,,,,,,,,,,,,,,,,,,,,
407810,"Los Angeles County, CA, USA","California, USA","United States",33.997112248555,-118.48275871476,land,saltwater,2026-07-05,,1,,1,1.02,0.16,0.00,,1,,1,2,,,3,5,22,2,,,,,16,,3,2,,,,,,,,,2,,,,,,,2,2,,,,,,,,,35,98
407811,"El Dorado County, CA, USA","California, USA","United States",38.9024485,-120.0614551,land,inland,2026-07-06,"sheri & steve",2,,2,0.91,0.00,0.00,1,,,,,,,,,,,,,,,,,,,,,,,,,,,,,,,,,,,,,,,,,,,,,
407814,"Volusia County, FL, USA","Florida, USA","United States",28.928241898099,-80.823893585466,land,saltwater,2026-07-06,Ranger,1,,1,0.59,3.22,0.00,,,1,,,,,,,,,,,1,,,,,,,1,,,,,,,,1,,,,,,,,,,,,,,,,,4
407815,"Currituck County, NC, USA","North Carolina, USA","United States",36.44134442,-75.84489302,land,saltwater,2026-07-06,NEST,2,,2,6.08,16.09,0.00,,,10,,9,1,,1,2,2,,1,2,1,2,3,,,,2,,,,,,,,,,2,,,6,1,,9,3,14,,,,,1,1,3,76
407816,"Colleton County, SC, USA","South Carolina, USA","United States",32.504726489942,-80.294830506891,land,saltwater,2026-07-06,EBSPTURTLEPATROL,4,,4,1.33,0.05,0.00,,,5,,1,,,,,4,,,1,,1,4,,,,,,,,,,,,1,1,,,,,,,4,,4,,,,,,,,26
407817,"Brazoria County, TX, USA","Texas, USA","United States",28.926257282034,-95.314391760985,land,saltwater,2026-07-06,"team Q",27,,27,119.07,0.00,0.00,,112,6,5,220,36,7,2,229,90,25,12,22,6,12,44,22,10,9,41,,1,,,6,2,5,3,1,10,2,,13,,11,12,100,298,,4,2,1,,2,,1383
407818,"Charleston County, SC, USA","South Carolina, USA","United States",32.512921892345,-80.315933288154,land,saltwater,2026-07-06,EBSPTURTLEPATROL,1,,1,2.40,1.61,0.00,,1,2,,2,3,1,2,1,8,,,6,1,,7,,3,2,1,,,,,,,,1,2,1,,,,1,,2,,11,,,1,,,,5,64
407819,"King County, WA, USA","Washington, USA","United States",47.286373475783,-122.29167399813,land,freshwater,2026-07-06,"Woodsie’s Warrior",1,,1,0.87,1.14,0.00,,,,,2,2,,,,6,,1,2,,,4,2,1,,1,,,,,,,,,,,,,,,,,1,3,,,,,,,,25
407820,"Yolo County, CA, USA","California, USA","United States",38.55841,-121.72545833333,land,inland,2026-07-06,"putah creek council , davis picks it up",1,,1,0.32,0.68,0.00,,,1,,,,,,,1,,,,,,1,,,,,,,,,,,,,,,,,,,,,2,3,,,,,,,1,9
407823,"Alameda County, CA, USA","California, USA","United States",37.565458631442,-122.03108868507,land,freshwater,2026-07-06,,2,,2,3.63,0.00,0.00,4,,,,,,,,,,,,,,,,,,,,,,,,,,,,,,,,,,,,,,,,,,,,,
407824,"Southeastern Connecticut Planning Region, CT, USA","Connecticut, USA","United States",41.3209226,-71.9996308,land,saltwater,2026-07-02,"Mystic Aquarium",5,,5,2.27,0.00,0.00,1,,,,,,,,,,,,,,,,,,,,,,,,,,,,,,,,,,,,,,,,,,,,,
407826,"El Dorado County, CA, USA","California, USA","United States",38.9024485,-120.0614551,land,inland,2026-07-06,"sheri & steve",2,,2,0.91,0.00,0.00,1,,,,,,,,,,,,,,,,,,,,,,,,,,,,,,,,,,,,,,,,,,,,,
407827,"Suffolk County, NY, USA","New York, USA","United States",41.0650008,-72.4263626,land,saltwater,2026-07-04,,1,,1,0.91,0.00,0.00,1,,,,,,,,,,,,,,,,,,,,,,,,,,,,,,,,,,,,,,,,,,,,,
407828,"Fairfax County, VA, USA","Virginia, USA","United States",38.897067489843,-77.284916238669,land,inland,2026-07-07,RBH,1,,1,1.13,3.41,0.00,,,1,,2,1,,1,6,1,,,,,,40,,,,2,,,,,,,,2,1,6,,1,,,,1,60,67,,1,,,,,12,205
407831,"Broward County, FL, USA","Florida, USA","United States",25.987756754204,-80.126239943846,land,inland,2026-07-07,"Little Earth Hero",3,,3,1.83,0.83,0.00,,12,4,4,12,3,,7,5,4,2,2,2,,,12,,1,1,,,,,,,,,,1,1,1,1,,,,,,,,,,,,,20,95
407839,"Volusia County, FL, USA","Florida, USA","United States",28.928432071653,-80.82359462518,land,saltwater,2026-07-07,Ranger,1,,1,2.18,3.22,0.00,,,,,,,,,,,,,,,,,3,,,2,,,1,,,,,,,,,,,,,,,1,,,,,,,,7
407840,"Greater Bridgeport Planning Region, CT, USA","Connecticut, USA","United States",41.2476107106,-73.200590852716,land,inland,2026-07-07,"Trumbull cleanup",1,,1,0.74,1.86,0.00,,,,,9,1,,,,,,,,,,2,,,,,,,,,,,,,,,,,1,,,,4,1,,,,,1,,2,21
407841,"Colleton County, SC, USA","South Carolina, USA","United States",32.50479574521,-80.294669695528,land,saltwater,2026-07-07,"Edisto Beach State Park Turtle Patrol",2,,2,1.09,0.09,0.00,,,,,,,,,2,,,,,,2,5,,5,,,,,,,,,,,,1,,,,,2,,4,9,,,,,,,,30
407844,"Harford County, MD, USA","Maryland, USA","United States",39.462526125614,-76.255048149862,land,inland,2026-07-07,"WaveCrest Saving Our Oceans",1,,1,0.52,0.00,0.00,,1,,2,1,,1,1,1,1,,,,,,1,1,1,,,,,,,,,,,,,,,,,,,,,,,,,,,,11
407848,"Brunswick County, NC, USA","North Carolina, USA","United States",33.906320314854,-78.097050078213,land,saltwater,2026-07-07,"Oak Island Beach Service Unit",1,,1,2.69,8.94,0.00,,,,,19,9,,,,,,,4,,3,11,,,,2,,,,,,,,,,,,,,,,3,,4,,,,,,,,55
407849,"Lucas County, OH, USA","Ohio, USA","United States",41.6149218,-83.5817064,land,inland,2026-07-06,"Toledo ZooTeens",9,,9,15.42,0.00,0.00,4,,,,,,,,,,,,,,,,,,,,,,,,,,,,,,,,,,,,,,,,,,,,,
407851,"King County, WA, USA","Washington, USA","United States",47.2879309073,-122.29148821021,land,freshwater,2026-07-07,"Woodsie’s Warrior",1,,1,2.84,1.01,0.00,,,,1,,1,,,,9,,1,1,,,2,,1,,2,,,1,,,,,,,1,1,,,,1,,,4,,,,,,,,26
407853,"Baltimore, MD, USA","Maryland, USA","United States",39.285305107463,-76.607684962149,land,saltwater,2026-07-07,"National Aquarium Weekly Harbor Wetland Cleanup- June 20",5,,5,45.36,0.40,0.00,5,19,12,3,66,9,,9,52,90,7,10,17,,12,68,26,40,9,1,,,,,,22,8,,4,,,,,,150,,25,11,3,,,9,3,1,550,1236
407854,"Miami-Dade County, FL, USA","Florida, USA","United States",25.736158323633,-80.156399453132,land,saltwater,2026-07-07,gen2050,5,,5,2.18,0.86,0.00,,,9,,2,2,,,10,10,,1,,2,2,6,,6,5,,,,,,,2,2,,,,,,2,,,2,4,6,,,,,,,40,113
407855,"Miami-Dade County, FL, USA","Florida, USA","United States",25.736158323633,-80.156399453132,land,saltwater,2026-07-07,gen2050,5,,5,0.63,0.38,0.00,,,1,,1,,,1,1,,,,,8,3,2,,6,,,,,,,,1,,,,,,,,,,1,,,,,,,,,52,77
407856,"Miami-Dade County, FL, USA","Florida, USA","United States",25.736158323633,-80.156399453132,land,saltwater,2026-07-07,gen2050,5,,5,0.21,3.73,0.00,,,6,,2,,,,3,,,,,,,4,,,1,,,,,,,1,,,,,,,,,,,,,,,,,,,,17
407857,"Yolo County, CA, USA","California, USA","United States",38.558285,-121.725235,land,inland,2026-07-07,"putah creek council , davis picks it up",1,,1,1.49,0.05,0.00,,,1,,,,,,1,,,,,,,2,,,,,,,,,,,,,,1,,,,,,,11,11,,,,,,,24,51
407858,"Los Angeles County, CA, USA","California, USA","United States",34.014381666667,-118.16870666667,land,inland,2026-07-07,,1,,1,3.40,0.00,0.00,1,,,,,,,,,,,,,,,,,,,,,,,,,,,,,,,,,,,,,,,,,,,,,
407859,"San Diego County, CA, USA","California, USA","United States",33.204114268804,-117.39083344176,land,saltwater,2026-07-07,"gss-Green Spoon",3,,3,4.71,0.21,0.00,,2,4,3,3,5,4,4,6,21,,2,,,,5,3,10,9,,,,2,,,,,4,,3,,,1,2,1,2,,,,2,,,,,51,149
407860,"San Diego County, CA, USA","California, USA","United States",33.203790900231,-117.39080993073,land,saltwater,2026-07-07,"Green Spoon Oceanside Beach Cleanup",1,,1,8.33,0.06,0.00,,1,13,,1,1,2,15,6,144,2,3,2,4,3,17,12,16,8,3,,,,,,6,,7,,3,,,2,,2,6,28,34,,3,,,,,98,442
407861,"Santa Barbara County, CA, USA","California, USA","United States",34.403489882511,-119.7433759741,land,saltwater,2026-07-07,"Nature Camp 1 2 7/7/26",21,,21,0.68,0.00,0.00,,,2,,1,,,,3,7,,,1,,,6,,,1,2,,,,,,2,,,,1,,,,,,2,,,,,,1,,,5,34
407862,"San Diego County, CA, USA","California, USA","United States",33.203871133484,-117.39105158358,land,saltwater,2026-07-07,"SD Green Spoon Crew",3,,3,7.18,0.45,0.00,,2,10,2,3,6,3,9,,43,1,2,,1,1,20,2,1,8,3,,,1,,2,,1,2,6,2,1,,1,3,6,2,18,18,,2,,,,1,133,316
407863,"Fairfax County, VA, USA","Virginia, USA","United States",38.885262387701,-77.276927643269,land,inland,2026-07-07,RBH,1,,1,0.82,4.02,0.00,,1,,,4,1,1,,6,16,,,,,,40,2,,2,1,,,,,,,,10,5,2,,,,,,2,17,31,,,,,,,3,144
407865,"Cuyahoga County, OH, USA","Ohio, USA","United States",41.449128098791,-81.48832329656,land,inland,2026-07-07,"CCBH interns 26",4,,4,17.19,0.12,0.00,,3,,1,60,6,1,,,7,11,4,8,2,1,3,5,1,,,1,,3,,,,,,,1,,,,,14,,191,3,,,,,,1,940,1267
407866,"San Luis Obispo County, CA, USA","California, USA","United States",35.175994699752,-120.71600780364,land,saltwater,2026-07-05,"ECOSLO Post 4th of July Cleanup",9,,9,24.49,0.80,0.65,2,3,1,9,13,17,,22,4,122,,1,4,1,1,34,1,3,1,1,,,,,,,,,1,1,1,,1,1,5,1,32,179,2,,,,,,,462
407867,"Orange County, CA, USA","California, USA","United States",33.465272658598,-117.6873422187,land,saltwater,2026-07-07,"GSS Green Spoon",1,,1,7.53,0.72,0.00,,5,2,1,19,2,11,17,6,34,4,3,5,,2,11,4,6,10,1,6,,1,,,,,7,,4,,,,,,,11,,,,,6,,,,178
407868,"Charleston County, SC, USA","South Carolina, USA","United States",32.640905458324,-79.969919785006,land,saltwater,2026-07-07,,1,,1,1.76,0.65,0.00,,,4,,5,1,,,4,,2,,,,3,12,,2,,,,,1,,,,,,1,,,,,,,,2,,,,,,,,3,40
407870,"San Diego County, CA, USA","California, USA","United States",33.0369867,-117.2919818,land,saltwater,2026-06-28,"Green Spoon",1,,1,3.40,0.00,0.00,1,,,,,,,,,,,,,,,,,,,,,,,,,,,,,,,,,,,,,,,,,,,,,
Totals:,,,,,,,,,,,,,,,,,12154,17122,9359,26466,17848,4213,11339,38316,85065,4600,6331,9434,3256,5647,43077,9926,15065,7270,6321,2079,175,5143,305,936,7812,3185,4031,3082,4255,1295,814,1536,2228,9895,4058,40536,54861,775,955,337,2373,393,488,116516
